[2026-09-11 17:28:22] Backing up category: 72/general-gtg
[2026-09-11 17:30:35] Category page 116: no topics; stopping.
[2026-09-11 17:30:35] Collected 3471 unique topics from category 72/general-gtg.
[2026-09-11 17:30:35] [1/3471] Fetching topic 32583
[2026-09-11 17:30:36] [2/3471] Fetching topic 5005
[2026-09-11 17:30:38] [3/3471] Fetching topic 32580
[2026-09-11 17:30:39] Topic 32580: downloading 7 uploads
[2026-09-11 17:30:42] Upload failed 404: requested=https://forums.greaterthangames.com/uploads/default/optimized/2X/6/6467fe8aa59d201577baf447336d07bddc66fa51_2_325x500.jpeg, final=https://forums.greaterthangames.com/uploads/default/optimized/2X/6/6467fe8aa59d201577baf447336d07bddc66fa51_2_325x500.jpeg,
[2026-09-11 17:30:42] Response headers: {'Server': 'nginx', 'Date': 'Fri, 11 Sep 2026 17:30:42 GMT', 'Content-Type': 'text/html', 'Content-Length': '548', 'Connection': 'keep-alive'}
[2026-09-11 17:30:46] [4/3471] Fetching topic 32561
[2026-09-11 17:30:47] Topic 32561: downloading 2 uploads
[2026-09-11 17:30:48] [5/3471] Fetching topic 19134
[2026-09-11 17:30:49] Topic 19134: downloading 6 uploads
[2026-09-11 17:30:55] [6/3471] Fetching topic 32260
[2026-09-11 17:30:56] Topic 32260: missing 14 posts; fetching in batches...
[2026-09-11 17:30:57] [7/3471] Fetching topic 32522
[2026-09-11 17:30:58] Topic 32522: missing 4 posts; fetching in batches...
[2026-09-11 17:30:59] Topic 32522: downloading 31 uploads
[2026-09-11 17:31:07] Upload failed 404: requested=https://forums.greaterthangames.com/uploads/default/optimized/2X/0/0afe7a5cb2038844f66e97dce2bc0dce7e561cc7_2_168x250.jpeg, final=https://forums.greaterthangames.com/uploads/default/optimized/2X/0/0afe7a5cb2038844f66e97dce2bc0dce7e561cc7_2_168x250.jpeg,
[2026-09-11 17:31:07] Response headers: {'Server': 'nginx', 'Date': 'Fri, 11 Sep 2026 17:31:07 GMT', 'Content-Type': 'text/html', 'Content-Length': '548', 'Connection': 'keep-alive'}
[2026-09-11 17:31:11] Upload failed 404: requested=https://forums.greaterthangames.com/uploads/default/optimized/2X/2/2355438fd50401519c0b4f02490d8b80caf31455_2_177x250.jpeg, final=https://forums.greaterthangames.com/uploads/default/optimized/2X/2/2355438fd50401519c0b4f02490d8b80caf31455_2_177x250.jpeg,
[2026-09-11 17:31:11] Response headers: {'Server': 'nginx', 'Date': 'Fri, 11 Sep 2026 17:31:11 GMT', 'Content-Type': 'text/html', 'Content-Length': '548', 'Connection': 'keep-alive'}
[2026-09-11 17:31:15] Upload failed 404: requested=https://forums.greaterthangames.com/uploads/default/optimized/2X/6/691fdba197c5cc8abbe0b8984c04be78357f1091_2_177x250.jpeg, final=https://forums.greaterthangames.com/uploads/default/optimized/2X/6/691fdba197c5cc8abbe0b8984c04be78357f1091_2_177x250.jpeg,
[2026-09-11 17:31:15] Response headers: {'Server': 'nginx', 'Date': 'Fri, 11 Sep 2026 17:31:15 GMT', 'Content-Type': 'text/html', 'Content-Length': '548', 'Connection': 'keep-alive'}
[2026-09-11 17:31:19] Upload failed 404: requested=https://forums.greaterthangames.com/uploads/default/optimized/2X/d/de6d0371c0851bdd10dc27aa5945d28d3a18e0d4_2_258x375.jpeg, final=https://forums.greaterthangames.com/uploads/default/optimized/2X/d/de6d0371c0851bdd10dc27aa5945d28d3a18e0d4_2_258x375.jpeg,
[2026-09-11 17:31:19] Response headers: {'Server': 'nginx', 'Date': 'Fri, 11 Sep 2026 17:31:19 GMT', 'Content-Type': 'text/html', 'Content-Length': '548', 'Connection': 'keep-alive'}
[2026-09-11 17:31:23] Upload failed 404: requested=https://forums.greaterthangames.com/uploads/default/optimized/2X/f/f570d35a29d905772d5f053f944989543c36e730_2_179x250.jpeg, final=https://forums.greaterthangames.com/uploads/default/optimized/2X/f/f570d35a29d905772d5f053f944989543c36e730_2_179x250.jpeg,
[2026-09-11 17:31:23] Response headers: {'Server': 'nginx', 'Date': 'Fri, 11 Sep 2026 17:31:23 GMT', 'Content-Type': 'text/html', 'Content-Length': '548', 'Connection': 'keep-alive'}
[2026-09-11 17:31:32] [8/3471] Fetching topic 15922
[2026-09-11 17:31:33] Topic 15922: missing 1676 posts; fetching in batches...
[2026-09-11 17:32:13] Topic 15922: downloading 165 uploads
[2026-09-11 17:32:42] Upload failed 404: requested=https://forums.greaterthangames.com/uploads/default/optimized/2X/2/2472ba1762c76c1d09048977ca72c30f6f9e2f0d_2_690x345.png, final=https://forums.greaterthangames.com/uploads/default/optimized/2X/2/2472ba1762c76c1d09048977ca72c30f6f9e2f0d_2_690x345.png,
[2026-09-11 17:32:42] Response headers: {'Server': 'nginx', 'Date': 'Fri, 11 Sep 2026 17:32:42 GMT', 'Content-Type': 'text/html', 'Content-Length': '548', 'Connection': 'keep-alive'}
[2026-09-11 17:32:45] Upload failed 404: requested=https://forums.greaterthangames.com/uploads/default/optimized/2X/2/2de74a285212bc9d787f0dae9838828e06969846_2_225x500.jpeg, final=https://forums.greaterthangames.com/uploads/default/optimized/2X/2/2de74a285212bc9d787f0dae9838828e06969846_2_225x500.jpeg,
[2026-09-11 17:32:45] Response headers: {'Server': 'nginx', 'Date': 'Fri, 11 Sep 2026 17:32:45 GMT', 'Content-Type': 'text/html', 'Content-Length': '548', 'Connection': 'keep-alive'}
[2026-09-11 17:32:51] Upload failed 404: requested=https://forums.greaterthangames.com/uploads/default/optimized/2X/3/3da0bb5cb0105486313bd977660b20ab49754ec3_2_666x500.jpeg, final=https://forums.greaterthangames.com/uploads/default/optimized/2X/3/3da0bb5cb0105486313bd977660b20ab49754ec3_2_666x500.jpeg,
[2026-09-11 17:32:51] Response headers: {'Server': 'nginx', 'Date': 'Fri, 11 Sep 2026 17:32:51 GMT', 'Content-Type': 'text/html', 'Content-Length': '548', 'Connection': 'keep-alive'}
[2026-09-11 17:32:55] Upload failed 404: requested=https://forums.greaterthangames.com/uploads/default/optimized/2X/4/47fc11d4d7191079b739a12b3182c37ee4afa416_2_375x500.jpeg, final=https://forums.greaterthangames.com/uploads/default/optimized/2X/4/47fc11d4d7191079b739a12b3182c37ee4afa416_2_375x500.jpeg,
[2026-09-11 17:32:55] Response headers: {'Server': 'nginx', 'Date': 'Fri, 11 Sep 2026 17:32:55 GMT', 'Content-Type': 'text/html', 'Content-Length': '548', 'Connection': 'keep-alive'}
[2026-09-11 17:33:01] Upload failed 404: requested=https://forums.greaterthangames.com/uploads/default/optimized/2X/4/4f361d8e8cd25484d10775a8f55d4189fbfcba04_2_666x500.jpeg, final=https://forums.greaterthangames.com/uploads/default/optimized/2X/4/4f361d8e8cd25484d10775a8f55d4189fbfcba04_2_666x500.jpeg,
[2026-09-11 17:33:01] Response headers: {'Server': 'nginx', 'Date': 'Fri, 11 Sep 2026 17:33:01 GMT', 'Content-Type': 'text/html', 'Content-Length': '548', 'Connection': 'keep-alive'}
[2026-09-11 17:33:05] Upload failed 404: requested=https://forums.greaterthangames.com/uploads/default/optimized/2X/5/51729ae7ca378dcfc3563217d4a5e920825a2b04_2_225x500.jpeg, final=https://forums.greaterthangames.com/uploads/default/optimized/2X/5/51729ae7ca378dcfc3563217d4a5e920825a2b04_2_225x500.jpeg,
[2026-09-11 17:33:05] Response headers: {'Server': 'nginx', 'Date': 'Fri, 11 Sep 2026 17:33:05 GMT', 'Content-Type': 'text/html', 'Content-Length': '548', 'Connection': 'keep-alive'}
[2026-09-11 17:33:11] Upload failed 404: requested=https://forums.greaterthangames.com/uploads/default/optimized/2X/5/57c86e637304756c51688d25b88f2384e1e1d573_2_225x500.jpeg, final=https://forums.greaterthangames.com/uploads/default/optimized/2X/5/57c86e637304756c51688d25b88f2384e1e1d573_2_225x500.jpeg,
[2026-09-11 17:33:11] Response headers: {'Server': 'nginx', 'Date': 'Fri, 11 Sep 2026 17:33:11 GMT', 'Content-Type': 'text/html', 'Content-Length': '548', 'Connection': 'keep-alive'}
[2026-09-11 17:33:18] Upload failed 404: requested=https://forums.greaterthangames.com/uploads/default/optimized/2X/5/580e8537cad71102e723ae13b404451b65969560_2_689x238.png, final=https://forums.greaterthangames.com/uploads/default/optimized/2X/5/580e8537cad71102e723ae13b404451b65969560_2_689x238.png,
[2026-09-11 17:33:18] Response headers: {'Server': 'nginx', 'Date': 'Fri, 11 Sep 2026 17:33:18 GMT', 'Content-Type': 'text/html', 'Content-Length': '548', 'Connection': 'keep-alive'}
[2026-09-11 17:33:22] Upload failed 404: requested=https://forums.greaterthangames.com/uploads/default/optimized/2X/5/5e16adb773809bd50aa148b8265227be002556b2_2_666x500.jpeg, final=https://forums.greaterthangames.com/uploads/default/optimized/2X/5/5e16adb773809bd50aa148b8265227be002556b2_2_666x500.jpeg,
[2026-09-11 17:33:22] Response headers: {'Server': 'nginx', 'Date': 'Fri, 11 Sep 2026 17:33:22 GMT', 'Content-Type': 'text/html', 'Content-Length': '548', 'Connection': 'keep-alive'}
[2026-09-11 17:33:25] Upload failed 404: requested=https://forums.greaterthangames.com/uploads/default/optimized/2X/7/739ed64316e5e8a27677e643433ea8535097fad2_2_411x374.webp, final=https://forums.greaterthangames.com/uploads/default/optimized/2X/7/739ed64316e5e8a27677e643433ea8535097fad2_2_411x374.webp,
[2026-09-11 17:33:25] Response headers: {'Server': 'nginx', 'Date': 'Fri, 11 Sep 2026 17:33:25 GMT', 'Content-Type': 'text/html', 'Content-Length': '548', 'Connection': 'keep-alive'}
[2026-09-11 17:33:30] Upload failed 404: requested=https://forums.greaterthangames.com/uploads/default/optimized/2X/7/792f489d238bc1af397fa338e54dd5adf27c3631_2_666x500.jpeg, final=https://forums.greaterthangames.com/uploads/default/optimized/2X/7/792f489d238bc1af397fa338e54dd5adf27c3631_2_666x500.jpeg,
[2026-09-11 17:33:30] Response headers: {'Server': 'nginx', 'Date': 'Fri, 11 Sep 2026 17:33:30 GMT', 'Content-Type': 'text/html', 'Content-Length': '548', 'Connection': 'keep-alive'}
[2026-09-11 17:33:34] Upload failed 404: requested=https://forums.greaterthangames.com/uploads/default/optimized/2X/8/84fad9b1efa481956c17d36aa5c3f4b1e2385a9b_2_666x500.jpeg, final=https://forums.greaterthangames.com/uploads/default/optimized/2X/8/84fad9b1efa481956c17d36aa5c3f4b1e2385a9b_2_666x500.jpeg,
[2026-09-11 17:33:34] Response headers: {'Server': 'nginx', 'Date': 'Fri, 11 Sep 2026 17:33:34 GMT', 'Content-Type': 'text/html', 'Content-Length': '548', 'Connection': 'keep-alive'}
[2026-09-11 17:33:38] Upload failed 404: requested=https://forums.greaterthangames.com/uploads/default/optimized/2X/8/85061eb29e1756186c4a6363e955667bf9d7a5c5_2_225x500.jpeg, final=https://forums.greaterthangames.com/uploads/default/optimized/2X/8/85061eb29e1756186c4a6363e955667bf9d7a5c5_2_225x500.jpeg,
[2026-09-11 17:33:38] Response headers: {'Server': 'nginx', 'Date': 'Fri, 11 Sep 2026 17:33:38 GMT', 'Content-Type': 'text/html', 'Content-Length': '548', 'Connection': 'keep-alive'}
[2026-09-11 17:33:44] Upload failed 404: requested=https://forums.greaterthangames.com/uploads/default/optimized/2X/8/86c7a0ddc65445ec6ef7185406b9b1a492df6679_2_375x500.jpeg, final=https://forums.greaterthangames.com/uploads/default/optimized/2X/8/86c7a0ddc65445ec6ef7185406b9b1a492df6679_2_375x500.jpeg,
[2026-09-11 17:33:44] Response headers: {'Server': 'nginx', 'Date': 'Fri, 11 Sep 2026 17:33:43 GMT', 'Content-Type': 'text/html', 'Content-Length': '548', 'Connection': 'keep-alive'}
[2026-09-11 17:33:49] Upload failed 404: requested=https://forums.greaterthangames.com/uploads/default/optimized/2X/8/87f60737dcd6a357448b6bff7c72e00ab600f7d6_2_441x499.jpeg, final=https://forums.greaterthangames.com/uploads/default/optimized/2X/8/87f60737dcd6a357448b6bff7c72e00ab600f7d6_2_441x499.jpeg,
[2026-09-11 17:33:49] Response headers: {'Server': 'nginx', 'Date': 'Fri, 11 Sep 2026 17:33:49 GMT', 'Content-Type': 'text/html', 'Content-Length': '548', 'Connection': 'keep-alive'}
[2026-09-11 17:33:51] Upload failed 404: requested=https://forums.greaterthangames.com/uploads/default/optimized/2X/9/9966d45207d6a67631582377b21e218179580120_2_375x500.jpeg, final=https://forums.greaterthangames.com/uploads/default/optimized/2X/9/9966d45207d6a67631582377b21e218179580120_2_375x500.jpeg,
[2026-09-11 17:33:51] Response headers: {'Server': 'nginx', 'Date': 'Fri, 11 Sep 2026 17:33:51 GMT', 'Content-Type': 'text/html', 'Content-Length': '548', 'Connection': 'keep-alive'}
[2026-09-11 17:33:55] Upload failed 404: requested=https://forums.greaterthangames.com/uploads/default/optimized/2X/a/a0c403cc53b5206bf6eac44df956f191793149e8_2_324x250.jpeg, final=https://forums.greaterthangames.com/uploads/default/optimized/2X/a/a0c403cc53b5206bf6eac44df956f191793149e8_2_324x250.jpeg,
[2026-09-11 17:33:55] Response headers: {'Server': 'nginx', 'Date': 'Fri, 11 Sep 2026 17:33:55 GMT', 'Content-Type': 'text/html', 'Content-Length': '548', 'Connection': 'keep-alive'}
[2026-09-11 17:34:00] Upload failed 404: requested=https://forums.greaterthangames.com/uploads/default/optimized/2X/b/b959656ddff5c9356767aee1d0a7c570b1eb73af_2_225x500.jpeg, final=https://forums.greaterthangames.com/uploads/default/optimized/2X/b/b959656ddff5c9356767aee1d0a7c570b1eb73af_2_225x500.jpeg,
[2026-09-11 17:34:00] Response headers: {'Server': 'nginx', 'Date': 'Fri, 11 Sep 2026 17:34:00 GMT', 'Content-Type': 'text/html', 'Content-Length': '548', 'Connection': 'keep-alive'}
[2026-09-11 17:34:05] Upload failed 404: requested=https://forums.greaterthangames.com/uploads/default/optimized/2X/c/c0cc7002b047bfe7fb077d91b8167dbca26d87c4_2_225x500.jpeg, final=https://forums.greaterthangames.com/uploads/default/optimized/2X/c/c0cc7002b047bfe7fb077d91b8167dbca26d87c4_2_225x500.jpeg,
[2026-09-11 17:34:05] Response headers: {'Server': 'nginx', 'Date': 'Fri, 11 Sep 2026 17:34:05 GMT', 'Content-Type': 'text/html', 'Content-Length': '548', 'Connection': 'keep-alive'}
[2026-09-11 17:34:10] Upload failed 404: requested=https://forums.greaterthangames.com/uploads/default/optimized/2X/f/f70121663476c4024863b12ee6261d9874b9a24d_2_375x500.jpeg, final=https://forums.greaterthangames.com/uploads/default/optimized/2X/f/f70121663476c4024863b12ee6261d9874b9a24d_2_375x500.jpeg,
[2026-09-11 17:34:10] Response headers: {'Server': 'nginx', 'Date': 'Fri, 11 Sep 2026 17:34:10 GMT', 'Content-Type': 'text/html', 'Content-Length': '548', 'Connection': 'keep-alive'}
[2026-09-11 17:34:17] Upload failed 404: requested=https://forums.greaterthangames.com/uploads/default/optimized/2X/f/f7af03e2f5d222bca7f98ffe4273918375097ec6_2_666x500.jpeg, final=https://forums.greaterthangames.com/uploads/default/optimized/2X/f/f7af03e2f5d222bca7f98ffe4273918375097ec6_2_666x500.jpeg,
[2026-09-11 17:34:17] Response headers: {'Server': 'nginx', 'Date': 'Fri, 11 Sep 2026 17:34:17 GMT', 'Content-Type': 'text/html', 'Content-Length': '548', 'Connection': 'keep-alive'}
[2026-09-11 17:34:21] Upload failed 404: requested=https://forums.greaterthangames.com/uploads/default/optimized/2X/f/fad3971b05727a3536795adbd9d35c9fdb17124c_2_517x291.jpeg, final=https://forums.greaterthangames.com/uploads/default/optimized/2X/f/fad3971b05727a3536795adbd9d35c9fdb17124c_2_517x291.jpeg,
[2026-09-11 17:34:21] Response headers: {'Server': 'nginx', 'Date': 'Fri, 11 Sep 2026 17:34:21 GMT', 'Content-Type': 'text/html', 'Content-Length': '548', 'Connection': 'keep-alive'}
[2026-09-11 17:35:03] [9/3471] Fetching topic 32535
[2026-09-11 17:35:04] Topic 32535: downloading 7 uploads
[2026-09-11 17:35:07] Upload failed 404: requested=https://forums.greaterthangames.com/uploads/default/optimized/2X/b/b0bc8c3b3032040f7060784f2a8d6dc07a1ab85f_2_322x500.jpeg, final=https://forums.greaterthangames.com/uploads/default/optimized/2X/b/b0bc8c3b3032040f7060784f2a8d6dc07a1ab85f_2_322x500.jpeg,
[2026-09-11 17:35:07] Response headers: {'Server': 'nginx', 'Date': 'Fri, 11 Sep 2026 17:35:07 GMT', 'Content-Type': 'text/html', 'Content-Length': '548', 'Connection': 'keep-alive'}
[2026-09-11 17:35:12] [10/3471] Fetching topic 32520
[2026-09-11 17:35:12] [11/3471] Fetching topic 32472
[2026-09-11 17:35:13] Topic 32472: downloading 6 uploads
[2026-09-11 17:35:16] Upload failed 404: requested=https://forums.greaterthangames.com/uploads/default/optimized/2X/c/c1bf4643fc69e89a90479ad967fb2c1b718a030c_2_323x500.jpeg, final=https://forums.greaterthangames.com/uploads/default/optimized/2X/c/c1bf4643fc69e89a90479ad967fb2c1b718a030c_2_323x500.jpeg,
[2026-09-11 17:35:16] Response headers: {'Server': 'nginx', 'Date': 'Fri, 11 Sep 2026 17:35:16 GMT', 'Content-Type': 'text/html', 'Content-Length': '548', 'Connection': 'keep-alive'}
[2026-09-11 17:35:20] [12/3471] Fetching topic 32501
[2026-09-11 17:35:21] [13/3471] Fetching topic 32488
[2026-09-11 17:35:22] Topic 32488: downloading 1 uploads
[2026-09-11 17:35:22] [14/3471] Fetching topic 31831
[2026-09-11 17:35:23] Topic 31831: missing 19 posts; fetching in batches...
[2026-09-11 17:35:24] [15/3471] Fetching topic 32460
[2026-09-11 17:35:25] Topic 32460: downloading 1 uploads
[2026-09-11 17:35:25] [16/3471] Fetching topic 32442
[2026-09-11 17:35:26] Topic 32442: downloading 7 uploads
[2026-09-11 17:35:30] Upload failed 404: requested=https://forums.greaterthangames.com/uploads/default/optimized/2X/8/8c4ccefb56fa798033d41df982e3acd24aead1ab_2_329x500.png, final=https://forums.greaterthangames.com/uploads/default/optimized/2X/8/8c4ccefb56fa798033d41df982e3acd24aead1ab_2_329x500.png,
[2026-09-11 17:35:30] Response headers: {'Server': 'nginx', 'Date': 'Fri, 11 Sep 2026 17:35:30 GMT', 'Content-Type': 'text/html', 'Content-Length': '548', 'Connection': 'keep-alive'}
[2026-09-11 17:35:33] [17/3471] Fetching topic 32435
[2026-09-11 17:35:34] Topic 32435: downloading 7 uploads
[2026-09-11 17:35:37] Upload failed 404: requested=https://forums.greaterthangames.com/uploads/default/optimized/2X/6/6cf62749b20b5e4125499c873969f5aa09ca6a4e_2_323x500.jpeg, final=https://forums.greaterthangames.com/uploads/default/optimized/2X/6/6cf62749b20b5e4125499c873969f5aa09ca6a4e_2_323x500.jpeg,
[2026-09-11 17:35:37] Response headers: {'Server': 'nginx', 'Date': 'Fri, 11 Sep 2026 17:35:37 GMT', 'Content-Type': 'text/html', 'Content-Length': '548', 'Connection': 'keep-alive'}
[2026-09-11 17:35:40] [18/3471] Fetching topic 32400
[2026-09-11 17:35:41] [19/3471] Fetching topic 31018
[2026-09-11 17:35:42] Topic 31018: missing 4 posts; fetching in batches...
[2026-09-11 17:35:43] [20/3471] Fetching topic 19904
[2026-09-11 17:35:44] Topic 19904: missing 367 posts; fetching in batches...
[2026-09-11 17:35:54] Topic 19904: downloading 54 uploads
[2026-09-11 17:36:09] Upload failed 404: requested=https://forums.greaterthangames.com/uploads/default/optimized/2X/2/2e50a171ae49399c2ca599eed760311d24827462_2_690x291.jpeg, final=https://forums.greaterthangames.com/uploads/default/optimized/2X/2/2e50a171ae49399c2ca599eed760311d24827462_2_690x291.jpeg,
[2026-09-11 17:36:09] Response headers: {'Server': 'nginx', 'Date': 'Fri, 11 Sep 2026 17:36:09 GMT', 'Content-Type': 'text/html', 'Content-Length': '548', 'Connection': 'keep-alive'}
[2026-09-11 17:36:13] Upload failed 404: requested=https://forums.greaterthangames.com/uploads/default/optimized/2X/7/7c2819727fffcc124509962f42bb252c50bdf94a_2_690x478.jpeg, final=https://forums.greaterthangames.com/uploads/default/optimized/2X/7/7c2819727fffcc124509962f42bb252c50bdf94a_2_690x478.jpeg,
[2026-09-11 17:36:13] Response headers: {'Server': 'nginx', 'Date': 'Fri, 11 Sep 2026 17:36:13 GMT', 'Content-Type': 'text/html', 'Content-Length': '548', 'Connection': 'keep-alive'}
[2026-09-11 17:36:17] Upload failed 404: requested=https://forums.greaterthangames.com/uploads/default/optimized/2X/7/7eee9e33e061aa0bd0fd7f8337c6ed2fa12d9668_2_690x491.png, final=https://forums.greaterthangames.com/uploads/default/optimized/2X/7/7eee9e33e061aa0bd0fd7f8337c6ed2fa12d9668_2_690x491.png,
[2026-09-11 17:36:17] Response headers: {'Server': 'nginx', 'Date': 'Fri, 11 Sep 2026 17:36:17 GMT', 'Content-Type': 'text/html', 'Content-Length': '548', 'Connection': 'keep-alive'}
[2026-09-11 17:36:19] Upload failed 404: requested=https://forums.greaterthangames.com/uploads/default/optimized/2X/9/928d332c6c7a06a7ea9eb77ff1365b321b553d5e_2_249x375.jpeg, final=https://forums.greaterthangames.com/uploads/default/optimized/2X/9/928d332c6c7a06a7ea9eb77ff1365b321b553d5e_2_249x375.jpeg,
[2026-09-11 17:36:19] Response headers: {'Server': 'nginx', 'Date': 'Fri, 11 Sep 2026 17:36:19 GMT', 'Content-Type': 'text/html', 'Content-Length': '548', 'Connection': 'keep-alive'}
[2026-09-11 17:36:22] Upload failed 404: requested=https://forums.greaterthangames.com/uploads/default/optimized/2X/b/ba977e2b0878d6eb12e44d36f45a24d0ee9328c3_2_287x500.jpeg, final=https://forums.greaterthangames.com/uploads/default/optimized/2X/b/ba977e2b0878d6eb12e44d36f45a24d0ee9328c3_2_287x500.jpeg,
[2026-09-11 17:36:22] Response headers: {'Server': 'nginx', 'Date': 'Fri, 11 Sep 2026 17:36:22 GMT', 'Content-Type': 'text/html', 'Content-Length': '548', 'Connection': 'keep-alive'}
[2026-09-11 17:36:26] Upload failed 404: requested=https://forums.greaterthangames.com/uploads/default/optimized/2X/c/c307321bb5f4d8cfbe6642ec0639f818c18eced4_2_254x375.jpeg, final=https://forums.greaterthangames.com/uploads/default/optimized/2X/c/c307321bb5f4d8cfbe6642ec0639f818c18eced4_2_254x375.jpeg,
[2026-09-11 17:36:26] Response headers: {'Server': 'nginx', 'Date': 'Fri, 11 Sep 2026 17:36:26 GMT', 'Content-Type': 'text/html', 'Content-Length': '548', 'Connection': 'keep-alive'}
[2026-09-11 17:36:30] Upload failed 404: requested=https://forums.greaterthangames.com/uploads/default/optimized/2X/e/e511b6e82dc29b71ebac036bf74113e1f0549806_2_264x374.jpeg, final=https://forums.greaterthangames.com/uploads/default/optimized/2X/e/e511b6e82dc29b71ebac036bf74113e1f0549806_2_264x374.jpeg,
[2026-09-11 17:36:30] Response headers: {'Server': 'nginx', 'Date': 'Fri, 11 Sep 2026 17:36:30 GMT', 'Content-Type': 'text/html', 'Content-Length': '548', 'Connection': 'keep-alive'}
[2026-09-11 17:36:34] Upload failed 404: requested=https://forums.greaterthangames.com/uploads/default/optimized/2X/e/e5f4608ae744dea7a8fef1189ecc7e535fcc7737_2_499x375.jpeg, final=https://forums.greaterthangames.com/uploads/default/optimized/2X/e/e5f4608ae744dea7a8fef1189ecc7e535fcc7737_2_499x375.jpeg,
[2026-09-11 17:36:34] Response headers: {'Server': 'nginx', 'Date': 'Fri, 11 Sep 2026 17:36:34 GMT', 'Content-Type': 'text/html', 'Content-Length': '548', 'Connection': 'keep-alive'}
[2026-09-11 17:36:50] [21/3471] Fetching topic 32394
[2026-09-11 17:36:51] Topic 32394: downloading 7 uploads
[2026-09-11 17:36:54] Upload failed 404: requested=https://forums.greaterthangames.com/uploads/default/optimized/2X/5/5c1277b7c2b7d139064a916b7a2ef904cefebbae_2_322x500.jpeg, final=https://forums.greaterthangames.com/uploads/default/optimized/2X/5/5c1277b7c2b7d139064a916b7a2ef904cefebbae_2_322x500.jpeg,
[2026-09-11 17:36:54] Response headers: {'Server': 'nginx', 'Date': 'Fri, 11 Sep 2026 17:36:54 GMT', 'Content-Type': 'text/html', 'Content-Length': '548', 'Connection': 'keep-alive'}
[2026-09-11 17:36:57] [22/3471] Fetching topic 32384
[2026-09-11 17:36:58] [23/3471] Fetching topic 32381
[2026-09-11 17:36:59] Topic 32381: downloading 1 uploads
[2026-09-11 17:36:59] [24/3471] Fetching topic 32374
[2026-09-11 17:37:00] Topic 32374: downloading 1 uploads
[2026-09-11 17:37:02] [25/3471] Fetching topic 32361
[2026-09-11 17:37:03] Topic 32361: downloading 25 uploads
[2026-09-11 17:37:08] Upload failed 404: requested=https://forums.greaterthangames.com/uploads/default/optimized/2X/0/01cba4f0902b49e29503b0729752bc37c316abb7_2_323x500.jpeg, final=https://forums.greaterthangames.com/uploads/default/optimized/2X/0/01cba4f0902b49e29503b0729752bc37c316abb7_2_323x500.jpeg,
[2026-09-11 17:37:08] Response headers: {'Server': 'nginx', 'Date': 'Fri, 11 Sep 2026 17:37:08 GMT', 'Content-Type': 'text/html', 'Content-Length': '548', 'Connection': 'keep-alive'}
[2026-09-11 17:37:13] Upload failed 404: requested=https://forums.greaterthangames.com/uploads/default/optimized/2X/2/255a7864687ce62df7db2073daa2b6a3951aaddc_2_323x500.jpeg, final=https://forums.greaterthangames.com/uploads/default/optimized/2X/2/255a7864687ce62df7db2073daa2b6a3951aaddc_2_323x500.jpeg,
[2026-09-11 17:37:13] Response headers: {'Server': 'nginx', 'Date': 'Fri, 11 Sep 2026 17:37:12 GMT', 'Content-Type': 'text/html', 'Content-Length': '548', 'Connection': 'keep-alive'}
[2026-09-11 17:37:19] Upload failed 404: requested=https://forums.greaterthangames.com/uploads/default/optimized/2X/5/5b57a175c142257c008148af12244bb06e26e526_2_690x355.jpeg, final=https://forums.greaterthangames.com/uploads/default/optimized/2X/5/5b57a175c142257c008148af12244bb06e26e526_2_690x355.jpeg,
[2026-09-11 17:37:19] Response headers: {'Server': 'nginx', 'Date': 'Fri, 11 Sep 2026 17:37:19 GMT', 'Content-Type': 'text/html', 'Content-Length': '548', 'Connection': 'keep-alive'}
[2026-09-11 17:37:21] Upload failed 404: requested=https://forums.greaterthangames.com/uploads/default/optimized/2X/f/fc6834987f71831fd6ba2d43696282c40174f4aa_2_323x500.jpeg, final=https://forums.greaterthangames.com/uploads/default/optimized/2X/f/fc6834987f71831fd6ba2d43696282c40174f4aa_2_323x500.jpeg,
[2026-09-11 17:37:21] Response headers: {'Server': 'nginx', 'Date': 'Fri, 11 Sep 2026 17:37:21 GMT', 'Content-Type': 'text/html', 'Content-Length': '548', 'Connection': 'keep-alive'}
[2026-09-11 17:37:27] [26/3471] Fetching topic 32352
[2026-09-11 17:37:28] Topic 32352: downloading 7 uploads
[2026-09-11 17:37:31] Upload failed 404: requested=https://forums.greaterthangames.com/uploads/default/optimized/2X/8/83708a57b355f5a6ec33892c3fe5abde7adedaab_2_322x500.jpeg, final=https://forums.greaterthangames.com/uploads/default/optimized/2X/8/83708a57b355f5a6ec33892c3fe5abde7adedaab_2_322x500.jpeg,
[2026-09-11 17:37:31] Response headers: {'Server': 'nginx', 'Date': 'Fri, 11 Sep 2026 17:37:31 GMT', 'Content-Type': 'text/html', 'Content-Length': '548', 'Connection': 'keep-alive'}
[2026-09-11 17:37:35] [27/3471] Fetching topic 32331
[2026-09-11 17:37:35] Topic 32331: missing 12 posts; fetching in batches...
[2026-09-11 17:37:36] Topic 32331: downloading 9 uploads
[2026-09-11 17:37:40] Upload failed 404: requested=https://forums.greaterthangames.com/uploads/default/optimized/2X/8/8024c5ee253429a35a862a97395eca03e6eae4c6_2_322x500.jpeg, final=https://forums.greaterthangames.com/uploads/default/optimized/2X/8/8024c5ee253429a35a862a97395eca03e6eae4c6_2_322x500.jpeg,
[2026-09-11 17:37:40] Response headers: {'Server': 'nginx', 'Date': 'Fri, 11 Sep 2026 17:37:40 GMT', 'Content-Type': 'text/html', 'Content-Length': '548', 'Connection': 'keep-alive'}
[2026-09-11 17:37:44] [28/3471] Fetching topic 32068
[2026-09-11 17:37:46] [29/3471] Fetching topic 32338
[2026-09-11 17:37:47] Topic 32338: downloading 6 uploads
[2026-09-11 17:37:50] Upload failed 404: requested=https://forums.greaterthangames.com/uploads/default/optimized/2X/e/e1a3b145a3771eb96ef9d5fd92a750db17e96a8a_2_322x500.jpeg, final=https://forums.greaterthangames.com/uploads/default/optimized/2X/e/e1a3b145a3771eb96ef9d5fd92a750db17e96a8a_2_322x500.jpeg,
[2026-09-11 17:37:50] Response headers: {'Server': 'nginx', 'Date': 'Fri, 11 Sep 2026 17:37:50 GMT', 'Content-Type': 'text/html', 'Content-Length': '548', 'Connection': 'keep-alive'}
[2026-09-11 17:37:53] [30/3471] Fetching topic 32333
[2026-09-11 17:37:54] [31/3471] Fetching topic 32315
[2026-09-11 17:37:55] Topic 32315: downloading 6 uploads
[2026-09-11 17:37:58] Upload failed 404: requested=https://forums.greaterthangames.com/uploads/default/optimized/2X/b/bd8a214d758c99b8a2b984db995b6fe616bc43ab_2_322x500.jpeg, final=https://forums.greaterthangames.com/uploads/default/optimized/2X/b/bd8a214d758c99b8a2b984db995b6fe616bc43ab_2_322x500.jpeg,
[2026-09-11 17:37:58] Response headers: {'Server': 'nginx', 'Date': 'Fri, 11 Sep 2026 17:37:58 GMT', 'Content-Type': 'text/html', 'Content-Length': '548', 'Connection': 'keep-alive'}
[2026-09-11 17:38:02] [32/3471] Fetching topic 32309
[2026-09-11 17:38:02] [33/3471] Fetching topic 7735
[2026-09-11 17:38:04] Topic 7735: missing 14 posts; fetching in batches...
[2026-09-11 17:38:05] Topic 7735: downloading 5 uploads
[2026-09-11 17:38:09] Upload failed 404: requested=https://forums.greaterthangames.com/uploads/default/optimized/2X/6/6c5a7796dafa118f709aa75d0956b89661f8ca88_2_352x500.png, final=https://forums.greaterthangames.com/uploads/default/optimized/2X/6/6c5a7796dafa118f709aa75d0956b89661f8ca88_2_352x500.png,
[2026-09-11 17:38:09] Response headers: {'Server': 'nginx', 'Date': 'Fri, 11 Sep 2026 17:38:09 GMT', 'Content-Type': 'text/html', 'Content-Length': '548', 'Connection': 'keep-alive'}
[2026-09-11 17:38:10] [34/3471] Fetching topic 32277
[2026-09-11 17:38:11] [35/3471] Fetching topic 32274
[2026-09-11 17:38:12] [36/3471] Fetching topic 31466
[2026-09-11 17:38:13] Topic 31466: missing 102 posts; fetching in batches...
[2026-09-11 17:38:17] Topic 31466: downloading 86 uploads
[2026-09-11 17:38:34] Upload failed 404: requested=https://forums.greaterthangames.com/uploads/default/optimized/2X/3/313bbd8b16500a975ee96364e635a9fe9d0ced5e_2_325x500.jpeg, final=https://forums.greaterthangames.com/uploads/default/optimized/2X/3/313bbd8b16500a975ee96364e635a9fe9d0ced5e_2_325x500.jpeg,
[2026-09-11 17:38:34] Response headers: {'Server': 'nginx', 'Date': 'Fri, 11 Sep 2026 17:38:34 GMT', 'Content-Type': 'text/html', 'Content-Length': '548', 'Connection': 'keep-alive'}
[2026-09-11 17:38:39] Upload failed 404: requested=https://forums.greaterthangames.com/uploads/default/optimized/2X/3/3d2f82c425db965c69d16b29dd6bf12374fd6a11_2_690x227.jpeg, final=https://forums.greaterthangames.com/uploads/default/optimized/2X/3/3d2f82c425db965c69d16b29dd6bf12374fd6a11_2_690x227.jpeg,
[2026-09-11 17:38:39] Response headers: {'Server': 'nginx', 'Date': 'Fri, 11 Sep 2026 17:38:39 GMT', 'Content-Type': 'text/html', 'Content-Length': '548', 'Connection': 'keep-alive'}
[2026-09-11 17:38:42] Upload failed 404: requested=https://forums.greaterthangames.com/uploads/default/optimized/2X/6/61a188a834af48de4f0209c4e4afcac7aea05101_2_449x500.jpeg, final=https://forums.greaterthangames.com/uploads/default/optimized/2X/6/61a188a834af48de4f0209c4e4afcac7aea05101_2_449x500.jpeg,
[2026-09-11 17:38:42] Response headers: {'Server': 'nginx', 'Date': 'Fri, 11 Sep 2026 17:38:41 GMT', 'Content-Type': 'text/html', 'Content-Length': '548', 'Connection': 'keep-alive'}
[2026-09-11 17:38:46] Upload failed 404: requested=https://forums.greaterthangames.com/uploads/default/optimized/2X/6/61aa8988314e3e60f8aa3b098b258bf95f8df3b8_2_651x500.jpeg, final=https://forums.greaterthangames.com/uploads/default/optimized/2X/6/61aa8988314e3e60f8aa3b098b258bf95f8df3b8_2_651x500.jpeg,
[2026-09-11 17:38:46] Response headers: {'Server': 'nginx', 'Date': 'Fri, 11 Sep 2026 17:38:46 GMT', 'Content-Type': 'text/html', 'Content-Length': '548', 'Connection': 'keep-alive'}
[2026-09-11 17:38:51] Upload failed 404: requested=https://forums.greaterthangames.com/uploads/default/optimized/2X/8/810ce1c443a19d8417815a2bb0a1b3cf4a879d66_2_690x246.png, final=https://forums.greaterthangames.com/uploads/default/optimized/2X/8/810ce1c443a19d8417815a2bb0a1b3cf4a879d66_2_690x246.png,
[2026-09-11 17:38:51] Response headers: {'Server': 'nginx', 'Date': 'Fri, 11 Sep 2026 17:38:51 GMT', 'Content-Type': 'text/html', 'Content-Length': '548', 'Connection': 'keep-alive'}
[2026-09-11 17:38:54] Upload failed 404: requested=https://forums.greaterthangames.com/uploads/default/optimized/2X/8/8854cb00b591e1d596909fa3088d987e7527fe56_2_690x186.jpeg, final=https://forums.greaterthangames.com/uploads/default/optimized/2X/8/8854cb00b591e1d596909fa3088d987e7527fe56_2_690x186.jpeg,
[2026-09-11 17:38:54] Response headers: {'Server': 'nginx', 'Date': 'Fri, 11 Sep 2026 17:38:54 GMT', 'Content-Type': 'text/html', 'Content-Length': '548', 'Connection': 'keep-alive'}
[2026-09-11 17:38:59] Upload failed 404: requested=https://forums.greaterthangames.com/uploads/default/optimized/2X/a/a4ad2832452ba52502a936676f6102f1f5d21217_2_690x111.jpeg, final=https://forums.greaterthangames.com/uploads/default/optimized/2X/a/a4ad2832452ba52502a936676f6102f1f5d21217_2_690x111.jpeg,
[2026-09-11 17:38:59] Response headers: {'Server': 'nginx', 'Date': 'Fri, 11 Sep 2026 17:38:59 GMT', 'Content-Type': 'text/html', 'Content-Length': '548', 'Connection': 'keep-alive'}
[2026-09-11 17:39:03] Upload failed 404: requested=https://forums.greaterthangames.com/uploads/default/optimized/2X/a/af347617d0e0287461f5df8b6efc48f5ab25c111_2_690x312.png, final=https://forums.greaterthangames.com/uploads/default/optimized/2X/a/af347617d0e0287461f5df8b6efc48f5ab25c111_2_690x312.png,
[2026-09-11 17:39:03] Response headers: {'Server': 'nginx', 'Date': 'Fri, 11 Sep 2026 17:39:03 GMT', 'Content-Type': 'text/html', 'Content-Length': '548', 'Connection': 'keep-alive'}
[2026-09-11 17:39:07] Upload failed 404: requested=https://forums.greaterthangames.com/uploads/default/optimized/2X/b/bce0fa52dbc41ece99e89304b22636cd5fa3c913_2_690x198.png, final=https://forums.greaterthangames.com/uploads/default/optimized/2X/b/bce0fa52dbc41ece99e89304b22636cd5fa3c913_2_690x198.png,
[2026-09-11 17:39:07] Response headers: {'Server': 'nginx', 'Date': 'Fri, 11 Sep 2026 17:39:07 GMT', 'Content-Type': 'text/html', 'Content-Length': '548', 'Connection': 'keep-alive'}
[2026-09-11 17:39:09] Upload failed 404: requested=https://forums.greaterthangames.com/uploads/default/optimized/2X/c/c09196b6dc964769e30f880572130b1750e1f976_2_233x500.jpeg, final=https://forums.greaterthangames.com/uploads/default/optimized/2X/c/c09196b6dc964769e30f880572130b1750e1f976_2_233x500.jpeg,
[2026-09-11 17:39:09] Response headers: {'Server': 'nginx', 'Date': 'Fri, 11 Sep 2026 17:39:09 GMT', 'Content-Type': 'text/html', 'Content-Length': '548', 'Connection': 'keep-alive'}
[2026-09-11 17:39:13] Upload failed 404: requested=https://forums.greaterthangames.com/uploads/default/optimized/2X/c/c33dc8b4bd54123de62b02d12f775b2a66244713_2_388x500.jpeg, final=https://forums.greaterthangames.com/uploads/default/optimized/2X/c/c33dc8b4bd54123de62b02d12f775b2a66244713_2_388x500.jpeg,
[2026-09-11 17:39:13] Response headers: {'Server': 'nginx', 'Date': 'Fri, 11 Sep 2026 17:39:13 GMT', 'Content-Type': 'text/html', 'Content-Length': '548', 'Connection': 'keep-alive'}
[2026-09-11 17:39:19] Upload failed 404: requested=https://forums.greaterthangames.com/uploads/default/optimized/2X/d/d0b59b66e4c8aac0faef478eee82c9061cf9b4d0_2_690x221.jpeg, final=https://forums.greaterthangames.com/uploads/default/optimized/2X/d/d0b59b66e4c8aac0faef478eee82c9061cf9b4d0_2_690x221.jpeg,
[2026-09-11 17:39:19] Response headers: {'Server': 'nginx', 'Date': 'Fri, 11 Sep 2026 17:39:19 GMT', 'Content-Type': 'text/html', 'Content-Length': '548', 'Connection': 'keep-alive'}
[2026-09-11 17:39:46] [37/3471] Fetching topic 31207
[2026-09-11 17:39:47] Topic 31207: downloading 12 uploads
[2026-09-11 17:39:52] Upload failed 404: requested=https://forums.greaterthangames.com/uploads/default/optimized/2X/9/9c7c10ac06c4a5cb8ac53604612489b384249611_2_690x235.jpeg, final=https://forums.greaterthangames.com/uploads/default/optimized/2X/9/9c7c10ac06c4a5cb8ac53604612489b384249611_2_690x235.jpeg,
[2026-09-11 17:39:52] Response headers: {'Server': 'nginx', 'Date': 'Fri, 11 Sep 2026 17:39:52 GMT', 'Content-Type': 'text/html', 'Content-Length': '548', 'Connection': 'keep-alive'}
[2026-09-11 17:39:54] Upload failed 404: requested=https://forums.greaterthangames.com/uploads/default/optimized/2X/a/a0d75b87bfeae8d265f53b71a314e98a4c09ec4c_2_323x500.jpeg, final=https://forums.greaterthangames.com/uploads/default/optimized/2X/a/a0d75b87bfeae8d265f53b71a314e98a4c09ec4c_2_323x500.jpeg,
[2026-09-11 17:39:54] Response headers: {'Server': 'nginx', 'Date': 'Fri, 11 Sep 2026 17:39:54 GMT', 'Content-Type': 'text/html', 'Content-Length': '548', 'Connection': 'keep-alive'}
[2026-09-11 17:39:59] [38/3471] Fetching topic 32203
[2026-09-11 17:40:00] [39/3471] Fetching topic 31261
[2026-09-11 17:40:01] Topic 31261: downloading 7 uploads
[2026-09-11 17:40:04] Upload failed 404: requested=https://forums.greaterthangames.com/uploads/default/optimized/2X/b/b4ba36c81f2cd3245db3678308ede266507546e9_2_322x500.jpeg, final=https://forums.greaterthangames.com/uploads/default/optimized/2X/b/b4ba36c81f2cd3245db3678308ede266507546e9_2_322x500.jpeg,
[2026-09-11 17:40:04] Response headers: {'Server': 'nginx', 'Date': 'Fri, 11 Sep 2026 17:40:04 GMT', 'Content-Type': 'text/html', 'Content-Length': '548', 'Connection': 'keep-alive'}
[2026-09-11 17:40:09] [40/3471] Fetching topic 32132
[2026-09-11 17:40:09] Topic 32132: missing 4 posts; fetching in batches...
[2026-09-11 17:40:10] Topic 32132: downloading 20 uploads
[2026-09-11 17:40:17] Upload failed 404: requested=https://forums.greaterthangames.com/uploads/default/optimized/2X/2/29bd78be5484709479389238bc9aa1f3986c9232_2_666x500.jpeg, final=https://forums.greaterthangames.com/uploads/default/optimized/2X/2/29bd78be5484709479389238bc9aa1f3986c9232_2_666x500.jpeg,
[2026-09-11 17:40:17] Response headers: {'Server': 'nginx', 'Date': 'Fri, 11 Sep 2026 17:40:17 GMT', 'Content-Type': 'text/html', 'Content-Length': '548', 'Connection': 'keep-alive'}
[2026-09-11 17:40:21] Upload failed 404: requested=https://forums.greaterthangames.com/uploads/default/optimized/2X/3/300ef4be98d91bbd74c2cb4e7116c17bbf4aefbf_2_666x500.jpeg, final=https://forums.greaterthangames.com/uploads/default/optimized/2X/3/300ef4be98d91bbd74c2cb4e7116c17bbf4aefbf_2_666x500.jpeg,
[2026-09-11 17:40:21] Response headers: {'Server': 'nginx', 'Date': 'Fri, 11 Sep 2026 17:40:21 GMT', 'Content-Type': 'text/html', 'Content-Length': '548', 'Connection': 'keep-alive'}
[2026-09-11 17:40:25] Upload failed 404: requested=https://forums.greaterthangames.com/uploads/default/optimized/2X/4/420007d3ebbd5a95b1d2886175112a07ac22c66a_2_666x500.jpeg, final=https://forums.greaterthangames.com/uploads/default/optimized/2X/4/420007d3ebbd5a95b1d2886175112a07ac22c66a_2_666x500.jpeg,
[2026-09-11 17:40:25] Response headers: {'Server': 'nginx', 'Date': 'Fri, 11 Sep 2026 17:40:25 GMT', 'Content-Type': 'text/html', 'Content-Length': '548', 'Connection': 'keep-alive'}
[2026-09-11 17:40:31] [41/3471] Fetching topic 31448
[2026-09-11 17:40:32] Topic 31448: downloading 13 uploads
[2026-09-11 17:40:36] Upload failed 404: requested=https://forums.greaterthangames.com/uploads/default/optimized/2X/3/31c03eaa8da2fa0217a9abe051ec57eca9c91bc3_2_322x500.jpeg, final=https://forums.greaterthangames.com/uploads/default/optimized/2X/3/31c03eaa8da2fa0217a9abe051ec57eca9c91bc3_2_322x500.jpeg,
[2026-09-11 17:40:36] Response headers: {'Server': 'nginx', 'Date': 'Fri, 11 Sep 2026 17:40:36 GMT', 'Content-Type': 'text/html', 'Content-Length': '548', 'Connection': 'keep-alive'}
[2026-09-11 17:40:41] Upload failed 404: requested=https://forums.greaterthangames.com/uploads/default/optimized/2X/7/72a3d7603e43f84afe43fda72c7b3e0b55a6aa2d_2_654x500.jpeg, final=https://forums.greaterthangames.com/uploads/default/optimized/2X/7/72a3d7603e43f84afe43fda72c7b3e0b55a6aa2d_2_654x500.jpeg,
[2026-09-11 17:40:41] Response headers: {'Server': 'nginx', 'Date': 'Fri, 11 Sep 2026 17:40:41 GMT', 'Content-Type': 'text/html', 'Content-Length': '548', 'Connection': 'keep-alive'}
[2026-09-11 17:40:45] [42/3471] Fetching topic 31445
[2026-09-11 17:40:46] Topic 31445: downloading 8 uploads
[2026-09-11 17:40:49] Upload failed 404: requested=https://forums.greaterthangames.com/uploads/default/optimized/2X/e/ead6f7bcc904e06f34a8ce5113a233b315c0c0e7_2_322x500.jpeg, final=https://forums.greaterthangames.com/uploads/default/optimized/2X/e/ead6f7bcc904e06f34a8ce5113a233b315c0c0e7_2_322x500.jpeg,
[2026-09-11 17:40:49] Response headers: {'Server': 'nginx', 'Date': 'Fri, 11 Sep 2026 17:40:49 GMT', 'Content-Type': 'text/html', 'Content-Length': '548', 'Connection': 'keep-alive'}
[2026-09-11 17:40:53] [43/3471] Fetching topic 31431
[2026-09-11 17:40:54] Topic 31431: downloading 7 uploads
[2026-09-11 17:40:57] Upload failed 404: requested=https://forums.greaterthangames.com/uploads/default/optimized/2X/c/ce4dde348b881bc658bf701fcbcab744c26d84c5_2_322x500.jpeg, final=https://forums.greaterthangames.com/uploads/default/optimized/2X/c/ce4dde348b881bc658bf701fcbcab744c26d84c5_2_322x500.jpeg,
[2026-09-11 17:40:57] Response headers: {'Server': 'nginx', 'Date': 'Fri, 11 Sep 2026 17:40:57 GMT', 'Content-Type': 'text/html', 'Content-Length': '548', 'Connection': 'keep-alive'}
[2026-09-11 17:41:01] [44/3471] Fetching topic 31425
[2026-09-11 17:41:01] Topic 31425: downloading 1 uploads
[2026-09-11 17:41:01] [45/3471] Fetching topic 31419
[2026-09-11 17:41:02] Topic 31419: downloading 7 uploads
[2026-09-11 17:41:05] Upload failed 404: requested=https://forums.greaterthangames.com/uploads/default/optimized/2X/a/abca02703c0561b2f9d6e1c90769d90a40105504_2_353x500.jpeg, final=https://forums.greaterthangames.com/uploads/default/optimized/2X/a/abca02703c0561b2f9d6e1c90769d90a40105504_2_353x500.jpeg,
[2026-09-11 17:41:05] Response headers: {'Server': 'nginx', 'Date': 'Fri, 11 Sep 2026 17:41:05 GMT', 'Content-Type': 'text/html', 'Content-Length': '548', 'Connection': 'keep-alive'}
[2026-09-11 17:41:09] [46/3471] Fetching topic 31413
[2026-09-11 17:41:10] Topic 31413: downloading 7 uploads
[2026-09-11 17:41:13] Upload failed 404: requested=https://forums.greaterthangames.com/uploads/default/optimized/2X/4/4906c62cc8eb0afe201d91bc217534ee8479fff8_2_322x500.jpeg, final=https://forums.greaterthangames.com/uploads/default/optimized/2X/4/4906c62cc8eb0afe201d91bc217534ee8479fff8_2_322x500.jpeg,
[2026-09-11 17:41:13] Response headers: {'Server': 'nginx', 'Date': 'Fri, 11 Sep 2026 17:41:13 GMT', 'Content-Type': 'text/html', 'Content-Length': '548', 'Connection': 'keep-alive'}
[2026-09-11 17:41:17] [47/3471] Fetching topic 32201
[2026-09-11 17:41:17] [48/3471] Fetching topic 31319
[2026-09-11 17:41:18] Topic 31319: downloading 7 uploads
[2026-09-11 17:41:21] Upload failed 404: requested=https://forums.greaterthangames.com/uploads/default/optimized/2X/a/a3a9ba705c802d4626e55584fcf0b6e1879565d3_2_322x500.jpeg, final=https://forums.greaterthangames.com/uploads/default/optimized/2X/a/a3a9ba705c802d4626e55584fcf0b6e1879565d3_2_322x500.jpeg,
[2026-09-11 17:41:21] Response headers: {'Server': 'nginx', 'Date': 'Fri, 11 Sep 2026 17:41:21 GMT', 'Content-Type': 'text/html', 'Content-Length': '548', 'Connection': 'keep-alive'}
[2026-09-11 17:41:24] [49/3471] Fetching topic 31309
[2026-09-11 17:41:25] [50/3471] Fetching topic 31254
[2026-09-11 17:41:26] Topic 31254: downloading 1 uploads
[2026-09-11 17:41:26] [51/3471] Fetching topic 31236
[2026-09-11 17:41:28] Topic 31236: downloading 7 uploads
[2026-09-11 17:41:31] Upload failed 404: requested=https://forums.greaterthangames.com/uploads/default/optimized/2X/6/622a82368c59847f1e1426b69c1b4ed6247a2901_2_322x500.jpeg, final=https://forums.greaterthangames.com/uploads/default/optimized/2X/6/622a82368c59847f1e1426b69c1b4ed6247a2901_2_322x500.jpeg,
[2026-09-11 17:41:31] Response headers: {'Server': 'nginx', 'Date': 'Fri, 11 Sep 2026 17:41:31 GMT', 'Content-Type': 'text/html', 'Content-Length': '548', 'Connection': 'keep-alive'}
[2026-09-11 17:41:35] [52/3471] Fetching topic 31219
[2026-09-11 17:41:35] Topic 31219: downloading 13 uploads
[2026-09-11 17:41:39] Upload failed 404: requested=https://forums.greaterthangames.com/uploads/default/optimized/2X/7/73a3c5f909831ffb5d39e4c939be3ed64b072b5e_2_350x499.jpeg, final=https://forums.greaterthangames.com/uploads/default/optimized/2X/7/73a3c5f909831ffb5d39e4c939be3ed64b072b5e_2_350x499.jpeg,
[2026-09-11 17:41:39] Response headers: {'Server': 'nginx', 'Date': 'Fri, 11 Sep 2026 17:41:39 GMT', 'Content-Type': 'text/html', 'Content-Length': '548', 'Connection': 'keep-alive'}
[2026-09-11 17:41:43] Upload failed 404: requested=https://forums.greaterthangames.com/uploads/default/optimized/2X/d/d3e950fb6c2286f707aef78275edcee9a2057497_2_325x500.jpeg, final=https://forums.greaterthangames.com/uploads/default/optimized/2X/d/d3e950fb6c2286f707aef78275edcee9a2057497_2_325x500.jpeg,
[2026-09-11 17:41:43] Response headers: {'Server': 'nginx', 'Date': 'Fri, 11 Sep 2026 17:41:43 GMT', 'Content-Type': 'text/html', 'Content-Length': '548', 'Connection': 'keep-alive'}
[2026-09-11 17:41:48] [53/3471] Fetching topic 31205
[2026-09-11 17:41:49] Topic 31205: downloading 7 uploads
[2026-09-11 17:41:52] Upload failed 404: requested=https://forums.greaterthangames.com/uploads/default/optimized/2X/5/5e4d2325fadd73e90704873228db718c540432b1_2_322x500.jpeg, final=https://forums.greaterthangames.com/uploads/default/optimized/2X/5/5e4d2325fadd73e90704873228db718c540432b1_2_322x500.jpeg,
[2026-09-11 17:41:52] Response headers: {'Server': 'nginx', 'Date': 'Fri, 11 Sep 2026 17:41:51 GMT', 'Content-Type': 'text/html', 'Content-Length': '548', 'Connection': 'keep-alive'}
[2026-09-11 17:41:55] [54/3471] Fetching topic 30963
[2026-09-11 17:41:56] Topic 30963: downloading 8 uploads
[2026-09-11 17:42:00] Upload failed 404: requested=https://forums.greaterthangames.com/uploads/default/optimized/2X/8/8ac890096bd75c875dab45ce54f386d4081d264b_2_323x500.jpeg, final=https://forums.greaterthangames.com/uploads/default/optimized/2X/8/8ac890096bd75c875dab45ce54f386d4081d264b_2_323x500.jpeg,
[2026-09-11 17:42:00] Response headers: {'Server': 'nginx', 'Date': 'Fri, 11 Sep 2026 17:42:00 GMT', 'Content-Type': 'text/html', 'Content-Length': '548', 'Connection': 'keep-alive'}
[2026-09-11 17:42:03] [55/3471] Fetching topic 30914
[2026-09-11 17:42:04] Topic 30914: downloading 22 uploads
[2026-09-11 17:42:10] Upload failed 404: requested=https://forums.greaterthangames.com/uploads/default/optimized/2X/4/401247c82ee5a184e64d9aba0bbacee2616a776b_2_377x500.jpeg, final=https://forums.greaterthangames.com/uploads/default/optimized/2X/4/401247c82ee5a184e64d9aba0bbacee2616a776b_2_377x500.jpeg,
[2026-09-11 17:42:10] Response headers: {'Server': 'nginx', 'Date': 'Fri, 11 Sep 2026 17:42:10 GMT', 'Content-Type': 'text/html', 'Content-Length': '548', 'Connection': 'keep-alive'}
[2026-09-11 17:42:15] Upload failed 404: requested=https://forums.greaterthangames.com/uploads/default/optimized/2X/7/7856fbb235e4fda20b7f3e324cb878a93c17779c_2_377x500.jpeg, final=https://forums.greaterthangames.com/uploads/default/optimized/2X/7/7856fbb235e4fda20b7f3e324cb878a93c17779c_2_377x500.jpeg,
[2026-09-11 17:42:15] Response headers: {'Server': 'nginx', 'Date': 'Fri, 11 Sep 2026 17:42:15 GMT', 'Content-Type': 'text/html', 'Content-Length': '548', 'Connection': 'keep-alive'}
[2026-09-11 17:42:22] Upload failed 404: requested=https://forums.greaterthangames.com/uploads/default/optimized/2X/8/86b0745a73ff963e97cef3a5d7a0f28e5b175cd6_2_690x454.jpeg, final=https://forums.greaterthangames.com/uploads/default/optimized/2X/8/86b0745a73ff963e97cef3a5d7a0f28e5b175cd6_2_690x454.jpeg,
[2026-09-11 17:42:22] Response headers: {'Server': 'nginx', 'Date': 'Fri, 11 Sep 2026 17:42:22 GMT', 'Content-Type': 'text/html', 'Content-Length': '548', 'Connection': 'keep-alive'}
[2026-09-11 17:42:26] [56/3471] Fetching topic 31732
[2026-09-11 17:42:26] [57/3471] Fetching topic 32179
[2026-09-11 17:42:28] [58/3471] Fetching topic 30746
[2026-09-11 17:42:29] Topic 30746: missing 4 posts; fetching in batches...
[2026-09-11 17:42:30] Topic 30746: downloading 19 uploads
[2026-09-11 17:42:35] Upload failed 404: requested=https://forums.greaterthangames.com/uploads/default/optimized/2X/0/05206a168a1a0828d2c43f4cc58ab7987ce435e0_2_329x500.jpeg, final=https://forums.greaterthangames.com/uploads/default/optimized/2X/0/05206a168a1a0828d2c43f4cc58ab7987ce435e0_2_329x500.jpeg,
[2026-09-11 17:42:35] Response headers: {'Server': 'nginx', 'Date': 'Fri, 11 Sep 2026 17:42:35 GMT', 'Content-Type': 'text/html', 'Content-Length': '548', 'Connection': 'keep-alive'}
[2026-09-11 17:42:41] Upload failed 404: requested=https://forums.greaterthangames.com/uploads/default/optimized/2X/3/3374b474035f4ab6023ef0251f4ad1a0d8d5c003_2_500x500.jpeg, final=https://forums.greaterthangames.com/uploads/default/optimized/2X/3/3374b474035f4ab6023ef0251f4ad1a0d8d5c003_2_500x500.jpeg,
[2026-09-11 17:42:41] Response headers: {'Server': 'nginx', 'Date': 'Fri, 11 Sep 2026 17:42:41 GMT', 'Content-Type': 'text/html', 'Content-Length': '548', 'Connection': 'keep-alive'}
[2026-09-11 17:42:45] Upload failed 404: requested=https://forums.greaterthangames.com/uploads/default/optimized/2X/f/f0e9cc3f32a150739b691e68c2c02109e7c52761_2_321x500.jpeg, final=https://forums.greaterthangames.com/uploads/default/optimized/2X/f/f0e9cc3f32a150739b691e68c2c02109e7c52761_2_321x500.jpeg,
[2026-09-11 17:42:45] Response headers: {'Server': 'nginx', 'Date': 'Fri, 11 Sep 2026 17:42:45 GMT', 'Content-Type': 'text/html', 'Content-Length': '548', 'Connection': 'keep-alive'}
[2026-09-11 17:42:49] [59/3471] Fetching topic 30736
[2026-09-11 17:42:50] Topic 30736: downloading 10 uploads
[2026-09-11 17:42:55] Upload failed 404: requested=https://forums.greaterthangames.com/uploads/default/optimized/2X/f/f6bbfabf55d01f06681cd10188177abe343c1862_2_322x500.jpeg, final=https://forums.greaterthangames.com/uploads/default/optimized/2X/f/f6bbfabf55d01f06681cd10188177abe343c1862_2_322x500.jpeg,
[2026-09-11 17:42:55] Response headers: {'Server': 'nginx', 'Date': 'Fri, 11 Sep 2026 17:42:55 GMT', 'Content-Type': 'text/html', 'Content-Length': '548', 'Connection': 'keep-alive'}
[2026-09-11 17:43:01] [60/3471] Fetching topic 30724
[2026-09-11 17:43:02] Topic 30724: downloading 8 uploads
[2026-09-11 17:43:06] Upload failed 404: requested=https://forums.greaterthangames.com/uploads/default/optimized/2X/f/f92ace28e249a58c4e38685fee0183caee716ff5_2_322x500.jpeg, final=https://forums.greaterthangames.com/uploads/default/optimized/2X/f/f92ace28e249a58c4e38685fee0183caee716ff5_2_322x500.jpeg,
[2026-09-11 17:43:06] Response headers: {'Server': 'nginx', 'Date': 'Fri, 11 Sep 2026 17:43:06 GMT', 'Content-Type': 'text/html', 'Content-Length': '548', 'Connection': 'keep-alive'}
[2026-09-11 17:43:10] [61/3471] Fetching topic 30626
[2026-09-11 17:43:11] Topic 30626: missing 1 posts; fetching in batches...
[2026-09-11 17:43:12] Topic 30626: downloading 8 uploads
[2026-09-11 17:43:16] Upload failed 404: requested=https://forums.greaterthangames.com/uploads/default/optimized/2X/b/b2a6f85f699c28b35fc0c0b83b37d37c51617391_2_323x500.jpeg, final=https://forums.greaterthangames.com/uploads/default/optimized/2X/b/b2a6f85f699c28b35fc0c0b83b37d37c51617391_2_323x500.jpeg,
[2026-09-11 17:43:16] Response headers: {'Server': 'nginx', 'Date': 'Fri, 11 Sep 2026 17:43:16 GMT', 'Content-Type': 'text/html', 'Content-Length': '548', 'Connection': 'keep-alive'}
[2026-09-11 17:43:19] [62/3471] Fetching topic 30708
[2026-09-11 17:43:20] Topic 30708: missing 6 posts; fetching in batches...
[2026-09-11 17:43:21] Topic 30708: downloading 8 uploads
[2026-09-11 17:43:25] Upload failed 404: requested=https://forums.greaterthangames.com/uploads/default/optimized/2X/9/9666223fb412dfa7c563fbf21dfa3c836319db28_2_325x500.jpeg, final=https://forums.greaterthangames.com/uploads/default/optimized/2X/9/9666223fb412dfa7c563fbf21dfa3c836319db28_2_325x500.jpeg,
[2026-09-11 17:43:25] Response headers: {'Server': 'nginx', 'Date': 'Fri, 11 Sep 2026 17:43:25 GMT', 'Content-Type': 'text/html', 'Content-Length': '548', 'Connection': 'keep-alive'}
[2026-09-11 17:43:28] [63/3471] Fetching topic 30580
[2026-09-11 17:43:29] Topic 30580: downloading 15 uploads
[2026-09-11 17:43:34] Upload failed 404: requested=https://forums.greaterthangames.com/uploads/default/optimized/2X/1/17c02dbe5d8055b8a46cd20c2dca0a0c8cbcb619_2_322x500.jpeg, final=https://forums.greaterthangames.com/uploads/default/optimized/2X/1/17c02dbe5d8055b8a46cd20c2dca0a0c8cbcb619_2_322x500.jpeg,
[2026-09-11 17:43:34] Response headers: {'Server': 'nginx', 'Date': 'Fri, 11 Sep 2026 17:43:34 GMT', 'Content-Type': 'text/html', 'Content-Length': '548', 'Connection': 'keep-alive'}
[2026-09-11 17:43:39] Upload failed 404: requested=https://forums.greaterthangames.com/uploads/default/optimized/2X/b/b8155365bcf35e0e51795cae1fb850a908379fdf_2_322x500.jpeg, final=https://forums.greaterthangames.com/uploads/default/optimized/2X/b/b8155365bcf35e0e51795cae1fb850a908379fdf_2_322x500.jpeg,
[2026-09-11 17:43:39] Response headers: {'Server': 'nginx', 'Date': 'Fri, 11 Sep 2026 17:43:39 GMT', 'Content-Type': 'text/html', 'Content-Length': '548', 'Connection': 'keep-alive'}
[2026-09-11 17:43:44] [64/3471] Fetching topic 30546
[2026-09-11 17:43:45] Topic 30546: downloading 23 uploads
[2026-09-11 17:43:52] Upload failed 404: requested=https://forums.greaterthangames.com/uploads/default/optimized/2X/1/196e6980c1c583241a9a13b79a2e50e26f612670_2_664x500.jpeg, final=https://forums.greaterthangames.com/uploads/default/optimized/2X/1/196e6980c1c583241a9a13b79a2e50e26f612670_2_664x500.jpeg,
[2026-09-11 17:43:52] Response headers: {'Server': 'nginx', 'Date': 'Fri, 11 Sep 2026 17:43:52 GMT', 'Content-Type': 'text/html', 'Content-Length': '548', 'Connection': 'keep-alive'}
[2026-09-11 17:43:56] Upload failed 404: requested=https://forums.greaterthangames.com/uploads/default/optimized/2X/5/527849069a027725613f705ee722bff554c819c3_2_376x500.jpeg, final=https://forums.greaterthangames.com/uploads/default/optimized/2X/5/527849069a027725613f705ee722bff554c819c3_2_376x500.jpeg,
[2026-09-11 17:43:56] Response headers: {'Server': 'nginx', 'Date': 'Fri, 11 Sep 2026 17:43:56 GMT', 'Content-Type': 'text/html', 'Content-Length': '548', 'Connection': 'keep-alive'}
[2026-09-11 17:44:01] Upload failed 404: requested=https://forums.greaterthangames.com/uploads/default/optimized/2X/7/7b1237a47d97eef30507264f3c2009f28c602652_2_376x500.jpeg, final=https://forums.greaterthangames.com/uploads/default/optimized/2X/7/7b1237a47d97eef30507264f3c2009f28c602652_2_376x500.jpeg,
[2026-09-11 17:44:01] Response headers: {'Server': 'nginx', 'Date': 'Fri, 11 Sep 2026 17:44:01 GMT', 'Content-Type': 'text/html', 'Content-Length': '548', 'Connection': 'keep-alive'}
[2026-09-11 17:44:07] [65/3471] Fetching topic 30453
[2026-09-11 17:44:08] Topic 30453: downloading 8 uploads
[2026-09-11 17:44:12] Upload failed 404: requested=https://forums.greaterthangames.com/uploads/default/optimized/2X/5/5497445ef47b056c499b8db97de2cbddd02daa6b_2_329x499.jpeg, final=https://forums.greaterthangames.com/uploads/default/optimized/2X/5/5497445ef47b056c499b8db97de2cbddd02daa6b_2_329x499.jpeg,
[2026-09-11 17:44:12] Response headers: {'Server': 'nginx', 'Date': 'Fri, 11 Sep 2026 17:44:12 GMT', 'Content-Type': 'text/html', 'Content-Length': '548', 'Connection': 'keep-alive'}
[2026-09-11 17:44:17] [66/3471] Fetching topic 30403
[2026-09-11 17:44:18] Topic 30403: downloading 8 uploads
[2026-09-11 17:44:21] Upload failed 404: requested=https://forums.greaterthangames.com/uploads/default/optimized/2X/7/77baba48684230ee0b7569e90b17990fcecc12c6_2_322x500.jpeg, final=https://forums.greaterthangames.com/uploads/default/optimized/2X/7/77baba48684230ee0b7569e90b17990fcecc12c6_2_322x500.jpeg,
[2026-09-11 17:44:21] Response headers: {'Server': 'nginx', 'Date': 'Fri, 11 Sep 2026 17:44:21 GMT', 'Content-Type': 'text/html', 'Content-Length': '548', 'Connection': 'keep-alive'}
[2026-09-11 17:44:26] [67/3471] Fetching topic 30395
[2026-09-11 17:44:26] Topic 30395: downloading 43 uploads
[2026-09-11 17:44:35] Upload failed 404: requested=https://forums.greaterthangames.com/uploads/default/optimized/2X/4/48ab22fb17c264cafdd81429bb9b44f5d22eef0f_2_386x500.jpeg, final=https://forums.greaterthangames.com/uploads/default/optimized/2X/4/48ab22fb17c264cafdd81429bb9b44f5d22eef0f_2_386x500.jpeg,
[2026-09-11 17:44:35] Response headers: {'Server': 'nginx', 'Date': 'Fri, 11 Sep 2026 17:44:35 GMT', 'Content-Type': 'text/html', 'Content-Length': '548', 'Connection': 'keep-alive'}
[2026-09-11 17:44:40] Upload failed 404: requested=https://forums.greaterthangames.com/uploads/default/optimized/2X/4/4c2fb9ff2837008f03d1b305817fc4c329b36168_2_386x500.jpeg, final=https://forums.greaterthangames.com/uploads/default/optimized/2X/4/4c2fb9ff2837008f03d1b305817fc4c329b36168_2_386x500.jpeg,
[2026-09-11 17:44:40] Response headers: {'Server': 'nginx', 'Date': 'Fri, 11 Sep 2026 17:44:40 GMT', 'Content-Type': 'text/html', 'Content-Length': '548', 'Connection': 'keep-alive'}
[2026-09-11 17:44:46] Upload failed 404: requested=https://forums.greaterthangames.com/uploads/default/optimized/2X/6/6b54d47519f430d93f6c5ddfd204e755b48d55e4_2_386x500.jpeg, final=https://forums.greaterthangames.com/uploads/default/optimized/2X/6/6b54d47519f430d93f6c5ddfd204e755b48d55e4_2_386x500.jpeg,
[2026-09-11 17:44:46] Response headers: {'Server': 'nginx', 'Date': 'Fri, 11 Sep 2026 17:44:46 GMT', 'Content-Type': 'text/html', 'Content-Length': '548', 'Connection': 'keep-alive'}
[2026-09-11 17:44:51] Upload failed 404: requested=https://forums.greaterthangames.com/uploads/default/optimized/2X/9/93ef0fb5b08e1b325462d01ac7d9feb64a92f417_2_386x500.jpeg, final=https://forums.greaterthangames.com/uploads/default/optimized/2X/9/93ef0fb5b08e1b325462d01ac7d9feb64a92f417_2_386x500.jpeg,
[2026-09-11 17:44:51] Response headers: {'Server': 'nginx', 'Date': 'Fri, 11 Sep 2026 17:44:51 GMT', 'Content-Type': 'text/html', 'Content-Length': '548', 'Connection': 'keep-alive'}
[2026-09-11 17:44:57] Upload failed 404: requested=https://forums.greaterthangames.com/uploads/default/optimized/2X/a/a99c24530e7d7504918a4eac8075dccd429dd0dd_2_646x500.jpeg, final=https://forums.greaterthangames.com/uploads/default/optimized/2X/a/a99c24530e7d7504918a4eac8075dccd429dd0dd_2_646x500.jpeg,
[2026-09-11 17:44:57] Response headers: {'Server': 'nginx', 'Date': 'Fri, 11 Sep 2026 17:44:57 GMT', 'Content-Type': 'text/html', 'Content-Length': '548', 'Connection': 'keep-alive'}
[2026-09-11 17:45:01] Upload failed 404: requested=https://forums.greaterthangames.com/uploads/default/optimized/2X/f/f53944844a6e0884f9eb6dc6886ee26acd6853ec_2_386x500.jpeg, final=https://forums.greaterthangames.com/uploads/default/optimized/2X/f/f53944844a6e0884f9eb6dc6886ee26acd6853ec_2_386x500.jpeg,
[2026-09-11 17:45:01] Response headers: {'Server': 'nginx', 'Date': 'Fri, 11 Sep 2026 17:45:01 GMT', 'Content-Type': 'text/html', 'Content-Length': '548', 'Connection': 'keep-alive'}
[2026-09-11 17:45:10] [68/3471] Fetching topic 30386
[2026-09-11 17:45:11] Topic 30386: downloading 13 uploads
[2026-09-11 17:45:16] Upload failed 404: requested=https://forums.greaterthangames.com/uploads/default/optimized/2X/8/8c3a3d742bd7f9d7e7ce1101b2d9264b7800b500_2_325x500.jpeg, final=https://forums.greaterthangames.com/uploads/default/optimized/2X/8/8c3a3d742bd7f9d7e7ce1101b2d9264b7800b500_2_325x500.jpeg,
[2026-09-11 17:45:16] Response headers: {'Server': 'nginx', 'Date': 'Fri, 11 Sep 2026 17:45:16 GMT', 'Content-Type': 'text/html', 'Content-Length': '548', 'Connection': 'keep-alive'}
[2026-09-11 17:45:19] Upload failed 404: requested=https://forums.greaterthangames.com/uploads/default/optimized/2X/8/8fb61e93ed480ae0bc6893530d89bcb4637806d7_2_325x500.jpeg, final=https://forums.greaterthangames.com/uploads/default/optimized/2X/8/8fb61e93ed480ae0bc6893530d89bcb4637806d7_2_325x500.jpeg,
[2026-09-11 17:45:19] Response headers: {'Server': 'nginx', 'Date': 'Fri, 11 Sep 2026 17:45:19 GMT', 'Content-Type': 'text/html', 'Content-Length': '548', 'Connection': 'keep-alive'}
[2026-09-11 17:45:24] [69/3471] Fetching topic 30367
[2026-09-11 17:45:24] Topic 30367: missing 7 posts; fetching in batches...
[2026-09-11 17:45:25] Topic 30367: downloading 15 uploads
[2026-09-11 17:45:30] Upload failed 404: requested=https://forums.greaterthangames.com/uploads/default/optimized/2X/3/3e07d9fffdcfafc983daf4ca23be743d5a1185f2_2_323x500.jpeg, final=https://forums.greaterthangames.com/uploads/default/optimized/2X/3/3e07d9fffdcfafc983daf4ca23be743d5a1185f2_2_323x500.jpeg,
[2026-09-11 17:45:30] Response headers: {'Server': 'nginx', 'Date': 'Fri, 11 Sep 2026 17:45:30 GMT', 'Content-Type': 'text/html', 'Content-Length': '548', 'Connection': 'keep-alive'}
[2026-09-11 17:45:35] Upload failed 404: requested=https://forums.greaterthangames.com/uploads/default/optimized/2X/e/e37742c6d67a76bea253b846eb7fad460d1e1fb0_2_323x500.jpeg, final=https://forums.greaterthangames.com/uploads/default/optimized/2X/e/e37742c6d67a76bea253b846eb7fad460d1e1fb0_2_323x500.jpeg,
[2026-09-11 17:45:35] Response headers: {'Server': 'nginx', 'Date': 'Fri, 11 Sep 2026 17:45:35 GMT', 'Content-Type': 'text/html', 'Content-Length': '548', 'Connection': 'keep-alive'}
[2026-09-11 17:45:39] [70/3471] Fetching topic 30354
[2026-09-11 17:45:40] Topic 30354: missing 7 posts; fetching in batches...
[2026-09-11 17:45:41] Topic 30354: downloading 15 uploads
[2026-09-11 17:45:46] Upload failed 404: requested=https://forums.greaterthangames.com/uploads/default/optimized/2X/0/0806b1e9adfcbfc3d1c3e111b91cdd44c044585d_2_323x500.jpeg, final=https://forums.greaterthangames.com/uploads/default/optimized/2X/0/0806b1e9adfcbfc3d1c3e111b91cdd44c044585d_2_323x500.jpeg,
[2026-09-11 17:45:46] Response headers: {'Server': 'nginx', 'Date': 'Fri, 11 Sep 2026 17:45:46 GMT', 'Content-Type': 'text/html', 'Content-Length': '548', 'Connection': 'keep-alive'}
[2026-09-11 17:45:52] Upload failed 404: requested=https://forums.greaterthangames.com/uploads/default/optimized/2X/e/e540687911be1df3b5a9643c39b30f8d6ae83e7c_2_323x500.jpeg, final=https://forums.greaterthangames.com/uploads/default/optimized/2X/e/e540687911be1df3b5a9643c39b30f8d6ae83e7c_2_323x500.jpeg,
[2026-09-11 17:45:52] Response headers: {'Server': 'nginx', 'Date': 'Fri, 11 Sep 2026 17:45:51 GMT', 'Content-Type': 'text/html', 'Content-Length': '548', 'Connection': 'keep-alive'}
[2026-09-11 17:45:56] [71/3471] Fetching topic 30327
[2026-09-11 17:45:57] Topic 30327: downloading 8 uploads
[2026-09-11 17:46:01] Upload failed 404: requested=https://forums.greaterthangames.com/uploads/default/optimized/2X/f/f3c872fdc7b56b0086528809d0d323cf241fc56e_2_322x500.jpeg, final=https://forums.greaterthangames.com/uploads/default/optimized/2X/f/f3c872fdc7b56b0086528809d0d323cf241fc56e_2_322x500.jpeg,
[2026-09-11 17:46:01] Response headers: {'Server': 'nginx', 'Date': 'Fri, 11 Sep 2026 17:46:01 GMT', 'Content-Type': 'text/html', 'Content-Length': '548', 'Connection': 'keep-alive'}
[2026-09-11 17:46:04] [72/3471] Fetching topic 30323
[2026-09-11 17:46:05] Topic 30323: missing 7 posts; fetching in batches...
[2026-09-11 17:46:06] Topic 30323: downloading 8 uploads
[2026-09-11 17:46:10] Upload failed 404: requested=https://forums.greaterthangames.com/uploads/default/optimized/2X/4/49f5e32a9144db37769ef7c8a6018e8d6c9a32ec_2_323x500.jpeg, final=https://forums.greaterthangames.com/uploads/default/optimized/2X/4/49f5e32a9144db37769ef7c8a6018e8d6c9a32ec_2_323x500.jpeg,
[2026-09-11 17:46:10] Response headers: {'Server': 'nginx', 'Date': 'Fri, 11 Sep 2026 17:46:10 GMT', 'Content-Type': 'text/html', 'Content-Length': '548', 'Connection': 'keep-alive'}
[2026-09-11 17:46:13] [73/3471] Fetching topic 30310
[2026-09-11 17:46:14] Topic 30310: missing 11 posts; fetching in batches...
[2026-09-11 17:46:15] Topic 30310: downloading 8 uploads
[2026-09-11 17:46:19] Upload failed 404: requested=https://forums.greaterthangames.com/uploads/default/optimized/2X/6/6443e018147a70119b30ac0ac733ca794a6f952d_2_322x500.jpeg, final=https://forums.greaterthangames.com/uploads/default/optimized/2X/6/6443e018147a70119b30ac0ac733ca794a6f952d_2_322x500.jpeg,
[2026-09-11 17:46:19] Response headers: {'Server': 'nginx', 'Date': 'Fri, 11 Sep 2026 17:46:19 GMT', 'Content-Type': 'text/html', 'Content-Length': '548', 'Connection': 'keep-alive'}
[2026-09-11 17:46:23] [74/3471] Fetching topic 30285
[2026-09-11 17:46:24] Topic 30285: downloading 8 uploads
[2026-09-11 17:46:28] Upload failed 404: requested=https://forums.greaterthangames.com/uploads/default/optimized/2X/0/02c1c6e20e4c7c90d99f073498e39dd4c9c4f440_2_322x500.jpeg, final=https://forums.greaterthangames.com/uploads/default/optimized/2X/0/02c1c6e20e4c7c90d99f073498e39dd4c9c4f440_2_322x500.jpeg,
[2026-09-11 17:46:28] Response headers: {'Server': 'nginx', 'Date': 'Fri, 11 Sep 2026 17:46:28 GMT', 'Content-Type': 'text/html', 'Content-Length': '548', 'Connection': 'keep-alive'}
[2026-09-11 17:46:32] [75/3471] Fetching topic 30274
[2026-09-11 17:46:33] Topic 30274: downloading 10 uploads
[2026-09-11 17:46:38] Upload failed 404: requested=https://forums.greaterthangames.com/uploads/default/optimized/2X/1/1e2d6281ebc02e391b099d28fe2d9b181f6e0869_2_645x499.jpeg, final=https://forums.greaterthangames.com/uploads/default/optimized/2X/1/1e2d6281ebc02e391b099d28fe2d9b181f6e0869_2_645x499.jpeg,
[2026-09-11 17:46:38] Response headers: {'Server': 'nginx', 'Date': 'Fri, 11 Sep 2026 17:46:38 GMT', 'Content-Type': 'text/html', 'Content-Length': '548', 'Connection': 'keep-alive'}
[2026-09-11 17:46:42] [76/3471] Fetching topic 30261
[2026-09-11 17:46:43] Topic 30261: missing 4 posts; fetching in batches...
[2026-09-11 17:46:44] Topic 30261: downloading 8 uploads
[2026-09-11 17:46:48] Upload failed 404: requested=https://forums.greaterthangames.com/uploads/default/optimized/2X/5/5f3e5e6ef7a015374270cedc883ddb99cef8d01e_2_322x500.jpeg, final=https://forums.greaterthangames.com/uploads/default/optimized/2X/5/5f3e5e6ef7a015374270cedc883ddb99cef8d01e_2_322x500.jpeg,
[2026-09-11 17:46:48] Response headers: {'Server': 'nginx', 'Date': 'Fri, 11 Sep 2026 17:46:48 GMT', 'Content-Type': 'text/html', 'Content-Length': '548', 'Connection': 'keep-alive'}
[2026-09-11 17:46:52] [77/3471] Fetching topic 30254
[2026-09-11 17:46:53] Topic 30254: downloading 8 uploads
[2026-09-11 17:46:57] Upload failed 404: requested=https://forums.greaterthangames.com/uploads/default/optimized/2X/1/1ce67fdc5d6bb78102e6612ea6f36a19f2a7f107_2_322x500.jpeg, final=https://forums.greaterthangames.com/uploads/default/optimized/2X/1/1ce67fdc5d6bb78102e6612ea6f36a19f2a7f107_2_322x500.jpeg,
[2026-09-11 17:46:57] Response headers: {'Server': 'nginx', 'Date': 'Fri, 11 Sep 2026 17:46:57 GMT', 'Content-Type': 'text/html', 'Content-Length': '548', 'Connection': 'keep-alive'}
[2026-09-11 17:47:01] [78/3471] Fetching topic 30248
[2026-09-11 17:47:02] Topic 30248: downloading 3 uploads
[2026-09-11 17:47:04] [79/3471] Fetching topic 30222
[2026-09-11 17:47:05] Topic 30222: downloading 1 uploads
[2026-09-11 17:47:05] [80/3471] Fetching topic 19719
[2026-09-11 17:47:06] [81/3471] Fetching topic 30219
[2026-09-11 17:47:07] Topic 30219: downloading 9 uploads
[2026-09-11 17:47:11] Upload failed 404: requested=https://forums.greaterthangames.com/uploads/default/optimized/2X/b/b394b2438cc57591df69553abe9481145e89a024_2_323x500.jpeg, final=https://forums.greaterthangames.com/uploads/default/optimized/2X/b/b394b2438cc57591df69553abe9481145e89a024_2_323x500.jpeg,
[2026-09-11 17:47:11] Response headers: {'Server': 'nginx', 'Date': 'Fri, 11 Sep 2026 17:47:11 GMT', 'Content-Type': 'text/html', 'Content-Length': '548', 'Connection': 'keep-alive'}
[2026-09-11 17:47:15] [82/3471] Fetching topic 30171
[2026-09-11 17:47:16] Topic 30171: missing 19 posts; fetching in batches...
[2026-09-11 17:47:18] Topic 30171: downloading 1 uploads
[2026-09-11 17:47:18] [83/3471] Fetching topic 30124
[2026-09-11 17:47:19] Topic 30124: downloading 1 uploads
[2026-09-11 17:47:19] [84/3471] Fetching topic 30196
[2026-09-11 17:47:20] Topic 30196: downloading 8 uploads
[2026-09-11 17:47:24] Upload failed 404: requested=https://forums.greaterthangames.com/uploads/default/optimized/2X/d/db564f3e1c3b12fc15b9ee7b2f62a8f6d080a7db_2_323x500.jpeg, final=https://forums.greaterthangames.com/uploads/default/optimized/2X/d/db564f3e1c3b12fc15b9ee7b2f62a8f6d080a7db_2_323x500.jpeg,
[2026-09-11 17:47:24] Response headers: {'Server': 'nginx', 'Date': 'Fri, 11 Sep 2026 17:47:24 GMT', 'Content-Type': 'text/html', 'Content-Length': '548', 'Connection': 'keep-alive'}
[2026-09-11 17:47:27] [85/3471] Fetching topic 30152
[2026-09-11 17:47:28] Topic 30152: downloading 23 uploads
[2026-09-11 17:47:34] Upload failed 404: requested=https://forums.greaterthangames.com/uploads/default/optimized/2X/6/6148cc626ed2aa9d32f4c75ab63ed4513d19c093_2_395x500.jpeg, final=https://forums.greaterthangames.com/uploads/default/optimized/2X/6/6148cc626ed2aa9d32f4c75ab63ed4513d19c093_2_395x500.jpeg,
[2026-09-11 17:47:34] Response headers: {'Server': 'nginx', 'Date': 'Fri, 11 Sep 2026 17:47:34 GMT', 'Content-Type': 'text/html', 'Content-Length': '548', 'Connection': 'keep-alive'}
[2026-09-11 17:47:39] Upload failed 404: requested=https://forums.greaterthangames.com/uploads/default/optimized/2X/8/80f3a566929317a555ef4b3fcb629885133842ac_2_371x500.jpeg, final=https://forums.greaterthangames.com/uploads/default/optimized/2X/8/80f3a566929317a555ef4b3fcb629885133842ac_2_371x500.jpeg,
[2026-09-11 17:47:39] Response headers: {'Server': 'nginx', 'Date': 'Fri, 11 Sep 2026 17:47:39 GMT', 'Content-Type': 'text/html', 'Content-Length': '548', 'Connection': 'keep-alive'}
[2026-09-11 17:47:44] Upload failed 404: requested=https://forums.greaterthangames.com/uploads/default/optimized/2X/b/b464cd0359c96d21b09f5d834b3a50b148e9eaf5_2_322x500.jpeg, final=https://forums.greaterthangames.com/uploads/default/optimized/2X/b/b464cd0359c96d21b09f5d834b3a50b148e9eaf5_2_322x500.jpeg,
[2026-09-11 17:47:44] Response headers: {'Server': 'nginx', 'Date': 'Fri, 11 Sep 2026 17:47:44 GMT', 'Content-Type': 'text/html', 'Content-Length': '548', 'Connection': 'keep-alive'}
[2026-09-11 17:47:51] [86/3471] Fetching topic 32147
[2026-09-11 17:47:52] [87/3471] Fetching topic 30132
[2026-09-11 17:47:53] Topic 30132: downloading 9 uploads
[2026-09-11 17:47:57] Upload failed 404: requested=https://forums.greaterthangames.com/uploads/default/optimized/2X/0/09418b0e050f4248f73b9682ea883d0c37a687ee_2_325x500.jpeg, final=https://forums.greaterthangames.com/uploads/default/optimized/2X/0/09418b0e050f4248f73b9682ea883d0c37a687ee_2_325x500.jpeg,
[2026-09-11 17:47:57] Response headers: {'Server': 'nginx', 'Date': 'Fri, 11 Sep 2026 17:47:57 GMT', 'Content-Type': 'text/html', 'Content-Length': '548', 'Connection': 'keep-alive'}
[2026-09-11 17:48:01] [88/3471] Fetching topic 30079
[2026-09-11 17:48:02] Topic 30079: missing 18 posts; fetching in batches...
[2026-09-11 17:48:03] Topic 30079: downloading 13 uploads
[2026-09-11 17:48:08] Upload failed 404: requested=https://forums.greaterthangames.com/uploads/default/optimized/2X/2/2f416a1fb361239c61e596ba3fe3438e1efa1293_2_690x499.jpeg, final=https://forums.greaterthangames.com/uploads/default/optimized/2X/2/2f416a1fb361239c61e596ba3fe3438e1efa1293_2_690x499.jpeg,
[2026-09-11 17:48:08] Response headers: {'Server': 'nginx', 'Date': 'Fri, 11 Sep 2026 17:48:08 GMT', 'Content-Type': 'text/html', 'Content-Length': '548', 'Connection': 'keep-alive'}
[2026-09-11 17:48:11] Upload failed 404: requested=https://forums.greaterthangames.com/uploads/default/optimized/2X/7/7c815ea770e77550a665c718fb360088414effd0_2_322x500.jpeg, final=https://forums.greaterthangames.com/uploads/default/optimized/2X/7/7c815ea770e77550a665c718fb360088414effd0_2_322x500.jpeg,
[2026-09-11 17:48:11] Response headers: {'Server': 'nginx', 'Date': 'Fri, 11 Sep 2026 17:48:11 GMT', 'Content-Type': 'text/html', 'Content-Length': '548', 'Connection': 'keep-alive'}
[2026-09-11 17:48:16] [89/3471] Fetching topic 30122
[2026-09-11 17:48:16] Topic 30122: downloading 7 uploads
[2026-09-11 17:48:20] Upload failed 404: requested=https://forums.greaterthangames.com/uploads/default/optimized/2X/a/af33379bd738bcaa93739c5f1120412f46fcf5c1_2_325x500.jpeg, final=https://forums.greaterthangames.com/uploads/default/optimized/2X/a/af33379bd738bcaa93739c5f1120412f46fcf5c1_2_325x500.jpeg,
[2026-09-11 17:48:20] Response headers: {'Server': 'nginx', 'Date': 'Fri, 11 Sep 2026 17:48:20 GMT', 'Content-Type': 'text/html', 'Content-Length': '548', 'Connection': 'keep-alive'}
[2026-09-11 17:48:23] [90/3471] Fetching topic 30119
[2026-09-11 17:48:24] Topic 30119: missing 11 posts; fetching in batches...
[2026-09-11 17:48:25] Topic 30119: downloading 16 uploads
[2026-09-11 17:48:30] Upload failed 404: requested=https://forums.greaterthangames.com/uploads/default/optimized/2X/9/97b331441de6efb323070947fb6e5d71011a311b_2_301x500.webp, final=https://forums.greaterthangames.com/uploads/default/optimized/2X/9/97b331441de6efb323070947fb6e5d71011a311b_2_301x500.webp,
[2026-09-11 17:48:30] Response headers: {'Server': 'nginx', 'Date': 'Fri, 11 Sep 2026 17:48:30 GMT', 'Content-Type': 'text/html', 'Content-Length': '548', 'Connection': 'keep-alive'}
[2026-09-11 17:48:35] Upload failed 404: requested=https://forums.greaterthangames.com/uploads/default/optimized/2X/a/a4660a5903da88441d61c4811ef96061a6717d58_2_322x500.jpeg, final=https://forums.greaterthangames.com/uploads/default/optimized/2X/a/a4660a5903da88441d61c4811ef96061a6717d58_2_322x500.jpeg,
[2026-09-11 17:48:35] Response headers: {'Server': 'nginx', 'Date': 'Fri, 11 Sep 2026 17:48:35 GMT', 'Content-Type': 'text/html', 'Content-Length': '548', 'Connection': 'keep-alive'}
[2026-09-11 17:48:40] [91/3471] Fetching topic 30093
[2026-09-11 17:48:41] Topic 30093: downloading 8 uploads
[2026-09-11 17:48:45] Upload failed 404: requested=https://forums.greaterthangames.com/uploads/default/optimized/2X/2/2ae289296b8420befe4e2018d43ea93f36ca09cc_2_322x500.jpeg, final=https://forums.greaterthangames.com/uploads/default/optimized/2X/2/2ae289296b8420befe4e2018d43ea93f36ca09cc_2_322x500.jpeg,
[2026-09-11 17:48:45] Response headers: {'Server': 'nginx', 'Date': 'Fri, 11 Sep 2026 17:48:45 GMT', 'Content-Type': 'text/html', 'Content-Length': '548', 'Connection': 'keep-alive'}
[2026-09-11 17:48:49] [92/3471] Fetching topic 30086
[2026-09-11 17:48:50] Topic 30086: downloading 8 uploads
[2026-09-11 17:48:54] Upload failed 404: requested=https://forums.greaterthangames.com/uploads/default/optimized/2X/f/fd64a00959f44e8865b48bafcabbd00bb75d0635_2_369x500.jpeg, final=https://forums.greaterthangames.com/uploads/default/optimized/2X/f/fd64a00959f44e8865b48bafcabbd00bb75d0635_2_369x500.jpeg,
[2026-09-11 17:48:54] Response headers: {'Server': 'nginx', 'Date': 'Fri, 11 Sep 2026 17:48:54 GMT', 'Content-Type': 'text/html', 'Content-Length': '548', 'Connection': 'keep-alive'}
[2026-09-11 17:48:57] [93/3471] Fetching topic 30070
[2026-09-11 17:48:58] Topic 30070: downloading 1 uploads
[2026-09-11 17:48:58] [94/3471] Fetching topic 30061
[2026-09-11 17:48:59] Topic 30061: missing 38 posts; fetching in batches...
[2026-09-11 17:49:00] Topic 30061: downloading 1 uploads
[2026-09-11 17:49:00] [95/3471] Fetching topic 30048
[2026-09-11 17:49:01] Topic 30048: downloading 1 uploads
[2026-09-11 17:49:01] [96/3471] Fetching topic 32130
[2026-09-11 17:49:03] [97/3471] Fetching topic 30033
[2026-09-11 17:49:04] Topic 30033: downloading 27 uploads
[2026-09-11 17:49:11] Upload failed 404: requested=https://forums.greaterthangames.com/uploads/default/optimized/2X/5/5451c55b672a4c7cc987121dc6c1e2f161c9f417_2_325x500.jpeg, final=https://forums.greaterthangames.com/uploads/default/optimized/2X/5/5451c55b672a4c7cc987121dc6c1e2f161c9f417_2_325x500.jpeg,
[2026-09-11 17:49:11] Response headers: {'Server': 'nginx', 'Date': 'Fri, 11 Sep 2026 17:49:11 GMT', 'Content-Type': 'text/html', 'Content-Length': '548', 'Connection': 'keep-alive'}
[2026-09-11 17:49:16] Upload failed 404: requested=https://forums.greaterthangames.com/uploads/default/optimized/2X/8/842c799baf49151b47054ec969da6907e146f69b_2_353x499.png, final=https://forums.greaterthangames.com/uploads/default/optimized/2X/8/842c799baf49151b47054ec969da6907e146f69b_2_353x499.png,
[2026-09-11 17:49:16] Response headers: {'Server': 'nginx', 'Date': 'Fri, 11 Sep 2026 17:49:16 GMT', 'Content-Type': 'text/html', 'Content-Length': '548', 'Connection': 'keep-alive'}
[2026-09-11 17:49:19] Upload failed 404: requested=https://forums.greaterthangames.com/uploads/default/optimized/2X/8/8876e212009391379058227a62511d623878969b_2_325x500.jpeg, final=https://forums.greaterthangames.com/uploads/default/optimized/2X/8/8876e212009391379058227a62511d623878969b_2_325x500.jpeg,
[2026-09-11 17:49:19] Response headers: {'Server': 'nginx', 'Date': 'Fri, 11 Sep 2026 17:49:19 GMT', 'Content-Type': 'text/html', 'Content-Length': '548', 'Connection': 'keep-alive'}
[2026-09-11 17:49:24] Upload failed 404: requested=https://forums.greaterthangames.com/uploads/default/optimized/2X/9/9599a8d9f3b02dba6b2378a16a1c00dbb8cbe563_2_325x500.jpeg, final=https://forums.greaterthangames.com/uploads/default/optimized/2X/9/9599a8d9f3b02dba6b2378a16a1c00dbb8cbe563_2_325x500.jpeg,
[2026-09-11 17:49:24] Response headers: {'Server': 'nginx', 'Date': 'Fri, 11 Sep 2026 17:49:24 GMT', 'Content-Type': 'text/html', 'Content-Length': '548', 'Connection': 'keep-alive'}
[2026-09-11 17:49:30] [98/3471] Fetching topic 30017
[2026-09-11 17:49:31] Topic 30017: downloading 1 uploads
[2026-09-11 17:49:31] [99/3471] Fetching topic 29954
[2026-09-11 17:49:32] Topic 29954: missing 1 posts; fetching in batches...
[2026-09-11 17:49:33] Topic 29954: downloading 19 uploads
[2026-09-11 17:49:38] Upload failed 404: requested=https://forums.greaterthangames.com/uploads/default/optimized/2X/3/33f5faa2697735ceb1160f0a428490da9e5d8d89_2_690x488.jpeg, final=https://forums.greaterthangames.com/uploads/default/optimized/2X/3/33f5faa2697735ceb1160f0a428490da9e5d8d89_2_690x488.jpeg,
[2026-09-11 17:49:38] Response headers: {'Server': 'nginx', 'Date': 'Fri, 11 Sep 2026 17:49:38 GMT', 'Content-Type': 'text/html', 'Content-Length': '548', 'Connection': 'keep-alive'}
[2026-09-11 17:49:41] Upload failed 404: requested=https://forums.greaterthangames.com/uploads/default/optimized/2X/7/7942bbc822e2c89d45f92e4f94a008a2faa44f70_2_335x500.png, final=https://forums.greaterthangames.com/uploads/default/optimized/2X/7/7942bbc822e2c89d45f92e4f94a008a2faa44f70_2_335x500.png,
[2026-09-11 17:49:41] Response headers: {'Server': 'nginx', 'Date': 'Fri, 11 Sep 2026 17:49:41 GMT', 'Content-Type': 'text/html', 'Content-Length': '548', 'Connection': 'keep-alive'}
[2026-09-11 17:49:45] Upload failed 404: requested=https://forums.greaterthangames.com/uploads/default/optimized/2X/f/ff72d8393b76dc05b6c318cba826c0c6a898525c_2_322x500.jpeg, final=https://forums.greaterthangames.com/uploads/default/optimized/2X/f/ff72d8393b76dc05b6c318cba826c0c6a898525c_2_322x500.jpeg,
[2026-09-11 17:49:45] Response headers: {'Server': 'nginx', 'Date': 'Fri, 11 Sep 2026 17:49:45 GMT', 'Content-Type': 'text/html', 'Content-Length': '548', 'Connection': 'keep-alive'}
[2026-09-11 17:49:52] [100/3471] Fetching topic 29948
[2026-09-11 17:49:53] [101/3471] Fetching topic 29928
[2026-09-11 17:49:54] Topic 29928: downloading 8 uploads
[2026-09-11 17:49:58] Upload failed 404: requested=https://forums.greaterthangames.com/uploads/default/optimized/2X/2/2784b55c990b5b6468fc61001adfd9037cbd3c83_2_322x500.jpeg, final=https://forums.greaterthangames.com/uploads/default/optimized/2X/2/2784b55c990b5b6468fc61001adfd9037cbd3c83_2_322x500.jpeg,
[2026-09-11 17:49:58] Response headers: {'Server': 'nginx', 'Date': 'Fri, 11 Sep 2026 17:49:58 GMT', 'Content-Type': 'text/html', 'Content-Length': '548', 'Connection': 'keep-alive'}
[2026-09-11 17:50:01] [102/3471] Fetching topic 29918
[2026-09-11 17:50:02] Topic 29918: downloading 1 uploads
[2026-09-11 17:50:02] [103/3471] Fetching topic 29909
[2026-09-11 17:50:03] Topic 29909: missing 3 posts; fetching in batches...
[2026-09-11 17:50:04] Topic 29909: downloading 8 uploads
[2026-09-11 17:50:08] Upload failed 404: requested=https://forums.greaterthangames.com/uploads/default/optimized/2X/f/f0d842d801e72d6d2d92172bceee4072ccf38480_2_322x500.jpeg, final=https://forums.greaterthangames.com/uploads/default/optimized/2X/f/f0d842d801e72d6d2d92172bceee4072ccf38480_2_322x500.jpeg,
[2026-09-11 17:50:08] Response headers: {'Server': 'nginx', 'Date': 'Fri, 11 Sep 2026 17:50:08 GMT', 'Content-Type': 'text/html', 'Content-Length': '548', 'Connection': 'keep-alive'}
[2026-09-11 17:50:12] [104/3471] Fetching topic 29900
[2026-09-11 17:50:13] Topic 29900: downloading 1 uploads
[2026-09-11 17:50:13] [105/3471] Fetching topic 29889
[2026-09-11 17:50:14] Topic 29889: missing 15 posts; fetching in batches...
[2026-09-11 17:50:15] Topic 29889: downloading 14 uploads
[2026-09-11 17:50:20] Upload failed 404: requested=https://forums.greaterthangames.com/uploads/default/optimized/2X/9/9256e593b23af83ddd133623d1ae8ffc12593754_2_474x500.jpeg, final=https://forums.greaterthangames.com/uploads/default/optimized/2X/9/9256e593b23af83ddd133623d1ae8ffc12593754_2_474x500.jpeg,
[2026-09-11 17:50:20] Response headers: {'Server': 'nginx', 'Date': 'Fri, 11 Sep 2026 17:50:20 GMT', 'Content-Type': 'text/html', 'Content-Length': '548', 'Connection': 'keep-alive'}
[2026-09-11 17:50:23] Upload failed 404: requested=https://forums.greaterthangames.com/uploads/default/optimized/2X/e/e7bbae474bdd9a8be60844bda31df4467a389f59_2_322x500.jpeg, final=https://forums.greaterthangames.com/uploads/default/optimized/2X/e/e7bbae474bdd9a8be60844bda31df4467a389f59_2_322x500.jpeg,
[2026-09-11 17:50:23] Response headers: {'Server': 'nginx', 'Date': 'Fri, 11 Sep 2026 17:50:23 GMT', 'Content-Type': 'text/html', 'Content-Length': '548', 'Connection': 'keep-alive'}
[2026-09-11 17:50:28] [106/3471] Fetching topic 29863
[2026-09-11 17:50:29] Topic 29863: downloading 8 uploads
[2026-09-11 17:50:33] Upload failed 404: requested=https://forums.greaterthangames.com/uploads/default/optimized/2X/6/6a74e6aa4353fea249e7d8c70b54cccaa3300afc_2_322x500.jpeg, final=https://forums.greaterthangames.com/uploads/default/optimized/2X/6/6a74e6aa4353fea249e7d8c70b54cccaa3300afc_2_322x500.jpeg,
[2026-09-11 17:50:33] Response headers: {'Server': 'nginx', 'Date': 'Fri, 11 Sep 2026 17:50:33 GMT', 'Content-Type': 'text/html', 'Content-Length': '548', 'Connection': 'keep-alive'}
[2026-09-11 17:50:37] [107/3471] Fetching topic 29848
[2026-09-11 17:50:38] Topic 29848: downloading 8 uploads
[2026-09-11 17:50:42] Upload failed 404: requested=https://forums.greaterthangames.com/uploads/default/optimized/2X/a/a3d9f1c704fdd7d0a1f6d938545341219d539cb6_2_322x500.jpeg, final=https://forums.greaterthangames.com/uploads/default/optimized/2X/a/a3d9f1c704fdd7d0a1f6d938545341219d539cb6_2_322x500.jpeg,
[2026-09-11 17:50:42] Response headers: {'Server': 'nginx', 'Date': 'Fri, 11 Sep 2026 17:50:42 GMT', 'Content-Type': 'text/html', 'Content-Length': '548', 'Connection': 'keep-alive'}
[2026-09-11 17:50:45] [108/3471] Fetching topic 29841
[2026-09-11 17:50:46] Topic 29841: downloading 1 uploads
[2026-09-11 17:50:46] [109/3471] Fetching topic 29804
[2026-09-11 17:50:47] [110/3471] Fetching topic 32134
[2026-09-11 17:50:48] Topic 32134: downloading 5 uploads
[2026-09-11 17:50:51] Upload failed 404: requested=https://forums.greaterthangames.com/uploads/default/optimized/2X/6/6fa3994e03dc10381025e4be20639bb66b8785e3_2_478x500.webp, final=https://forums.greaterthangames.com/uploads/default/optimized/2X/6/6fa3994e03dc10381025e4be20639bb66b8785e3_2_478x500.webp,
[2026-09-11 17:50:51] Response headers: {'Server': 'nginx', 'Date': 'Fri, 11 Sep 2026 17:50:51 GMT', 'Content-Type': 'text/html', 'Content-Length': '548', 'Connection': 'keep-alive'}
[2026-09-11 17:50:54] [111/3471] Fetching topic 29801
[2026-09-11 17:50:55] Topic 29801: downloading 1 uploads
[2026-09-11 17:50:55] [112/3471] Fetching topic 29795
[2026-09-11 17:50:56] Topic 29795: downloading 8 uploads
[2026-09-11 17:51:00] Upload failed 404: requested=https://forums.greaterthangames.com/uploads/default/optimized/2X/4/46b83e4c0c8c72caa3edb95a834741cabd2174e9_2_322x500.jpeg, final=https://forums.greaterthangames.com/uploads/default/optimized/2X/4/46b83e4c0c8c72caa3edb95a834741cabd2174e9_2_322x500.jpeg,
[2026-09-11 17:51:00] Response headers: {'Server': 'nginx', 'Date': 'Fri, 11 Sep 2026 17:51:00 GMT', 'Content-Type': 'text/html', 'Content-Length': '548', 'Connection': 'keep-alive'}
[2026-09-11 17:51:03] [113/3471] Fetching topic 29788
[2026-09-11 17:51:04] Topic 29788: downloading 8 uploads
[2026-09-11 17:51:08] Upload failed 404: requested=https://forums.greaterthangames.com/uploads/default/optimized/2X/b/bdf03bcc69c73ac5f77f08e660ddbe3a06ed70ab_2_500x500.jpeg, final=https://forums.greaterthangames.com/uploads/default/optimized/2X/b/bdf03bcc69c73ac5f77f08e660ddbe3a06ed70ab_2_500x500.jpeg,
[2026-09-11 17:51:08] Response headers: {'Server': 'nginx', 'Date': 'Fri, 11 Sep 2026 17:51:08 GMT', 'Content-Type': 'text/html', 'Content-Length': '548', 'Connection': 'keep-alive'}
[2026-09-11 17:51:11] [114/3471] Fetching topic 29775
[2026-09-11 17:51:12] Topic 29775: downloading 8 uploads
[2026-09-11 17:51:16] Upload failed 404: requested=https://forums.greaterthangames.com/uploads/default/optimized/2X/2/277cfc52b88e9f65d5a6afc65f7a4c779f6759b5_2_322x500.jpeg, final=https://forums.greaterthangames.com/uploads/default/optimized/2X/2/277cfc52b88e9f65d5a6afc65f7a4c779f6759b5_2_322x500.jpeg,
[2026-09-11 17:51:16] Response headers: {'Server': 'nginx', 'Date': 'Fri, 11 Sep 2026 17:51:16 GMT', 'Content-Type': 'text/html', 'Content-Length': '548', 'Connection': 'keep-alive'}
[2026-09-11 17:51:20] [115/3471] Fetching topic 30259
[2026-09-11 17:51:21] [116/3471] Fetching topic 28596
[2026-09-11 17:51:22] Topic 28596: downloading 1 uploads
[2026-09-11 17:51:23] [117/3471] Fetching topic 29764
[2026-09-11 17:51:24] Topic 29764: downloading 14 uploads
[2026-09-11 17:51:29] Upload failed 404: requested=https://forums.greaterthangames.com/uploads/default/optimized/2X/7/7958dfc48df949a9b5585e002607f46c6e312452_2_353x500.jpeg, final=https://forums.greaterthangames.com/uploads/default/optimized/2X/7/7958dfc48df949a9b5585e002607f46c6e312452_2_353x500.jpeg,
[2026-09-11 17:51:29] Response headers: {'Server': 'nginx', 'Date': 'Fri, 11 Sep 2026 17:51:29 GMT', 'Content-Type': 'text/html', 'Content-Length': '548', 'Connection': 'keep-alive'}
[2026-09-11 17:51:33] Upload failed 404: requested=https://forums.greaterthangames.com/uploads/default/optimized/2X/f/f07bd415971eb004129359eeb7b2e328b7d7cf8b_2_323x500.jpeg, final=https://forums.greaterthangames.com/uploads/default/optimized/2X/f/f07bd415971eb004129359eeb7b2e328b7d7cf8b_2_323x500.jpeg,
[2026-09-11 17:51:33] Response headers: {'Server': 'nginx', 'Date': 'Fri, 11 Sep 2026 17:51:33 GMT', 'Content-Type': 'text/html', 'Content-Length': '548', 'Connection': 'keep-alive'}
[2026-09-11 17:51:37] [118/3471] Fetching topic 29754
[2026-09-11 17:51:38] Topic 29754: downloading 1 uploads
[2026-09-11 17:51:38] [119/3471] Fetching topic 29742
[2026-09-11 17:51:39] Topic 29742: downloading 8 uploads
[2026-09-11 17:51:43] Upload failed 404: requested=https://forums.greaterthangames.com/uploads/default/optimized/2X/6/630ed4ebe043a2427dea609b28c413316170e98a_2_322x500.jpeg, final=https://forums.greaterthangames.com/uploads/default/optimized/2X/6/630ed4ebe043a2427dea609b28c413316170e98a_2_322x500.jpeg,
[2026-09-11 17:51:43] Response headers: {'Server': 'nginx', 'Date': 'Fri, 11 Sep 2026 17:51:43 GMT', 'Content-Type': 'text/html', 'Content-Length': '548', 'Connection': 'keep-alive'}
[2026-09-11 17:51:47] [120/3471] Fetching topic 29725
[2026-09-11 17:51:48] Topic 29725: downloading 8 uploads
[2026-09-11 17:51:53] Upload failed 404: requested=https://forums.greaterthangames.com/uploads/default/optimized/2X/7/7e5674b3c37a4f9fba98a47bfcdf07a57fe62deb_2_666x500.jpeg, final=https://forums.greaterthangames.com/uploads/default/optimized/2X/7/7e5674b3c37a4f9fba98a47bfcdf07a57fe62deb_2_666x500.jpeg,
[2026-09-11 17:51:53] Response headers: {'Server': 'nginx', 'Date': 'Fri, 11 Sep 2026 17:51:53 GMT', 'Content-Type': 'text/html', 'Content-Length': '548', 'Connection': 'keep-alive'}
[2026-09-11 17:51:55] [121/3471] Fetching topic 29712
[2026-09-11 17:51:56] Topic 29712: downloading 8 uploads
[2026-09-11 17:52:00] Upload failed 404: requested=https://forums.greaterthangames.com/uploads/default/optimized/2X/d/d966ed2abb460519ce32806c9a70200f55602e7b_2_322x500.jpeg, final=https://forums.greaterthangames.com/uploads/default/optimized/2X/d/d966ed2abb460519ce32806c9a70200f55602e7b_2_322x500.jpeg,
[2026-09-11 17:52:00] Response headers: {'Server': 'nginx', 'Date': 'Fri, 11 Sep 2026 17:52:00 GMT', 'Content-Type': 'text/html', 'Content-Length': '548', 'Connection': 'keep-alive'}
[2026-09-11 17:52:03] [122/3471] Fetching topic 29708
[2026-09-11 17:52:04] Topic 29708: downloading 8 uploads
[2026-09-11 17:52:08] Upload failed 404: requested=https://forums.greaterthangames.com/uploads/default/optimized/2X/1/1a2a22ea94ff83df78ac6fe2145a37af962976cd_2_369x500.jpeg, final=https://forums.greaterthangames.com/uploads/default/optimized/2X/1/1a2a22ea94ff83df78ac6fe2145a37af962976cd_2_369x500.jpeg,
[2026-09-11 17:52:08] Response headers: {'Server': 'nginx', 'Date': 'Fri, 11 Sep 2026 17:52:08 GMT', 'Content-Type': 'text/html', 'Content-Length': '548', 'Connection': 'keep-alive'}
[2026-09-11 17:52:12] [123/3471] Fetching topic 29699
[2026-09-11 17:52:13] Topic 29699: downloading 1 uploads
[2026-09-11 17:52:13] [124/3471] Fetching topic 29676
[2026-09-11 17:52:14] Topic 29676: downloading 8 uploads
[2026-09-11 17:52:18] Upload failed 404: requested=https://forums.greaterthangames.com/uploads/default/optimized/2X/9/9170916f06f9bb16c86dd0908795289dccf52ba0_2_322x500.jpeg, final=https://forums.greaterthangames.com/uploads/default/optimized/2X/9/9170916f06f9bb16c86dd0908795289dccf52ba0_2_322x500.jpeg,
[2026-09-11 17:52:18] Response headers: {'Server': 'nginx', 'Date': 'Fri, 11 Sep 2026 17:52:18 GMT', 'Content-Type': 'text/html', 'Content-Length': '548', 'Connection': 'keep-alive'}
[2026-09-11 17:52:22] [125/3471] Fetching topic 29665
[2026-09-11 17:52:22] Topic 29665: downloading 8 uploads
[2026-09-11 17:52:26] Upload failed 404: requested=https://forums.greaterthangames.com/uploads/default/optimized/2X/d/d3b1fd26c06f824342098d8cc8b398c226a279c0_2_325x500.jpeg, final=https://forums.greaterthangames.com/uploads/default/optimized/2X/d/d3b1fd26c06f824342098d8cc8b398c226a279c0_2_325x500.jpeg,
[2026-09-11 17:52:26] Response headers: {'Server': 'nginx', 'Date': 'Fri, 11 Sep 2026 17:52:26 GMT', 'Content-Type': 'text/html', 'Content-Length': '548', 'Connection': 'keep-alive'}
[2026-09-11 17:52:30] [126/3471] Fetching topic 29654
[2026-09-11 17:52:30] Topic 29654: downloading 8 uploads
[2026-09-11 17:52:34] Upload failed 404: requested=https://forums.greaterthangames.com/uploads/default/optimized/2X/a/a73f9e7fcc82c52a93b4f18e2e582997c36cc10b_2_322x500.jpeg, final=https://forums.greaterthangames.com/uploads/default/optimized/2X/a/a73f9e7fcc82c52a93b4f18e2e582997c36cc10b_2_322x500.jpeg,
[2026-09-11 17:52:34] Response headers: {'Server': 'nginx', 'Date': 'Fri, 11 Sep 2026 17:52:34 GMT', 'Content-Type': 'text/html', 'Content-Length': '548', 'Connection': 'keep-alive'}
[2026-09-11 17:52:38] [127/3471] Fetching topic 29636
[2026-09-11 17:52:39] Topic 29636: downloading 1 uploads
[2026-09-11 17:52:39] [128/3471] Fetching topic 29626
[2026-09-11 17:52:40] Topic 29626: downloading 1 uploads
[2026-09-11 17:52:40] [129/3471] Fetching topic 29613
[2026-09-11 17:52:41] Topic 29613: missing 18 posts; fetching in batches...
[2026-09-11 17:52:42] Topic 29613: downloading 13 uploads
[2026-09-11 17:52:46] Upload failed 404: requested=https://forums.greaterthangames.com/uploads/default/optimized/2X/5/5975e98b7f4618d15dee32e48028b6e1c7e49780_2_353x500.jpeg, final=https://forums.greaterthangames.com/uploads/default/optimized/2X/5/5975e98b7f4618d15dee32e48028b6e1c7e49780_2_353x500.jpeg,
[2026-09-11 17:52:46] Response headers: {'Server': 'nginx', 'Date': 'Fri, 11 Sep 2026 17:52:46 GMT', 'Content-Type': 'text/html', 'Content-Length': '548', 'Connection': 'keep-alive'}
[2026-09-11 17:52:51] Upload failed 404: requested=https://forums.greaterthangames.com/uploads/default/optimized/2X/c/ceb81942a9d4e5d8da9b1211f7d67b8cb4511040_2_395x499.jpeg, final=https://forums.greaterthangames.com/uploads/default/optimized/2X/c/ceb81942a9d4e5d8da9b1211f7d67b8cb4511040_2_395x499.jpeg,
[2026-09-11 17:52:51] Response headers: {'Server': 'nginx', 'Date': 'Fri, 11 Sep 2026 17:52:51 GMT', 'Content-Type': 'text/html', 'Content-Length': '548', 'Connection': 'keep-alive'}
[2026-09-11 17:52:54] [130/3471] Fetching topic 29575
[2026-09-11 17:52:55] Topic 29575: downloading 1 uploads
[2026-09-11 17:52:55] [131/3471] Fetching topic 29565
[2026-09-11 17:52:57] Topic 29565: downloading 1 uploads
[2026-09-11 17:52:57] [132/3471] Fetching topic 29592
[2026-09-11 17:52:58] Topic 29592: downloading 1 uploads
[2026-09-11 17:52:58] [133/3471] Fetching topic 29546
[2026-09-11 17:52:59] Topic 29546: missing 3 posts; fetching in batches...
[2026-09-11 17:53:00] Topic 29546: downloading 3 uploads
[2026-09-11 17:53:02] [134/3471] Fetching topic 29522
[2026-09-11 17:53:03] Topic 29522: missing 1 posts; fetching in batches...
[2026-09-11 17:53:04] Topic 29522: downloading 15 uploads
[2026-09-11 17:53:09] Upload failed 404: requested=https://forums.greaterthangames.com/uploads/default/optimized/2X/e/e5a6adb253e3d26939994d6319af591eb14342fa_2_322x500.jpeg, final=https://forums.greaterthangames.com/uploads/default/optimized/2X/e/e5a6adb253e3d26939994d6319af591eb14342fa_2_322x500.jpeg,
[2026-09-11 17:53:09] Response headers: {'Server': 'nginx', 'Date': 'Fri, 11 Sep 2026 17:53:09 GMT', 'Content-Type': 'text/html', 'Content-Length': '548', 'Connection': 'keep-alive'}
[2026-09-11 17:53:14] Upload failed 404: requested=https://forums.greaterthangames.com/uploads/default/optimized/2X/f/f8ce32c9b2c60b0191d0d83853c07949cd1f48cc_2_325x500.jpeg, final=https://forums.greaterthangames.com/uploads/default/optimized/2X/f/f8ce32c9b2c60b0191d0d83853c07949cd1f48cc_2_325x500.jpeg,
[2026-09-11 17:53:14] Response headers: {'Server': 'nginx', 'Date': 'Fri, 11 Sep 2026 17:53:14 GMT', 'Content-Type': 'text/html', 'Content-Length': '548', 'Connection': 'keep-alive'}
[2026-09-11 17:53:19] [135/3471] Fetching topic 29499
[2026-09-11 17:53:19] Topic 29499: missing 12 posts; fetching in batches...
[2026-09-11 17:53:20] Topic 29499: downloading 7 uploads
[2026-09-11 17:53:24] Upload failed 404: requested=https://forums.greaterthangames.com/uploads/default/optimized/2X/7/7dac5a0fd37f05cb65624b581c13f6ac5f45b882_2_351x500.png, final=https://forums.greaterthangames.com/uploads/default/optimized/2X/7/7dac5a0fd37f05cb65624b581c13f6ac5f45b882_2_351x500.png,
[2026-09-11 17:53:24] Response headers: {'Server': 'nginx', 'Date': 'Fri, 11 Sep 2026 17:53:24 GMT', 'Content-Type': 'text/html', 'Content-Length': '548', 'Connection': 'keep-alive'}
[2026-09-11 17:53:27] [136/3471] Fetching topic 29482
[2026-09-11 17:53:28] Topic 29482: missing 9 posts; fetching in batches...
[2026-09-11 17:53:29] Topic 29482: downloading 1 uploads
[2026-09-11 17:53:29] [137/3471] Fetching topic 29448
[2026-09-11 17:53:30] Topic 29448: downloading 10 uploads
[2026-09-11 17:53:34] Upload failed 404: requested=https://forums.greaterthangames.com/uploads/default/optimized/2X/e/e55c29235516a33ee23bbe305aae2b35b6ff5956_2_322x500.jpeg, final=https://forums.greaterthangames.com/uploads/default/optimized/2X/e/e55c29235516a33ee23bbe305aae2b35b6ff5956_2_322x500.jpeg,
[2026-09-11 17:53:34] Response headers: {'Server': 'nginx', 'Date': 'Fri, 11 Sep 2026 17:53:34 GMT', 'Content-Type': 'text/html', 'Content-Length': '548', 'Connection': 'keep-alive'}
[2026-09-11 17:53:39] [138/3471] Fetching topic 32122
[2026-09-11 17:53:40] Topic 32122: downloading 2 uploads
[2026-09-11 17:53:40] [139/3471] Fetching topic 29390
[2026-09-11 17:53:41] Topic 29390: missing 2 posts; fetching in batches...
[2026-09-11 17:53:42] [140/3471] Fetching topic 29427
[2026-09-11 17:53:43] Topic 29427: missing 18 posts; fetching in batches...
[2026-09-11 17:53:44] Topic 29427: downloading 8 uploads
[2026-09-11 17:53:48] Upload failed 404: requested=https://forums.greaterthangames.com/uploads/default/optimized/2X/6/65df9ce4eed95be453b230dd3334897637cc81da_2_322x500.jpeg, final=https://forums.greaterthangames.com/uploads/default/optimized/2X/6/65df9ce4eed95be453b230dd3334897637cc81da_2_322x500.jpeg,
[2026-09-11 17:53:48] Response headers: {'Server': 'nginx', 'Date': 'Fri, 11 Sep 2026 17:53:48 GMT', 'Content-Type': 'text/html', 'Content-Length': '548', 'Connection': 'keep-alive'}
[2026-09-11 17:53:52] [141/3471] Fetching topic 29363
[2026-09-11 17:53:53] Topic 29363: missing 15 posts; fetching in batches...
[2026-09-11 17:53:54] Topic 29363: downloading 21 uploads
[2026-09-11 17:54:00] Upload failed 404: requested=https://forums.greaterthangames.com/uploads/default/optimized/2X/7/73838a2e7d244532fdc69e3db115e20588d016af_2_322x500.jpeg, final=https://forums.greaterthangames.com/uploads/default/optimized/2X/7/73838a2e7d244532fdc69e3db115e20588d016af_2_322x500.jpeg,
[2026-09-11 17:54:00] Response headers: {'Server': 'nginx', 'Date': 'Fri, 11 Sep 2026 17:54:00 GMT', 'Content-Type': 'text/html', 'Content-Length': '548', 'Connection': 'keep-alive'}
[2026-09-11 17:54:05] Upload failed 404: requested=https://forums.greaterthangames.com/uploads/default/optimized/2X/c/cca5e0f2e73d6e83f18f0a2fa4513a75996fbe0a_2_300x300.png, final=https://forums.greaterthangames.com/uploads/default/optimized/2X/c/cca5e0f2e73d6e83f18f0a2fa4513a75996fbe0a_2_300x300.png,
[2026-09-11 17:54:05] Response headers: {'Server': 'nginx', 'Date': 'Fri, 11 Sep 2026 17:54:05 GMT', 'Content-Type': 'text/html', 'Content-Length': '548', 'Connection': 'keep-alive'}
[2026-09-11 17:54:10] Upload failed 404: requested=https://forums.greaterthangames.com/uploads/default/optimized/2X/d/d99f6cf3839058aa1dfc367e570033b868557694_2_517x271.jpeg, final=https://forums.greaterthangames.com/uploads/default/optimized/2X/d/d99f6cf3839058aa1dfc367e570033b868557694_2_517x271.jpeg,
[2026-09-11 17:54:10] Response headers: {'Server': 'nginx', 'Date': 'Fri, 11 Sep 2026 17:54:10 GMT', 'Content-Type': 'text/html', 'Content-Length': '548', 'Connection': 'keep-alive'}
[2026-09-11 17:54:14] [142/3471] Fetching topic 29350
[2026-09-11 17:54:15] Topic 29350: downloading 1 uploads
[2026-09-11 17:54:15] [143/3471] Fetching topic 29342
[2026-09-11 17:54:16] Topic 29342: downloading 8 uploads
[2026-09-11 17:54:20] Upload failed 404: requested=https://forums.greaterthangames.com/uploads/default/optimized/2X/3/3c88e405329cb91060ef248e8676d29216a8405b_2_323x500.jpeg, final=https://forums.greaterthangames.com/uploads/default/optimized/2X/3/3c88e405329cb91060ef248e8676d29216a8405b_2_323x500.jpeg,
[2026-09-11 17:54:20] Response headers: {'Server': 'nginx', 'Date': 'Fri, 11 Sep 2026 17:54:20 GMT', 'Content-Type': 'text/html', 'Content-Length': '548', 'Connection': 'keep-alive'}
[2026-09-11 17:54:24] [144/3471] Fetching topic 29325
[2026-09-11 17:54:25] Topic 29325: missing 8 posts; fetching in batches...
[2026-09-11 17:54:26] Topic 29325: downloading 8 uploads
[2026-09-11 17:54:30] Upload failed 404: requested=https://forums.greaterthangames.com/uploads/default/optimized/2X/e/e79c79b4d02a99843a849acb5a9aa73ef43cf9ef_2_322x500.jpeg, final=https://forums.greaterthangames.com/uploads/default/optimized/2X/e/e79c79b4d02a99843a849acb5a9aa73ef43cf9ef_2_322x500.jpeg,
[2026-09-11 17:54:30] Response headers: {'Server': 'nginx', 'Date': 'Fri, 11 Sep 2026 17:54:30 GMT', 'Content-Type': 'text/html', 'Content-Length': '548', 'Connection': 'keep-alive'}
[2026-09-11 17:54:33] [145/3471] Fetching topic 29302
[2026-09-11 17:54:34] Topic 29302: downloading 8 uploads
[2026-09-11 17:54:38] Upload failed 404: requested=https://forums.greaterthangames.com/uploads/default/optimized/2X/8/8da6f23189e070189283a2cbd2153723de69be89_2_323x500.jpeg, final=https://forums.greaterthangames.com/uploads/default/optimized/2X/8/8da6f23189e070189283a2cbd2153723de69be89_2_323x500.jpeg,
[2026-09-11 17:54:38] Response headers: {'Server': 'nginx', 'Date': 'Fri, 11 Sep 2026 17:54:38 GMT', 'Content-Type': 'text/html', 'Content-Length': '548', 'Connection': 'keep-alive'}
[2026-09-11 17:54:41] [146/3471] Fetching topic 29290
[2026-09-11 17:54:42] Topic 29290: missing 10 posts; fetching in batches...
[2026-09-11 17:54:43] Topic 29290: downloading 2 uploads
[2026-09-11 17:54:44] [147/3471] Fetching topic 29275
[2026-09-11 17:54:45] Topic 29275: missing 14 posts; fetching in batches...
[2026-09-11 17:54:47] Topic 29275: downloading 31 uploads
[2026-09-11 17:54:54] Upload failed 404: requested=https://forums.greaterthangames.com/uploads/default/optimized/2X/0/074ef4a185925b4fb1aaa5aa07c7a34d6a7893d1_2_323x500.jpeg, final=https://forums.greaterthangames.com/uploads/default/optimized/2X/0/074ef4a185925b4fb1aaa5aa07c7a34d6a7893d1_2_323x500.jpeg,
[2026-09-11 17:54:54] Response headers: {'Server': 'nginx', 'Date': 'Fri, 11 Sep 2026 17:54:53 GMT', 'Content-Type': 'text/html', 'Content-Length': '548', 'Connection': 'keep-alive'}
[2026-09-11 17:55:01] Upload failed 404: requested=https://forums.greaterthangames.com/uploads/default/optimized/2X/9/9fb35fdd33e1ea6caa07c6734d5ba7186eb9171d_2_690x421.jpeg, final=https://forums.greaterthangames.com/uploads/default/optimized/2X/9/9fb35fdd33e1ea6caa07c6734d5ba7186eb9171d_2_690x421.jpeg,
[2026-09-11 17:55:01] Response headers: {'Server': 'nginx', 'Date': 'Fri, 11 Sep 2026 17:55:01 GMT', 'Content-Type': 'text/html', 'Content-Length': '548', 'Connection': 'keep-alive'}
[2026-09-11 17:55:05] Upload failed 404: requested=https://forums.greaterthangames.com/uploads/default/optimized/2X/a/ae66160e09f38d70aedcaa5e62b12b06607310ef_2_666x500.jpeg, final=https://forums.greaterthangames.com/uploads/default/optimized/2X/a/ae66160e09f38d70aedcaa5e62b12b06607310ef_2_666x500.jpeg,
[2026-09-11 17:55:05] Response headers: {'Server': 'nginx', 'Date': 'Fri, 11 Sep 2026 17:55:05 GMT', 'Content-Type': 'text/html', 'Content-Length': '548', 'Connection': 'keep-alive'}
[2026-09-11 17:55:10] Upload failed 404: requested=https://forums.greaterthangames.com/uploads/default/optimized/2X/b/b5e80c0fe411bde8bf10ad71bec4a5452efa688a_2_666x500.jpeg, final=https://forums.greaterthangames.com/uploads/default/optimized/2X/b/b5e80c0fe411bde8bf10ad71bec4a5452efa688a_2_666x500.jpeg,
[2026-09-11 17:55:10] Response headers: {'Server': 'nginx', 'Date': 'Fri, 11 Sep 2026 17:55:10 GMT', 'Content-Type': 'text/html', 'Content-Length': '548', 'Connection': 'keep-alive'}
[2026-09-11 17:55:17] [148/3471] Fetching topic 29250
[2026-09-11 17:55:18] Topic 29250: missing 16 posts; fetching in batches...
[2026-09-11 17:55:19] Topic 29250: downloading 8 uploads
[2026-09-11 17:55:23] Upload failed 404: requested=https://forums.greaterthangames.com/uploads/default/optimized/2X/b/bb56eb98de646392dd7883bc106a05f0bf14d1ce_2_322x500.jpeg, final=https://forums.greaterthangames.com/uploads/default/optimized/2X/b/bb56eb98de646392dd7883bc106a05f0bf14d1ce_2_322x500.jpeg,
[2026-09-11 17:55:23] Response headers: {'Server': 'nginx', 'Date': 'Fri, 11 Sep 2026 17:55:23 GMT', 'Content-Type': 'text/html', 'Content-Length': '548', 'Connection': 'keep-alive'}
[2026-09-11 17:55:26] [149/3471] Fetching topic 29236
[2026-09-11 17:55:27] Topic 29236: missing 23 posts; fetching in batches...
[2026-09-11 17:55:28] Topic 29236: downloading 1 uploads
[2026-09-11 17:55:28] [150/3471] Fetching topic 29215
[2026-09-11 17:55:30] Topic 29215: downloading 1 uploads
[2026-09-11 17:55:30] [151/3471] Fetching topic 29197
[2026-09-11 17:55:31] Topic 29197: missing 10 posts; fetching in batches...
[2026-09-11 17:55:32] Topic 29197: downloading 6 uploads
[2026-09-11 17:55:36] Upload failed 404: requested=https://forums.greaterthangames.com/uploads/default/optimized/2X/d/d9a017e55dd58f49038ecfa84164e9f7c0530d6c_2_488x500.jpeg, final=https://forums.greaterthangames.com/uploads/default/optimized/2X/d/d9a017e55dd58f49038ecfa84164e9f7c0530d6c_2_488x500.jpeg,
[2026-09-11 17:55:36] Response headers: {'Server': 'nginx', 'Date': 'Fri, 11 Sep 2026 17:55:36 GMT', 'Content-Type': 'text/html', 'Content-Length': '548', 'Connection': 'keep-alive'}
[2026-09-11 17:55:37] [152/3471] Fetching topic 29182
[2026-09-11 17:55:38] Topic 29182: downloading 8 uploads
[2026-09-11 17:55:42] Upload failed 404: requested=https://forums.greaterthangames.com/uploads/default/optimized/2X/3/37bbcbebec39dbe65d50396ce6d3920735d8ebf9_2_322x500.jpeg, final=https://forums.greaterthangames.com/uploads/default/optimized/2X/3/37bbcbebec39dbe65d50396ce6d3920735d8ebf9_2_322x500.jpeg,
[2026-09-11 17:55:42] Response headers: {'Server': 'nginx', 'Date': 'Fri, 11 Sep 2026 17:55:42 GMT', 'Content-Type': 'text/html', 'Content-Length': '548', 'Connection': 'keep-alive'}
[2026-09-11 17:55:46] [153/3471] Fetching topic 29140
[2026-09-11 17:55:46] Topic 29140: downloading 1 uploads
[2026-09-11 17:55:46] [154/3471] Fetching topic 29119
[2026-09-11 17:55:48] Topic 29119: downloading 8 uploads
[2026-09-11 17:55:52] Upload failed 404: requested=https://forums.greaterthangames.com/uploads/default/optimized/2X/8/8c3d4d2a6ab50c8d69a8af710aa6afd54fb8ad6e_2_323x500.jpeg, final=https://forums.greaterthangames.com/uploads/default/optimized/2X/8/8c3d4d2a6ab50c8d69a8af710aa6afd54fb8ad6e_2_323x500.jpeg,
[2026-09-11 17:55:52] Response headers: {'Server': 'nginx', 'Date': 'Fri, 11 Sep 2026 17:55:52 GMT', 'Content-Type': 'text/html', 'Content-Length': '548', 'Connection': 'keep-alive'}
[2026-09-11 17:55:55] [155/3471] Fetching topic 29099
[2026-09-11 17:55:56] Topic 29099: downloading 1 uploads
[2026-09-11 17:55:56] [156/3471] Fetching topic 29081
[2026-09-11 17:55:57] Topic 29081: missing 8 posts; fetching in batches...
[2026-09-11 17:55:58] Topic 29081: downloading 8 uploads
[2026-09-11 17:56:03] Upload failed 404: requested=https://forums.greaterthangames.com/uploads/default/optimized/2X/4/4d25d1363153fcceb245a31aad5f222fa2b1fadb_2_639x500.jpeg, final=https://forums.greaterthangames.com/uploads/default/optimized/2X/4/4d25d1363153fcceb245a31aad5f222fa2b1fadb_2_639x500.jpeg,
[2026-09-11 17:56:03] Response headers: {'Server': 'nginx', 'Date': 'Fri, 11 Sep 2026 17:56:03 GMT', 'Content-Type': 'text/html', 'Content-Length': '548', 'Connection': 'keep-alive'}
[2026-09-11 17:56:06] [157/3471] Fetching topic 29070
[2026-09-11 17:56:07] Topic 29070: downloading 1 uploads
[2026-09-11 17:56:07] [158/3471] Fetching topic 29050
[2026-09-11 17:56:08] Topic 29050: downloading 8 uploads
[2026-09-11 17:56:12] Upload failed 404: requested=https://forums.greaterthangames.com/uploads/default/optimized/2X/a/ac00ea536d147e963450f81b58f5712dbf651351_2_353x500.jpeg, final=https://forums.greaterthangames.com/uploads/default/optimized/2X/a/ac00ea536d147e963450f81b58f5712dbf651351_2_353x500.jpeg,
[2026-09-11 17:56:12] Response headers: {'Server': 'nginx', 'Date': 'Fri, 11 Sep 2026 17:56:12 GMT', 'Content-Type': 'text/html', 'Content-Length': '548', 'Connection': 'keep-alive'}
[2026-09-11 17:56:17] [159/3471] Fetching topic 29039
[2026-09-11 17:56:18] Topic 29039: downloading 1 uploads
[2026-09-11 17:56:18] [160/3471] Fetching topic 29028
[2026-09-11 17:56:19] Topic 29028: downloading 8 uploads
[2026-09-11 17:56:23] Upload failed 404: requested=https://forums.greaterthangames.com/uploads/default/optimized/2X/1/17c429c17b11ba93e90a9e38ada8a8d098e6a172_2_329x500.jpeg, final=https://forums.greaterthangames.com/uploads/default/optimized/2X/1/17c429c17b11ba93e90a9e38ada8a8d098e6a172_2_329x500.jpeg,
[2026-09-11 17:56:23] Response headers: {'Server': 'nginx', 'Date': 'Fri, 11 Sep 2026 17:56:23 GMT', 'Content-Type': 'text/html', 'Content-Length': '548', 'Connection': 'keep-alive'}
[2026-09-11 17:56:26] [161/3471] Fetching topic 28960
[2026-09-11 17:56:27] Topic 28960: missing 1 posts; fetching in batches...
[2026-09-11 17:56:28] Topic 28960: downloading 2 uploads
[2026-09-11 17:56:29] [162/3471] Fetching topic 28949
[2026-09-11 17:56:30] Topic 28949: downloading 8 uploads
[2026-09-11 17:56:34] Upload failed 404: requested=https://forums.greaterthangames.com/uploads/default/optimized/2X/2/253d0279fa4a2ac2671d969375abc1e3ff2a3305_2_322x500.jpeg, final=https://forums.greaterthangames.com/uploads/default/optimized/2X/2/253d0279fa4a2ac2671d969375abc1e3ff2a3305_2_322x500.jpeg,
[2026-09-11 17:56:34] Response headers: {'Server': 'nginx', 'Date': 'Fri, 11 Sep 2026 17:56:34 GMT', 'Content-Type': 'text/html', 'Content-Length': '548', 'Connection': 'keep-alive'}
[2026-09-11 17:56:38] [163/3471] Fetching topic 28940
[2026-09-11 17:56:39] Topic 28940: downloading 1 uploads
[2026-09-11 17:56:39] [164/3471] Fetching topic 28888
[2026-09-11 17:56:40] Topic 28888: missing 9 posts; fetching in batches...
[2026-09-11 17:56:41] Topic 28888: downloading 7 uploads
[2026-09-11 17:56:45] Upload failed 404: requested=https://forums.greaterthangames.com/uploads/default/optimized/2X/5/554f49aec6bcf24f8ee608c527d1a4258f0850b6_2_500x500.jpeg, final=https://forums.greaterthangames.com/uploads/default/optimized/2X/5/554f49aec6bcf24f8ee608c527d1a4258f0850b6_2_500x500.jpeg,
[2026-09-11 17:56:45] Response headers: {'Server': 'nginx', 'Date': 'Fri, 11 Sep 2026 17:56:45 GMT', 'Content-Type': 'text/html', 'Content-Length': '548', 'Connection': 'keep-alive'}
[2026-09-11 17:56:47] [165/3471] Fetching topic 28914
[2026-09-11 17:56:48] Topic 28914: downloading 8 uploads
[2026-09-11 17:56:52] Upload failed 404: requested=https://forums.greaterthangames.com/uploads/default/optimized/2X/0/001bfed578232d097909fe8839aacdae54bef8e4_2_322x500.jpeg, final=https://forums.greaterthangames.com/uploads/default/optimized/2X/0/001bfed578232d097909fe8839aacdae54bef8e4_2_322x500.jpeg,
[2026-09-11 17:56:52] Response headers: {'Server': 'nginx', 'Date': 'Fri, 11 Sep 2026 17:56:52 GMT', 'Content-Type': 'text/html', 'Content-Length': '548', 'Connection': 'keep-alive'}
[2026-09-11 17:56:55] [166/3471] Fetching topic 28909
[2026-09-11 17:56:56] Topic 28909: downloading 8 uploads
[2026-09-11 17:57:00] Upload failed 404: requested=https://forums.greaterthangames.com/uploads/default/optimized/2X/7/7534618cd1146fd96e21569100423005a94d7120_2_322x500.jpeg, final=https://forums.greaterthangames.com/uploads/default/optimized/2X/7/7534618cd1146fd96e21569100423005a94d7120_2_322x500.jpeg,
[2026-09-11 17:57:00] Response headers: {'Server': 'nginx', 'Date': 'Fri, 11 Sep 2026 17:57:00 GMT', 'Content-Type': 'text/html', 'Content-Length': '548', 'Connection': 'keep-alive'}
[2026-09-11 17:57:04] [167/3471] Fetching topic 28863
[2026-09-11 17:57:05] Topic 28863: downloading 8 uploads
[2026-09-11 17:57:09] Upload failed 404: requested=https://forums.greaterthangames.com/uploads/default/optimized/2X/c/cdb359f8f569f834988f7f74b93e14673d5d1de5_2_323x500.jpeg, final=https://forums.greaterthangames.com/uploads/default/optimized/2X/c/cdb359f8f569f834988f7f74b93e14673d5d1de5_2_323x500.jpeg,
[2026-09-11 17:57:09] Response headers: {'Server': 'nginx', 'Date': 'Fri, 11 Sep 2026 17:57:09 GMT', 'Content-Type': 'text/html', 'Content-Length': '548', 'Connection': 'keep-alive'}
[2026-09-11 17:57:12] [168/3471] Fetching topic 28845
[2026-09-11 17:57:13] Topic 28845: downloading 8 uploads
[2026-09-11 17:57:17] Upload failed 404: requested=https://forums.greaterthangames.com/uploads/default/optimized/2X/f/f131a15d358ad3b855662af002c7fadd614f409c_2_322x500.jpeg, final=https://forums.greaterthangames.com/uploads/default/optimized/2X/f/f131a15d358ad3b855662af002c7fadd614f409c_2_322x500.jpeg,
[2026-09-11 17:57:17] Response headers: {'Server': 'nginx', 'Date': 'Fri, 11 Sep 2026 17:57:17 GMT', 'Content-Type': 'text/html', 'Content-Length': '548', 'Connection': 'keep-alive'}
[2026-09-11 17:57:20] [169/3471] Fetching topic 28878
[2026-09-11 17:57:21] Topic 28878: downloading 8 uploads
[2026-09-11 17:57:25] Upload failed 404: requested=https://forums.greaterthangames.com/uploads/default/optimized/2X/f/f39f405b3766167909b302d551b05d0ca33ff298_2_323x500.jpeg, final=https://forums.greaterthangames.com/uploads/default/optimized/2X/f/f39f405b3766167909b302d551b05d0ca33ff298_2_323x500.jpeg,
[2026-09-11 17:57:25] Response headers: {'Server': 'nginx', 'Date': 'Fri, 11 Sep 2026 17:57:25 GMT', 'Content-Type': 'text/html', 'Content-Length': '548', 'Connection': 'keep-alive'}
[2026-09-11 17:57:29] [170/3471] Fetching topic 28921
[2026-09-11 17:57:29] Topic 28921: missing 2 posts; fetching in batches...
[2026-09-11 17:57:31] Topic 28921: downloading 1 uploads
[2026-09-11 17:57:31] [171/3471] Fetching topic 28832
[2026-09-11 17:57:32] Topic 28832: downloading 1 uploads
[2026-09-11 17:57:32] [172/3471] Fetching topic 28808
[2026-09-11 17:57:33] Topic 28808: downloading 1 uploads
[2026-09-11 17:57:33] [173/3471] Fetching topic 28786
[2026-09-11 17:57:34] Topic 28786: downloading 13 uploads
[2026-09-11 17:57:39] Upload failed 404: requested=https://forums.greaterthangames.com/uploads/default/optimized/2X/3/3a4af64f702d1e505fb910c8f545e54543eb8f70_2_324x500.png, final=https://forums.greaterthangames.com/uploads/default/optimized/2X/3/3a4af64f702d1e505fb910c8f545e54543eb8f70_2_324x500.png,
[2026-09-11 17:57:39] Response headers: {'Server': 'nginx', 'Date': 'Fri, 11 Sep 2026 17:57:39 GMT', 'Content-Type': 'text/html', 'Content-Length': '548', 'Connection': 'keep-alive'}
[2026-09-11 17:57:42] Upload failed 404: requested=https://forums.greaterthangames.com/uploads/default/optimized/2X/4/45fb9b8b1a7a6ddd4d960cfe18346fa4764e4924_2_322x500.jpeg, final=https://forums.greaterthangames.com/uploads/default/optimized/2X/4/45fb9b8b1a7a6ddd4d960cfe18346fa4764e4924_2_322x500.jpeg,
[2026-09-11 17:57:42] Response headers: {'Server': 'nginx', 'Date': 'Fri, 11 Sep 2026 17:57:42 GMT', 'Content-Type': 'text/html', 'Content-Length': '548', 'Connection': 'keep-alive'}
[2026-09-11 17:57:47] [174/3471] Fetching topic 28772
[2026-09-11 17:57:47] Topic 28772: downloading 7 uploads
[2026-09-11 17:57:51] Upload failed 404: requested=https://forums.greaterthangames.com/uploads/default/optimized/2X/6/6fd8d3d645bdece7e56806681480d26b7e353f63_2_322x500.jpeg, final=https://forums.greaterthangames.com/uploads/default/optimized/2X/6/6fd8d3d645bdece7e56806681480d26b7e353f63_2_322x500.jpeg,
[2026-09-11 17:57:51] Response headers: {'Server': 'nginx', 'Date': 'Fri, 11 Sep 2026 17:57:51 GMT', 'Content-Type': 'text/html', 'Content-Length': '548', 'Connection': 'keep-alive'}
[2026-09-11 17:57:55] [175/3471] Fetching topic 28751
[2026-09-11 17:57:55] Topic 28751: downloading 3 uploads
[2026-09-11 17:57:57] [176/3471] Fetching topic 28738
[2026-09-11 17:57:58] Topic 28738: downloading 1 uploads
[2026-09-11 17:57:58] [177/3471] Fetching topic 28727
[2026-09-11 17:58:00] Topic 28727: downloading 1 uploads
[2026-09-11 17:58:00] [178/3471] Fetching topic 28718
[2026-09-11 17:58:01] Topic 28718: downloading 8 uploads
[2026-09-11 17:58:05] Upload failed 404: requested=https://forums.greaterthangames.com/uploads/default/optimized/2X/3/3aaf1966580e399136515b467dc9c47d0a3cb4b8_2_323x500.jpeg, final=https://forums.greaterthangames.com/uploads/default/optimized/2X/3/3aaf1966580e399136515b467dc9c47d0a3cb4b8_2_323x500.jpeg,
[2026-09-11 17:58:05] Response headers: {'Server': 'nginx', 'Date': 'Fri, 11 Sep 2026 17:58:05 GMT', 'Content-Type': 'text/html', 'Content-Length': '548', 'Connection': 'keep-alive'}
[2026-09-11 17:58:08] [179/3471] Fetching topic 28703
[2026-09-11 17:58:09] Topic 28703: missing 5 posts; fetching in batches...
[2026-09-11 17:58:10] Topic 28703: downloading 8 uploads
[2026-09-11 17:58:13] Upload failed 404: requested=https://forums.greaterthangames.com/uploads/default/optimized/2X/2/297654a391afe800ee4fd185f650006d814c2262_2_323x500.jpeg, final=https://forums.greaterthangames.com/uploads/default/optimized/2X/2/297654a391afe800ee4fd185f650006d814c2262_2_323x500.jpeg,
[2026-09-11 17:58:13] Response headers: {'Server': 'nginx', 'Date': 'Fri, 11 Sep 2026 17:58:13 GMT', 'Content-Type': 'text/html', 'Content-Length': '548', 'Connection': 'keep-alive'}
[2026-09-11 17:58:16] [180/3471] Fetching topic 28676
[2026-09-11 17:58:17] Topic 28676: downloading 8 uploads
[2026-09-11 17:58:21] Upload failed 404: requested=https://forums.greaterthangames.com/uploads/default/optimized/2X/e/e293b703c223ddf394ee44320438279a745c11a6_2_353x500.jpeg, final=https://forums.greaterthangames.com/uploads/default/optimized/2X/e/e293b703c223ddf394ee44320438279a745c11a6_2_353x500.jpeg,
[2026-09-11 17:58:21] Response headers: {'Server': 'nginx', 'Date': 'Fri, 11 Sep 2026 17:58:21 GMT', 'Content-Type': 'text/html', 'Content-Length': '548', 'Connection': 'keep-alive'}
[2026-09-11 17:58:25] [181/3471] Fetching topic 28661
[2026-09-11 17:58:25] Topic 28661: missing 7 posts; fetching in batches...
[2026-09-11 17:58:26] Topic 28661: downloading 1 uploads
[2026-09-11 17:58:26] [182/3471] Fetching topic 28634
[2026-09-11 17:58:28] Topic 28634: downloading 1 uploads
[2026-09-11 17:58:28] [183/3471] Fetching topic 29100
[2026-09-11 17:58:29] [184/3471] Fetching topic 28607
[2026-09-11 17:58:30] Topic 28607: downloading 7 uploads
[2026-09-11 17:58:34] Upload failed 404: requested=https://forums.greaterthangames.com/uploads/default/optimized/2X/c/ca00aed726d77fe8231ed002717e02b5693b816c_2_322x500.jpeg, final=https://forums.greaterthangames.com/uploads/default/optimized/2X/c/ca00aed726d77fe8231ed002717e02b5693b816c_2_322x500.jpeg,
[2026-09-11 17:58:34] Response headers: {'Server': 'nginx', 'Date': 'Fri, 11 Sep 2026 17:58:34 GMT', 'Content-Type': 'text/html', 'Content-Length': '548', 'Connection': 'keep-alive'}
[2026-09-11 17:58:37] [185/3471] Fetching topic 28536
[2026-09-11 17:58:38] Topic 28536: downloading 1 uploads
[2026-09-11 17:58:38] [186/3471] Fetching topic 28501
[2026-09-11 17:58:39] Topic 28501: downloading 1 uploads
[2026-09-11 17:58:39] [187/3471] Fetching topic 28485
[2026-09-11 17:58:41] Topic 28485: downloading 15 uploads
[2026-09-11 17:58:46] Upload failed 404: requested=https://forums.greaterthangames.com/uploads/default/optimized/2X/3/3b343bdd71ad7273bbb94176a7d447b8af75cb14_2_322x500.jpeg, final=https://forums.greaterthangames.com/uploads/default/optimized/2X/3/3b343bdd71ad7273bbb94176a7d447b8af75cb14_2_322x500.jpeg,
[2026-09-11 17:58:46] Response headers: {'Server': 'nginx', 'Date': 'Fri, 11 Sep 2026 17:58:45 GMT', 'Content-Type': 'text/html', 'Content-Length': '548', 'Connection': 'keep-alive'}
[2026-09-11 17:58:51] Upload failed 404: requested=https://forums.greaterthangames.com/uploads/default/optimized/2X/e/e1957e56c21598b0e470e17e7751b5eb8ef224dd_2_322x500.jpeg, final=https://forums.greaterthangames.com/uploads/default/optimized/2X/e/e1957e56c21598b0e470e17e7751b5eb8ef224dd_2_322x500.jpeg,
[2026-09-11 17:58:51] Response headers: {'Server': 'nginx', 'Date': 'Fri, 11 Sep 2026 17:58:51 GMT', 'Content-Type': 'text/html', 'Content-Length': '548', 'Connection': 'keep-alive'}
[2026-09-11 17:58:55] [188/3471] Fetching topic 28458
[2026-09-11 17:58:56] Topic 28458: downloading 1 uploads
[2026-09-11 17:58:56] [189/3471] Fetching topic 28356
[2026-09-11 17:58:57] Topic 28356: missing 1 posts; fetching in batches...
[2026-09-11 17:58:58] Topic 28356: downloading 1 uploads
[2026-09-11 17:58:58] [190/3471] Fetching topic 28411
[2026-09-11 17:58:59] Topic 28411: downloading 8 uploads
[2026-09-11 17:59:03] Upload failed 404: requested=https://forums.greaterthangames.com/uploads/default/optimized/2X/9/9941f5e512a8f8aa9a6d64e4b00bb43c9918c012_2_322x500.jpeg, final=https://forums.greaterthangames.com/uploads/default/optimized/2X/9/9941f5e512a8f8aa9a6d64e4b00bb43c9918c012_2_322x500.jpeg,
[2026-09-11 17:59:03] Response headers: {'Server': 'nginx', 'Date': 'Fri, 11 Sep 2026 17:59:03 GMT', 'Content-Type': 'text/html', 'Content-Length': '548', 'Connection': 'keep-alive'}
[2026-09-11 17:59:07] [191/3471] Fetching topic 28380
[2026-09-11 17:59:07] Topic 28380: downloading 14 uploads
[2026-09-11 17:59:12] Upload failed 404: requested=https://forums.greaterthangames.com/uploads/default/optimized/2X/d/d7d72037ee2696edc538583ff431917446099a71_2_487x500.png, final=https://forums.greaterthangames.com/uploads/default/optimized/2X/d/d7d72037ee2696edc538583ff431917446099a71_2_487x500.png,
[2026-09-11 17:59:12] Response headers: {'Server': 'nginx', 'Date': 'Fri, 11 Sep 2026 17:59:12 GMT', 'Content-Type': 'text/html', 'Content-Length': '548', 'Connection': 'keep-alive'}
[2026-09-11 17:59:16] Upload failed 404: requested=https://forums.greaterthangames.com/uploads/default/optimized/2X/d/db5ff01dde29c403b93f10ed9d0f57c2d43c151e_2_322x500.jpeg, final=https://forums.greaterthangames.com/uploads/default/optimized/2X/d/db5ff01dde29c403b93f10ed9d0f57c2d43c151e_2_322x500.jpeg,
[2026-09-11 17:59:16] Response headers: {'Server': 'nginx', 'Date': 'Fri, 11 Sep 2026 17:59:16 GMT', 'Content-Type': 'text/html', 'Content-Length': '548', 'Connection': 'keep-alive'}
[2026-09-11 17:59:21] [192/3471] Fetching topic 28287
[2026-09-11 17:59:22] Topic 28287: downloading 8 uploads
[2026-09-11 17:59:26] Upload failed 404: requested=https://forums.greaterthangames.com/uploads/default/optimized/2X/0/04babf941a4439228f8065eafa4e4194f8e6625c_2_322x500.jpeg, final=https://forums.greaterthangames.com/uploads/default/optimized/2X/0/04babf941a4439228f8065eafa4e4194f8e6625c_2_322x500.jpeg,
[2026-09-11 17:59:26] Response headers: {'Server': 'nginx', 'Date': 'Fri, 11 Sep 2026 17:59:26 GMT', 'Content-Type': 'text/html', 'Content-Length': '548', 'Connection': 'keep-alive'}
[2026-09-11 17:59:29] [193/3471] Fetching topic 28259
[2026-09-11 17:59:30] Topic 28259: downloading 1 uploads
[2026-09-11 17:59:30] [194/3471] Fetching topic 28208
[2026-09-11 17:59:31] Topic 28208: downloading 13 uploads
[2026-09-11 17:59:36] Upload failed 404: requested=https://forums.greaterthangames.com/uploads/default/optimized/2X/4/4c31e34377064bfd3194976fc9c0a8e8bc8e443b_2_690x361.jpeg, final=https://forums.greaterthangames.com/uploads/default/optimized/2X/4/4c31e34377064bfd3194976fc9c0a8e8bc8e443b_2_690x361.jpeg,
[2026-09-11 17:59:36] Response headers: {'Server': 'nginx', 'Date': 'Fri, 11 Sep 2026 17:59:36 GMT', 'Content-Type': 'text/html', 'Content-Length': '548', 'Connection': 'keep-alive'}
[2026-09-11 17:59:39] Upload failed 404: requested=https://forums.greaterthangames.com/uploads/default/optimized/2X/d/d410cf8dc6fb0d37e64bd0c181bddd18922e302b_2_323x500.jpeg, final=https://forums.greaterthangames.com/uploads/default/optimized/2X/d/d410cf8dc6fb0d37e64bd0c181bddd18922e302b_2_323x500.jpeg,
[2026-09-11 17:59:39] Response headers: {'Server': 'nginx', 'Date': 'Fri, 11 Sep 2026 17:59:39 GMT', 'Content-Type': 'text/html', 'Content-Length': '548', 'Connection': 'keep-alive'}
[2026-09-11 17:59:44] [195/3471] Fetching topic 28185
[2026-09-11 17:59:45] [196/3471] Fetching topic 28148
[2026-09-11 17:59:46] [197/3471] Fetching topic 28129
[2026-09-11 17:59:47] [198/3471] Fetching topic 20498
[2026-09-11 17:59:48] [199/3471] Fetching topic 32083
[2026-09-11 17:59:49] [200/3471] Fetching topic 20446
[2026-09-11 17:59:50] [201/3471] Fetching topic 20433
[2026-09-11 17:59:51] [202/3471] Fetching topic 20413
[2026-09-11 17:59:52] [203/3471] Fetching topic 20371
[2026-09-11 17:59:54] [204/3471] Fetching topic 31467
[2026-09-11 17:59:55] Topic 31467: downloading 4 uploads
[2026-09-11 17:59:58] Upload failed 404: requested=https://forums.greaterthangames.com/uploads/default/optimized/2X/c/c2ad4f6fcb7e63a0321e04b664563da3bf6e7e09_2_690x58.jpeg, final=https://forums.greaterthangames.com/uploads/default/optimized/2X/c/c2ad4f6fcb7e63a0321e04b664563da3bf6e7e09_2_690x58.jpeg,
[2026-09-11 17:59:58] Response headers: {'Server': 'nginx', 'Date': 'Fri, 11 Sep 2026 17:59:58 GMT', 'Content-Type': 'text/html', 'Content-Length': '548', 'Connection': 'keep-alive'}
[2026-09-11 17:59:59] [205/3471] Fetching topic 20358
[2026-09-11 18:00:00] Topic 20358: downloading 5 uploads
[2026-09-11 18:00:04] Upload failed 404: requested=https://forums.greaterthangames.com/uploads/default/optimized/2X/f/f8117bb7b0f4d7adeb1625612d2428c990cea611_2_500x500.png, final=https://forums.greaterthangames.com/uploads/default/optimized/2X/f/f8117bb7b0f4d7adeb1625612d2428c990cea611_2_500x500.png,
[2026-09-11 18:00:04] Response headers: {'Server': 'nginx', 'Date': 'Fri, 11 Sep 2026 18:00:04 GMT', 'Content-Type': 'text/html', 'Content-Length': '548', 'Connection': 'keep-alive'}
[2026-09-11 18:00:05] [206/3471] Fetching topic 20333
[2026-09-11 18:00:06] [207/3471] Fetching topic 20321
[2026-09-11 18:00:07] [208/3471] Fetching topic 20306
[2026-09-11 18:00:09] [209/3471] Fetching topic 32070
[2026-09-11 18:00:10] [210/3471] Fetching topic 20276
[2026-09-11 18:00:11] [211/3471] Fetching topic 20262
[2026-09-11 18:00:12] [212/3471] Fetching topic 20247
[2026-09-11 18:00:13] [213/3471] Fetching topic 20178
[2026-09-11 18:00:14] [214/3471] Fetching topic 20167
[2026-09-11 18:00:15] [215/3471] Fetching topic 20142
[2026-09-11 18:00:17] [216/3471] Fetching topic 20039
[2026-09-11 18:00:18] [217/3471] Fetching topic 20030
[2026-09-11 18:00:19] [218/3471] Fetching topic 20024
[2026-09-11 18:00:20] Topic 20024: downloading 5 uploads
[2026-09-11 18:00:23] Upload failed 404: requested=https://forums.greaterthangames.com/uploads/default/optimized/2X/1/19e950bb6bb12f35efaa0fee7bddab0fe35935bc_2_250x500.jpeg, final=https://forums.greaterthangames.com/uploads/default/optimized/2X/1/19e950bb6bb12f35efaa0fee7bddab0fe35935bc_2_250x500.jpeg,
[2026-09-11 18:00:23] Response headers: {'Server': 'nginx', 'Date': 'Fri, 11 Sep 2026 18:00:23 GMT', 'Content-Type': 'text/html', 'Content-Length': '548', 'Connection': 'keep-alive'}
[2026-09-11 18:00:25] [219/3471] Fetching topic 20061
[2026-09-11 18:00:26] [220/3471] Fetching topic 19992
[2026-09-11 18:00:27] [221/3471] Fetching topic 19950
[2026-09-11 18:00:29] [222/3471] Fetching topic 19938
[2026-09-11 18:00:30] [223/3471] Fetching topic 20008
[2026-09-11 18:00:31] [224/3471] Fetching topic 19910
[2026-09-11 18:00:32] [225/3471] Fetching topic 19902
[2026-09-11 18:00:33] [226/3471] Fetching topic 19877
[2026-09-11 18:00:34] [227/3471] Fetching topic 19893
[2026-09-11 18:00:35] [228/3471] Fetching topic 19851
[2026-09-11 18:00:36] [229/3471] Fetching topic 19842
[2026-09-11 18:00:38] [230/3471] Fetching topic 19807
[2026-09-11 18:00:39] [231/3471] Fetching topic 19825
[2026-09-11 18:00:40] [232/3471] Fetching topic 19775
[2026-09-11 18:00:41] [233/3471] Fetching topic 19754
[2026-09-11 18:00:42] [234/3471] Fetching topic 19708
[2026-09-11 18:00:43] [235/3471] Fetching topic 19673
[2026-09-11 18:00:44] [236/3471] Fetching topic 18410
[2026-09-11 18:00:46] [237/3471] Fetching topic 19641
[2026-09-11 18:00:47] [238/3471] Fetching topic 19631
[2026-09-11 18:00:48] Topic 19631: downloading 1 uploads
[2026-09-11 18:00:49] [239/3471] Fetching topic 19613
[2026-09-11 18:00:50] [240/3471] Fetching topic 19594
[2026-09-11 18:00:51] [241/3471] Fetching topic 19584
[2026-09-11 18:00:52] [242/3471] Fetching topic 19574
[2026-09-11 18:00:53] [243/3471] Fetching topic 19549
[2026-09-11 18:00:54] [244/3471] Fetching topic 5692
[2026-09-11 18:00:56] [245/3471] Fetching topic 19524
[2026-09-11 18:00:57] [246/3471] Fetching topic 19504
[2026-09-11 18:00:58] [247/3471] Fetching topic 19148
[2026-09-11 18:00:59] Topic 19148: missing 14 posts; fetching in batches...
[2026-09-11 18:01:00] [248/3471] Fetching topic 19476
[2026-09-11 18:01:01] [249/3471] Fetching topic 19464
[2026-09-11 18:01:02] [250/3471] Fetching topic 19446
[2026-09-11 18:01:03] [251/3471] Fetching topic 28631
[2026-09-11 18:01:05] Topic 28631: missing 38 posts; fetching in batches...
[2026-09-11 18:01:06] Topic 28631: downloading 1 uploads
[2026-09-11 18:01:06] [252/3471] Fetching topic 19433
[2026-09-11 18:01:07] [253/3471] Fetching topic 19418
[2026-09-11 18:01:08] [254/3471] Fetching topic 19495
[2026-09-11 18:01:09] [255/3471] Fetching topic 31914
[2026-09-11 18:01:10] [256/3471] Fetching topic 18998
[2026-09-11 18:01:12] [257/3471] Fetching topic 19424
[2026-09-11 18:01:13] [258/3471] Fetching topic 19384
[2026-09-11 18:01:14] [259/3471] Fetching topic 19331
[2026-09-11 18:01:15] [260/3471] Fetching topic 19301
[2026-09-11 18:01:16] [261/3471] Fetching topic 19280
[2026-09-11 18:01:17] [262/3471] Fetching topic 19268
[2026-09-11 18:01:18] [263/3471] Fetching topic 19258
[2026-09-11 18:01:20] [264/3471] Fetching topic 19255
[2026-09-11 18:01:21] [265/3471] Fetching topic 19238
[2026-09-11 18:01:22] [266/3471] Fetching topic 19215
[2026-09-11 18:01:23] [267/3471] Fetching topic 19198
[2026-09-11 18:01:24] [268/3471] Fetching topic 19180
[2026-09-11 18:01:25] [269/3471] Fetching topic 19169
[2026-09-11 18:01:26] [270/3471] Fetching topic 19153
[2026-09-11 18:01:27] [271/3471] Fetching topic 19143
[2026-09-11 18:01:29] [272/3471] Fetching topic 19121
[2026-09-11 18:01:30] [273/3471] Fetching topic 19108
[2026-09-11 18:01:31] Topic 19108: missing 3 posts; fetching in batches...
[2026-09-11 18:01:32] [274/3471] Fetching topic 19088
[2026-09-11 18:01:33] [275/3471] Fetching topic 31462
[2026-09-11 18:01:34] Topic 31462: downloading 7 uploads
[2026-09-11 18:01:37] Upload failed 404: requested=https://forums.greaterthangames.com/uploads/default/optimized/2X/d/d2600740a207b7e93bbc1a96f52c873ee28071f1_2_322x500.jpeg, final=https://forums.greaterthangames.com/uploads/default/optimized/2X/d/d2600740a207b7e93bbc1a96f52c873ee28071f1_2_322x500.jpeg,
[2026-09-11 18:01:37] Response headers: {'Server': 'nginx', 'Date': 'Fri, 11 Sep 2026 18:01:37 GMT', 'Content-Type': 'text/html', 'Content-Length': '548', 'Connection': 'keep-alive'}
[2026-09-11 18:01:41] [276/3471] Fetching topic 19033
[2026-09-11 18:01:41] [277/3471] Fetching topic 18954
[2026-09-11 18:01:42] [278/3471] Fetching topic 18898
[2026-09-11 18:01:44] [279/3471] Fetching topic 18880
[2026-09-11 18:01:45] [280/3471] Fetching topic 18866
[2026-09-11 18:01:46] [281/3471] Fetching topic 18855
[2026-09-11 18:01:47] [282/3471] Fetching topic 18810
[2026-09-11 18:01:48] [283/3471] Fetching topic 18793
[2026-09-11 18:01:49] [284/3471] Fetching topic 18775
[2026-09-11 18:01:50] [285/3471] Fetching topic 18749
[2026-09-11 18:01:52] Topic 18749: missing 38 posts; fetching in batches...
[2026-09-11 18:01:53] [286/3471] Fetching topic 18728
[2026-09-11 18:01:54] [287/3471] Fetching topic 18711
[2026-09-11 18:01:55] [288/3471] Fetching topic 18671
[2026-09-11 18:01:56] [289/3471] Fetching topic 18656
[2026-09-11 18:01:57] Topic 18656: missing 2 posts; fetching in batches...
[2026-09-11 18:01:58] Topic 18656: downloading 2 uploads
[2026-09-11 18:02:00] [290/3471] Fetching topic 18639
[2026-09-11 18:02:02] [291/3471] Fetching topic 18592
[2026-09-11 18:02:03] [292/3471] Fetching topic 18553
[2026-09-11 18:02:04] Topic 18553: missing 11 posts; fetching in batches...
[2026-09-11 18:02:05] [293/3471] Fetching topic 31860
[2026-09-11 18:02:06] [294/3471] Fetching topic 18575
[2026-09-11 18:02:07] Topic 18575: missing 14 posts; fetching in batches...
[2026-09-11 18:02:08] [295/3471] Fetching topic 18516
[2026-09-11 18:02:09] Topic 18516: missing 16 posts; fetching in batches...
[2026-09-11 18:02:10] [296/3471] Fetching topic 18474
[2026-09-11 18:02:11] Topic 18474: missing 1 posts; fetching in batches...
[2026-09-11 18:02:12] [297/3471] Fetching topic 18482
[2026-09-11 18:02:14] [298/3471] Fetching topic 18441
[2026-09-11 18:02:15] [299/3471] Fetching topic 18401
[2026-09-11 18:02:16] [300/3471] Fetching topic 18367
[2026-09-11 18:02:17] Topic 18367: missing 4 posts; fetching in batches...
[2026-09-11 18:02:18] [301/3471] Fetching topic 18232
[2026-09-11 18:02:19] Topic 18232: missing 15 posts; fetching in batches...
[2026-09-11 18:02:20] [302/3471] Fetching topic 18215
[2026-09-11 18:02:21] Topic 18215: missing 4 posts; fetching in batches...
[2026-09-11 18:02:22] [303/3471] Fetching topic 18185
[2026-09-11 18:02:23] [304/3471] Fetching topic 18128
[2026-09-11 18:02:25] Topic 18128: missing 7 posts; fetching in batches...
[2026-09-11 18:02:26] [305/3471] Fetching topic 18108
[2026-09-11 18:02:27] Topic 18108: missing 3 posts; fetching in batches...
[2026-09-11 18:02:28] [306/3471] Fetching topic 18122
[2026-09-11 18:02:29] [307/3471] Fetching topic 18042
[2026-09-11 18:02:30] Topic 18042: missing 15 posts; fetching in batches...
[2026-09-11 18:02:31] [308/3471] Fetching topic 18008
[2026-09-11 18:02:32] [309/3471] Fetching topic 17941
[2026-09-11 18:02:33] [310/3471] Fetching topic 17886
[2026-09-11 18:02:34] Topic 17886: missing 20 posts; fetching in batches...
[2026-09-11 18:02:36] [311/3471] Fetching topic 17867
[2026-09-11 18:02:37] Topic 17867: missing 6 posts; fetching in batches...
[2026-09-11 18:02:38] [312/3471] Fetching topic 17780
[2026-09-11 18:02:39] Topic 17780: missing 15 posts; fetching in batches...
[2026-09-11 18:02:40] [313/3471] Fetching topic 31825
[2026-09-11 18:02:41] [314/3471] Fetching topic 17736
[2026-09-11 18:02:42] [315/3471] Fetching topic 28894
[2026-09-11 18:02:43] [316/3471] Fetching topic 17111
[2026-09-11 18:02:44] Topic 17111: missing 13 posts; fetching in batches...
[2026-09-11 18:02:45] [317/3471] Fetching topic 17528
[2026-09-11 18:02:47] Topic 17528: missing 98 posts; fetching in batches...
[2026-09-11 18:02:49] [318/3471] Fetching topic 17482
[2026-09-11 18:02:50] Topic 17482: missing 25 posts; fetching in batches...
[2026-09-11 18:02:51] [319/3471] Fetching topic 31779
[2026-09-11 18:02:52] [320/3471] Fetching topic 17313
[2026-09-11 18:02:54] Topic 17313: missing 31 posts; fetching in batches...
[2026-09-11 18:02:55] [321/3471] Fetching topic 17233
[2026-09-11 18:02:56] Topic 17233: missing 125 posts; fetching in batches...
[2026-09-11 18:02:59] [322/3471] Fetching topic 31393
[2026-09-11 18:03:00] Topic 31393: missing 2 posts; fetching in batches...
[2026-09-11 18:03:01] Topic 31393: downloading 7 uploads
[2026-09-11 18:03:04] Upload failed 404: requested=https://forums.greaterthangames.com/uploads/default/optimized/2X/b/b4985c5a14d2d6dd19beaac468b8620e85480dfa_2_415x500.jpeg, final=https://forums.greaterthangames.com/uploads/default/optimized/2X/b/b4985c5a14d2d6dd19beaac468b8620e85480dfa_2_415x500.jpeg,
[2026-09-11 18:03:04] Response headers: {'Server': 'nginx', 'Date': 'Fri, 11 Sep 2026 18:03:04 GMT', 'Content-Type': 'text/html', 'Content-Length': '548', 'Connection': 'keep-alive'}
[2026-09-11 18:03:08] [323/3471] Fetching topic 16808
[2026-09-11 18:03:09] Topic 16808: missing 1 posts; fetching in batches...
[2026-09-11 18:03:10] [324/3471] Fetching topic 16850
[2026-09-11 18:03:11] [325/3471] Fetching topic 6231
[2026-09-11 18:03:12] Topic 6231: missing 31 posts; fetching in batches...
[2026-09-11 18:03:13] [326/3471] Fetching topic 31503
[2026-09-11 18:03:14] [327/3471] Fetching topic 30044
[2026-09-11 18:03:15] [328/3471] Fetching topic 30944
[2026-09-11 18:03:17] Topic 30944: downloading 52 uploads
[2026-09-11 18:03:30] Upload failed 404: requested=https://forums.greaterthangames.com/uploads/default/optimized/2X/3/395bdae689c3cb1f4ee3588d999dd679a92f0850_2_690x334.jpeg, final=https://forums.greaterthangames.com/uploads/default/optimized/2X/3/395bdae689c3cb1f4ee3588d999dd679a92f0850_2_690x334.jpeg,
[2026-09-11 18:03:30] Response headers: {'Server': 'nginx', 'Date': 'Fri, 11 Sep 2026 18:03:30 GMT', 'Content-Type': 'text/html', 'Content-Length': '548', 'Connection': 'keep-alive'}
[2026-09-11 18:03:34] Upload failed 404: requested=https://forums.greaterthangames.com/uploads/default/optimized/2X/4/45ff368a27e6c6beb4b265d5336364233be163d8_2_517x355.jpeg, final=https://forums.greaterthangames.com/uploads/default/optimized/2X/4/45ff368a27e6c6beb4b265d5336364233be163d8_2_517x355.jpeg,
[2026-09-11 18:03:34] Response headers: {'Server': 'nginx', 'Date': 'Fri, 11 Sep 2026 18:03:34 GMT', 'Content-Type': 'text/html', 'Content-Length': '548', 'Connection': 'keep-alive'}
[2026-09-11 18:03:38] Upload failed 404: requested=https://forums.greaterthangames.com/uploads/default/optimized/2X/5/5242e4c90728e0187490590e467c5023cb38f9af_2_400x500.jpeg, final=https://forums.greaterthangames.com/uploads/default/optimized/2X/5/5242e4c90728e0187490590e467c5023cb38f9af_2_400x500.jpeg,
[2026-09-11 18:03:38] Response headers: {'Server': 'nginx', 'Date': 'Fri, 11 Sep 2026 18:03:38 GMT', 'Content-Type': 'text/html', 'Content-Length': '548', 'Connection': 'keep-alive'}
[2026-09-11 18:03:42] Upload failed 404: requested=https://forums.greaterthangames.com/uploads/default/optimized/2X/8/82f4ef66e4cc87aa282a05d784fccf9a21f39a64_2_378x375.jpeg, final=https://forums.greaterthangames.com/uploads/default/optimized/2X/8/82f4ef66e4cc87aa282a05d784fccf9a21f39a64_2_378x375.jpeg,
[2026-09-11 18:03:42] Response headers: {'Server': 'nginx', 'Date': 'Fri, 11 Sep 2026 18:03:42 GMT', 'Content-Type': 'text/html', 'Content-Length': '548', 'Connection': 'keep-alive'}
[2026-09-11 18:03:47] Upload failed 404: requested=https://forums.greaterthangames.com/uploads/default/optimized/2X/9/998439416d68d4f198c2b79e7ad894281f5e34c3_2_401x500.png, final=https://forums.greaterthangames.com/uploads/default/optimized/2X/9/998439416d68d4f198c2b79e7ad894281f5e34c3_2_401x500.png,
[2026-09-11 18:03:47] Response headers: {'Server': 'nginx', 'Date': 'Fri, 11 Sep 2026 18:03:47 GMT', 'Content-Type': 'text/html', 'Content-Length': '548', 'Connection': 'keep-alive'}
[2026-09-11 18:03:51] Upload failed 404: requested=https://forums.greaterthangames.com/uploads/default/optimized/2X/a/a9ceecda0d7b4310c3abe65c79c6de91052ae54c_2_690x461.jpeg, final=https://forums.greaterthangames.com/uploads/default/optimized/2X/a/a9ceecda0d7b4310c3abe65c79c6de91052ae54c_2_690x461.jpeg,
[2026-09-11 18:03:51] Response headers: {'Server': 'nginx', 'Date': 'Fri, 11 Sep 2026 18:03:51 GMT', 'Content-Type': 'text/html', 'Content-Length': '548', 'Connection': 'keep-alive'}
[2026-09-11 18:03:54] Upload failed 404: requested=https://forums.greaterthangames.com/uploads/default/optimized/2X/e/e3fe02b9272bf4b77a73c1bf13b37f9e01bb07ab_2_520x500.jpeg, final=https://forums.greaterthangames.com/uploads/default/optimized/2X/e/e3fe02b9272bf4b77a73c1bf13b37f9e01bb07ab_2_520x500.jpeg,
[2026-09-11 18:03:54] Response headers: {'Server': 'nginx', 'Date': 'Fri, 11 Sep 2026 18:03:54 GMT', 'Content-Type': 'text/html', 'Content-Length': '548', 'Connection': 'keep-alive'}
[2026-09-11 18:03:58] Upload failed 404: requested=https://forums.greaterthangames.com/uploads/default/optimized/2X/e/e69789a455d7e90e4d07f3a190f6910afffd9b78_2_400x500.jpeg, final=https://forums.greaterthangames.com/uploads/default/optimized/2X/e/e69789a455d7e90e4d07f3a190f6910afffd9b78_2_400x500.jpeg,
[2026-09-11 18:03:58] Response headers: {'Server': 'nginx', 'Date': 'Fri, 11 Sep 2026 18:03:58 GMT', 'Content-Type': 'text/html', 'Content-Length': '548', 'Connection': 'keep-alive'}
[2026-09-11 18:04:10] [329/3471] Fetching topic 31469
[2026-09-11 18:04:11] [330/3471] Fetching topic 31378
[2026-09-11 18:04:12] Topic 31378: downloading 1 uploads
[2026-09-11 18:04:12] [331/3471] Fetching topic 31361
[2026-09-11 18:04:14] Topic 31361: downloading 7 uploads
[2026-09-11 18:04:18] Upload failed 404: requested=https://forums.greaterthangames.com/uploads/default/optimized/2X/4/4ee577191f938ed181bebb522ccac94cf3defe28_2_322x500.jpeg, final=https://forums.greaterthangames.com/uploads/default/optimized/2X/4/4ee577191f938ed181bebb522ccac94cf3defe28_2_322x500.jpeg,
[2026-09-11 18:04:18] Response headers: {'Server': 'nginx', 'Date': 'Fri, 11 Sep 2026 18:04:18 GMT', 'Content-Type': 'text/html', 'Content-Length': '548', 'Connection': 'keep-alive'}
[2026-09-11 18:04:23] [332/3471] Fetching topic 31363
[2026-09-11 18:04:23] Topic 31363: downloading 1 uploads
[2026-09-11 18:04:26] [333/3471] Fetching topic 31272
[2026-09-11 18:04:26] Topic 31272: missing 1 posts; fetching in batches...
[2026-09-11 18:04:27] Topic 31272: downloading 25 uploads
[2026-09-11 18:04:33] Upload failed 404: requested=https://forums.greaterthangames.com/uploads/default/optimized/2X/7/758d4d33e9935646cbccdc0f9af08d18ba539eba_2_375x500.jpeg, final=https://forums.greaterthangames.com/uploads/default/optimized/2X/7/758d4d33e9935646cbccdc0f9af08d18ba539eba_2_375x500.jpeg,
[2026-09-11 18:04:33] Response headers: {'Server': 'nginx', 'Date': 'Fri, 11 Sep 2026 18:04:33 GMT', 'Content-Type': 'text/html', 'Content-Length': '548', 'Connection': 'keep-alive'}
[2026-09-11 18:04:37] Upload failed 404: requested=https://forums.greaterthangames.com/uploads/default/optimized/2X/8/8d3ed0c16856f9ad44adc2b7158d94b967ff0a78_2_375x500.jpeg, final=https://forums.greaterthangames.com/uploads/default/optimized/2X/8/8d3ed0c16856f9ad44adc2b7158d94b967ff0a78_2_375x500.jpeg,
[2026-09-11 18:04:37] Response headers: {'Server': 'nginx', 'Date': 'Fri, 11 Sep 2026 18:04:37 GMT', 'Content-Type': 'text/html', 'Content-Length': '548', 'Connection': 'keep-alive'}
[2026-09-11 18:04:41] Upload failed 404: requested=https://forums.greaterthangames.com/uploads/default/optimized/2X/a/a5ea511b5e474b5d0e03e13e2cafa883129143f9_2_375x500.jpeg, final=https://forums.greaterthangames.com/uploads/default/optimized/2X/a/a5ea511b5e474b5d0e03e13e2cafa883129143f9_2_375x500.jpeg,
[2026-09-11 18:04:41] Response headers: {'Server': 'nginx', 'Date': 'Fri, 11 Sep 2026 18:04:41 GMT', 'Content-Type': 'text/html', 'Content-Length': '548', 'Connection': 'keep-alive'}
[2026-09-11 18:04:45] Upload failed 404: requested=https://forums.greaterthangames.com/uploads/default/optimized/2X/f/fb3dd2ed1c50dc0a7be1ca46b7ba6d9e0f52651f_2_375x500.jpeg, final=https://forums.greaterthangames.com/uploads/default/optimized/2X/f/fb3dd2ed1c50dc0a7be1ca46b7ba6d9e0f52651f_2_375x500.jpeg,
[2026-09-11 18:04:45] Response headers: {'Server': 'nginx', 'Date': 'Fri, 11 Sep 2026 18:04:45 GMT', 'Content-Type': 'text/html', 'Content-Length': '548', 'Connection': 'keep-alive'}
[2026-09-11 18:04:52] [334/3471] Fetching topic 31247
[2026-09-11 18:04:52] [335/3471] Fetching topic 31241
[2026-09-11 18:04:54] [336/3471] Fetching topic 31231
[2026-09-11 18:04:55] Topic 31231: downloading 1 uploads
[2026-09-11 18:04:55] [337/3471] Fetching topic 31222
[2026-09-11 18:04:56] Topic 31222: downloading 6 uploads
[2026-09-11 18:04:59] Upload failed 404: requested=https://forums.greaterthangames.com/uploads/default/optimized/2X/4/4c4993d1bec12ff574c73e70fff2bb628c3fc59d_2_322x500.jpeg, final=https://forums.greaterthangames.com/uploads/default/optimized/2X/4/4c4993d1bec12ff574c73e70fff2bb628c3fc59d_2_322x500.jpeg,
[2026-09-11 18:04:59] Response headers: {'Server': 'nginx', 'Date': 'Fri, 11 Sep 2026 18:04:59 GMT', 'Content-Type': 'text/html', 'Content-Length': '548', 'Connection': 'keep-alive'}
[2026-09-11 18:05:03] [338/3471] Fetching topic 31216
[2026-09-11 18:05:04] Topic 31216: downloading 13 uploads
[2026-09-11 18:05:08] Upload failed 404: requested=https://forums.greaterthangames.com/uploads/default/optimized/2X/8/8e14281eb725bd33805387f16ea371b2f94ad820_2_266x375.jpeg, final=https://forums.greaterthangames.com/uploads/default/optimized/2X/8/8e14281eb725bd33805387f16ea371b2f94ad820_2_266x375.jpeg,
[2026-09-11 18:05:08] Response headers: {'Server': 'nginx', 'Date': 'Fri, 11 Sep 2026 18:05:08 GMT', 'Content-Type': 'text/html', 'Content-Length': '548', 'Connection': 'keep-alive'}
[2026-09-11 18:05:12] Upload failed 404: requested=https://forums.greaterthangames.com/uploads/default/optimized/2X/e/e953d36c90233cc686ee5bea26f0d11206826421_2_322x500.jpeg, final=https://forums.greaterthangames.com/uploads/default/optimized/2X/e/e953d36c90233cc686ee5bea26f0d11206826421_2_322x500.jpeg,
[2026-09-11 18:05:12] Response headers: {'Server': 'nginx', 'Date': 'Fri, 11 Sep 2026 18:05:12 GMT', 'Content-Type': 'text/html', 'Content-Length': '548', 'Connection': 'keep-alive'}
[2026-09-11 18:05:16] [339/3471] Fetching topic 31210
[2026-09-11 18:05:17] Topic 31210: downloading 1 uploads
[2026-09-11 18:05:17] [340/3471] Fetching topic 31186
[2026-09-11 18:05:18] Topic 31186: missing 6 posts; fetching in batches...
[2026-09-11 18:05:19] Topic 31186: downloading 14 uploads
[2026-09-11 18:05:24] Upload failed 404: requested=https://forums.greaterthangames.com/uploads/default/optimized/2X/8/8abe98efce2fc4aa8ec491b3d9144bd78bbcfed5_2_329x499.jpeg, final=https://forums.greaterthangames.com/uploads/default/optimized/2X/8/8abe98efce2fc4aa8ec491b3d9144bd78bbcfed5_2_329x499.jpeg,
[2026-09-11 18:05:24] Response headers: {'Server': 'nginx', 'Date': 'Fri, 11 Sep 2026 18:05:24 GMT', 'Content-Type': 'text/html', 'Content-Length': '548', 'Connection': 'keep-alive'}
[2026-09-11 18:05:30] Upload failed 404: requested=https://forums.greaterthangames.com/uploads/default/optimized/2X/a/a2de8552d0a1d66a4a96736d8bbdc8667cd6aa18_2_690x393.jpeg, final=https://forums.greaterthangames.com/uploads/default/optimized/2X/a/a2de8552d0a1d66a4a96736d8bbdc8667cd6aa18_2_690x393.jpeg,
[2026-09-11 18:05:30] Response headers: {'Server': 'nginx', 'Date': 'Fri, 11 Sep 2026 18:05:30 GMT', 'Content-Type': 'text/html', 'Content-Length': '548', 'Connection': 'keep-alive'}
[2026-09-11 18:05:33] [341/3471] Fetching topic 31181
[2026-09-11 18:05:34] Topic 31181: downloading 15 uploads
[2026-09-11 18:05:39] Upload failed 404: requested=https://forums.greaterthangames.com/uploads/default/optimized/2X/a/a02cfa2863ff63b01c7045d32725a92f96cb8f8b_2_322x500.jpeg, final=https://forums.greaterthangames.com/uploads/default/optimized/2X/a/a02cfa2863ff63b01c7045d32725a92f96cb8f8b_2_322x500.jpeg,
[2026-09-11 18:05:39] Response headers: {'Server': 'nginx', 'Date': 'Fri, 11 Sep 2026 18:05:39 GMT', 'Content-Type': 'text/html', 'Content-Length': '548', 'Connection': 'keep-alive'}
[2026-09-11 18:05:44] Upload failed 404: requested=https://forums.greaterthangames.com/uploads/default/optimized/2X/a/a2c51442c9842a1e23a75f313a5cb233e9c31c22_2_264x374.jpeg, final=https://forums.greaterthangames.com/uploads/default/optimized/2X/a/a2c51442c9842a1e23a75f313a5cb233e9c31c22_2_264x374.jpeg,
[2026-09-11 18:05:44] Response headers: {'Server': 'nginx', 'Date': 'Fri, 11 Sep 2026 18:05:44 GMT', 'Content-Type': 'text/html', 'Content-Length': '548', 'Connection': 'keep-alive'}
[2026-09-11 18:05:48] [342/3471] Fetching topic 31201
[2026-09-11 18:05:49] Topic 31201: downloading 8 uploads
[2026-09-11 18:05:53] Upload failed 404: requested=https://forums.greaterthangames.com/uploads/default/optimized/2X/7/7a103cb2b5bb8c41f8be7bb0d48857d7e5192b98_2_322x500.jpeg, final=https://forums.greaterthangames.com/uploads/default/optimized/2X/7/7a103cb2b5bb8c41f8be7bb0d48857d7e5192b98_2_322x500.jpeg,
[2026-09-11 18:05:53] Response headers: {'Server': 'nginx', 'Date': 'Fri, 11 Sep 2026 18:05:53 GMT', 'Content-Type': 'text/html', 'Content-Length': '548', 'Connection': 'keep-alive'}
[2026-09-11 18:05:56] [343/3471] Fetching topic 30099
[2026-09-11 18:05:57] Topic 30099: missing 7 posts; fetching in batches...
[2026-09-11 18:05:58] Topic 30099: downloading 14 uploads
[2026-09-11 18:06:05] Upload failed 404: requested=https://forums.greaterthangames.com/uploads/default/optimized/2X/1/18f913fce2245f992c870869d0e251c458473ffc_2_686x500.jpeg, final=https://forums.greaterthangames.com/uploads/default/optimized/2X/1/18f913fce2245f992c870869d0e251c458473ffc_2_686x500.jpeg,
[2026-09-11 18:06:05] Response headers: {'Server': 'nginx', 'Date': 'Fri, 11 Sep 2026 18:06:05 GMT', 'Content-Type': 'text/html', 'Content-Length': '548', 'Connection': 'keep-alive'}
[2026-09-11 18:06:08] Upload failed 404: requested=https://forums.greaterthangames.com/uploads/default/optimized/2X/4/4061487cf0b7db5597289312b97f8efb2d94f11c_2_315x500.jpeg, final=https://forums.greaterthangames.com/uploads/default/optimized/2X/4/4061487cf0b7db5597289312b97f8efb2d94f11c_2_315x500.jpeg,
[2026-09-11 18:06:08] Response headers: {'Server': 'nginx', 'Date': 'Fri, 11 Sep 2026 18:06:08 GMT', 'Content-Type': 'text/html', 'Content-Length': '548', 'Connection': 'keep-alive'}
[2026-09-11 18:06:13] [344/3471] Fetching topic 31194
[2026-09-11 18:06:14] Topic 31194: downloading 29 uploads
[2026-09-11 18:06:21] Upload failed 404: requested=https://forums.greaterthangames.com/uploads/default/optimized/2X/0/08c1bf7026669da5e81fdc091180538256bac944_2_375x500.jpeg, final=https://forums.greaterthangames.com/uploads/default/optimized/2X/0/08c1bf7026669da5e81fdc091180538256bac944_2_375x500.jpeg,
[2026-09-11 18:06:21] Response headers: {'Server': 'nginx', 'Date': 'Fri, 11 Sep 2026 18:06:21 GMT', 'Content-Type': 'text/html', 'Content-Length': '548', 'Connection': 'keep-alive'}
[2026-09-11 18:06:27] Upload failed 404: requested=https://forums.greaterthangames.com/uploads/default/optimized/2X/5/5b4fe1f566ff3fbc28a728550f4aec221b902cb5_2_500x500.jpeg, final=https://forums.greaterthangames.com/uploads/default/optimized/2X/5/5b4fe1f566ff3fbc28a728550f4aec221b902cb5_2_500x500.jpeg,
[2026-09-11 18:06:27] Response headers: {'Server': 'nginx', 'Date': 'Fri, 11 Sep 2026 18:06:27 GMT', 'Content-Type': 'text/html', 'Content-Length': '548', 'Connection': 'keep-alive'}
[2026-09-11 18:06:31] Upload failed 404: requested=https://forums.greaterthangames.com/uploads/default/optimized/2X/9/9019f558b34fd6913b02fd679a752990c61c54f2_2_375x500.jpeg, final=https://forums.greaterthangames.com/uploads/default/optimized/2X/9/9019f558b34fd6913b02fd679a752990c61c54f2_2_375x500.jpeg,
[2026-09-11 18:06:31] Response headers: {'Server': 'nginx', 'Date': 'Fri, 11 Sep 2026 18:06:31 GMT', 'Content-Type': 'text/html', 'Content-Length': '548', 'Connection': 'keep-alive'}
[2026-09-11 18:06:36] Upload failed 404: requested=https://forums.greaterthangames.com/uploads/default/optimized/2X/f/f6d30ecd374ef85f3a4fcb4660bd31518675c8f6_2_375x500.jpeg, final=https://forums.greaterthangames.com/uploads/default/optimized/2X/f/f6d30ecd374ef85f3a4fcb4660bd31518675c8f6_2_375x500.jpeg,
[2026-09-11 18:06:36] Response headers: {'Server': 'nginx', 'Date': 'Fri, 11 Sep 2026 18:06:36 GMT', 'Content-Type': 'text/html', 'Content-Length': '548', 'Connection': 'keep-alive'}
[2026-09-11 18:06:42] [345/3471] Fetching topic 31196
[2026-09-11 18:06:43] Topic 31196: downloading 6 uploads
[2026-09-11 18:06:47] Upload failed 404: requested=https://forums.greaterthangames.com/uploads/default/optimized/2X/1/1cf0896cb40080264f69588aca54dcbf2f9126fc_2_587x500.jpeg, final=https://forums.greaterthangames.com/uploads/default/optimized/2X/1/1cf0896cb40080264f69588aca54dcbf2f9126fc_2_587x500.jpeg,
[2026-09-11 18:06:47] Response headers: {'Server': 'nginx', 'Date': 'Fri, 11 Sep 2026 18:06:47 GMT', 'Content-Type': 'text/html', 'Content-Length': '548', 'Connection': 'keep-alive'}
[2026-09-11 18:06:50] [346/3471] Fetching topic 31174
[2026-09-11 18:06:51] Topic 31174: downloading 8 uploads
[2026-09-11 18:06:55] Upload failed 404: requested=https://forums.greaterthangames.com/uploads/default/optimized/2X/7/7e065f7d533fe4f6a37f917e68a07e054bb8cda4_2_322x500.jpeg, final=https://forums.greaterthangames.com/uploads/default/optimized/2X/7/7e065f7d533fe4f6a37f917e68a07e054bb8cda4_2_322x500.jpeg,
[2026-09-11 18:06:55] Response headers: {'Server': 'nginx', 'Date': 'Fri, 11 Sep 2026 18:06:55 GMT', 'Content-Type': 'text/html', 'Content-Length': '548', 'Connection': 'keep-alive'}
[2026-09-11 18:06:58] [347/3471] Fetching topic 31159
[2026-09-11 18:06:59] Topic 31159: downloading 14 uploads
[2026-09-11 18:07:04] Upload failed 404: requested=https://forums.greaterthangames.com/uploads/default/optimized/2X/8/8068822f4d70dc1c2857926f65a746d810b496ea_2_517x366.jpeg, final=https://forums.greaterthangames.com/uploads/default/optimized/2X/8/8068822f4d70dc1c2857926f65a746d810b496ea_2_517x366.jpeg,
[2026-09-11 18:07:04] Response headers: {'Server': 'nginx', 'Date': 'Fri, 11 Sep 2026 18:07:04 GMT', 'Content-Type': 'text/html', 'Content-Length': '548', 'Connection': 'keep-alive'}
[2026-09-11 18:07:08] Upload failed 404: requested=https://forums.greaterthangames.com/uploads/default/optimized/2X/8/8f8bd78200ca30d230ad425760eb50dbcb658863_2_322x500.jpeg, final=https://forums.greaterthangames.com/uploads/default/optimized/2X/8/8f8bd78200ca30d230ad425760eb50dbcb658863_2_322x500.jpeg,
[2026-09-11 18:07:08] Response headers: {'Server': 'nginx', 'Date': 'Fri, 11 Sep 2026 18:07:08 GMT', 'Content-Type': 'text/html', 'Content-Length': '548', 'Connection': 'keep-alive'}
[2026-09-11 18:07:13] [348/3471] Fetching topic 31143
[2026-09-11 18:07:13] Topic 31143: downloading 1 uploads
[2026-09-11 18:07:13] [349/3471] Fetching topic 12230
[2026-09-11 18:07:15] [350/3471] Fetching topic 31102
[2026-09-11 18:07:16] Topic 31102: downloading 8 uploads
[2026-09-11 18:07:20] Upload failed 404: requested=https://forums.greaterthangames.com/uploads/default/optimized/2X/9/91c60e831c25d44d3182f45ffecbb0a087fe9184_2_329x499.jpeg, final=https://forums.greaterthangames.com/uploads/default/optimized/2X/9/91c60e831c25d44d3182f45ffecbb0a087fe9184_2_329x499.jpeg,
[2026-09-11 18:07:20] Response headers: {'Server': 'nginx', 'Date': 'Fri, 11 Sep 2026 18:07:20 GMT', 'Content-Type': 'text/html', 'Content-Length': '548', 'Connection': 'keep-alive'}
[2026-09-11 18:07:23] [351/3471] Fetching topic 31100
[2026-09-11 18:07:24] [352/3471] Fetching topic 31078
[2026-09-11 18:07:25] Topic 31078: downloading 7 uploads
[2026-09-11 18:07:28] Upload failed 404: requested=https://forums.greaterthangames.com/uploads/default/optimized/2X/d/df5d4ff98fbcb2dba1e7ca5565f388e0b3484f25_2_577x499.png, final=https://forums.greaterthangames.com/uploads/default/optimized/2X/d/df5d4ff98fbcb2dba1e7ca5565f388e0b3484f25_2_577x499.png,
[2026-09-11 18:07:28] Response headers: {'Server': 'nginx', 'Date': 'Fri, 11 Sep 2026 18:07:28 GMT', 'Content-Type': 'text/html', 'Content-Length': '548', 'Connection': 'keep-alive'}
[2026-09-11 18:07:31] [353/3471] Fetching topic 31071
[2026-09-11 18:07:32] Topic 31071: downloading 8 uploads
[2026-09-11 18:07:36] Upload failed 404: requested=https://forums.greaterthangames.com/uploads/default/optimized/2X/e/e86f107519e50aaf8188e72dc285a0cd0e988dd3_2_322x500.jpeg, final=https://forums.greaterthangames.com/uploads/default/optimized/2X/e/e86f107519e50aaf8188e72dc285a0cd0e988dd3_2_322x500.jpeg,
[2026-09-11 18:07:36] Response headers: {'Server': 'nginx', 'Date': 'Fri, 11 Sep 2026 18:07:36 GMT', 'Content-Type': 'text/html', 'Content-Length': '548', 'Connection': 'keep-alive'}
[2026-09-11 18:07:40] [354/3471] Fetching topic 31047
[2026-09-11 18:07:41] Topic 31047: downloading 1 uploads
[2026-09-11 18:07:41] [355/3471] Fetching topic 31029
[2026-09-11 18:07:42] Topic 31029: downloading 1 uploads
[2026-09-11 18:07:42] [356/3471] Fetching topic 31014
[2026-09-11 18:07:43] Topic 31014: downloading 16 uploads
[2026-09-11 18:07:49] Upload failed 404: requested=https://forums.greaterthangames.com/uploads/default/optimized/2X/3/3c351ab38d0e5b80bf8e8feefdb5a0f94d6a0e47_2_666x500.jpeg, final=https://forums.greaterthangames.com/uploads/default/optimized/2X/3/3c351ab38d0e5b80bf8e8feefdb5a0f94d6a0e47_2_666x500.jpeg,
[2026-09-11 18:07:49] Response headers: {'Server': 'nginx', 'Date': 'Fri, 11 Sep 2026 18:07:49 GMT', 'Content-Type': 'text/html', 'Content-Length': '548', 'Connection': 'keep-alive'}
[2026-09-11 18:07:53] Upload failed 404: requested=https://forums.greaterthangames.com/uploads/default/optimized/2X/9/9cef6430d05e01d9a2b2e866d1e9d75d21ad0912_2_375x500.jpeg, final=https://forums.greaterthangames.com/uploads/default/optimized/2X/9/9cef6430d05e01d9a2b2e866d1e9d75d21ad0912_2_375x500.jpeg,
[2026-09-11 18:07:53] Response headers: {'Server': 'nginx', 'Date': 'Fri, 11 Sep 2026 18:07:53 GMT', 'Content-Type': 'text/html', 'Content-Length': '548', 'Connection': 'keep-alive'}
[2026-09-11 18:07:58] [357/3471] Fetching topic 31010
[2026-09-11 18:07:59] Topic 31010: downloading 7 uploads
[2026-09-11 18:08:04] Upload failed 404: requested=https://forums.greaterthangames.com/uploads/default/optimized/2X/f/f8dc5a15fcc24916f831ff3d29de503fd6e0a9d1_2_666x500.jpeg, final=https://forums.greaterthangames.com/uploads/default/optimized/2X/f/f8dc5a15fcc24916f831ff3d29de503fd6e0a9d1_2_666x500.jpeg,
[2026-09-11 18:08:04] Response headers: {'Server': 'nginx', 'Date': 'Fri, 11 Sep 2026 18:08:04 GMT', 'Content-Type': 'text/html', 'Content-Length': '548', 'Connection': 'keep-alive'}
[2026-09-11 18:08:07] [358/3471] Fetching topic 30993
[2026-09-11 18:08:08] Topic 30993: downloading 8 uploads
[2026-09-11 18:08:12] Upload failed 404: requested=https://forums.greaterthangames.com/uploads/default/optimized/2X/1/13d9e607038940a5ff34b287834d209597060dcb_2_323x500.jpeg, final=https://forums.greaterthangames.com/uploads/default/optimized/2X/1/13d9e607038940a5ff34b287834d209597060dcb_2_323x500.jpeg,
[2026-09-11 18:08:12] Response headers: {'Server': 'nginx', 'Date': 'Fri, 11 Sep 2026 18:08:12 GMT', 'Content-Type': 'text/html', 'Content-Length': '548', 'Connection': 'keep-alive'}
[2026-09-11 18:08:16] [359/3471] Fetching topic 5802
[2026-09-11 18:08:16] [360/3471] Fetching topic 30982
[2026-09-11 18:08:17] Topic 30982: downloading 1 uploads
[2026-09-11 18:08:17] [361/3471] Fetching topic 17397
[2026-09-11 18:08:18] Topic 17397: missing 43 posts; fetching in batches...
[2026-09-11 18:08:20] [362/3471] Fetching topic 30939
[2026-09-11 18:08:21] Topic 30939: downloading 8 uploads
[2026-09-11 18:08:25] Upload failed 404: requested=https://forums.greaterthangames.com/uploads/default/optimized/2X/8/8d23d9d79fe8beea97186855c31763322be5b144_2_322x500.jpeg, final=https://forums.greaterthangames.com/uploads/default/optimized/2X/8/8d23d9d79fe8beea97186855c31763322be5b144_2_322x500.jpeg,
[2026-09-11 18:08:25] Response headers: {'Server': 'nginx', 'Date': 'Fri, 11 Sep 2026 18:08:25 GMT', 'Content-Type': 'text/html', 'Content-Length': '548', 'Connection': 'keep-alive'}
[2026-09-11 18:08:28] [363/3471] Fetching topic 6924
[2026-09-11 18:08:29] Topic 6924: missing 596 posts; fetching in batches...
[2026-09-11 18:08:43] Topic 6924: downloading 427 uploads
[2026-09-11 18:09:53] Upload failed 404: requested=https://forums.greaterthangames.com/uploads/default/optimized/2X/0/040ab0e0c2733efd1331528d0b57a2282c65137f_2_690x253.jpeg, final=https://forums.greaterthangames.com/uploads/default/optimized/2X/0/040ab0e0c2733efd1331528d0b57a2282c65137f_2_690x253.jpeg,
[2026-09-11 18:09:53] Response headers: {'Server': 'nginx', 'Date': 'Fri, 11 Sep 2026 18:09:53 GMT', 'Content-Type': 'text/html', 'Content-Length': '548', 'Connection': 'keep-alive'}
[2026-09-11 18:09:56] Upload failed 404: requested=https://forums.greaterthangames.com/uploads/default/optimized/2X/1/1bf12940534a0c13facad2e373eff604cab4df32_2_568x500.jpeg, final=https://forums.greaterthangames.com/uploads/default/optimized/2X/1/1bf12940534a0c13facad2e373eff604cab4df32_2_568x500.jpeg,
[2026-09-11 18:09:56] Response headers: {'Server': 'nginx', 'Date': 'Fri, 11 Sep 2026 18:09:56 GMT', 'Content-Type': 'text/html', 'Content-Length': '548', 'Connection': 'keep-alive'}
[2026-09-11 18:10:00] Upload failed 404: requested=https://forums.greaterthangames.com/uploads/default/optimized/2X/1/1c760ee95f00b6eb86f7e7ad7823f633ecd84dd4_2_466x499.jpeg, final=https://forums.greaterthangames.com/uploads/default/optimized/2X/1/1c760ee95f00b6eb86f7e7ad7823f633ecd84dd4_2_466x499.jpeg,
[2026-09-11 18:10:00] Response headers: {'Server': 'nginx', 'Date': 'Fri, 11 Sep 2026 18:10:00 GMT', 'Content-Type': 'text/html', 'Content-Length': '548', 'Connection': 'keep-alive'}
[2026-09-11 18:10:06] Upload failed 404: requested=https://forums.greaterthangames.com/uploads/default/optimized/2X/1/1d0614d82ce95ad44cdfaccb49bf20953cdf163e_2_524x500.jpeg, final=https://forums.greaterthangames.com/uploads/default/optimized/2X/1/1d0614d82ce95ad44cdfaccb49bf20953cdf163e_2_524x500.jpeg,
[2026-09-11 18:10:06] Response headers: {'Server': 'nginx', 'Date': 'Fri, 11 Sep 2026 18:10:06 GMT', 'Content-Type': 'text/html', 'Content-Length': '548', 'Connection': 'keep-alive'}
[2026-09-11 18:10:10] Upload failed 404: requested=https://forums.greaterthangames.com/uploads/default/optimized/2X/1/1db0bb725a2dbd3086dd8569ac2f81647ca48d5b_2_323x500.jpeg, final=https://forums.greaterthangames.com/uploads/default/optimized/2X/1/1db0bb725a2dbd3086dd8569ac2f81647ca48d5b_2_323x500.jpeg,
[2026-09-11 18:10:10] Response headers: {'Server': 'nginx', 'Date': 'Fri, 11 Sep 2026 18:10:10 GMT', 'Content-Type': 'text/html', 'Content-Length': '548', 'Connection': 'keep-alive'}
[2026-09-11 18:10:16] Upload failed 404: requested=https://forums.greaterthangames.com/uploads/default/optimized/2X/1/1eeb09e7a6478b4d601be3c9f22820ce6bcaf2c9_2_517x500.jpeg, final=https://forums.greaterthangames.com/uploads/default/optimized/2X/1/1eeb09e7a6478b4d601be3c9f22820ce6bcaf2c9_2_517x500.jpeg,
[2026-09-11 18:10:16] Response headers: {'Server': 'nginx', 'Date': 'Fri, 11 Sep 2026 18:10:16 GMT', 'Content-Type': 'text/html', 'Content-Length': '548', 'Connection': 'keep-alive'}
[2026-09-11 18:10:21] Upload failed 404: requested=https://forums.greaterthangames.com/uploads/default/optimized/2X/1/1f32e42dcb7f9b394843a961eafcc431f2791b39_2_437x500.jpeg, final=https://forums.greaterthangames.com/uploads/default/optimized/2X/1/1f32e42dcb7f9b394843a961eafcc431f2791b39_2_437x500.jpeg,
[2026-09-11 18:10:21] Response headers: {'Server': 'nginx', 'Date': 'Fri, 11 Sep 2026 18:10:21 GMT', 'Content-Type': 'text/html', 'Content-Length': '548', 'Connection': 'keep-alive'}
[2026-09-11 18:10:26] Upload failed 404: requested=https://forums.greaterthangames.com/uploads/default/optimized/2X/2/26c26dc6731434bfa7b202ef081a405707611c25_2_415x500.jpeg, final=https://forums.greaterthangames.com/uploads/default/optimized/2X/2/26c26dc6731434bfa7b202ef081a405707611c25_2_415x500.jpeg,
[2026-09-11 18:10:26] Response headers: {'Server': 'nginx', 'Date': 'Fri, 11 Sep 2026 18:10:26 GMT', 'Content-Type': 'text/html', 'Content-Length': '548', 'Connection': 'keep-alive'}
[2026-09-11 18:10:32] Upload failed 404: requested=https://forums.greaterthangames.com/uploads/default/optimized/2X/2/28ea1e7d47b12cb682aa0adb15cfbbde724a92a1_2_666x500.jpeg, final=https://forums.greaterthangames.com/uploads/default/optimized/2X/2/28ea1e7d47b12cb682aa0adb15cfbbde724a92a1_2_666x500.jpeg,
[2026-09-11 18:10:32] Response headers: {'Server': 'nginx', 'Date': 'Fri, 11 Sep 2026 18:10:32 GMT', 'Content-Type': 'text/html', 'Content-Length': '548', 'Connection': 'keep-alive'}
[2026-09-11 18:10:37] Upload failed 404: requested=https://forums.greaterthangames.com/uploads/default/optimized/2X/2/2c2dbe90ee59f055100b09354d0d3e6232f40bb0_2_637x500.jpeg, final=https://forums.greaterthangames.com/uploads/default/optimized/2X/2/2c2dbe90ee59f055100b09354d0d3e6232f40bb0_2_637x500.jpeg,
[2026-09-11 18:10:37] Response headers: {'Server': 'nginx', 'Date': 'Fri, 11 Sep 2026 18:10:37 GMT', 'Content-Type': 'text/html', 'Content-Length': '548', 'Connection': 'keep-alive'}
[2026-09-11 18:10:41] Upload failed 404: requested=https://forums.greaterthangames.com/uploads/default/optimized/2X/2/2cec82783792ff3906fe3bea4f83034025526ebc_2_375x500.jpeg, final=https://forums.greaterthangames.com/uploads/default/optimized/2X/2/2cec82783792ff3906fe3bea4f83034025526ebc_2_375x500.jpeg,
[2026-09-11 18:10:41] Response headers: {'Server': 'nginx', 'Date': 'Fri, 11 Sep 2026 18:10:41 GMT', 'Content-Type': 'text/html', 'Content-Length': '548', 'Connection': 'keep-alive'}
[2026-09-11 18:10:47] Upload failed 404: requested=https://forums.greaterthangames.com/uploads/default/optimized/2X/2/2d41f3b5c96bec3c7a0e9cdda4bf2289cab849ac_2_529x500.jpeg, final=https://forums.greaterthangames.com/uploads/default/optimized/2X/2/2d41f3b5c96bec3c7a0e9cdda4bf2289cab849ac_2_529x500.jpeg,
[2026-09-11 18:10:47] Response headers: {'Server': 'nginx', 'Date': 'Fri, 11 Sep 2026 18:10:47 GMT', 'Content-Type': 'text/html', 'Content-Length': '548', 'Connection': 'keep-alive'}
[2026-09-11 18:10:52] Upload failed 404: requested=https://forums.greaterthangames.com/uploads/default/optimized/2X/3/335f866062dafc752e0f64d913fb703953288d82_2_530x500.jpeg, final=https://forums.greaterthangames.com/uploads/default/optimized/2X/3/335f866062dafc752e0f64d913fb703953288d82_2_530x500.jpeg,
[2026-09-11 18:10:52] Response headers: {'Server': 'nginx', 'Date': 'Fri, 11 Sep 2026 18:10:52 GMT', 'Content-Type': 'text/html', 'Content-Length': '548', 'Connection': 'keep-alive'}
[2026-09-11 18:10:56] Upload failed 404: requested=https://forums.greaterthangames.com/uploads/default/optimized/2X/3/3ac164f1625d6f2682fb73c113105badf798eeda_2_323x500.jpeg, final=https://forums.greaterthangames.com/uploads/default/optimized/2X/3/3ac164f1625d6f2682fb73c113105badf798eeda_2_323x500.jpeg,
[2026-09-11 18:10:56] Response headers: {'Server': 'nginx', 'Date': 'Fri, 11 Sep 2026 18:10:56 GMT', 'Content-Type': 'text/html', 'Content-Length': '548', 'Connection': 'keep-alive'}
[2026-09-11 18:11:01] Upload failed 404: requested=https://forums.greaterthangames.com/uploads/default/optimized/2X/3/3dac06a89f0510563bded17730bc6f43e5a44288_2_552x500.jpeg, final=https://forums.greaterthangames.com/uploads/default/optimized/2X/3/3dac06a89f0510563bded17730bc6f43e5a44288_2_552x500.jpeg,
[2026-09-11 18:11:01] Response headers: {'Server': 'nginx', 'Date': 'Fri, 11 Sep 2026 18:11:01 GMT', 'Content-Type': 'text/html', 'Content-Length': '548', 'Connection': 'keep-alive'}
[2026-09-11 18:11:04] Upload failed 404: requested=https://forums.greaterthangames.com/uploads/default/optimized/2X/4/410b175e27b80b8507195ff24ad1d0696e382504_2_666x500.jpeg, final=https://forums.greaterthangames.com/uploads/default/optimized/2X/4/410b175e27b80b8507195ff24ad1d0696e382504_2_666x500.jpeg,
[2026-09-11 18:11:04] Response headers: {'Server': 'nginx', 'Date': 'Fri, 11 Sep 2026 18:11:04 GMT', 'Content-Type': 'text/html', 'Content-Length': '548', 'Connection': 'keep-alive'}
[2026-09-11 18:11:08] Upload failed 404: requested=https://forums.greaterthangames.com/uploads/default/optimized/2X/4/41a26f18fc3c90bf07eeb7360d13a7ee609984d3_2_690x281.jpeg, final=https://forums.greaterthangames.com/uploads/default/optimized/2X/4/41a26f18fc3c90bf07eeb7360d13a7ee609984d3_2_690x281.jpeg,
[2026-09-11 18:11:08] Response headers: {'Server': 'nginx', 'Date': 'Fri, 11 Sep 2026 18:11:08 GMT', 'Content-Type': 'text/html', 'Content-Length': '548', 'Connection': 'keep-alive'}
[2026-09-11 18:11:12] Upload failed 404: requested=https://forums.greaterthangames.com/uploads/default/optimized/2X/4/41b1c1b5ffa1038593ee7271fa4c5f9515fa3a22_2_555x500.jpeg, final=https://forums.greaterthangames.com/uploads/default/optimized/2X/4/41b1c1b5ffa1038593ee7271fa4c5f9515fa3a22_2_555x500.jpeg,
[2026-09-11 18:11:12] Response headers: {'Server': 'nginx', 'Date': 'Fri, 11 Sep 2026 18:11:12 GMT', 'Content-Type': 'text/html', 'Content-Length': '548', 'Connection': 'keep-alive'}
[2026-09-11 18:11:16] Upload failed 404: requested=https://forums.greaterthangames.com/uploads/default/optimized/2X/4/4c8f11bab4a0788b01270dfbdb156942ffabbda5_2_381x500.jpeg, final=https://forums.greaterthangames.com/uploads/default/optimized/2X/4/4c8f11bab4a0788b01270dfbdb156942ffabbda5_2_381x500.jpeg,
[2026-09-11 18:11:16] Response headers: {'Server': 'nginx', 'Date': 'Fri, 11 Sep 2026 18:11:16 GMT', 'Content-Type': 'text/html', 'Content-Length': '548', 'Connection': 'keep-alive'}
[2026-09-11 18:11:22] Upload failed 404: requested=https://forums.greaterthangames.com/uploads/default/optimized/2X/4/4f3d4465063b8e6cbfd81599623029e39f6f0904_2_526x500.jpeg, final=https://forums.greaterthangames.com/uploads/default/optimized/2X/4/4f3d4465063b8e6cbfd81599623029e39f6f0904_2_526x500.jpeg,
[2026-09-11 18:11:22] Response headers: {'Server': 'nginx', 'Date': 'Fri, 11 Sep 2026 18:11:22 GMT', 'Content-Type': 'text/html', 'Content-Length': '548', 'Connection': 'keep-alive'}
[2026-09-11 18:11:29] Upload failed 404: requested=https://forums.greaterthangames.com/uploads/default/optimized/2X/5/565893186aa23ac93db6b793b98308374fd87991_2_483x500.jpeg, final=https://forums.greaterthangames.com/uploads/default/optimized/2X/5/565893186aa23ac93db6b793b98308374fd87991_2_483x500.jpeg,
[2026-09-11 18:11:29] Response headers: {'Server': 'nginx', 'Date': 'Fri, 11 Sep 2026 18:11:29 GMT', 'Content-Type': 'text/html', 'Content-Length': '548', 'Connection': 'keep-alive'}
[2026-09-11 18:11:33] Upload failed 404: requested=https://forums.greaterthangames.com/uploads/default/optimized/2X/6/67c659968d5165d0bc9eb398e3d2aaf379fba77d_2_500x500.jpeg, final=https://forums.greaterthangames.com/uploads/default/optimized/2X/6/67c659968d5165d0bc9eb398e3d2aaf379fba77d_2_500x500.jpeg,
[2026-09-11 18:11:33] Response headers: {'Server': 'nginx', 'Date': 'Fri, 11 Sep 2026 18:11:33 GMT', 'Content-Type': 'text/html', 'Content-Length': '548', 'Connection': 'keep-alive'}
[2026-09-11 18:11:38] Upload failed 404: requested=https://forums.greaterthangames.com/uploads/default/optimized/2X/6/6c32e2f115c03535b91c3ffca94deb57fa659c4e_2_546x500.jpeg, final=https://forums.greaterthangames.com/uploads/default/optimized/2X/6/6c32e2f115c03535b91c3ffca94deb57fa659c4e_2_546x500.jpeg,
[2026-09-11 18:11:38] Response headers: {'Server': 'nginx', 'Date': 'Fri, 11 Sep 2026 18:11:38 GMT', 'Content-Type': 'text/html', 'Content-Length': '548', 'Connection': 'keep-alive'}
[2026-09-11 18:11:42] Upload failed 404: requested=https://forums.greaterthangames.com/uploads/default/optimized/2X/7/73b1fd149ee5234fbc7759ca4643fec674159aca_2_497x500.jpeg, final=https://forums.greaterthangames.com/uploads/default/optimized/2X/7/73b1fd149ee5234fbc7759ca4643fec674159aca_2_497x500.jpeg,
[2026-09-11 18:11:42] Response headers: {'Server': 'nginx', 'Date': 'Fri, 11 Sep 2026 18:11:42 GMT', 'Content-Type': 'text/html', 'Content-Length': '548', 'Connection': 'keep-alive'}
[2026-09-11 18:11:46] Upload failed 404: requested=https://forums.greaterthangames.com/uploads/default/optimized/2X/7/74825cf0b462ba9089087905ba8c8660795510b5_2_666x500.jpeg, final=https://forums.greaterthangames.com/uploads/default/optimized/2X/7/74825cf0b462ba9089087905ba8c8660795510b5_2_666x500.jpeg,
[2026-09-11 18:11:46] Response headers: {'Server': 'nginx', 'Date': 'Fri, 11 Sep 2026 18:11:46 GMT', 'Content-Type': 'text/html', 'Content-Length': '548', 'Connection': 'keep-alive'}
[2026-09-11 18:11:48] Upload failed 404: requested=https://forums.greaterthangames.com/uploads/default/optimized/2X/8/81a24d1a9cc85e5759520ab37336007f37eb743a_2_512x500.jpeg, final=https://forums.greaterthangames.com/uploads/default/optimized/2X/8/81a24d1a9cc85e5759520ab37336007f37eb743a_2_512x500.jpeg,
[2026-09-11 18:11:48] Response headers: {'Server': 'nginx', 'Date': 'Fri, 11 Sep 2026 18:11:48 GMT', 'Content-Type': 'text/html', 'Content-Length': '548', 'Connection': 'keep-alive'}
[2026-09-11 18:11:52] Upload failed 404: requested=https://forums.greaterthangames.com/uploads/default/optimized/2X/8/8305011f24272ae156eca322dabc229ca2a59795_2_262x500.png, final=https://forums.greaterthangames.com/uploads/default/optimized/2X/8/8305011f24272ae156eca322dabc229ca2a59795_2_262x500.png,
[2026-09-11 18:11:52] Response headers: {'Server': 'nginx', 'Date': 'Fri, 11 Sep 2026 18:11:52 GMT', 'Content-Type': 'text/html', 'Content-Length': '548', 'Connection': 'keep-alive'}
[2026-09-11 18:12:00] Upload failed 404: requested=https://forums.greaterthangames.com/uploads/default/optimized/2X/8/86ffb08368a86f6b2bd4bd9d2a78ffb49a43e31e_2_558x500.jpeg, final=https://forums.greaterthangames.com/uploads/default/optimized/2X/8/86ffb08368a86f6b2bd4bd9d2a78ffb49a43e31e_2_558x500.jpeg,
[2026-09-11 18:12:00] Response headers: {'Server': 'nginx', 'Date': 'Fri, 11 Sep 2026 18:12:00 GMT', 'Content-Type': 'text/html', 'Content-Length': '548', 'Connection': 'keep-alive'}
[2026-09-11 18:12:04] Upload failed 404: requested=https://forums.greaterthangames.com/uploads/default/optimized/2X/8/89e9a517eb61b76266b6f8fc38f7c06e92c9c3df_2_363x500.png, final=https://forums.greaterthangames.com/uploads/default/optimized/2X/8/89e9a517eb61b76266b6f8fc38f7c06e92c9c3df_2_363x500.png,
[2026-09-11 18:12:04] Response headers: {'Server': 'nginx', 'Date': 'Fri, 11 Sep 2026 18:12:04 GMT', 'Content-Type': 'text/html', 'Content-Length': '548', 'Connection': 'keep-alive'}
[2026-09-11 18:12:10] Upload failed 404: requested=https://forums.greaterthangames.com/uploads/default/optimized/2X/8/8a0f819be00862c3dcc19cddcc7e2f784895cd84_2_565x500.jpeg, final=https://forums.greaterthangames.com/uploads/default/optimized/2X/8/8a0f819be00862c3dcc19cddcc7e2f784895cd84_2_565x500.jpeg,
[2026-09-11 18:12:10] Response headers: {'Server': 'nginx', 'Date': 'Fri, 11 Sep 2026 18:12:10 GMT', 'Content-Type': 'text/html', 'Content-Length': '548', 'Connection': 'keep-alive'}
[2026-09-11 18:12:15] Upload failed 404: requested=https://forums.greaterthangames.com/uploads/default/optimized/2X/8/8b94ec61f85d1f6f420aa6e24b176ad9239f9bab_2_467x499.jpeg, final=https://forums.greaterthangames.com/uploads/default/optimized/2X/8/8b94ec61f85d1f6f420aa6e24b176ad9239f9bab_2_467x499.jpeg,
[2026-09-11 18:12:15] Response headers: {'Server': 'nginx', 'Date': 'Fri, 11 Sep 2026 18:12:15 GMT', 'Content-Type': 'text/html', 'Content-Length': '548', 'Connection': 'keep-alive'}
[2026-09-11 18:12:21] Upload failed 404: requested=https://forums.greaterthangames.com/uploads/default/optimized/2X/8/8faed633c5557d6de3e18efd83523534a199d90c_2_530x500.jpeg, final=https://forums.greaterthangames.com/uploads/default/optimized/2X/8/8faed633c5557d6de3e18efd83523534a199d90c_2_530x500.jpeg,
[2026-09-11 18:12:21] Response headers: {'Server': 'nginx', 'Date': 'Fri, 11 Sep 2026 18:12:21 GMT', 'Content-Type': 'text/html', 'Content-Length': '548', 'Connection': 'keep-alive'}
[2026-09-11 18:12:25] Upload failed 404: requested=https://forums.greaterthangames.com/uploads/default/optimized/2X/9/96bd560fe57a582a35813f0492f89325bcc39da2_2_375x500.jpeg, final=https://forums.greaterthangames.com/uploads/default/optimized/2X/9/96bd560fe57a582a35813f0492f89325bcc39da2_2_375x500.jpeg,
[2026-09-11 18:12:25] Response headers: {'Server': 'nginx', 'Date': 'Fri, 11 Sep 2026 18:12:25 GMT', 'Content-Type': 'text/html', 'Content-Length': '548', 'Connection': 'keep-alive'}
[2026-09-11 18:12:32] Upload failed 404: requested=https://forums.greaterthangames.com/uploads/default/optimized/2X/9/97a733b15831e47c15c7ab9bbfbce3608ce8e239_2_541x500.jpeg, final=https://forums.greaterthangames.com/uploads/default/optimized/2X/9/97a733b15831e47c15c7ab9bbfbce3608ce8e239_2_541x500.jpeg,
[2026-09-11 18:12:32] Response headers: {'Server': 'nginx', 'Date': 'Fri, 11 Sep 2026 18:12:32 GMT', 'Content-Type': 'text/html', 'Content-Length': '548', 'Connection': 'keep-alive'}
[2026-09-11 18:12:36] Upload failed 404: requested=https://forums.greaterthangames.com/uploads/default/optimized/2X/9/97ca8b28865f9d22ef542e5be3cb3abf1ebaab07_2_500x500.jpeg, final=https://forums.greaterthangames.com/uploads/default/optimized/2X/9/97ca8b28865f9d22ef542e5be3cb3abf1ebaab07_2_500x500.jpeg,
[2026-09-11 18:12:36] Response headers: {'Server': 'nginx', 'Date': 'Fri, 11 Sep 2026 18:12:36 GMT', 'Content-Type': 'text/html', 'Content-Length': '548', 'Connection': 'keep-alive'}
[2026-09-11 18:12:41] Upload failed 404: requested=https://forums.greaterthangames.com/uploads/default/optimized/2X/9/998d925e65f217c490550a16b9b68edba0b894d2_2_522x500.jpeg, final=https://forums.greaterthangames.com/uploads/default/optimized/2X/9/998d925e65f217c490550a16b9b68edba0b894d2_2_522x500.jpeg,
[2026-09-11 18:12:41] Response headers: {'Server': 'nginx', 'Date': 'Fri, 11 Sep 2026 18:12:41 GMT', 'Content-Type': 'text/html', 'Content-Length': '548', 'Connection': 'keep-alive'}
[2026-09-11 18:12:46] Upload failed 404: requested=https://forums.greaterthangames.com/uploads/default/optimized/2X/9/9f3cf8e64cd37fc261bd28aa8fb1a7b913ccff9c_2_652x500.jpeg, final=https://forums.greaterthangames.com/uploads/default/optimized/2X/9/9f3cf8e64cd37fc261bd28aa8fb1a7b913ccff9c_2_652x500.jpeg,
[2026-09-11 18:12:46] Response headers: {'Server': 'nginx', 'Date': 'Fri, 11 Sep 2026 18:12:46 GMT', 'Content-Type': 'text/html', 'Content-Length': '548', 'Connection': 'keep-alive'}
[2026-09-11 18:12:51] Upload failed 404: requested=https://forums.greaterthangames.com/uploads/default/optimized/2X/a/a018fe0fa1d3b35d3128655e84cbf99563b944af_2_531x500.jpeg, final=https://forums.greaterthangames.com/uploads/default/optimized/2X/a/a018fe0fa1d3b35d3128655e84cbf99563b944af_2_531x500.jpeg,
[2026-09-11 18:12:51] Response headers: {'Server': 'nginx', 'Date': 'Fri, 11 Sep 2026 18:12:51 GMT', 'Content-Type': 'text/html', 'Content-Length': '548', 'Connection': 'keep-alive'}
[2026-09-11 18:12:56] Upload failed 404: requested=https://forums.greaterthangames.com/uploads/default/optimized/2X/a/a392957f42c6b5c2631d36e7b5f45cc17d4c7152_2_666x500.jpeg, final=https://forums.greaterthangames.com/uploads/default/optimized/2X/a/a392957f42c6b5c2631d36e7b5f45cc17d4c7152_2_666x500.jpeg,
[2026-09-11 18:12:56] Response headers: {'Server': 'nginx', 'Date': 'Fri, 11 Sep 2026 18:12:56 GMT', 'Content-Type': 'text/html', 'Content-Length': '548', 'Connection': 'keep-alive'}
[2026-09-11 18:13:00] Upload failed 404: requested=https://forums.greaterthangames.com/uploads/default/optimized/2X/a/a8a300e9757b12ca59068c4ec1a25a2cdeb68ade_2_514x500.jpeg, final=https://forums.greaterthangames.com/uploads/default/optimized/2X/a/a8a300e9757b12ca59068c4ec1a25a2cdeb68ade_2_514x500.jpeg,
[2026-09-11 18:13:00] Response headers: {'Server': 'nginx', 'Date': 'Fri, 11 Sep 2026 18:13:00 GMT', 'Content-Type': 'text/html', 'Content-Length': '548', 'Connection': 'keep-alive'}
[2026-09-11 18:13:06] Upload failed 404: requested=https://forums.greaterthangames.com/uploads/default/optimized/2X/a/aaae348a44b5013db4ffcefe5a89552daf980b70_2_587x500.jpeg, final=https://forums.greaterthangames.com/uploads/default/optimized/2X/a/aaae348a44b5013db4ffcefe5a89552daf980b70_2_587x500.jpeg,
[2026-09-11 18:13:06] Response headers: {'Server': 'nginx', 'Date': 'Fri, 11 Sep 2026 18:13:05 GMT', 'Content-Type': 'text/html', 'Content-Length': '548', 'Connection': 'keep-alive'}
[2026-09-11 18:13:12] Upload failed 404: requested=https://forums.greaterthangames.com/uploads/default/optimized/2X/a/ab71f2074523e5f3f9c43840f2e5f7b9943cae7d_2_690x347.png, final=https://forums.greaterthangames.com/uploads/default/optimized/2X/a/ab71f2074523e5f3f9c43840f2e5f7b9943cae7d_2_690x347.png,
[2026-09-11 18:13:12] Response headers: {'Server': 'nginx', 'Date': 'Fri, 11 Sep 2026 18:13:12 GMT', 'Content-Type': 'text/html', 'Content-Length': '548', 'Connection': 'keep-alive'}
[2026-09-11 18:13:15] Upload failed 404: requested=https://forums.greaterthangames.com/uploads/default/optimized/2X/a/aecff22fcbf9af5267dc1650006a08180356dbab_2_295x500.jpeg, final=https://forums.greaterthangames.com/uploads/default/optimized/2X/a/aecff22fcbf9af5267dc1650006a08180356dbab_2_295x500.jpeg,
[2026-09-11 18:13:15] Response headers: {'Server': 'nginx', 'Date': 'Fri, 11 Sep 2026 18:13:15 GMT', 'Content-Type': 'text/html', 'Content-Length': '548', 'Connection': 'keep-alive'}
[2026-09-11 18:13:20] Upload failed 404: requested=https://forums.greaterthangames.com/uploads/default/optimized/2X/b/b1051d681237567f87c086dcfc74877b03dff496_2_497x499.jpeg, final=https://forums.greaterthangames.com/uploads/default/optimized/2X/b/b1051d681237567f87c086dcfc74877b03dff496_2_497x499.jpeg,
[2026-09-11 18:13:20] Response headers: {'Server': 'nginx', 'Date': 'Fri, 11 Sep 2026 18:13:20 GMT', 'Content-Type': 'text/html', 'Content-Length': '548', 'Connection': 'keep-alive'}
[2026-09-11 18:13:24] Upload failed 404: requested=https://forums.greaterthangames.com/uploads/default/optimized/2X/b/ba43f1933f92f3266f87e1ad48de07a5489e6a62_2_477x500.jpeg, final=https://forums.greaterthangames.com/uploads/default/optimized/2X/b/ba43f1933f92f3266f87e1ad48de07a5489e6a62_2_477x500.jpeg,
[2026-09-11 18:13:24] Response headers: {'Server': 'nginx', 'Date': 'Fri, 11 Sep 2026 18:13:24 GMT', 'Content-Type': 'text/html', 'Content-Length': '548', 'Connection': 'keep-alive'}
[2026-09-11 18:13:29] Upload failed 404: requested=https://forums.greaterthangames.com/uploads/default/optimized/2X/c/c0ecdb4acb58e51497930d9a08d8eda573aad207_2_375x500.jpeg, final=https://forums.greaterthangames.com/uploads/default/optimized/2X/c/c0ecdb4acb58e51497930d9a08d8eda573aad207_2_375x500.jpeg,
[2026-09-11 18:13:29] Response headers: {'Server': 'nginx', 'Date': 'Fri, 11 Sep 2026 18:13:29 GMT', 'Content-Type': 'text/html', 'Content-Length': '548', 'Connection': 'keep-alive'}
[2026-09-11 18:13:34] Upload failed 404: requested=https://forums.greaterthangames.com/uploads/default/optimized/2X/c/cc35e27daa2a80b23cea7c66f2934de0c03099a5_2_430x500.jpeg, final=https://forums.greaterthangames.com/uploads/default/optimized/2X/c/cc35e27daa2a80b23cea7c66f2934de0c03099a5_2_430x500.jpeg,
[2026-09-11 18:13:34] Response headers: {'Server': 'nginx', 'Date': 'Fri, 11 Sep 2026 18:13:34 GMT', 'Content-Type': 'text/html', 'Content-Length': '548', 'Connection': 'keep-alive'}
[2026-09-11 18:13:39] Upload failed 404: requested=https://forums.greaterthangames.com/uploads/default/optimized/2X/c/cc9a3506c31526f042815f8da1703278be55049d_2_480x500.jpeg, final=https://forums.greaterthangames.com/uploads/default/optimized/2X/c/cc9a3506c31526f042815f8da1703278be55049d_2_480x500.jpeg,
[2026-09-11 18:13:39] Response headers: {'Server': 'nginx', 'Date': 'Fri, 11 Sep 2026 18:13:39 GMT', 'Content-Type': 'text/html', 'Content-Length': '548', 'Connection': 'keep-alive'}
[2026-09-11 18:13:44] Upload failed 404: requested=https://forums.greaterthangames.com/uploads/default/optimized/2X/c/ccc42073038067d33e3fde6683201369d6e8e04d_2_690x464.png, final=https://forums.greaterthangames.com/uploads/default/optimized/2X/c/ccc42073038067d33e3fde6683201369d6e8e04d_2_690x464.png,
[2026-09-11 18:13:44] Response headers: {'Server': 'nginx', 'Date': 'Fri, 11 Sep 2026 18:13:44 GMT', 'Content-Type': 'text/html', 'Content-Length': '548', 'Connection': 'keep-alive'}
[2026-09-11 18:13:47] Upload failed 404: requested=https://forums.greaterthangames.com/uploads/default/optimized/2X/d/d7a2f2b39253b1979ee9a14e4df5967d0a5e1f8b_2_437x500.jpeg, final=https://forums.greaterthangames.com/uploads/default/optimized/2X/d/d7a2f2b39253b1979ee9a14e4df5967d0a5e1f8b_2_437x500.jpeg,
[2026-09-11 18:13:47] Response headers: {'Server': 'nginx', 'Date': 'Fri, 11 Sep 2026 18:13:47 GMT', 'Content-Type': 'text/html', 'Content-Length': '548', 'Connection': 'keep-alive'}
[2026-09-11 18:13:49] Upload failed 404: requested=https://forums.greaterthangames.com/uploads/default/optimized/2X/d/d9dd7c60edc990b024be1577c750c797542cff9d_2_483x500.jpeg, final=https://forums.greaterthangames.com/uploads/default/optimized/2X/d/d9dd7c60edc990b024be1577c750c797542cff9d_2_483x500.jpeg,
[2026-09-11 18:13:49] Response headers: {'Server': 'nginx', 'Date': 'Fri, 11 Sep 2026 18:13:49 GMT', 'Content-Type': 'text/html', 'Content-Length': '548', 'Connection': 'keep-alive'}
[2026-09-11 18:13:54] Upload failed 404: requested=https://forums.greaterthangames.com/uploads/default/optimized/2X/e/e22d5c0ffafad3996ba14dd0f2ce3159c64d6bb9_2_690x389.jpeg, final=https://forums.greaterthangames.com/uploads/default/optimized/2X/e/e22d5c0ffafad3996ba14dd0f2ce3159c64d6bb9_2_690x389.jpeg,
[2026-09-11 18:13:54] Response headers: {'Server': 'nginx', 'Date': 'Fri, 11 Sep 2026 18:13:54 GMT', 'Content-Type': 'text/html', 'Content-Length': '548', 'Connection': 'keep-alive'}
[2026-09-11 18:13:57] Upload failed 404: requested=https://forums.greaterthangames.com/uploads/default/optimized/2X/e/e62994024fd72cf1d829deba7d48eed63c7e9cf5_2_355x500.jpeg, final=https://forums.greaterthangames.com/uploads/default/optimized/2X/e/e62994024fd72cf1d829deba7d48eed63c7e9cf5_2_355x500.jpeg,
[2026-09-11 18:13:57] Response headers: {'Server': 'nginx', 'Date': 'Fri, 11 Sep 2026 18:13:57 GMT', 'Content-Type': 'text/html', 'Content-Length': '548', 'Connection': 'keep-alive'}
[2026-09-11 18:14:03] Upload failed 404: requested=https://forums.greaterthangames.com/uploads/default/optimized/2X/e/e72b73a12e993f005ca2083967cdaef620136c15_2_590x500.jpeg, final=https://forums.greaterthangames.com/uploads/default/optimized/2X/e/e72b73a12e993f005ca2083967cdaef620136c15_2_590x500.jpeg,
[2026-09-11 18:14:03] Response headers: {'Server': 'nginx', 'Date': 'Fri, 11 Sep 2026 18:14:03 GMT', 'Content-Type': 'text/html', 'Content-Length': '548', 'Connection': 'keep-alive'}
[2026-09-11 18:14:08] Upload failed 404: requested=https://forums.greaterthangames.com/uploads/default/optimized/2X/e/e785b5aa199b72765fbd30adcca76a3038b13f10_2_532x500.jpeg, final=https://forums.greaterthangames.com/uploads/default/optimized/2X/e/e785b5aa199b72765fbd30adcca76a3038b13f10_2_532x500.jpeg,
[2026-09-11 18:14:08] Response headers: {'Server': 'nginx', 'Date': 'Fri, 11 Sep 2026 18:14:07 GMT', 'Content-Type': 'text/html', 'Content-Length': '548', 'Connection': 'keep-alive'}
[2026-09-11 18:14:14] Upload failed 404: requested=https://forums.greaterthangames.com/uploads/default/optimized/2X/e/ef585eafba7f6a34c8563af3327776fa4e678ba5_2_674x500.jpeg, final=https://forums.greaterthangames.com/uploads/default/optimized/2X/e/ef585eafba7f6a34c8563af3327776fa4e678ba5_2_674x500.jpeg,
[2026-09-11 18:14:14] Response headers: {'Server': 'nginx', 'Date': 'Fri, 11 Sep 2026 18:14:14 GMT', 'Content-Type': 'text/html', 'Content-Length': '548', 'Connection': 'keep-alive'}
[2026-09-11 18:14:18] Upload failed 404: requested=https://forums.greaterthangames.com/uploads/default/optimized/2X/f/f106250dba97816ee1786d51da8cb7ebe1da62eb_2_690x499.jpeg, final=https://forums.greaterthangames.com/uploads/default/optimized/2X/f/f106250dba97816ee1786d51da8cb7ebe1da62eb_2_690x499.jpeg,
[2026-09-11 18:14:18] Response headers: {'Server': 'nginx', 'Date': 'Fri, 11 Sep 2026 18:14:18 GMT', 'Content-Type': 'text/html', 'Content-Length': '548', 'Connection': 'keep-alive'}
[2026-09-11 18:14:21] Upload failed 404: requested=https://forums.greaterthangames.com/uploads/default/optimized/2X/f/f28540ed5e4b069ed54a4546b757eab8661fe290_2_361x500.jpeg, final=https://forums.greaterthangames.com/uploads/default/optimized/2X/f/f28540ed5e4b069ed54a4546b757eab8661fe290_2_361x500.jpeg,
[2026-09-11 18:14:21] Response headers: {'Server': 'nginx', 'Date': 'Fri, 11 Sep 2026 18:14:21 GMT', 'Content-Type': 'text/html', 'Content-Length': '548', 'Connection': 'keep-alive'}
[2026-09-11 18:14:27] Upload failed 404: requested=https://forums.greaterthangames.com/uploads/default/optimized/2X/f/f592fed5afd1b5d84808513606d60eed4e48cd1a_2_504x500.jpeg, final=https://forums.greaterthangames.com/uploads/default/optimized/2X/f/f592fed5afd1b5d84808513606d60eed4e48cd1a_2_504x500.jpeg,
[2026-09-11 18:14:27] Response headers: {'Server': 'nginx', 'Date': 'Fri, 11 Sep 2026 18:14:27 GMT', 'Content-Type': 'text/html', 'Content-Length': '548', 'Connection': 'keep-alive'}
[2026-09-11 18:14:32] Upload failed 404: requested=https://forums.greaterthangames.com/uploads/default/optimized/2X/f/f69073693ff71515e5f233693abdb3df44c1b4b0_2_524x500.jpeg, final=https://forums.greaterthangames.com/uploads/default/optimized/2X/f/f69073693ff71515e5f233693abdb3df44c1b4b0_2_524x500.jpeg,
[2026-09-11 18:14:32] Response headers: {'Server': 'nginx', 'Date': 'Fri, 11 Sep 2026 18:14:32 GMT', 'Content-Type': 'text/html', 'Content-Length': '548', 'Connection': 'keep-alive'}
[2026-09-11 18:14:37] Upload failed 404: requested=https://forums.greaterthangames.com/uploads/default/optimized/2X/f/f7c20a38a7c693885cf95b04861eadec70bff361_2_506x500.jpeg, final=https://forums.greaterthangames.com/uploads/default/optimized/2X/f/f7c20a38a7c693885cf95b04861eadec70bff361_2_506x500.jpeg,
[2026-09-11 18:14:37] Response headers: {'Server': 'nginx', 'Date': 'Fri, 11 Sep 2026 18:14:37 GMT', 'Content-Type': 'text/html', 'Content-Length': '548', 'Connection': 'keep-alive'}
[2026-09-11 18:14:42] Upload failed 404: requested=https://forums.greaterthangames.com/uploads/default/optimized/2X/f/f7e406315132da3575514d7f44e683cca12baea8_2_552x500.jpeg, final=https://forums.greaterthangames.com/uploads/default/optimized/2X/f/f7e406315132da3575514d7f44e683cca12baea8_2_552x500.jpeg,
[2026-09-11 18:14:42] Response headers: {'Server': 'nginx', 'Date': 'Fri, 11 Sep 2026 18:14:42 GMT', 'Content-Type': 'text/html', 'Content-Length': '548', 'Connection': 'keep-alive'}
[2026-09-11 18:14:46] Upload failed 404: requested=https://forums.greaterthangames.com/uploads/default/optimized/2X/f/fdbd38754ab740f6dbec90316ad7892222b05d8f_2_472x500.png, final=https://forums.greaterthangames.com/uploads/default/optimized/2X/f/fdbd38754ab740f6dbec90316ad7892222b05d8f_2_472x500.png,
[2026-09-11 18:14:46] Response headers: {'Server': 'nginx', 'Date': 'Fri, 11 Sep 2026 18:14:46 GMT', 'Content-Type': 'text/html', 'Content-Length': '548', 'Connection': 'keep-alive'}
[2026-09-11 18:15:59] [364/3471] Fetching topic 30901
[2026-09-11 18:16:00] Topic 30901: downloading 8 uploads
[2026-09-11 18:16:04] Upload failed 404: requested=https://forums.greaterthangames.com/uploads/default/optimized/2X/f/f7246875795a872762b99a9298a0bdf08a980d25_2_322x500.jpeg, final=https://forums.greaterthangames.com/uploads/default/optimized/2X/f/f7246875795a872762b99a9298a0bdf08a980d25_2_322x500.jpeg,
[2026-09-11 18:16:04] Response headers: {'Server': 'nginx', 'Date': 'Fri, 11 Sep 2026 18:16:04 GMT', 'Content-Type': 'text/html', 'Content-Length': '548', 'Connection': 'keep-alive'}
[2026-09-11 18:16:07] [365/3471] Fetching topic 30887
[2026-09-11 18:16:08] Topic 30887: downloading 1 uploads
[2026-09-11 18:16:08] [366/3471] Fetching topic 30879
[2026-09-11 18:16:09] [367/3471] Fetching topic 30866
[2026-09-11 18:16:10] Topic 30866: missing 2 posts; fetching in batches...
[2026-09-11 18:16:11] Topic 30866: downloading 20 uploads
[2026-09-11 18:16:17] Upload failed 404: requested=https://forums.greaterthangames.com/uploads/default/optimized/2X/8/8f99bee048758f65c7efa656849753a44e16b025_2_322x500.jpeg, final=https://forums.greaterthangames.com/uploads/default/optimized/2X/8/8f99bee048758f65c7efa656849753a44e16b025_2_322x500.jpeg,
[2026-09-11 18:16:17] Response headers: {'Server': 'nginx', 'Date': 'Fri, 11 Sep 2026 18:16:17 GMT', 'Content-Type': 'text/html', 'Content-Length': '548', 'Connection': 'keep-alive'}
[2026-09-11 18:16:20] Upload failed 404: requested=https://forums.greaterthangames.com/uploads/default/optimized/2X/d/d362c58d9a24d4ea800a103585c75f00cd0d8b04_2_326x500.jpeg, final=https://forums.greaterthangames.com/uploads/default/optimized/2X/d/d362c58d9a24d4ea800a103585c75f00cd0d8b04_2_326x500.jpeg,
[2026-09-11 18:16:20] Response headers: {'Server': 'nginx', 'Date': 'Fri, 11 Sep 2026 18:16:20 GMT', 'Content-Type': 'text/html', 'Content-Length': '548', 'Connection': 'keep-alive'}
[2026-09-11 18:16:26] Upload failed 404: requested=https://forums.greaterthangames.com/uploads/default/optimized/2X/f/f3de2e0de181d4c1404de81a6affc5e948fe7e75_2_325x500.jpeg, final=https://forums.greaterthangames.com/uploads/default/optimized/2X/f/f3de2e0de181d4c1404de81a6affc5e948fe7e75_2_325x500.jpeg,
[2026-09-11 18:16:26] Response headers: {'Server': 'nginx', 'Date': 'Fri, 11 Sep 2026 18:16:26 GMT', 'Content-Type': 'text/html', 'Content-Length': '548', 'Connection': 'keep-alive'}
[2026-09-11 18:16:31] [368/3471] Fetching topic 30867
[2026-09-11 18:16:32] [369/3471] Fetching topic 30841
[2026-09-11 18:16:33] Topic 30841: downloading 8 uploads
[2026-09-11 18:16:37] Upload failed 404: requested=https://forums.greaterthangames.com/uploads/default/optimized/2X/8/8bbf06b520ec01b66600e78e4138362d5c8f3c28_2_322x500.jpeg, final=https://forums.greaterthangames.com/uploads/default/optimized/2X/8/8bbf06b520ec01b66600e78e4138362d5c8f3c28_2_322x500.jpeg,
[2026-09-11 18:16:37] Response headers: {'Server': 'nginx', 'Date': 'Fri, 11 Sep 2026 18:16:37 GMT', 'Content-Type': 'text/html', 'Content-Length': '548', 'Connection': 'keep-alive'}
[2026-09-11 18:16:40] [370/3471] Fetching topic 30829
[2026-09-11 18:16:41] Topic 30829: downloading 8 uploads
[2026-09-11 18:16:45] Upload failed 404: requested=https://forums.greaterthangames.com/uploads/default/optimized/2X/f/fcfeec2509dfd134dd8deb3e44f6cacdcac7c856_2_322x500.jpeg, final=https://forums.greaterthangames.com/uploads/default/optimized/2X/f/fcfeec2509dfd134dd8deb3e44f6cacdcac7c856_2_322x500.jpeg,
[2026-09-11 18:16:45] Response headers: {'Server': 'nginx', 'Date': 'Fri, 11 Sep 2026 18:16:45 GMT', 'Content-Type': 'text/html', 'Content-Length': '548', 'Connection': 'keep-alive'}
[2026-09-11 18:16:49] [371/3471] Fetching topic 30812
[2026-09-11 18:16:50] Topic 30812: downloading 8 uploads
[2026-09-11 18:16:54] Upload failed 404: requested=https://forums.greaterthangames.com/uploads/default/optimized/2X/c/cf0a515167300acc9a7bfba13550ccbfa83f4294_2_322x500.jpeg, final=https://forums.greaterthangames.com/uploads/default/optimized/2X/c/cf0a515167300acc9a7bfba13550ccbfa83f4294_2_322x500.jpeg,
[2026-09-11 18:16:54] Response headers: {'Server': 'nginx', 'Date': 'Fri, 11 Sep 2026 18:16:53 GMT', 'Content-Type': 'text/html', 'Content-Length': '548', 'Connection': 'keep-alive'}
[2026-09-11 18:16:57] [372/3471] Fetching topic 30820
[2026-09-11 18:16:58] Topic 30820: downloading 1 uploads
[2026-09-11 18:16:58] [373/3471] Fetching topic 30804
[2026-09-11 18:16:59] [374/3471] Fetching topic 30799
[2026-09-11 18:17:00] Topic 30799: downloading 8 uploads
[2026-09-11 18:17:04] Upload failed 404: requested=https://forums.greaterthangames.com/uploads/default/optimized/2X/2/2a360961cdb10657fd42d879649bb86b311d8127_2_322x500.jpeg, final=https://forums.greaterthangames.com/uploads/default/optimized/2X/2/2a360961cdb10657fd42d879649bb86b311d8127_2_322x500.jpeg,
[2026-09-11 18:17:04] Response headers: {'Server': 'nginx', 'Date': 'Fri, 11 Sep 2026 18:17:04 GMT', 'Content-Type': 'text/html', 'Content-Length': '548', 'Connection': 'keep-alive'}
[2026-09-11 18:17:07] [375/3471] Fetching topic 30783
[2026-09-11 18:17:08] Topic 30783: missing 9 posts; fetching in batches...
[2026-09-11 18:17:09] Topic 30783: downloading 8 uploads
[2026-09-11 18:17:13] Upload failed 404: requested=https://forums.greaterthangames.com/uploads/default/optimized/2X/f/f6c53e1e91a27a7f953f5461e8de18f0fb1fffea_2_323x500.jpeg, final=https://forums.greaterthangames.com/uploads/default/optimized/2X/f/f6c53e1e91a27a7f953f5461e8de18f0fb1fffea_2_323x500.jpeg,
[2026-09-11 18:17:13] Response headers: {'Server': 'nginx', 'Date': 'Fri, 11 Sep 2026 18:17:13 GMT', 'Content-Type': 'text/html', 'Content-Length': '548', 'Connection': 'keep-alive'}
[2026-09-11 18:17:17] [376/3471] Fetching topic 18637
[2026-09-11 18:17:18] Topic 18637: missing 3 posts; fetching in batches...
[2026-09-11 18:17:19] [377/3471] Fetching topic 30234
[2026-09-11 18:17:20] [378/3471] Fetching topic 30768
[2026-09-11 18:17:21] Topic 30768: downloading 1 uploads
[2026-09-11 18:17:21] [379/3471] Fetching topic 29316
[2026-09-11 18:17:22] [380/3471] Fetching topic 30460
[2026-09-11 18:17:23] Topic 30460: missing 33 posts; fetching in batches...
[2026-09-11 18:17:24] Topic 30460: downloading 85 uploads
[2026-09-11 18:17:41] Upload failed 404: requested=https://forums.greaterthangames.com/uploads/default/optimized/2X/0/01d95c7ce0c96b23883d05d1db09e056e171d99d_2_666x500.jpeg, final=https://forums.greaterthangames.com/uploads/default/optimized/2X/0/01d95c7ce0c96b23883d05d1db09e056e171d99d_2_666x500.jpeg,
[2026-09-11 18:17:41] Response headers: {'Server': 'nginx', 'Date': 'Fri, 11 Sep 2026 18:17:41 GMT', 'Content-Type': 'text/html', 'Content-Length': '548', 'Connection': 'keep-alive'}
[2026-09-11 18:17:46] Upload failed 404: requested=https://forums.greaterthangames.com/uploads/default/optimized/2X/0/0267334c3d63fa42639216237535af3dcc049a66_2_690x341.png, final=https://forums.greaterthangames.com/uploads/default/optimized/2X/0/0267334c3d63fa42639216237535af3dcc049a66_2_690x341.png,
[2026-09-11 18:17:46] Response headers: {'Server': 'nginx', 'Date': 'Fri, 11 Sep 2026 18:17:46 GMT', 'Content-Type': 'text/html', 'Content-Length': '548', 'Connection': 'keep-alive'}
[2026-09-11 18:17:49] Upload failed 404: requested=https://forums.greaterthangames.com/uploads/default/optimized/2X/0/0ee7ceb9f729761d6bf83fea9f6203170090992c_2_646x499.jpeg, final=https://forums.greaterthangames.com/uploads/default/optimized/2X/0/0ee7ceb9f729761d6bf83fea9f6203170090992c_2_646x499.jpeg,
[2026-09-11 18:17:49] Response headers: {'Server': 'nginx', 'Date': 'Fri, 11 Sep 2026 18:17:49 GMT', 'Content-Type': 'text/html', 'Content-Length': '548', 'Connection': 'keep-alive'}
[2026-09-11 18:17:54] Upload failed 404: requested=https://forums.greaterthangames.com/uploads/default/optimized/2X/4/4f7f3b05f42592cbba2eccb14a9db1eb4ffe7336_2_666x500.jpeg, final=https://forums.greaterthangames.com/uploads/default/optimized/2X/4/4f7f3b05f42592cbba2eccb14a9db1eb4ffe7336_2_666x500.jpeg,
[2026-09-11 18:17:54] Response headers: {'Server': 'nginx', 'Date': 'Fri, 11 Sep 2026 18:17:54 GMT', 'Content-Type': 'text/html', 'Content-Length': '548', 'Connection': 'keep-alive'}
[2026-09-11 18:17:58] Upload failed 404: requested=https://forums.greaterthangames.com/uploads/default/optimized/2X/5/562228e0f8a20a54eb89e7468b75cceaa9cae989_2_349x500.jpeg, final=https://forums.greaterthangames.com/uploads/default/optimized/2X/5/562228e0f8a20a54eb89e7468b75cceaa9cae989_2_349x500.jpeg,
[2026-09-11 18:17:58] Response headers: {'Server': 'nginx', 'Date': 'Fri, 11 Sep 2026 18:17:58 GMT', 'Content-Type': 'text/html', 'Content-Length': '548', 'Connection': 'keep-alive'}
[2026-09-11 18:18:03] Upload failed 404: requested=https://forums.greaterthangames.com/uploads/default/optimized/2X/7/75c559c23ccd3bb13e5534e9cb356207cad7b2d1_2_329x500.jpeg, final=https://forums.greaterthangames.com/uploads/default/optimized/2X/7/75c559c23ccd3bb13e5534e9cb356207cad7b2d1_2_329x500.jpeg,
[2026-09-11 18:18:03] Response headers: {'Server': 'nginx', 'Date': 'Fri, 11 Sep 2026 18:18:03 GMT', 'Content-Type': 'text/html', 'Content-Length': '548', 'Connection': 'keep-alive'}
[2026-09-11 18:18:07] Upload failed 404: requested=https://forums.greaterthangames.com/uploads/default/optimized/2X/7/7baf5a6b574bb52c8a3dc4e8d52c31ebffeab53a_2_322x500.jpeg, final=https://forums.greaterthangames.com/uploads/default/optimized/2X/7/7baf5a6b574bb52c8a3dc4e8d52c31ebffeab53a_2_322x500.jpeg,
[2026-09-11 18:18:07] Response headers: {'Server': 'nginx', 'Date': 'Fri, 11 Sep 2026 18:18:07 GMT', 'Content-Type': 'text/html', 'Content-Length': '548', 'Connection': 'keep-alive'}
[2026-09-11 18:18:12] Upload failed 404: requested=https://forums.greaterthangames.com/uploads/default/optimized/2X/8/81e5d03fd82562e0faf71f20a2287182df34693d_2_666x500.jpeg, final=https://forums.greaterthangames.com/uploads/default/optimized/2X/8/81e5d03fd82562e0faf71f20a2287182df34693d_2_666x500.jpeg,
[2026-09-11 18:18:12] Response headers: {'Server': 'nginx', 'Date': 'Fri, 11 Sep 2026 18:18:12 GMT', 'Content-Type': 'text/html', 'Content-Length': '548', 'Connection': 'keep-alive'}
[2026-09-11 18:18:17] Upload failed 404: requested=https://forums.greaterthangames.com/uploads/default/optimized/2X/8/836a6bcd2f633774b04bdf4b7713139b44129ce3_2_325x500.png, final=https://forums.greaterthangames.com/uploads/default/optimized/2X/8/836a6bcd2f633774b04bdf4b7713139b44129ce3_2_325x500.png,
[2026-09-11 18:18:17] Response headers: {'Server': 'nginx', 'Date': 'Fri, 11 Sep 2026 18:18:17 GMT', 'Content-Type': 'text/html', 'Content-Length': '548', 'Connection': 'keep-alive'}
[2026-09-11 18:18:20] Upload failed 404: requested=https://forums.greaterthangames.com/uploads/default/optimized/2X/b/b1367aa623cb7a1cf23bd9b9a81f4d36e97dde0d_2_375x500.jpeg, final=https://forums.greaterthangames.com/uploads/default/optimized/2X/b/b1367aa623cb7a1cf23bd9b9a81f4d36e97dde0d_2_375x500.jpeg,
[2026-09-11 18:18:20] Response headers: {'Server': 'nginx', 'Date': 'Fri, 11 Sep 2026 18:18:20 GMT', 'Content-Type': 'text/html', 'Content-Length': '548', 'Connection': 'keep-alive'}
[2026-09-11 18:18:26] Upload failed 404: requested=https://forums.greaterthangames.com/uploads/default/optimized/2X/d/d1e8848cf4323758fa3def0f9fbbc1854809a55a_2_666x500.jpeg, final=https://forums.greaterthangames.com/uploads/default/optimized/2X/d/d1e8848cf4323758fa3def0f9fbbc1854809a55a_2_666x500.jpeg,
[2026-09-11 18:18:26] Response headers: {'Server': 'nginx', 'Date': 'Fri, 11 Sep 2026 18:18:26 GMT', 'Content-Type': 'text/html', 'Content-Length': '548', 'Connection': 'keep-alive'}
[2026-09-11 18:18:30] Upload failed 404: requested=https://forums.greaterthangames.com/uploads/default/optimized/2X/e/e7ccc357824c1a3dcfdfa8d9db306e92925dbfa7_2_690x410.png, final=https://forums.greaterthangames.com/uploads/default/optimized/2X/e/e7ccc357824c1a3dcfdfa8d9db306e92925dbfa7_2_690x410.png,
[2026-09-11 18:18:30] Response headers: {'Server': 'nginx', 'Date': 'Fri, 11 Sep 2026 18:18:30 GMT', 'Content-Type': 'text/html', 'Content-Length': '548', 'Connection': 'keep-alive'}
[2026-09-11 18:18:34] Upload failed 404: requested=https://forums.greaterthangames.com/uploads/default/optimized/2X/f/f246380a3b10cdd1d769f59bf513d7d2189c03af_2_666x500.jpeg, final=https://forums.greaterthangames.com/uploads/default/optimized/2X/f/f246380a3b10cdd1d769f59bf513d7d2189c03af_2_666x500.jpeg,
[2026-09-11 18:18:34] Response headers: {'Server': 'nginx', 'Date': 'Fri, 11 Sep 2026 18:18:34 GMT', 'Content-Type': 'text/html', 'Content-Length': '548', 'Connection': 'keep-alive'}
[2026-09-11 18:18:51] [381/3471] Fetching topic 30761
[2026-09-11 18:18:52] [382/3471] Fetching topic 30441
[2026-09-11 18:18:53] Topic 30441: downloading 3 uploads
[2026-09-11 18:18:56] [383/3471] Fetching topic 30018
[2026-09-11 18:18:57] Topic 30018: missing 18 posts; fetching in batches...
[2026-09-11 18:18:58] [384/3471] Fetching topic 30661
[2026-09-11 18:18:59] Topic 30661: downloading 1 uploads
[2026-09-11 18:18:59] [385/3471] Fetching topic 30674
[2026-09-11 18:19:01] Topic 30674: downloading 2 uploads
[2026-09-11 18:19:02] [386/3471] Fetching topic 10747
[2026-09-11 18:19:03] [387/3471] Fetching topic 28952
[2026-09-11 18:19:04] [388/3471] Fetching topic 9957
[2026-09-11 18:19:05] Topic 9957: missing 85 posts; fetching in batches...
[2026-09-11 18:19:08] Topic 9957: downloading 2 uploads
[2026-09-11 18:19:09] [389/3471] Fetching topic 30506
[2026-09-11 18:19:11] Topic 30506: downloading 1 uploads
[2026-09-11 18:19:12] [390/3471] Fetching topic 30507
[2026-09-11 18:19:13] [391/3471] Fetching topic 30494
[2026-09-11 18:19:14] Topic 30494: downloading 1 uploads
[2026-09-11 18:19:14] [392/3471] Fetching topic 29878
[2026-09-11 18:19:15] Topic 29878: missing 9 posts; fetching in batches...
[2026-09-11 18:19:16] [393/3471] Fetching topic 30484
[2026-09-11 18:19:17] Topic 30484: downloading 7 uploads
[2026-09-11 18:19:21] Upload failed 404: requested=https://forums.greaterthangames.com/uploads/default/optimized/2X/6/66753d84c32d12889bc1e1571f41b874a4c88692_2_666x500.jpeg, final=https://forums.greaterthangames.com/uploads/default/optimized/2X/6/66753d84c32d12889bc1e1571f41b874a4c88692_2_666x500.jpeg,
[2026-09-11 18:19:21] Response headers: {'Server': 'nginx', 'Date': 'Fri, 11 Sep 2026 18:19:21 GMT', 'Content-Type': 'text/html', 'Content-Length': '548', 'Connection': 'keep-alive'}
[2026-09-11 18:19:24] [394/3471] Fetching topic 30459
[2026-09-11 18:19:25] Topic 30459: downloading 1 uploads
[2026-09-11 18:19:25] [395/3471] Fetching topic 30461
[2026-09-11 18:19:26] Topic 30461: downloading 6 uploads
[2026-09-11 18:19:31] Upload failed 404: requested=https://forums.greaterthangames.com/uploads/default/optimized/2X/c/c6535af0c4296e547c6f2a590de74c3069f8b8d9_2_690x231.jpeg, final=https://forums.greaterthangames.com/uploads/default/optimized/2X/c/c6535af0c4296e547c6f2a590de74c3069f8b8d9_2_690x231.jpeg,
[2026-09-11 18:19:31] Response headers: {'Server': 'nginx', 'Date': 'Fri, 11 Sep 2026 18:19:31 GMT', 'Content-Type': 'text/html', 'Content-Length': '548', 'Connection': 'keep-alive'}
[2026-09-11 18:19:32] [396/3471] Fetching topic 30444
[2026-09-11 18:19:33] Topic 30444: missing 11 posts; fetching in batches...
[2026-09-11 18:19:34] Topic 30444: downloading 15 uploads
[2026-09-11 18:19:40] Upload failed 404: requested=https://forums.greaterthangames.com/uploads/default/optimized/2X/7/7e7bf4341e01a865c1bb4f0b233bda9f0a441c69_2_642x500.jpeg, final=https://forums.greaterthangames.com/uploads/default/optimized/2X/7/7e7bf4341e01a865c1bb4f0b233bda9f0a441c69_2_642x500.jpeg,
[2026-09-11 18:19:40] Response headers: {'Server': 'nginx', 'Date': 'Fri, 11 Sep 2026 18:19:40 GMT', 'Content-Type': 'text/html', 'Content-Length': '548', 'Connection': 'keep-alive'}
[2026-09-11 18:19:44] Upload failed 404: requested=https://forums.greaterthangames.com/uploads/default/optimized/2X/d/d8dc0fd9155c38e600f112ecd50d13707cd2d7da_2_322x500.jpeg, final=https://forums.greaterthangames.com/uploads/default/optimized/2X/d/d8dc0fd9155c38e600f112ecd50d13707cd2d7da_2_322x500.jpeg,
[2026-09-11 18:19:44] Response headers: {'Server': 'nginx', 'Date': 'Fri, 11 Sep 2026 18:19:44 GMT', 'Content-Type': 'text/html', 'Content-Length': '548', 'Connection': 'keep-alive'}
[2026-09-11 18:19:49] [397/3471] Fetching topic 30419
[2026-09-11 18:19:49] Topic 30419: downloading 1 uploads
[2026-09-11 18:19:49] [398/3471] Fetching topic 30325
[2026-09-11 18:19:50] [399/3471] Fetching topic 30346
[2026-09-11 18:19:52] Topic 30346: downloading 1 uploads
[2026-09-11 18:19:52] [400/3471] Fetching topic 30319
[2026-09-11 18:19:53] Topic 30319: downloading 1 uploads
[2026-09-11 18:19:54] [401/3471] Fetching topic 30305
[2026-09-11 18:19:55] [402/3471] Fetching topic 30300
[2026-09-11 18:19:56] Topic 30300: missing 13 posts; fetching in batches...
[2026-09-11 18:19:57] [403/3471] Fetching topic 30299
[2026-09-11 18:19:58] Topic 30299: downloading 1 uploads
[2026-09-11 18:19:58] [404/3471] Fetching topic 30264
[2026-09-11 18:19:59] [405/3471] Fetching topic 30249
[2026-09-11 18:20:00] [406/3471] Fetching topic 30023
[2026-09-11 18:20:02] [407/3471] Fetching topic 30197
[2026-09-11 18:20:03] [408/3471] Fetching topic 28396
[2026-09-11 18:20:04] Topic 28396: missing 102 posts; fetching in batches...
[2026-09-11 18:20:07] Topic 28396: downloading 2 uploads
[2026-09-11 18:20:08] [409/3471] Fetching topic 20426
[2026-09-11 18:20:09] Topic 20426: downloading 12 uploads
[2026-09-11 18:20:21] [410/3471] Fetching topic 30154
[2026-09-11 18:20:22] [411/3471] Fetching topic 30188
[2026-09-11 18:20:23] Topic 30188: downloading 1 uploads
[2026-09-11 18:20:23] [412/3471] Fetching topic 6706
[2026-09-11 18:20:24] Topic 6706: missing 464 posts; fetching in batches...
[2026-09-11 18:20:36] Topic 6706: downloading 8 uploads
[2026-09-11 18:20:40] Upload failed 404: requested=https://forums.greaterthangames.com/uploads/default/optimized/2X/f/f160f7eb6e0c46d0d09301672ae1a34e705e9b88_2_690x116.jpeg, final=https://forums.greaterthangames.com/uploads/default/optimized/2X/f/f160f7eb6e0c46d0d09301672ae1a34e705e9b88_2_690x116.jpeg,
[2026-09-11 18:20:40] Response headers: {'Server': 'nginx', 'Date': 'Fri, 11 Sep 2026 18:20:40 GMT', 'Content-Type': 'text/html', 'Content-Length': '548', 'Connection': 'keep-alive'}
[2026-09-11 18:20:43] [413/3471] Fetching topic 30162
[2026-09-11 18:20:44] Topic 30162: downloading 1 uploads
[2026-09-11 18:20:44] [414/3471] Fetching topic 5048
[2026-09-11 18:20:45] [415/3471] Fetching topic 8546
[2026-09-11 18:20:46] Topic 8546: missing 61 posts; fetching in batches...
[2026-09-11 18:20:49] [416/3471] Fetching topic 5612
[2026-09-11 18:20:50] Topic 5612: missing 69 posts; fetching in batches...
[2026-09-11 18:20:52] [417/3471] Fetching topic 28950
[2026-09-11 18:20:53] Topic 28950: downloading 2 uploads
[2026-09-11 18:20:55] [418/3471] Fetching topic 16378
[2026-09-11 18:20:56] Topic 16378: missing 69 posts; fetching in batches...
[2026-09-11 18:20:58] Topic 16378: downloading 6 uploads
[2026-09-11 18:21:02] Upload failed 404: requested=https://forums.greaterthangames.com/uploads/default/optimized/2X/2/2b43ac8c636172233fc912e5ff034904419b6e1d_2_690x343.jpeg, final=https://forums.greaterthangames.com/uploads/default/optimized/2X/2/2b43ac8c636172233fc912e5ff034904419b6e1d_2_690x343.jpeg,
[2026-09-11 18:21:02] Response headers: {'Server': 'nginx', 'Date': 'Fri, 11 Sep 2026 18:21:02 GMT', 'Content-Type': 'text/html', 'Content-Length': '548', 'Connection': 'keep-alive'}
[2026-09-11 18:21:05] [419/3471] Fetching topic 30104
[2026-09-11 18:21:06] Topic 30104: missing 4 posts; fetching in batches...
[2026-09-11 18:21:07] Topic 30104: downloading 11 uploads
[2026-09-11 18:21:11] Upload failed 404: requested=https://forums.greaterthangames.com/uploads/default/optimized/2X/0/09778935a003f0151a6992e2c1d2afcba6bec7c0_2_346x500.webp, final=https://forums.greaterthangames.com/uploads/default/optimized/2X/0/09778935a003f0151a6992e2c1d2afcba6bec7c0_2_346x500.webp,
[2026-09-11 18:21:11] Response headers: {'Server': 'nginx', 'Date': 'Fri, 11 Sep 2026 18:21:11 GMT', 'Content-Type': 'text/html', 'Content-Length': '548', 'Connection': 'keep-alive'}
[2026-09-11 18:21:15] Upload failed 404: requested=https://forums.greaterthangames.com/uploads/default/optimized/2X/d/d659e31cea402ea7839c68f3cf6301951a536460_2_355x500.png, final=https://forums.greaterthangames.com/uploads/default/optimized/2X/d/d659e31cea402ea7839c68f3cf6301951a536460_2_355x500.png,
[2026-09-11 18:21:15] Response headers: {'Server': 'nginx', 'Date': 'Fri, 11 Sep 2026 18:21:15 GMT', 'Content-Type': 'text/html', 'Content-Length': '548', 'Connection': 'keep-alive'}
[2026-09-11 18:21:17] [420/3471] Fetching topic 29558
[2026-09-11 18:21:18] Topic 29558: missing 76 posts; fetching in batches...
[2026-09-11 18:21:21] Topic 29558: downloading 7 uploads
[2026-09-11 18:21:24] Upload failed 404: requested=https://forums.greaterthangames.com/uploads/default/optimized/2X/7/793badee513d9fb01996cc06a6aaea596054f0f2_2_664x500.jpeg, final=https://forums.greaterthangames.com/uploads/default/optimized/2X/7/793badee513d9fb01996cc06a6aaea596054f0f2_2_664x500.jpeg,
[2026-09-11 18:21:24] Response headers: {'Server': 'nginx', 'Date': 'Fri, 11 Sep 2026 18:21:24 GMT', 'Content-Type': 'text/html', 'Content-Length': '548', 'Connection': 'keep-alive'}
[2026-09-11 18:21:28] [421/3471] Fetching topic 30110
[2026-09-11 18:21:29] Topic 30110: downloading 7 uploads
[2026-09-11 18:21:33] Upload failed 404: requested=https://forums.greaterthangames.com/uploads/default/optimized/2X/d/d3610b78e034cc667b8541f7069bcbe6e44c22e9_2_322x500.jpeg, final=https://forums.greaterthangames.com/uploads/default/optimized/2X/d/d3610b78e034cc667b8541f7069bcbe6e44c22e9_2_322x500.jpeg,
[2026-09-11 18:21:33] Response headers: {'Server': 'nginx', 'Date': 'Fri, 11 Sep 2026 18:21:33 GMT', 'Content-Type': 'text/html', 'Content-Length': '548', 'Connection': 'keep-alive'}
[2026-09-11 18:21:35] [422/3471] Fetching topic 19726
[2026-09-11 18:21:36] [423/3471] Fetching topic 30051
[2026-09-11 18:21:37] Topic 30051: missing 1 posts; fetching in batches...
[2026-09-11 18:21:38] Topic 30051: downloading 6 uploads
[2026-09-11 18:21:43] Upload failed 404: requested=https://forums.greaterthangames.com/uploads/default/optimized/2X/b/bf76c01749356fffdc8c788a97234d0db353d534_2_690x446.jpeg, final=https://forums.greaterthangames.com/uploads/default/optimized/2X/b/bf76c01749356fffdc8c788a97234d0db353d534_2_690x446.jpeg,
[2026-09-11 18:21:43] Response headers: {'Server': 'nginx', 'Date': 'Fri, 11 Sep 2026 18:21:43 GMT', 'Content-Type': 'text/html', 'Content-Length': '548', 'Connection': 'keep-alive'}
[2026-09-11 18:21:44] [424/3471] Fetching topic 30040
[2026-09-11 18:21:46] Topic 30040: downloading 1 uploads
[2026-09-11 18:21:46] [425/3471] Fetching topic 29449
[2026-09-11 18:21:47] Topic 29449: downloading 2 uploads
[2026-09-11 18:21:49] [426/3471] Fetching topic 29969
[2026-09-11 18:21:50] Topic 29969: downloading 9 uploads
[2026-09-11 18:21:54] Upload failed 404: requested=https://forums.greaterthangames.com/uploads/default/optimized/2X/c/c80297b6201e9f527b7e6b785e4e76284c2ce912_2_322x500.jpeg, final=https://forums.greaterthangames.com/uploads/default/optimized/2X/c/c80297b6201e9f527b7e6b785e4e76284c2ce912_2_322x500.jpeg,
[2026-09-11 18:21:54] Response headers: {'Server': 'nginx', 'Date': 'Fri, 11 Sep 2026 18:21:54 GMT', 'Content-Type': 'text/html', 'Content-Length': '548', 'Connection': 'keep-alive'}
[2026-09-11 18:21:58] [427/3471] Fetching topic 29938
[2026-09-11 18:21:59] Topic 29938: downloading 1 uploads
[2026-09-11 18:21:59] [428/3471] Fetching topic 29937
[2026-09-11 18:22:00] [429/3471] Fetching topic 29933
[2026-09-11 18:22:01] [430/3471] Fetching topic 29929
[2026-09-11 18:22:02] [431/3471] Fetching topic 17131
[2026-09-11 18:22:04] [432/3471] Fetching topic 18036
[2026-09-11 18:22:05] [433/3471] Fetching topic 29865
[2026-09-11 18:22:06] Topic 29865: downloading 3 uploads
[2026-09-11 18:22:09] [434/3471] Fetching topic 29868
[2026-09-11 18:22:10] [435/3471] Fetching topic 29838
[2026-09-11 18:22:11] Topic 29838: downloading 13 uploads
[2026-09-11 18:22:15] Upload failed 404: requested=https://forums.greaterthangames.com/uploads/default/optimized/2X/a/a874fcfc72d041882bca5d056c646bc270a67911_2_340x500.png, final=https://forums.greaterthangames.com/uploads/default/optimized/2X/a/a874fcfc72d041882bca5d056c646bc270a67911_2_340x500.png,
[2026-09-11 18:22:15] Response headers: {'Server': 'nginx', 'Date': 'Fri, 11 Sep 2026 18:22:15 GMT', 'Content-Type': 'text/html', 'Content-Length': '548', 'Connection': 'keep-alive'}
[2026-09-11 18:22:24] [436/3471] Fetching topic 29602
[2026-09-11 18:22:26] Topic 29602: downloading 8 uploads
[2026-09-11 18:22:30] Upload failed 404: requested=https://forums.greaterthangames.com/uploads/default/optimized/2X/f/f8d9c8aebfe8419f0ebb36e093c06fd9d6a0b405_2_322x500.jpeg, final=https://forums.greaterthangames.com/uploads/default/optimized/2X/f/f8d9c8aebfe8419f0ebb36e093c06fd9d6a0b405_2_322x500.jpeg,
[2026-09-11 18:22:30] Response headers: {'Server': 'nginx', 'Date': 'Fri, 11 Sep 2026 18:22:30 GMT', 'Content-Type': 'text/html', 'Content-Length': '548', 'Connection': 'keep-alive'}
[2026-09-11 18:22:33] [437/3471] Fetching topic 16641
[2026-09-11 18:22:34] Topic 16641: missing 26 posts; fetching in batches...
[2026-09-11 18:22:35] [438/3471] Fetching topic 29830
[2026-09-11 18:22:36] Topic 29830: downloading 1 uploads
[2026-09-11 18:22:36] [439/3471] Fetching topic 29815
[2026-09-11 18:22:37] Topic 29815: downloading 1 uploads
[2026-09-11 18:22:37] [440/3471] Fetching topic 29803
[2026-09-11 18:22:38] [441/3471] Fetching topic 29773
[2026-09-11 18:22:39] Topic 29773: downloading 6 uploads
[2026-09-11 18:22:43] Upload failed 404: requested=https://forums.greaterthangames.com/uploads/default/optimized/2X/5/5509d51746c13a202f8c065edf8119ed347be7ab_2_500x500.png, final=https://forums.greaterthangames.com/uploads/default/optimized/2X/5/5509d51746c13a202f8c065edf8119ed347be7ab_2_500x500.png,
[2026-09-11 18:22:43] Response headers: {'Server': 'nginx', 'Date': 'Fri, 11 Sep 2026 18:22:43 GMT', 'Content-Type': 'text/html', 'Content-Length': '548', 'Connection': 'keep-alive'}
[2026-09-11 18:22:45] [442/3471] Fetching topic 29717
[2026-09-11 18:22:47] [443/3471] Fetching topic 29315
[2026-09-11 18:22:48] Topic 29315: downloading 8 uploads
[2026-09-11 18:22:52] Upload failed 404: requested=https://forums.greaterthangames.com/uploads/default/optimized/2X/b/b3a01c5ad7cafaf0cbd7d5471a4b9c93532d92ea_2_231x500.jpeg, final=https://forums.greaterthangames.com/uploads/default/optimized/2X/b/b3a01c5ad7cafaf0cbd7d5471a4b9c93532d92ea_2_231x500.jpeg,
[2026-09-11 18:22:52] Response headers: {'Server': 'nginx', 'Date': 'Fri, 11 Sep 2026 18:22:52 GMT', 'Content-Type': 'text/html', 'Content-Length': '548', 'Connection': 'keep-alive'}
[2026-09-11 18:22:56] [444/3471] Fetching topic 29657
[2026-09-11 18:22:57] [445/3471] Fetching topic 29587
[2026-09-11 18:22:58] [446/3471] Fetching topic 20476
[2026-09-11 18:22:59] Topic 20476: missing 7 posts; fetching in batches...
[2026-09-11 18:23:00] [447/3471] Fetching topic 29549
[2026-09-11 18:23:01] Topic 29549: downloading 6 uploads
[2026-09-11 18:23:05] Upload failed 404: requested=https://forums.greaterthangames.com/uploads/default/optimized/2X/f/f5cc6abc6225113360cb9771e769f57029a3a781_2_187x500.png, final=https://forums.greaterthangames.com/uploads/default/optimized/2X/f/f5cc6abc6225113360cb9771e769f57029a3a781_2_187x500.png,
[2026-09-11 18:23:05] Response headers: {'Server': 'nginx', 'Date': 'Fri, 11 Sep 2026 18:23:05 GMT', 'Content-Type': 'text/html', 'Content-Length': '548', 'Connection': 'keep-alive'}
[2026-09-11 18:23:08] [448/3471] Fetching topic 29537
[2026-09-11 18:23:09] [449/3471] Fetching topic 29517
[2026-09-11 18:23:10] [450/3471] Fetching topic 29510
[2026-09-11 18:23:11] [451/3471] Fetching topic 29272
[2026-09-11 18:23:12] Topic 29272: missing 9 posts; fetching in batches...
[2026-09-11 18:23:13] [452/3471] Fetching topic 29429
[2026-09-11 18:23:14] [453/3471] Fetching topic 19443
[2026-09-11 18:23:16] [454/3471] Fetching topic 11495
[2026-09-11 18:23:17] [455/3471] Fetching topic 29339
[2026-09-11 18:23:18] [456/3471] Fetching topic 29332
[2026-09-11 18:23:19] Topic 29332: downloading 1 uploads
[2026-09-11 18:23:19] [457/3471] Fetching topic 29321
[2026-09-11 18:23:20] Topic 29321: downloading 1 uploads
[2026-09-11 18:23:21] [458/3471] Fetching topic 29278
[2026-09-11 18:23:22] [459/3471] Fetching topic 29293
[2026-09-11 18:23:24] Topic 29293: downloading 7 uploads
[2026-09-11 18:23:28] Upload failed 404: requested=https://forums.greaterthangames.com/uploads/default/optimized/2X/8/83bce7453f2c60720518a7976d256d6372be27bb_2_225x500.jpeg, final=https://forums.greaterthangames.com/uploads/default/optimized/2X/8/83bce7453f2c60720518a7976d256d6372be27bb_2_225x500.jpeg,
[2026-09-11 18:23:28] Response headers: {'Server': 'nginx', 'Date': 'Fri, 11 Sep 2026 18:23:27 GMT', 'Content-Type': 'text/html', 'Content-Length': '548', 'Connection': 'keep-alive'}
[2026-09-11 18:23:31] [460/3471] Fetching topic 29292
[2026-09-11 18:23:32] [461/3471] Fetching topic 29266
[2026-09-11 18:23:33] Topic 29266: missing 1 posts; fetching in batches...
[2026-09-11 18:23:34] Topic 29266: downloading 1 uploads
[2026-09-11 18:23:34] [462/3471] Fetching topic 29263
[2026-09-11 18:23:35] Topic 29263: downloading 5 uploads
[2026-09-11 18:23:38] Upload failed 404: requested=https://forums.greaterthangames.com/uploads/default/optimized/2X/e/e17521ea037f459ac83c66b90cc51b6d219a7b8e_2_527x500.png, final=https://forums.greaterthangames.com/uploads/default/optimized/2X/e/e17521ea037f459ac83c66b90cc51b6d219a7b8e_2_527x500.png,
[2026-09-11 18:23:38] Response headers: {'Server': 'nginx', 'Date': 'Fri, 11 Sep 2026 18:23:38 GMT', 'Content-Type': 'text/html', 'Content-Length': '548', 'Connection': 'keep-alive'}
[2026-09-11 18:23:40] [463/3471] Fetching topic 29189
[2026-09-11 18:23:42] Topic 29189: missing 1 posts; fetching in batches...
[2026-09-11 18:23:43] [464/3471] Fetching topic 29160
[2026-09-11 18:23:44] Topic 29160: downloading 1 uploads
[2026-09-11 18:23:44] [465/3471] Fetching topic 29184
[2026-09-11 18:23:45] [466/3471] Fetching topic 29185
[2026-09-11 18:23:46] [467/3471] Fetching topic 29144
[2026-09-11 18:23:47] [468/3471] Fetching topic 29147
[2026-09-11 18:23:48] Topic 29147: missing 7 posts; fetching in batches...
[2026-09-11 18:23:49] [469/3471] Fetching topic 29151
[2026-09-11 18:23:51] Topic 29151: downloading 7 uploads
[2026-09-11 18:23:55] Upload failed 404: requested=https://forums.greaterthangames.com/uploads/default/optimized/2X/d/d63a68488541e1a192ed5a1e5901e3ca55b992be_2_255x500.png, final=https://forums.greaterthangames.com/uploads/default/optimized/2X/d/d63a68488541e1a192ed5a1e5901e3ca55b992be_2_255x500.png,
[2026-09-11 18:23:55] Response headers: {'Server': 'nginx', 'Date': 'Fri, 11 Sep 2026 18:23:55 GMT', 'Content-Type': 'text/html', 'Content-Length': '548', 'Connection': 'keep-alive'}
[2026-09-11 18:23:58] [470/3471] Fetching topic 29116
[2026-09-11 18:23:59] Topic 29116: downloading 8 uploads
[2026-09-11 18:24:03] Upload failed 404: requested=https://forums.greaterthangames.com/uploads/default/optimized/2X/d/dd4e0312a19a831c8d52a7196b912158a50fb8f6_2_250x250.jpeg, final=https://forums.greaterthangames.com/uploads/default/optimized/2X/d/dd4e0312a19a831c8d52a7196b912158a50fb8f6_2_250x250.jpeg,
[2026-09-11 18:24:03] Response headers: {'Server': 'nginx', 'Date': 'Fri, 11 Sep 2026 18:24:03 GMT', 'Content-Type': 'text/html', 'Content-Length': '548', 'Connection': 'keep-alive'}
[2026-09-11 18:24:07] [471/3471] Fetching topic 29113
[2026-09-11 18:24:08] Topic 29113: downloading 28 uploads
[2026-09-11 18:24:15] Upload failed 404: requested=https://forums.greaterthangames.com/uploads/default/optimized/2X/1/13bf9e424af9b77ddc174599becbdc5f74bceeb6_2_499x375.jpeg, final=https://forums.greaterthangames.com/uploads/default/optimized/2X/1/13bf9e424af9b77ddc174599becbdc5f74bceeb6_2_499x375.jpeg,
[2026-09-11 18:24:15] Response headers: {'Server': 'nginx', 'Date': 'Fri, 11 Sep 2026 18:24:15 GMT', 'Content-Type': 'text/html', 'Content-Length': '548', 'Connection': 'keep-alive'}
[2026-09-11 18:24:21] Upload failed 404: requested=https://forums.greaterthangames.com/uploads/default/optimized/2X/3/3af06ca38ddeabd6e5bb83818585f809581d3da1_2_499x375.jpeg, final=https://forums.greaterthangames.com/uploads/default/optimized/2X/3/3af06ca38ddeabd6e5bb83818585f809581d3da1_2_499x375.jpeg,
[2026-09-11 18:24:21] Response headers: {'Server': 'nginx', 'Date': 'Fri, 11 Sep 2026 18:24:21 GMT', 'Content-Type': 'text/html', 'Content-Length': '548', 'Connection': 'keep-alive'}
[2026-09-11 18:24:26] Upload failed 404: requested=https://forums.greaterthangames.com/uploads/default/optimized/2X/a/aabc1129171eb7d2b7dcb8e0103971f7132f3a92_2_499x375.jpeg, final=https://forums.greaterthangames.com/uploads/default/optimized/2X/a/aabc1129171eb7d2b7dcb8e0103971f7132f3a92_2_499x375.jpeg,
[2026-09-11 18:24:26] Response headers: {'Server': 'nginx', 'Date': 'Fri, 11 Sep 2026 18:24:26 GMT', 'Content-Type': 'text/html', 'Content-Length': '548', 'Connection': 'keep-alive'}
[2026-09-11 18:24:31] Upload failed 404: requested=https://forums.greaterthangames.com/uploads/default/optimized/2X/b/b1ce28f12e5967da5c9eb750c5770b2eefae1b52_2_499x375.jpeg, final=https://forums.greaterthangames.com/uploads/default/optimized/2X/b/b1ce28f12e5967da5c9eb750c5770b2eefae1b52_2_499x375.jpeg,
[2026-09-11 18:24:31] Response headers: {'Server': 'nginx', 'Date': 'Fri, 11 Sep 2026 18:24:31 GMT', 'Content-Type': 'text/html', 'Content-Length': '548', 'Connection': 'keep-alive'}
[2026-09-11 18:24:37] [472/3471] Fetching topic 14345
[2026-09-11 18:24:38] Topic 14345: missing 3 posts; fetching in batches...
[2026-09-11 18:24:39] Topic 14345: downloading 7 uploads
[2026-09-11 18:24:43] Upload failed 404: requested=https://forums.greaterthangames.com/uploads/default/optimized/2X/e/ed4908fec5c7176d7db62dc88d1408b56a94e5a4_2_243x375.jpeg, final=https://forums.greaterthangames.com/uploads/default/optimized/2X/e/ed4908fec5c7176d7db62dc88d1408b56a94e5a4_2_243x375.jpeg,
[2026-09-11 18:24:43] Response headers: {'Server': 'nginx', 'Date': 'Fri, 11 Sep 2026 18:24:43 GMT', 'Content-Type': 'text/html', 'Content-Length': '548', 'Connection': 'keep-alive'}
[2026-09-11 18:24:47] [473/3471] Fetching topic 29058
[2026-09-11 18:24:48] Topic 29058: downloading 6 uploads
[2026-09-11 18:24:52] Upload failed 404: requested=https://forums.greaterthangames.com/uploads/default/optimized/2X/6/667792d7d364ea71c405a375641a031122d5a4c6_2_613x499.jpeg, final=https://forums.greaterthangames.com/uploads/default/optimized/2X/6/667792d7d364ea71c405a375641a031122d5a4c6_2_613x499.jpeg,
[2026-09-11 18:24:52] Response headers: {'Server': 'nginx', 'Date': 'Fri, 11 Sep 2026 18:24:52 GMT', 'Content-Type': 'text/html', 'Content-Length': '548', 'Connection': 'keep-alive'}
[2026-09-11 18:24:54] [474/3471] Fetching topic 29041
[2026-09-11 18:24:55] Topic 29041: missing 21 posts; fetching in batches...
[2026-09-11 18:24:56] Topic 29041: downloading 2 uploads
[2026-09-11 18:24:58] [475/3471] Fetching topic 29008
[2026-09-11 18:24:59] Topic 29008: downloading 1 uploads
[2026-09-11 18:24:59] [476/3471] Fetching topic 28995
[2026-09-11 18:25:00] Topic 28995: downloading 1 uploads
[2026-09-11 18:25:00] [477/3471] Fetching topic 28985
[2026-09-11 18:25:02] Topic 28985: downloading 1 uploads
[2026-09-11 18:25:02] [478/3471] Fetching topic 28974
[2026-09-11 18:25:03] Topic 28974: missing 7 posts; fetching in batches...
[2026-09-11 18:25:04] Topic 28974: downloading 1 uploads
[2026-09-11 18:25:04] [479/3471] Fetching topic 28930
[2026-09-11 18:25:05] Topic 28930: downloading 1 uploads
[2026-09-11 18:25:06] [480/3471] Fetching topic 28920
[2026-09-11 18:25:07] [481/3471] Fetching topic 28913
[2026-09-11 18:25:08] [482/3471] Fetching topic 28906
[2026-09-11 18:25:09] [483/3471] Fetching topic 28895
[2026-09-11 18:25:10] [484/3471] Fetching topic 28883
[2026-09-11 18:25:12] [485/3471] Fetching topic 28881
[2026-09-11 18:25:13] [486/3471] Fetching topic 28871
[2026-09-11 18:25:14] Topic 28871: downloading 7 uploads
[2026-09-11 18:25:18] Upload failed 404: requested=https://forums.greaterthangames.com/uploads/default/optimized/2X/5/577e28262766ab9849bc153602d131a6cba1e5b1_2_225x500.jpeg, final=https://forums.greaterthangames.com/uploads/default/optimized/2X/5/577e28262766ab9849bc153602d131a6cba1e5b1_2_225x500.jpeg,
[2026-09-11 18:25:18] Response headers: {'Server': 'nginx', 'Date': 'Fri, 11 Sep 2026 18:25:18 GMT', 'Content-Type': 'text/html', 'Content-Length': '548', 'Connection': 'keep-alive'}
[2026-09-11 18:25:21] [487/3471] Fetching topic 28860
[2026-09-11 18:25:22] [488/3471] Fetching topic 28575
[2026-09-11 18:25:23] [489/3471] Fetching topic 28820
[2026-09-11 18:25:24] Topic 28820: downloading 1 uploads
[2026-09-11 18:25:24] [490/3471] Fetching topic 20301
[2026-09-11 18:25:25] Topic 20301: downloading 21 uploads
[2026-09-11 18:25:32] Upload failed 404: requested=https://forums.greaterthangames.com/uploads/default/optimized/2X/0/0a1f3d61a1db5ce98e779f3885589e4832da8c53_2_666x500.jpeg, final=https://forums.greaterthangames.com/uploads/default/optimized/2X/0/0a1f3d61a1db5ce98e779f3885589e4832da8c53_2_666x500.jpeg,
[2026-09-11 18:25:32] Response headers: {'Server': 'nginx', 'Date': 'Fri, 11 Sep 2026 18:25:32 GMT', 'Content-Type': 'text/html', 'Content-Length': '548', 'Connection': 'keep-alive'}
[2026-09-11 18:25:38] Upload failed 404: requested=https://forums.greaterthangames.com/uploads/default/optimized/2X/1/1f300ab268c6860547af9813b27b4b96d4a73729_2_666x500.jpeg, final=https://forums.greaterthangames.com/uploads/default/optimized/2X/1/1f300ab268c6860547af9813b27b4b96d4a73729_2_666x500.jpeg,
[2026-09-11 18:25:38] Response headers: {'Server': 'nginx', 'Date': 'Fri, 11 Sep 2026 18:25:38 GMT', 'Content-Type': 'text/html', 'Content-Length': '548', 'Connection': 'keep-alive'}
[2026-09-11 18:25:42] Upload failed 404: requested=https://forums.greaterthangames.com/uploads/default/optimized/2X/3/3e4ed92b22e4f6981d80d2d244a88725158d27cd_2_281x375.jpeg, final=https://forums.greaterthangames.com/uploads/default/optimized/2X/3/3e4ed92b22e4f6981d80d2d244a88725158d27cd_2_281x375.jpeg,
[2026-09-11 18:25:42] Response headers: {'Server': 'nginx', 'Date': 'Fri, 11 Sep 2026 18:25:42 GMT', 'Content-Type': 'text/html', 'Content-Length': '548', 'Connection': 'keep-alive'}
[2026-09-11 18:25:47] [491/3471] Fetching topic 28819
[2026-09-11 18:25:48] [492/3471] Fetching topic 28817
[2026-09-11 18:25:49] [493/3471] Fetching topic 28815
[2026-09-11 18:25:50] [494/3471] Fetching topic 28769
[2026-09-11 18:25:51] [495/3471] Fetching topic 28812
[2026-09-11 18:25:53] [496/3471] Fetching topic 28791
[2026-09-11 18:25:54] [497/3471] Fetching topic 28781
[2026-09-11 18:25:55] [498/3471] Fetching topic 28736
[2026-09-11 18:25:56] Topic 28736: missing 1 posts; fetching in batches...
[2026-09-11 18:25:57] [499/3471] Fetching topic 28765
[2026-09-11 18:25:58] [500/3471] Fetching topic 28767
[2026-09-11 18:25:59] Topic 28767: downloading 2 uploads
[2026-09-11 18:26:01] [501/3471] Fetching topic 28735
[2026-09-11 18:26:02] [502/3471] Fetching topic 28130
[2026-09-11 18:26:03] [503/3471] Fetching topic 14523
[2026-09-11 18:26:05] [504/3471] Fetching topic 17847
[2026-09-11 18:26:06] [505/3471] Fetching topic 28707
[2026-09-11 18:26:07] [506/3471] Fetching topic 28687
[2026-09-11 18:26:08] Topic 28687: downloading 1 uploads
[2026-09-11 18:26:08] [507/3471] Fetching topic 28563
[2026-09-11 18:26:09] [508/3471] Fetching topic 28655
[2026-09-11 18:26:10] [509/3471] Fetching topic 16076
[2026-09-11 18:26:11] Topic 16076: missing 9 posts; fetching in batches...
[2026-09-11 18:26:12] [510/3471] Fetching topic 16096
[2026-09-11 18:26:14] Topic 16096: missing 35 posts; fetching in batches...
[2026-09-11 18:26:15] [511/3471] Fetching topic 28621
[2026-09-11 18:26:16] Topic 28621: downloading 1 uploads
[2026-09-11 18:26:16] [512/3471] Fetching topic 28609
[2026-09-11 18:26:17] [513/3471] Fetching topic 28414
[2026-09-11 18:26:18] Topic 28414: downloading 1 uploads
[2026-09-11 18:26:19] [514/3471] Fetching topic 28613
[2026-09-11 18:26:20] [515/3471] Fetching topic 28612
[2026-09-11 18:26:21] Topic 28612: downloading 1 uploads
[2026-09-11 18:26:22] [516/3471] Fetching topic 19166
[2026-09-11 18:26:24] [517/3471] Fetching topic 28595
[2026-09-11 18:26:25] [518/3471] Fetching topic 28594
[2026-09-11 18:26:26] [519/3471] Fetching topic 18850
[2026-09-11 18:26:27] [520/3471] Fetching topic 9135
[2026-09-11 18:26:28] Topic 9135: missing 58 posts; fetching in batches...
[2026-09-11 18:26:30] Topic 9135: downloading 8 uploads
[2026-09-11 18:26:35] Upload failed 404: requested=https://forums.greaterthangames.com/uploads/default/optimized/2X/c/c5ba6b6ed0cd791a93ec725684559a70e6fbea93_2_500x500.jpeg, final=https://forums.greaterthangames.com/uploads/default/optimized/2X/c/c5ba6b6ed0cd791a93ec725684559a70e6fbea93_2_500x500.jpeg,
[2026-09-11 18:26:35] Response headers: {'Server': 'nginx', 'Date': 'Fri, 11 Sep 2026 18:26:35 GMT', 'Content-Type': 'text/html', 'Content-Length': '548', 'Connection': 'keep-alive'}
[2026-09-11 18:26:38] [521/3471] Fetching topic 28582
[2026-09-11 18:26:40] Topic 28582: downloading 1 uploads
[2026-09-11 18:26:41] [522/3471] Fetching topic 28579
[2026-09-11 18:26:42] [523/3471] Fetching topic 28578
[2026-09-11 18:26:43] [524/3471] Fetching topic 28568
[2026-09-11 18:26:44] Topic 28568: downloading 9 uploads
[2026-09-11 18:26:50] Upload failed 404: requested=https://forums.greaterthangames.com/uploads/default/optimized/2X/a/a6a93da2f68f2f0aa848cdbb71b71a87ad48ed84_2_690x455.jpeg, final=https://forums.greaterthangames.com/uploads/default/optimized/2X/a/a6a93da2f68f2f0aa848cdbb71b71a87ad48ed84_2_690x455.jpeg,
[2026-09-11 18:26:50] Response headers: {'Server': 'nginx', 'Date': 'Fri, 11 Sep 2026 18:26:50 GMT', 'Content-Type': 'text/html', 'Content-Length': '548', 'Connection': 'keep-alive'}
[2026-09-11 18:26:52] [525/3471] Fetching topic 19999
[2026-09-11 18:26:53] [526/3471] Fetching topic 18056
[2026-09-11 18:26:54] Topic 18056: missing 10 posts; fetching in batches...
[2026-09-11 18:26:55] [527/3471] Fetching topic 28562
[2026-09-11 18:26:57] [528/3471] Fetching topic 28527
[2026-09-11 18:26:58] [529/3471] Fetching topic 28522
[2026-09-11 18:26:59] [530/3471] Fetching topic 28206
[2026-09-11 18:27:00] [531/3471] Fetching topic 28496
[2026-09-11 18:27:01] [532/3471] Fetching topic 28493
[2026-09-11 18:27:02] Topic 28493: downloading 7 uploads
[2026-09-11 18:27:06] Upload failed 404: requested=https://forums.greaterthangames.com/uploads/default/optimized/2X/6/6b608909c12ed68d3ab33e456c39ee9e9b0e8a26_2_356x500.jpeg, final=https://forums.greaterthangames.com/uploads/default/optimized/2X/6/6b608909c12ed68d3ab33e456c39ee9e9b0e8a26_2_356x500.jpeg,
[2026-09-11 18:27:06] Response headers: {'Server': 'nginx', 'Date': 'Fri, 11 Sep 2026 18:27:06 GMT', 'Content-Type': 'text/html', 'Content-Length': '548', 'Connection': 'keep-alive'}
[2026-09-11 18:27:10] [533/3471] Fetching topic 28473
[2026-09-11 18:27:10] Topic 28473: downloading 6 uploads
[2026-09-11 18:27:14] Upload failed 404: requested=https://forums.greaterthangames.com/uploads/default/optimized/2X/b/b5f6579cd37b19b6fc20b867623dd85ca7dba3e6_2_500x500.png, final=https://forums.greaterthangames.com/uploads/default/optimized/2X/b/b5f6579cd37b19b6fc20b867623dd85ca7dba3e6_2_500x500.png,
[2026-09-11 18:27:14] Response headers: {'Server': 'nginx', 'Date': 'Fri, 11 Sep 2026 18:27:14 GMT', 'Content-Type': 'text/html', 'Content-Length': '548', 'Connection': 'keep-alive'}
[2026-09-11 18:27:16] [534/3471] Fetching topic 28438
[2026-09-11 18:27:17] Topic 28438: downloading 1 uploads
[2026-09-11 18:27:17] [535/3471] Fetching topic 28328
[2026-09-11 18:27:18] Topic 28328: missing 1 posts; fetching in batches...
[2026-09-11 18:27:19] [536/3471] Fetching topic 28316
[2026-09-11 18:27:20] Topic 28316: downloading 1 uploads
[2026-09-11 18:27:20] [537/3471] Fetching topic 10317
[2026-09-11 18:27:21] Topic 10317: missing 1340 posts; fetching in batches...
[2026-09-11 18:27:53] Topic 10317: downloading 39 uploads
[2026-09-11 18:27:59] Upload failed 404: requested=https://forums.greaterthangames.com/uploads/default/optimized/2X/3/370ff31054b442b575884565958e9977c9beee81_2_690x362.jpeg, final=https://forums.greaterthangames.com/uploads/default/optimized/2X/3/370ff31054b442b575884565958e9977c9beee81_2_690x362.jpeg,
[2026-09-11 18:27:59] Response headers: {'Server': 'nginx', 'Date': 'Fri, 11 Sep 2026 18:27:59 GMT', 'Content-Type': 'text/html', 'Content-Length': '548', 'Connection': 'keep-alive'}
[2026-09-11 18:28:02] Upload failed 404: requested=https://forums.greaterthangames.com/uploads/default/optimized/2X/5/5146c1e4e308b2b9b84821d77e52ce123cad37ab_2_690x383.jpeg, final=https://forums.greaterthangames.com/uploads/default/optimized/2X/5/5146c1e4e308b2b9b84821d77e52ce123cad37ab_2_690x383.jpeg,
[2026-09-11 18:28:02] Response headers: {'Server': 'nginx', 'Date': 'Fri, 11 Sep 2026 18:28:02 GMT', 'Content-Type': 'text/html', 'Content-Length': '548', 'Connection': 'keep-alive'}
[2026-09-11 18:28:05] Upload failed 404: requested=https://forums.greaterthangames.com/uploads/default/optimized/2X/f/f58c731cf024d2ff8e2402a8b3d5b3cbde7d1667_2_500x500.png, final=https://forums.greaterthangames.com/uploads/default/optimized/2X/f/f58c731cf024d2ff8e2402a8b3d5b3cbde7d1667_2_500x500.png,
[2026-09-11 18:28:05] Response headers: {'Server': 'nginx', 'Date': 'Fri, 11 Sep 2026 18:28:05 GMT', 'Content-Type': 'text/html', 'Content-Length': '548', 'Connection': 'keep-alive'}
[2026-09-11 18:28:29] [538/3471] Fetching topic 28338
[2026-09-11 18:28:30] [539/3471] Fetching topic 18286
[2026-09-11 18:28:32] Topic 18286: downloading 4 uploads
[2026-09-11 18:28:33] Upload failed 404: requested=https://forums.greaterthangames.com/uploads/2009/08/XMen25-Pwned.jpg final=https://forums.greaterthangames.com/uploads/2009/08/XMen25-Pwned.jpg
[2026-09-11 18:28:33] Response headers: {'Server': 'nginx', 'Date': 'Fri, 11 Sep 2026 18:28:33 GMT', 'Content-Type': 'text/html', 'Content-Length': '548', 'Connection': 'keep-alive'}
[2026-09-11 18:28:34] Upload failed 404: requested=https://forums.greaterthangames.com/uploads/2011/07/10-no-more.jpg final=https://forums.greaterthangames.com/uploads/2011/07/10-no-more.jpg
[2026-09-11 18:28:34] Response headers: {'Server': 'nginx', 'Date': 'Fri, 11 Sep 2026 18:28:34 GMT', 'Content-Type': 'text/html', 'Content-Length': '548', 'Connection': 'keep-alive'}
[2026-09-11 18:28:35] Upload failed 404: requested=https://forums.greaterthangames.com/uploads/2017/02/hulk-heal.jpg?q=35&amp;w=864&amp;h=432&amp;fit=crop final=https://forums.greaterthangames.com/uploads/2017/02/hulk-heal.jpg?q=35&amp;w=864&amp;h=432&amp;fit=crop
[2026-09-11 18:28:35] Response headers: {'Server': 'nginx', 'Date': 'Fri, 11 Sep 2026 18:28:35 GMT', 'Content-Type': 'text/html', 'Content-Length': '548', 'Connection': 'keep-alive'}
[2026-09-11 18:28:36] Upload failed 404: requested=https://forums.greaterthangames.com/uploads/2018/02/thumb-1920-583943-1360x765.jpg final=https://forums.greaterthangames.com/uploads/2018/02/thumb-1920-583943-1360x765.jpg
[2026-09-11 18:28:36] Response headers: {'Server': 'nginx', 'Date': 'Fri, 11 Sep 2026 18:28:36 GMT', 'Content-Type': 'text/html', 'Content-Length': '548', 'Connection': 'keep-alive'}
[2026-09-11 18:28:36] [540/3471] Fetching topic 28226
[2026-09-11 18:28:37] [541/3471] Fetching topic 28182
[2026-09-11 18:28:38] [542/3471] Fetching topic 28133
[2026-09-11 18:28:40] [543/3471] Fetching topic 20541
[2026-09-11 18:28:41] [544/3471] Fetching topic 20550
[2026-09-11 18:28:42] [545/3471] Fetching topic 20535
[2026-09-11 18:28:43] [546/3471] Fetching topic 20520
[2026-09-11 18:28:44] Topic 20520: missing 6 posts; fetching in batches...
[2026-09-11 18:28:45] Topic 20520: downloading 1 uploads
[2026-09-11 18:28:45] [547/3471] Fetching topic 20514
[2026-09-11 18:28:46] [548/3471] Fetching topic 20511
[2026-09-11 18:28:47] [549/3471] Fetching topic 20424
[2026-09-11 18:28:48] [550/3471] Fetching topic 20489
[2026-09-11 18:28:50] [551/3471] Fetching topic 20463
[2026-09-11 18:28:51] [552/3471] Fetching topic 20473
[2026-09-11 18:28:52] [553/3471] Fetching topic 20475
[2026-09-11 18:28:53] [554/3471] Fetching topic 20474
[2026-09-11 18:28:54] [555/3471] Fetching topic 20456
[2026-09-11 18:28:55] [556/3471] Fetching topic 20465
[2026-09-11 18:28:56] [557/3471] Fetching topic 20406
[2026-09-11 18:28:57] [558/3471] Fetching topic 20401
[2026-09-11 18:28:59] [559/3471] Fetching topic 20387
[2026-09-11 18:29:00] [560/3471] Fetching topic 20376
[2026-09-11 18:29:01] [561/3471] Fetching topic 20383
[2026-09-11 18:29:02] [562/3471] Fetching topic 20356
[2026-09-11 18:29:03] [563/3471] Fetching topic 19975
[2026-09-11 18:29:04] Topic 19975: missing 127 posts; fetching in batches...
[2026-09-11 18:29:08] [564/3471] Fetching topic 20326
[2026-09-11 18:29:09] [565/3471] Fetching topic 20285
[2026-09-11 18:29:10] [566/3471] Fetching topic 20280
[2026-09-11 18:29:11] [567/3471] Fetching topic 20283
[2026-09-11 18:29:12] [568/3471] Fetching topic 20228
[2026-09-11 18:29:13] [569/3471] Fetching topic 20200
[2026-09-11 18:29:14] Topic 20200: downloading 1 uploads
[2026-09-11 18:29:15] Upload failed 404: requested=https://forums.greaterthangames.com/uploads/2018/11/bisexual-bob.png?resize=538%2C300 final=https://forums.greaterthangames.com/uploads/2018/11/bisexual-bob.png?resize=538%2C300
[2026-09-11 18:29:15] Response headers: {'Server': 'nginx', 'Date': 'Fri, 11 Sep 2026 18:29:15 GMT', 'Content-Type': 'text/html', 'Content-Length': '548', 'Connection': 'keep-alive'}
[2026-09-11 18:29:15] [570/3471] Fetching topic 10372
[2026-09-11 18:29:17] Topic 10372: missing 642 posts; fetching in batches...
[2026-09-11 18:29:32] [571/3471] Fetching topic 20174
[2026-09-11 18:29:33] [572/3471] Fetching topic 20161
[2026-09-11 18:29:34] [573/3471] Fetching topic 20053
[2026-09-11 18:29:35] [574/3471] Fetching topic 20070
[2026-09-11 18:29:36] [575/3471] Fetching topic 19737
[2026-09-11 18:29:37] [576/3471] Fetching topic 20121
[2026-09-11 18:29:38] [577/3471] Fetching topic 19959
[2026-09-11 18:29:40] [578/3471] Fetching topic 20012
[2026-09-11 18:29:41] [579/3471] Fetching topic 19977
[2026-09-11 18:29:42] [580/3471] Fetching topic 19969
[2026-09-11 18:29:43] [581/3471] Fetching topic 19967
[2026-09-11 18:29:44] [582/3471] Fetching topic 19948
[2026-09-11 18:29:45] [583/3471] Fetching topic 18118
[2026-09-11 18:29:46] [584/3471] Fetching topic 19927
[2026-09-11 18:29:47] [585/3471] Fetching topic 19881
[2026-09-11 18:29:49] [586/3471] Fetching topic 19837
[2026-09-11 18:29:50] [587/3471] Fetching topic 19834
[2026-09-11 18:29:51] [588/3471] Fetching topic 19810
[2026-09-11 18:29:52] [589/3471] Fetching topic 19811
[2026-09-11 18:29:53] [590/3471] Fetching topic 19789
[2026-09-11 18:29:54] [591/3471] Fetching topic 19792
[2026-09-11 18:29:55] [592/3471] Fetching topic 19688
[2026-09-11 18:29:56] [593/3471] Fetching topic 19785
[2026-09-11 18:29:58] [594/3471] Fetching topic 19760
[2026-09-11 18:29:59] [595/3471] Fetching topic 19745
[2026-09-11 18:30:00] [596/3471] Fetching topic 19744
[2026-09-11 18:30:01] [597/3471] Fetching topic 19457
[2026-09-11 18:30:02] [598/3471] Fetching topic 19710
[2026-09-11 18:30:03] [599/3471] Fetching topic 19699
[2026-09-11 18:30:04] [600/3471] Fetching topic 19681
[2026-09-11 18:30:05] [601/3471] Fetching topic 19650
[2026-09-11 18:30:07] [602/3471] Fetching topic 19621
[2026-09-11 18:30:08] [603/3471] Fetching topic 19614
[2026-09-11 18:30:09] [604/3471] Fetching topic 18912
[2026-09-11 18:30:10] [605/3471] Fetching topic 19388
[2026-09-11 18:30:11] [606/3471] Fetching topic 19458
[2026-09-11 18:30:12] [607/3471] Fetching topic 19562
[2026-09-11 18:30:14] [608/3471] Fetching topic 19162
[2026-09-11 18:30:15] [609/3471] Fetching topic 19507
[2026-09-11 18:30:16] [610/3471] Fetching topic 19441
[2026-09-11 18:30:17] [611/3471] Fetching topic 19407
[2026-09-11 18:30:18] [612/3471] Fetching topic 19354
[2026-09-11 18:30:19] [613/3471] Fetching topic 19440
[2026-09-11 18:30:20] [614/3471] Fetching topic 6208
[2026-09-11 18:30:22] Topic 6208: missing 400 posts; fetching in batches...
[2026-09-11 18:30:31] Topic 6208: downloading 23 uploads
[2026-09-11 18:30:40] Upload failed 404: requested=https://forums.greaterthangames.com/uploads/default/optimized/2X/3/31c78fc27f7d6a9da5b0384208c3507695b2c339_2_678x500.png, final=https://forums.greaterthangames.com/uploads/default/optimized/2X/3/31c78fc27f7d6a9da5b0384208c3507695b2c339_2_678x500.png,
[2026-09-11 18:30:40] Response headers: {'Server': 'nginx', 'Date': 'Fri, 11 Sep 2026 18:30:40 GMT', 'Content-Type': 'text/html', 'Content-Length': '548', 'Connection': 'keep-alive'}
[2026-09-11 18:30:43] Upload failed 404: requested=https://forums.greaterthangames.com/uploads/default/optimized/2X/4/4a9128755d24397fbeeef6aae03a80d41ff6d512_2_686x500.png, final=https://forums.greaterthangames.com/uploads/default/optimized/2X/4/4a9128755d24397fbeeef6aae03a80d41ff6d512_2_686x500.png,
[2026-09-11 18:30:43] Response headers: {'Server': 'nginx', 'Date': 'Fri, 11 Sep 2026 18:30:43 GMT', 'Content-Type': 'text/html', 'Content-Length': '548', 'Connection': 'keep-alive'}
[2026-09-11 18:30:47] Upload failed 404: requested=https://forums.greaterthangames.com/uploads/default/optimized/2X/8/8fcd09e9bfcf113bbac946c168c7304df032c20c_2_690x459.jpeg, final=https://forums.greaterthangames.com/uploads/default/optimized/2X/8/8fcd09e9bfcf113bbac946c168c7304df032c20c_2_690x459.jpeg,
[2026-09-11 18:30:47] Response headers: {'Server': 'nginx', 'Date': 'Fri, 11 Sep 2026 18:30:47 GMT', 'Content-Type': 'text/html', 'Content-Length': '548', 'Connection': 'keep-alive'}
[2026-09-11 18:30:50] Upload failed 404: requested=https://forums.greaterthangames.com/uploads/default/optimized/2X/f/fe80b01f5a03da80c639bedf0218d439979a402c_2_626x500.png, final=https://forums.greaterthangames.com/uploads/default/optimized/2X/f/fe80b01f5a03da80c639bedf0218d439979a402c_2_626x500.png,
[2026-09-11 18:30:50] Response headers: {'Server': 'nginx', 'Date': 'Fri, 11 Sep 2026 18:30:49 GMT', 'Content-Type': 'text/html', 'Content-Length': '548', 'Connection': 'keep-alive'}
[2026-09-11 18:30:55] [615/3471] Fetching topic 19419
[2026-09-11 18:30:56] [616/3471] Fetching topic 19416
[2026-09-11 18:30:57] [617/3471] Fetching topic 19401
[2026-09-11 18:30:58] [618/3471] Fetching topic 19402
[2026-09-11 18:30:59] [619/3471] Fetching topic 19391
[2026-09-11 18:31:00] [620/3471] Fetching topic 19366
[2026-09-11 18:31:02] [621/3471] Fetching topic 19178
[2026-09-11 18:31:03] Topic 19178: missing 16 posts; fetching in batches...
[2026-09-11 18:31:04] [622/3471] Fetching topic 19282
[2026-09-11 18:31:05] [623/3471] Fetching topic 19313
[2026-09-11 18:31:06] [624/3471] Fetching topic 19308
[2026-09-11 18:31:07] [625/3471] Fetching topic 19305
[2026-09-11 18:31:08] [626/3471] Fetching topic 18100
[2026-09-11 18:31:10] [627/3471] Fetching topic 18935
[2026-09-11 18:31:11] [628/3471] Fetching topic 19273
[2026-09-11 18:31:12] Topic 19273: downloading 7 uploads
[2026-09-11 18:31:16] Upload failed 404: requested=https://forums.greaterthangames.com/uploads/default/optimized/2X/c/cc66b42ee5b7cc738405b1b9edbbc2d528267127_2_374x499.jpeg, final=https://forums.greaterthangames.com/uploads/default/optimized/2X/c/cc66b42ee5b7cc738405b1b9edbbc2d528267127_2_374x499.jpeg,
[2026-09-11 18:31:16] Response headers: {'Server': 'nginx', 'Date': 'Fri, 11 Sep 2026 18:31:16 GMT', 'Content-Type': 'text/html', 'Content-Length': '548', 'Connection': 'keep-alive'}
[2026-09-11 18:31:19] [629/3471] Fetching topic 19270
[2026-09-11 18:31:20] [630/3471] Fetching topic 19254
[2026-09-11 18:31:21] [631/3471] Fetching topic 19256
[2026-09-11 18:31:22] [632/3471] Fetching topic 19089
[2026-09-11 18:31:24] [633/3471] Fetching topic 18731
[2026-09-11 18:31:25] [634/3471] Fetching topic 19205
[2026-09-11 18:31:26] [635/3471] Fetching topic 18253
[2026-09-11 18:31:27] [636/3471] Fetching topic 19200
[2026-09-11 18:31:28] [637/3471] Fetching topic 19007
[2026-09-11 18:31:29] [638/3471] Fetching topic 19132
[2026-09-11 18:31:31] [639/3471] Fetching topic 19136
[2026-09-11 18:31:32] [640/3471] Fetching topic 19130
[2026-09-11 18:31:33] [641/3471] Fetching topic 19095
[2026-09-11 18:31:34] [642/3471] Fetching topic 17890
[2026-09-11 18:31:35] [643/3471] Fetching topic 19001
[2026-09-11 18:31:36] [644/3471] Fetching topic 8638
[2026-09-11 18:31:37] Topic 8638: missing 26 posts; fetching in batches...
[2026-09-11 18:31:38] [645/3471] Fetching topic 19058
[2026-09-11 18:31:40] [646/3471] Fetching topic 19055
[2026-09-11 18:31:41] [647/3471] Fetching topic 19042
[2026-09-11 18:31:42] [648/3471] Fetching topic 19021
[2026-09-11 18:31:43] [649/3471] Fetching topic 19014
[2026-09-11 18:31:44] [650/3471] Fetching topic 19017
[2026-09-11 18:31:45] [651/3471] Fetching topic 18883
[2026-09-11 18:31:46] Topic 18883: missing 9 posts; fetching in batches...
[2026-09-11 18:31:47] [652/3471] Fetching topic 18976
[2026-09-11 18:31:48] [653/3471] Fetching topic 18980
[2026-09-11 18:31:50] [654/3471] Fetching topic 8059
[2026-09-11 18:31:51] [655/3471] Fetching topic 18942
[2026-09-11 18:31:52] [656/3471] Fetching topic 18929
[2026-09-11 18:31:53] [657/3471] Fetching topic 18886
[2026-09-11 18:31:54] Topic 18886: missing 2 posts; fetching in batches...
[2026-09-11 18:31:55] [658/3471] Fetching topic 18932
[2026-09-11 18:31:56] [659/3471] Fetching topic 18251
[2026-09-11 18:31:57] [660/3471] Fetching topic 18830
[2026-09-11 18:31:59] [661/3471] Fetching topic 18921
[2026-09-11 18:32:00] [662/3471] Fetching topic 18816
[2026-09-11 18:32:01] [663/3471] Fetching topic 17619
[2026-09-11 18:32:02] [664/3471] Fetching topic 18875
[2026-09-11 18:32:03] [665/3471] Fetching topic 17435
[2026-09-11 18:32:04] Topic 17435: missing 13 posts; fetching in batches...
[2026-09-11 18:32:05] [666/3471] Fetching topic 18906
[2026-09-11 18:32:06] [667/3471] Fetching topic 18881
[2026-09-11 18:32:07] [668/3471] Fetching topic 18766
[2026-09-11 18:32:09] [669/3471] Fetching topic 17873
[2026-09-11 18:32:10] Topic 17873: missing 2 posts; fetching in batches...
[2026-09-11 18:32:11] [670/3471] Fetching topic 18870
[2026-09-11 18:32:12] [671/3471] Fetching topic 18863
[2026-09-11 18:32:13] [672/3471] Fetching topic 18844
[2026-09-11 18:32:14] [673/3471] Fetching topic 18824
[2026-09-11 18:32:15] [674/3471] Fetching topic 18828
[2026-09-11 18:32:16] [675/3471] Fetching topic 17999
[2026-09-11 18:32:18] Topic 17999: missing 5 posts; fetching in batches...
[2026-09-11 18:32:19] [676/3471] Fetching topic 18836
[2026-09-11 18:32:20] [677/3471] Fetching topic 18713
[2026-09-11 18:32:21] Topic 18713: missing 4 posts; fetching in batches...
[2026-09-11 18:32:22] [678/3471] Fetching topic 18823
[2026-09-11 18:32:23] [679/3471] Fetching topic 18792
[2026-09-11 18:32:24] [680/3471] Fetching topic 18813
[2026-09-11 18:32:25] [681/3471] Fetching topic 18797
[2026-09-11 18:32:26] [682/3471] Fetching topic 18771
[2026-09-11 18:32:27] [683/3471] Fetching topic 18764
[2026-09-11 18:32:29] [684/3471] Fetching topic 18708
[2026-09-11 18:32:30] [685/3471] Fetching topic 18761
[2026-09-11 18:32:31] [686/3471] Fetching topic 18754
[2026-09-11 18:32:32] [687/3471] Fetching topic 18727
[2026-09-11 18:32:33] [688/3471] Fetching topic 18751
[2026-09-11 18:32:34] [689/3471] Fetching topic 18679
[2026-09-11 18:32:35] [690/3471] Fetching topic 17610
[2026-09-11 18:32:36] Topic 17610: missing 16 posts; fetching in batches...
[2026-09-11 18:32:37] [691/3471] Fetching topic 18725
[2026-09-11 18:32:39] [692/3471] Fetching topic 18722
[2026-09-11 18:32:40] [693/3471] Fetching topic 17881
[2026-09-11 18:32:41] Topic 17881: missing 26 posts; fetching in batches...
[2026-09-11 18:32:42] [694/3471] Fetching topic 18696
[2026-09-11 18:32:43] [695/3471] Fetching topic 18618
[2026-09-11 18:32:44] [696/3471] Fetching topic 18698
[2026-09-11 18:32:45] [697/3471] Fetching topic 18704
[2026-09-11 18:32:46] [698/3471] Fetching topic 18612
[2026-09-11 18:32:48] [699/3471] Fetching topic 18573
[2026-09-11 18:32:49] [700/3471] Fetching topic 18680
[2026-09-11 18:32:50] [701/3471] Fetching topic 18351
[2026-09-11 18:32:51] [702/3471] Fetching topic 16841
[2026-09-11 18:32:52] [703/3471] Fetching topic 18587
[2026-09-11 18:32:53] [704/3471] Fetching topic 18614
[2026-09-11 18:32:54] Topic 18614: missing 2 posts; fetching in batches...
[2026-09-11 18:32:55] [705/3471] Fetching topic 18606
[2026-09-11 18:32:57] [706/3471] Fetching topic 18475
[2026-09-11 18:32:58] Topic 18475: downloading 1 uploads
[2026-09-11 18:32:58] [707/3471] Fetching topic 18565
[2026-09-11 18:32:59] Topic 18565: missing 1 posts; fetching in batches...
[2026-09-11 18:33:00] [708/3471] Fetching topic 18608
[2026-09-11 18:33:01] [709/3471] Fetching topic 18603
[2026-09-11 18:33:02] [710/3471] Fetching topic 18600
[2026-09-11 18:33:03] [711/3471] Fetching topic 18577
[2026-09-11 18:33:04] [712/3471] Fetching topic 18582
[2026-09-11 18:33:05] [713/3471] Fetching topic 18434
[2026-09-11 18:33:06] Topic 18434: missing 19 posts; fetching in batches...
[2026-09-11 18:33:08] [714/3471] Fetching topic 18557
[2026-09-11 18:33:09] [715/3471] Fetching topic 14189
[2026-09-11 18:33:10] [716/3471] Fetching topic 8909
[2026-09-11 18:33:11] Topic 8909: missing 87 posts; fetching in batches...
[2026-09-11 18:33:13] [717/3471] Fetching topic 18550
[2026-09-11 18:33:15] [718/3471] Fetching topic 18549
[2026-09-11 18:33:16] [719/3471] Fetching topic 18379
[2026-09-11 18:33:17] [720/3471] Fetching topic 11965
[2026-09-11 18:33:18] Topic 11965: missing 20 posts; fetching in batches...
[2026-09-11 18:33:19] [721/3471] Fetching topic 18201
[2026-09-11 18:33:20] Topic 18201: missing 50 posts; fetching in batches...
[2026-09-11 18:33:21] [722/3471] Fetching topic 18490
[2026-09-11 18:33:22] [723/3471] Fetching topic 18301
[2026-09-11 18:33:24] [724/3471] Fetching topic 18171
[2026-09-11 18:33:25] [725/3471] Fetching topic 18344
[2026-09-11 18:33:26] [726/3471] Fetching topic 18374
[2026-09-11 18:33:27] [727/3471] Fetching topic 18333
[2026-09-11 18:33:28] [728/3471] Fetching topic 18270
[2026-09-11 18:33:29] [729/3471] Fetching topic 18266
[2026-09-11 18:33:30] [730/3471] Fetching topic 17699
[2026-09-11 18:33:32] Topic 17699: missing 24 posts; fetching in batches...
[2026-09-11 18:33:33] [731/3471] Fetching topic 18316
[2026-09-11 18:33:34] [732/3471] Fetching topic 18297
[2026-09-11 18:33:35] Topic 18297: downloading 1 uploads
[2026-09-11 18:33:37] [733/3471] Fetching topic 18142
[2026-09-11 18:33:37] [734/3471] Fetching topic 18280
[2026-09-11 18:33:38] [735/3471] Fetching topic 18217
[2026-09-11 18:33:39] [736/3471] Fetching topic 17871
[2026-09-11 18:33:41] Topic 17871: downloading 6 uploads
[2026-09-11 18:33:44] Upload failed 404: requested=https://forums.greaterthangames.com/uploads/default/optimized/2X/1/1c3362f5f6f9819f5a919fb936acc544a5f4d890_2_375x500.jpeg, final=https://forums.greaterthangames.com/uploads/default/optimized/2X/1/1c3362f5f6f9819f5a919fb936acc544a5f4d890_2_375x500.jpeg,
[2026-09-11 18:33:44] Response headers: {'Server': 'nginx', 'Date': 'Fri, 11 Sep 2026 18:33:43 GMT', 'Content-Type': 'text/html', 'Content-Length': '548', 'Connection': 'keep-alive'}
[2026-09-11 18:33:47] [737/3471] Fetching topic 18265
[2026-09-11 18:33:48] [738/3471] Fetching topic 18227
[2026-09-11 18:33:49] [739/3471] Fetching topic 18192
[2026-09-11 18:33:50] Topic 18192: missing 4 posts; fetching in batches...
[2026-09-11 18:33:51] Topic 18192: downloading 2 uploads
[2026-09-11 18:33:53] [740/3471] Fetching topic 18155
[2026-09-11 18:33:54] [741/3471] Fetching topic 18197
[2026-09-11 18:33:55] [742/3471] Fetching topic 17358
[2026-09-11 18:33:57] Topic 17358: missing 125 posts; fetching in batches...
[2026-09-11 18:34:00] [743/3471] Fetching topic 11061
[2026-09-11 18:34:01] [744/3471] Fetching topic 8970
[2026-09-11 18:34:02] [745/3471] Fetching topic 18214
[2026-09-11 18:34:03] [746/3471] Fetching topic 16798
[2026-09-11 18:34:05] Topic 16798: missing 25 posts; fetching in batches...
[2026-09-11 18:34:06] Topic 16798: downloading 2 uploads
[2026-09-11 18:34:08] [747/3471] Fetching topic 18164
[2026-09-11 18:34:09] Topic 18164: missing 2 posts; fetching in batches...
[2026-09-11 18:34:10] [748/3471] Fetching topic 17906
[2026-09-11 18:34:11] Topic 17906: missing 11 posts; fetching in batches...
[2026-09-11 18:34:12] [749/3471] Fetching topic 18207
[2026-09-11 18:34:13] [750/3471] Fetching topic 17935
[2026-09-11 18:34:14] [751/3471] Fetching topic 18112
[2026-09-11 18:34:16] [752/3471] Fetching topic 18172
[2026-09-11 18:34:17] [753/3471] Fetching topic 18169
[2026-09-11 18:34:18] [754/3471] Fetching topic 18195
[2026-09-11 18:34:19] [755/3471] Fetching topic 18174
[2026-09-11 18:34:20] [756/3471] Fetching topic 18177
[2026-09-11 18:34:21] [757/3471] Fetching topic 18109
[2026-09-11 18:34:22] Topic 18109: missing 11 posts; fetching in batches...
[2026-09-11 18:34:23] Topic 18109: downloading 1 uploads
[2026-09-11 18:34:24] [758/3471] Fetching topic 18170
[2026-09-11 18:34:25] [759/3471] Fetching topic 18160
[2026-09-11 18:34:27] [760/3471] Fetching topic 18154
[2026-09-11 18:34:28] Topic 18154: missing 3 posts; fetching in batches...
[2026-09-11 18:34:29] [761/3471] Fetching topic 18083
[2026-09-11 18:34:30] Topic 18083: missing 8 posts; fetching in batches...
[2026-09-11 18:34:31] Topic 18083: downloading 6 uploads
[2026-09-11 18:34:34] Upload failed 404: requested=https://forums.greaterthangames.com/uploads/default/optimized/2X/e/e1aaa274e798ab3aa767b56115c09d909c318eb2_2_374x500.jpeg, final=https://forums.greaterthangames.com/uploads/default/optimized/2X/e/e1aaa274e798ab3aa767b56115c09d909c318eb2_2_374x500.jpeg,
[2026-09-11 18:34:34] Response headers: {'Server': 'nginx', 'Date': 'Fri, 11 Sep 2026 18:34:34 GMT', 'Content-Type': 'text/html', 'Content-Length': '548', 'Connection': 'keep-alive'}
[2026-09-11 18:34:38] [762/3471] Fetching topic 18125
[2026-09-11 18:34:39] [763/3471] Fetching topic 18152
[2026-09-11 18:34:40] [764/3471] Fetching topic 18161
[2026-09-11 18:34:41] [765/3471] Fetching topic 17837
[2026-09-11 18:34:42] Topic 17837: missing 13 posts; fetching in batches...
[2026-09-11 18:34:43] [766/3471] Fetching topic 18135
[2026-09-11 18:34:44] [767/3471] Fetching topic 17789
[2026-09-11 18:34:45] [768/3471] Fetching topic 18139
[2026-09-11 18:34:46] [769/3471] Fetching topic 18127
[2026-09-11 18:34:47] [770/3471] Fetching topic 18115
[2026-09-11 18:34:49] [771/3471] Fetching topic 18033
[2026-09-11 18:34:50] [772/3471] Fetching topic 18011
[2026-09-11 18:34:51] Topic 18011: missing 12 posts; fetching in batches...
[2026-09-11 18:34:52] [773/3471] Fetching topic 17196
[2026-09-11 18:34:53] Topic 17196: missing 98 posts; fetching in batches...
[2026-09-11 18:34:56] [774/3471] Fetching topic 18117
[2026-09-11 18:34:57] [775/3471] Fetching topic 18102
[2026-09-11 18:34:58] Topic 18102: missing 16 posts; fetching in batches...
[2026-09-11 18:34:59] [776/3471] Fetching topic 18111
[2026-09-11 18:35:00] [777/3471] Fetching topic 18089
[2026-09-11 18:35:01] Topic 18089: missing 2 posts; fetching in batches...
[2026-09-11 18:35:02] Topic 18089: downloading 1 uploads
[2026-09-11 18:35:04] [778/3471] Fetching topic 18101
[2026-09-11 18:35:04] [779/3471] Fetching topic 18095
[2026-09-11 18:35:05] [780/3471] Fetching topic 18099
[2026-09-11 18:35:06] [781/3471] Fetching topic 17996
[2026-09-11 18:35:08] [782/3471] Fetching topic 17984
[2026-09-11 18:35:09] Topic 17984: missing 1 posts; fetching in batches...
[2026-09-11 18:35:10] [783/3471] Fetching topic 18081
[2026-09-11 18:35:11] [784/3471] Fetching topic 18058
[2026-09-11 18:35:12] [785/3471] Fetching topic 17954
[2026-09-11 18:35:13] [786/3471] Fetching topic 18037
[2026-09-11 18:35:14] [787/3471] Fetching topic 18025
[2026-09-11 18:35:15] Topic 18025: missing 5 posts; fetching in batches...
[2026-09-11 18:35:16] [788/3471] Fetching topic 18012
[2026-09-11 18:35:18] [789/3471] Fetching topic 18028
[2026-09-11 18:35:19] [790/3471] Fetching topic 17988
[2026-09-11 18:35:20] Topic 17988: missing 6 posts; fetching in batches...
[2026-09-11 18:35:21] Topic 17988: downloading 5 uploads
[2026-09-11 18:35:24] Upload failed 404: requested=https://forums.greaterthangames.com/uploads/default/optimized/2X/4/45ef52927e482b8bb6ab22dff0a375d6b9da9aa9_2_500x500.jpeg, final=https://forums.greaterthangames.com/uploads/default/optimized/2X/4/45ef52927e482b8bb6ab22dff0a375d6b9da9aa9_2_500x500.jpeg,
[2026-09-11 18:35:24] Response headers: {'Server': 'nginx', 'Date': 'Fri, 11 Sep 2026 18:35:24 GMT', 'Content-Type': 'text/html', 'Content-Length': '548', 'Connection': 'keep-alive'}
[2026-09-11 18:35:26] [791/3471] Fetching topic 17927
[2026-09-11 18:35:27] Topic 17927: missing 15 posts; fetching in batches...
[2026-09-11 18:35:28] [792/3471] Fetching topic 17684
[2026-09-11 18:35:29] [793/3471] Fetching topic 17952
[2026-09-11 18:35:30] Topic 17952: missing 14 posts; fetching in batches...
[2026-09-11 18:35:32] [794/3471] Fetching topic 17993
[2026-09-11 18:35:33] [795/3471] Fetching topic 17928
[2026-09-11 18:35:34] [796/3471] Fetching topic 17945
[2026-09-11 18:35:35] [797/3471] Fetching topic 17931
[2026-09-11 18:35:36] Topic 17931: missing 6 posts; fetching in batches...
[2026-09-11 18:35:37] [798/3471] Fetching topic 17899
[2026-09-11 18:35:38] [799/3471] Fetching topic 17912
[2026-09-11 18:35:39] [800/3471] Fetching topic 17903
[2026-09-11 18:35:41] Topic 17903: missing 24 posts; fetching in batches...
[2026-09-11 18:35:42] [801/3471] Fetching topic 17725
[2026-09-11 18:35:43] [802/3471] Fetching topic 17916
[2026-09-11 18:35:44] [803/3471] Fetching topic 17446
[2026-09-11 18:35:45] [804/3471] Fetching topic 17409
[2026-09-11 18:35:46] [805/3471] Fetching topic 17820
[2026-09-11 18:35:47] [806/3471] Fetching topic 17696
[2026-09-11 18:35:49] Topic 17696: missing 70 posts; fetching in batches...
[2026-09-11 18:35:51] [807/3471] Fetching topic 17868
[2026-09-11 18:35:52] Topic 17868: missing 38 posts; fetching in batches...
[2026-09-11 18:35:53] [808/3471] Fetching topic 17698
[2026-09-11 18:35:54] Topic 17698: missing 35 posts; fetching in batches...
[2026-09-11 18:35:55] Topic 17698: downloading 2 uploads
[2026-09-11 18:35:57] [809/3471] Fetching topic 17898
[2026-09-11 18:35:59] [810/3471] Fetching topic 17876
[2026-09-11 18:36:00] Topic 17876: missing 32 posts; fetching in batches...
[2026-09-11 18:36:01] [811/3471] Fetching topic 17896
[2026-09-11 18:36:02] [812/3471] Fetching topic 17892
[2026-09-11 18:36:03] [813/3471] Fetching topic 17879
[2026-09-11 18:36:04] [814/3471] Fetching topic 17848
[2026-09-11 18:36:05] Topic 17848: missing 3 posts; fetching in batches...
[2026-09-11 18:36:06] [815/3471] Fetching topic 17851
[2026-09-11 18:36:07] Topic 17851: missing 11 posts; fetching in batches...
[2026-09-11 18:36:09] Topic 17851: downloading 2 uploads
[2026-09-11 18:36:11] [816/3471] Fetching topic 17843
[2026-09-11 18:36:12] [817/3471] Fetching topic 17855
[2026-09-11 18:36:13] [818/3471] Fetching topic 17827
[2026-09-11 18:36:14] Topic 17827: missing 23 posts; fetching in batches...
[2026-09-11 18:36:15] [819/3471] Fetching topic 17854
[2026-09-11 18:36:16] [820/3471] Fetching topic 17831
[2026-09-11 18:36:17] [821/3471] Fetching topic 17835
[2026-09-11 18:36:19] Topic 17835: missing 2 posts; fetching in batches...
[2026-09-11 18:36:20] [822/3471] Fetching topic 17825
[2026-09-11 18:36:21] [823/3471] Fetching topic 17845
[2026-09-11 18:36:22] Topic 17845: missing 24 posts; fetching in batches...
[2026-09-11 18:36:23] [824/3471] Fetching topic 5647
[2026-09-11 18:36:24] Topic 5647: missing 112 posts; fetching in batches...
[2026-09-11 18:36:28] [825/3471] Fetching topic 17840
[2026-09-11 18:36:29] [826/3471] Fetching topic 17838
[2026-09-11 18:36:30] [827/3471] Fetching topic 17829
[2026-09-11 18:36:31] [828/3471] Fetching topic 17086
[2026-09-11 18:36:32] [829/3471] Fetching topic 17811
[2026-09-11 18:36:33] Topic 17811: missing 5 posts; fetching in batches...
[2026-09-11 18:36:34] [830/3471] Fetching topic 17797
[2026-09-11 18:36:35] Topic 17797: missing 14 posts; fetching in batches...
[2026-09-11 18:36:36] [831/3471] Fetching topic 17815
[2026-09-11 18:36:38] [832/3471] Fetching topic 17256
[2026-09-11 18:36:39] Topic 17256: missing 9 posts; fetching in batches...
[2026-09-11 18:36:40] [833/3471] Fetching topic 17477
[2026-09-11 18:36:41] [834/3471] Fetching topic 17817
[2026-09-11 18:36:42] [835/3471] Fetching topic 17813
[2026-09-11 18:36:43] [836/3471] Fetching topic 17802
[2026-09-11 18:36:44] Topic 17802: missing 8 posts; fetching in batches...
[2026-09-11 18:36:45] [837/3471] Fetching topic 17773
[2026-09-11 18:36:46] [838/3471] Fetching topic 17790
[2026-09-11 18:36:47] Topic 17790: missing 23 posts; fetching in batches...
[2026-09-11 18:36:49] [839/3471] Fetching topic 17568
[2026-09-11 18:36:50] [840/3471] Fetching topic 17805
[2026-09-11 18:36:51] [841/3471] Fetching topic 17803
[2026-09-11 18:36:52] Topic 17803: downloading 1 uploads
[2026-09-11 18:36:53] [842/3471] Fetching topic 17788
[2026-09-11 18:36:54] [843/3471] Fetching topic 17686
[2026-09-11 18:36:55] Topic 17686: missing 22 posts; fetching in batches...
[2026-09-11 18:36:56] [844/3471] Fetching topic 17269
[2026-09-11 18:36:57] Topic 17269: missing 29 posts; fetching in batches...
[2026-09-11 18:36:59] [845/3471] Fetching topic 17744
[2026-09-11 18:37:00] Topic 17744: missing 22 posts; fetching in batches...
[2026-09-11 18:37:01] [846/3471] Fetching topic 17740
[2026-09-11 18:37:02] [847/3471] Fetching topic 17769
[2026-09-11 18:37:03] [848/3471] Fetching topic 17759
[2026-09-11 18:37:04] Topic 17759: missing 14 posts; fetching in batches...
[2026-09-11 18:37:05] [849/3471] Fetching topic 17474
[2026-09-11 18:37:06] [850/3471] Fetching topic 17701
[2026-09-11 18:37:08] [851/3471] Fetching topic 17747
[2026-09-11 18:37:09] [852/3471] Fetching topic 17653
[2026-09-11 18:37:10] [853/3471] Fetching topic 17724
[2026-09-11 18:37:11] Topic 17724: missing 3 posts; fetching in batches...
[2026-09-11 18:37:12] [854/3471] Fetching topic 17651
[2026-09-11 18:37:13] [855/3471] Fetching topic 17726
[2026-09-11 18:37:14] [856/3471] Fetching topic 17499
[2026-09-11 18:37:15] [857/3471] Fetching topic 17732
[2026-09-11 18:37:16] [858/3471] Fetching topic 17713
[2026-09-11 18:37:18] [859/3471] Fetching topic 17706
[2026-09-11 18:37:19] Topic 17706: missing 17 posts; fetching in batches...
[2026-09-11 18:37:20] [860/3471] Fetching topic 17707
[2026-09-11 18:37:21] [861/3471] Fetching topic 17675
[2026-09-11 18:37:22] [862/3471] Fetching topic 10522
[2026-09-11 18:37:23] Topic 10522: missing 227 posts; fetching in batches...
[2026-09-11 18:37:29] [863/3471] Fetching topic 17592
[2026-09-11 18:37:30] Topic 17592: missing 7 posts; fetching in batches...
[2026-09-11 18:37:31] Topic 17592: downloading 4 uploads
[2026-09-11 18:37:33] [864/3471] Fetching topic 17544
[2026-09-11 18:37:34] Topic 17544: missing 20 posts; fetching in batches...
[2026-09-11 18:37:35] [865/3471] Fetching topic 17636
[2026-09-11 18:37:36] [866/3471] Fetching topic 17674
[2026-09-11 18:37:37] Topic 17674: missing 13 posts; fetching in batches...
[2026-09-11 18:37:39] [867/3471] Fetching topic 17504
[2026-09-11 18:37:40] Topic 17504: missing 15 posts; fetching in batches...
[2026-09-11 18:37:41] [868/3471] Fetching topic 17678
[2026-09-11 18:37:42] [869/3471] Fetching topic 17635
[2026-09-11 18:37:43] [870/3471] Fetching topic 17671
[2026-09-11 18:37:44] [871/3471] Fetching topic 17626
[2026-09-11 18:37:45] Topic 17626: missing 1 posts; fetching in batches...
[2026-09-11 18:37:46] [872/3471] Fetching topic 17589
[2026-09-11 18:37:47] Topic 17589: missing 11 posts; fetching in batches...
[2026-09-11 18:37:48] [873/3471] Fetching topic 17659
[2026-09-11 18:37:50] [874/3471] Fetching topic 17588
[2026-09-11 18:37:51] [875/3471] Fetching topic 17657
[2026-09-11 18:37:52] [876/3471] Fetching topic 17646
[2026-09-11 18:37:53] [877/3471] Fetching topic 17324
[2026-09-11 18:37:54] Topic 17324: missing 156 posts; fetching in batches...
[2026-09-11 18:37:59] [878/3471] Fetching topic 17623
[2026-09-11 18:38:00] [879/3471] Fetching topic 17598
[2026-09-11 18:38:01] Topic 17598: missing 4 posts; fetching in batches...
[2026-09-11 18:38:02] [880/3471] Fetching topic 17087
[2026-09-11 18:38:03] Topic 17087: missing 25 posts; fetching in batches...
[2026-09-11 18:38:04] [881/3471] Fetching topic 17559
[2026-09-11 18:38:05] Topic 17559: missing 14 posts; fetching in batches...
[2026-09-11 18:38:06] [882/3471] Fetching topic 6983
[2026-09-11 18:38:07] Topic 6983: missing 1 posts; fetching in batches...
[2026-09-11 18:38:08] [883/3471] Fetching topic 8893
[2026-09-11 18:38:10] Topic 8893: missing 33 posts; fetching in batches...
[2026-09-11 18:38:11] [884/3471] Fetching topic 17540
[2026-09-11 18:38:12] Topic 17540: missing 14 posts; fetching in batches...
[2026-09-11 18:38:13] Topic 17540: downloading 1 uploads
[2026-09-11 18:38:14] Upload failed 404: requested=https://forums.greaterthangames.com/uploads/original/10/102687/1968063-adam_x.jpg&nbsp;</span final=https://forums.greaterthangames.com/uploads/original/10/102687/1968063-adam_x.jpg&nbsp;%3C/span
[2026-09-11 18:38:14] Response headers: {'Server': 'nginx', 'Date': 'Fri, 11 Sep 2026 18:38:14 GMT', 'Content-Type': 'text/html; charset=utf-8', 'Transfer-Encoding': 'chunked', 'Connection': 'keep-alive', 'Vary': 'Accept-Encoding', 'Content-Security-Policy': "upgrade-insecure-requests; base-uri 'self'; object-src 'none'; script-src 'nonce-jhTK8Aa0Mqi4CaIuQHwZEwlLZ' 'strict-dynamic'; frame-ancestors 'self'; manifest-src 'self'", 'X-Request-Id': '40f5f8c4-0750-4714-8c76-8c102de780fc', 'X-Runtime': '0.026250', 'Content-Encoding': 'gzip'}
[2026-09-11 18:38:14] [885/3471] Fetching topic 17553
[2026-09-11 18:38:15] [886/3471] Fetching topic 17355
[2026-09-11 18:38:16] [887/3471] Fetching topic 17520
[2026-09-11 18:38:17] [888/3471] Fetching topic 17533
[2026-09-11 18:38:19] [889/3471] Fetching topic 17530
[2026-09-11 18:38:20] [890/3471] Fetching topic 17068
[2026-09-11 18:38:21] Topic 17068: missing 80 posts; fetching in batches...
[2026-09-11 18:38:23] [891/3471] Fetching topic 17321
[2026-09-11 18:38:24] Topic 17321: missing 85 posts; fetching in batches...
[2026-09-11 18:38:27] [892/3471] Fetching topic 17408
[2026-09-11 18:38:28] [893/3471] Fetching topic 17495
[2026-09-11 18:38:29] Topic 17495: missing 2 posts; fetching in batches...
[2026-09-11 18:38:30] [894/3471] Fetching topic 17513
[2026-09-11 18:38:31] [895/3471] Fetching topic 17400
[2026-09-11 18:38:32] [896/3471] Fetching topic 17371
[2026-09-11 18:38:33] Topic 17371: missing 16 posts; fetching in batches...
[2026-09-11 18:38:35] [897/3471] Fetching topic 17454
[2026-09-11 18:38:36] Topic 17454: missing 3 posts; fetching in batches...
[2026-09-11 18:38:37] [898/3471] Fetching topic 17428
[2026-09-11 18:38:38] Topic 17428: missing 21 posts; fetching in batches...
[2026-09-11 18:38:39] [899/3471] Fetching topic 17429
[2026-09-11 18:38:40] [900/3471] Fetching topic 17430
[2026-09-11 18:38:41] Topic 17430: missing 22 posts; fetching in batches...
[2026-09-11 18:38:42] [901/3471] Fetching topic 17441
[2026-09-11 18:38:43] Topic 17441: missing 12 posts; fetching in batches...
[2026-09-11 18:38:44] [902/3471] Fetching topic 17461
[2026-09-11 18:38:46] [903/3471] Fetching topic 17439
[2026-09-11 18:38:47] [904/3471] Fetching topic 17438
[2026-09-11 18:38:48] [905/3471] Fetching topic 17421
[2026-09-11 18:38:49] Topic 17421: missing 5 posts; fetching in batches...
[2026-09-11 18:38:50] [906/3471] Fetching topic 17399
[2026-09-11 18:38:51] Topic 17399: missing 3 posts; fetching in batches...
[2026-09-11 18:38:52] [907/3471] Fetching topic 17062
[2026-09-11 18:38:53] Topic 17062: missing 12 posts; fetching in batches...
[2026-09-11 18:38:54] [908/3471] Fetching topic 17414
[2026-09-11 18:38:55] [909/3471] Fetching topic 17177
[2026-09-11 18:38:56] Topic 17177: missing 45 posts; fetching in batches...
[2026-09-11 18:38:58] [910/3471] Fetching topic 17416
[2026-09-11 18:38:59] [911/3471] Fetching topic 17264
[2026-09-11 18:39:00] Topic 17264: missing 7 posts; fetching in batches...
[2026-09-11 18:39:01] [912/3471] Fetching topic 17402
[2026-09-11 18:39:02] Topic 17402: missing 3 posts; fetching in batches...
[2026-09-11 18:39:03] [913/3471] Fetching topic 17369
[2026-09-11 18:39:04] Topic 17369: missing 16 posts; fetching in batches...
[2026-09-11 18:39:05] [914/3471] Fetching topic 17331
[2026-09-11 18:39:06] Topic 17331: missing 2 posts; fetching in batches...
[2026-09-11 18:39:07] [915/3471] Fetching topic 17381
[2026-09-11 18:39:09] [916/3471] Fetching topic 17278
[2026-09-11 18:39:10] Topic 17278: missing 13 posts; fetching in batches...
[2026-09-11 18:39:11] [917/3471] Fetching topic 17353
[2026-09-11 18:39:12] Topic 17353: missing 2 posts; fetching in batches...
[2026-09-11 18:39:13] [918/3471] Fetching topic 17384
[2026-09-11 18:39:14] [919/3471] Fetching topic 17383
[2026-09-11 18:39:15] [920/3471] Fetching topic 17368
[2026-09-11 18:39:16] Topic 17368: missing 11 posts; fetching in batches...
[2026-09-11 18:39:17] [921/3471] Fetching topic 16200
[2026-09-11 18:39:18] Topic 16200: missing 8 posts; fetching in batches...
[2026-09-11 18:39:19] [922/3471] Fetching topic 17357
[2026-09-11 18:39:20] [923/3471] Fetching topic 16969
[2026-09-11 18:39:22] Topic 16969: missing 67 posts; fetching in batches...
[2026-09-11 18:39:24] [924/3471] Fetching topic 17231
[2026-09-11 18:39:25] Topic 17231: missing 182 posts; fetching in batches...
[2026-09-11 18:39:30] Topic 17231: downloading 11 uploads
[2026-09-11 18:39:34] Upload failed 404: requested=https://forums.greaterthangames.com/uploads/default/optimized/2X/9/9194b9c5e4433f9da3b5058258114421544fc4be_2_369x500.jpeg, final=https://forums.greaterthangames.com/uploads/default/optimized/2X/9/9194b9c5e4433f9da3b5058258114421544fc4be_2_369x500.jpeg,
[2026-09-11 18:39:34] Response headers: {'Server': 'nginx', 'Date': 'Fri, 11 Sep 2026 18:39:34 GMT', 'Content-Type': 'text/html', 'Content-Length': '548', 'Connection': 'keep-alive'}
[2026-09-11 18:39:38] Upload failed 404: requested=https://forums.greaterthangames.com/uploads/default/optimized/2X/b/b9ddac0033dcfe6860f9791aa7a431331a42485c_2_551x500.jpeg, final=https://forums.greaterthangames.com/uploads/default/optimized/2X/b/b9ddac0033dcfe6860f9791aa7a431331a42485c_2_551x500.jpeg,
[2026-09-11 18:39:38] Response headers: {'Server': 'nginx', 'Date': 'Fri, 11 Sep 2026 18:39:38 GMT', 'Content-Type': 'text/html', 'Content-Length': '548', 'Connection': 'keep-alive'}
[2026-09-11 18:39:41] [925/3471] Fetching topic 17339
[2026-09-11 18:39:42] [926/3471] Fetching topic 17338
[2026-09-11 18:39:43] Topic 17338: missing 29 posts; fetching in batches...
[2026-09-11 18:39:44] [927/3471] Fetching topic 17202
[2026-09-11 18:39:45] Topic 17202: missing 36 posts; fetching in batches...
[2026-09-11 18:39:47] [928/3471] Fetching topic 17330
[2026-09-11 18:39:48] [929/3471] Fetching topic 17328
[2026-09-11 18:39:49] [930/3471] Fetching topic 17325
[2026-09-11 18:39:50] [931/3471] Fetching topic 17320
[2026-09-11 18:39:51] [932/3471] Fetching topic 17161
[2026-09-11 18:39:52] Topic 17161: missing 8 posts; fetching in batches...
[2026-09-11 18:39:53] [933/3471] Fetching topic 17290
[2026-09-11 18:39:54] Topic 17290: missing 32 posts; fetching in batches...
[2026-09-11 18:39:56] [934/3471] Fetching topic 17208
[2026-09-11 18:39:57] Topic 17208: missing 70 posts; fetching in batches...
[2026-09-11 18:39:59] [935/3471] Fetching topic 17277
[2026-09-11 18:40:00] Topic 17277: missing 66 posts; fetching in batches...
[2026-09-11 18:40:02] [936/3471] Fetching topic 17273
[2026-09-11 18:40:03] Topic 17273: missing 16 posts; fetching in batches...
[2026-09-11 18:40:04] [937/3471] Fetching topic 16985
[2026-09-11 18:40:06] Topic 16985: missing 17 posts; fetching in batches...
[2026-09-11 18:40:07] Topic 16985: downloading 1 uploads
[2026-09-11 18:40:07] [938/3471] Fetching topic 17249
[2026-09-11 18:40:08] [939/3471] Fetching topic 17271
[2026-09-11 18:40:09] [940/3471] Fetching topic 17056
[2026-09-11 18:40:10] [941/3471] Fetching topic 17260
[2026-09-11 18:40:11] [942/3471] Fetching topic 17048
[2026-09-11 18:40:12] [943/3471] Fetching topic 17259
[2026-09-11 18:40:13] [944/3471] Fetching topic 17125
[2026-09-11 18:40:15] [945/3471] Fetching topic 17246
[2026-09-11 18:40:16] [946/3471] Fetching topic 17250
[2026-09-11 18:40:17] [947/3471] Fetching topic 17239
[2026-09-11 18:40:18] [948/3471] Fetching topic 17212
[2026-09-11 18:40:19] Topic 17212: missing 14 posts; fetching in batches...
[2026-09-11 18:40:20] [949/3471] Fetching topic 17209
[2026-09-11 18:40:21] [950/3471] Fetching topic 17222
[2026-09-11 18:40:22] [951/3471] Fetching topic 17173
[2026-09-11 18:40:24] [952/3471] Fetching topic 17157
[2026-09-11 18:40:25] Topic 17157: missing 22 posts; fetching in batches...
[2026-09-11 18:40:26] Topic 17157: downloading 1 uploads
[2026-09-11 18:40:28] [953/3471] Fetching topic 17214
[2026-09-11 18:40:29] [954/3471] Fetching topic 17192
[2026-09-11 18:40:30] Topic 17192: missing 10 posts; fetching in batches...
[2026-09-11 18:40:31] [955/3471] Fetching topic 17179
[2026-09-11 18:40:32] Topic 17179: missing 70 posts; fetching in batches...
[2026-09-11 18:40:34] [956/3471] Fetching topic 17096
[2026-09-11 18:40:35] Topic 17096: missing 3 posts; fetching in batches...
[2026-09-11 18:40:36] [957/3471] Fetching topic 17183
[2026-09-11 18:40:37] Topic 17183: downloading 1 uploads
[2026-09-11 18:40:38] [958/3471] Fetching topic 17170
[2026-09-11 18:40:40] Topic 17170: missing 19 posts; fetching in batches...
[2026-09-11 18:40:41] [959/3471] Fetching topic 17189
[2026-09-11 18:40:42] [960/3471] Fetching topic 16863
[2026-09-11 18:40:43] [961/3471] Fetching topic 17140
[2026-09-11 18:40:44] Topic 17140: missing 27 posts; fetching in batches...
[2026-09-11 18:40:45] [962/3471] Fetching topic 17142
[2026-09-11 18:40:46] Topic 17142: missing 18 posts; fetching in batches...
[2026-09-11 18:40:47] [963/3471] Fetching topic 17159
[2026-09-11 18:40:48] [964/3471] Fetching topic 17112
[2026-09-11 18:40:50] Topic 17112: missing 4 posts; fetching in batches...
[2026-09-11 18:40:51] [965/3471] Fetching topic 17156
[2026-09-11 18:40:52] [966/3471] Fetching topic 17050
[2026-09-11 18:40:53] Topic 17050: missing 2 posts; fetching in batches...
[2026-09-11 18:40:54] [967/3471] Fetching topic 17094
[2026-09-11 18:40:55] Topic 17094: missing 20 posts; fetching in batches...
[2026-09-11 18:40:56] [968/3471] Fetching topic 17122
[2026-09-11 18:40:57] Topic 17122: missing 15 posts; fetching in batches...
[2026-09-11 18:40:58] [969/3471] Fetching topic 17130
[2026-09-11 18:40:59] [970/3471] Fetching topic 16928
[2026-09-11 18:41:01] Topic 16928: missing 48 posts; fetching in batches...
[2026-09-11 18:41:02] [971/3471] Fetching topic 17124
[2026-09-11 18:41:03] [972/3471] Fetching topic 16161
[2026-09-11 18:41:04] Topic 16161: missing 34 posts; fetching in batches...
[2026-09-11 18:41:05] [973/3471] Fetching topic 17104
[2026-09-11 18:41:06] [974/3471] Fetching topic 17101
[2026-09-11 18:41:07] [975/3471] Fetching topic 17071
[2026-09-11 18:41:09] Topic 17071: missing 12 posts; fetching in batches...
[2026-09-11 18:41:10] [976/3471] Fetching topic 17042
[2026-09-11 18:41:11] [977/3471] Fetching topic 17041
[2026-09-11 18:41:12] Topic 17041: missing 25 posts; fetching in batches...
[2026-09-11 18:41:13] [978/3471] Fetching topic 17074
[2026-09-11 18:41:14] [979/3471] Fetching topic 17053
[2026-09-11 18:41:15] [980/3471] Fetching topic 17016
[2026-09-11 18:41:16] Topic 17016: missing 17 posts; fetching in batches...
[2026-09-11 18:41:17] [981/3471] Fetching topic 17038
[2026-09-11 18:41:19] [982/3471] Fetching topic 17036
[2026-09-11 18:41:20] [983/3471] Fetching topic 15264
[2026-09-11 18:41:21] Topic 15264: missing 29 posts; fetching in batches...
[2026-09-11 18:41:22] [984/3471] Fetching topic 17034
[2026-09-11 18:41:23] [985/3471] Fetching topic 17027
[2026-09-11 18:41:24] [986/3471] Fetching topic 16697
[2026-09-11 18:41:25] Topic 16697: missing 2 posts; fetching in batches...
[2026-09-11 18:41:26] [987/3471] Fetching topic 17006
[2026-09-11 18:41:27] [988/3471] Fetching topic 16789
[2026-09-11 18:41:29] Topic 16789: missing 4 posts; fetching in batches...
[2026-09-11 18:41:30] [989/3471] Fetching topic 16946
[2026-09-11 18:41:31] Topic 16946: missing 8 posts; fetching in batches...
[2026-09-11 18:41:32] [990/3471] Fetching topic 8865
[2026-09-11 18:41:33] Topic 8865: missing 72 posts; fetching in batches...
[2026-09-11 18:41:35] Topic 8865: downloading 4 uploads
[2026-09-11 18:41:38] Upload failed 404: requested=https://forums.greaterthangames.com/uploads/default/optimized/2X/5/5cbe72104dea06982da2730ec6da672d064b1741_2_672x500.jpeg, final=https://forums.greaterthangames.com/uploads/default/optimized/2X/5/5cbe72104dea06982da2730ec6da672d064b1741_2_672x500.jpeg,
[2026-09-11 18:41:38] Response headers: {'Server': 'nginx', 'Date': 'Fri, 11 Sep 2026 18:41:38 GMT', 'Content-Type': 'text/html', 'Content-Length': '548', 'Connection': 'keep-alive'}
[2026-09-11 18:41:40] [991/3471] Fetching topic 16982
[2026-09-11 18:41:41] [992/3471] Fetching topic 16970
[2026-09-11 18:41:42] [993/3471] Fetching topic 16905
[2026-09-11 18:41:43] Topic 16905: downloading 1 uploads
[2026-09-11 18:41:43] [994/3471] Fetching topic 16921
[2026-09-11 18:41:44] Topic 16921: missing 3 posts; fetching in batches...
[2026-09-11 18:41:45] Topic 16921: downloading 2 uploads
[2026-09-11 18:41:47] [995/3471] Fetching topic 16595
[2026-09-11 18:41:48] [996/3471] Fetching topic 16908
[2026-09-11 18:41:49] [997/3471] Fetching topic 16827
[2026-09-11 18:41:50] [998/3471] Fetching topic 16790
[2026-09-11 18:41:52] [999/3471] Fetching topic 16828
[2026-09-11 18:41:53] [1000/3471] Fetching topic 16870
[2026-09-11 18:41:54] [1001/3471] Fetching topic 16893
[2026-09-11 18:41:55] [1002/3471] Fetching topic 9877
[2026-09-11 18:41:56] Topic 9877: missing 11 posts; fetching in batches...
[2026-09-11 18:41:57] [1003/3471] Fetching topic 16865
[2026-09-11 18:41:58] [1004/3471] Fetching topic 15538
[2026-09-11 18:42:00] [1005/3471] Fetching topic 16829
[2026-09-11 18:42:01] [1006/3471] Fetching topic 16812
[2026-09-11 18:42:02] [1007/3471] Fetching topic 16794
[2026-09-11 18:42:03] [1008/3471] Fetching topic 16837
[2026-09-11 18:42:04] [1009/3471] Fetching topic 16830
[2026-09-11 18:42:05] [1010/3471] Fetching topic 13510
[2026-09-11 18:42:06] [1011/3471] Fetching topic 16816
[2026-09-11 18:42:07] [1012/3471] Fetching topic 16807
[2026-09-11 18:42:09] [1013/3471] Fetching topic 16733
[2026-09-11 18:42:10] Topic 16733: missing 26 posts; fetching in batches...
[2026-09-11 18:42:11] [1014/3471] Fetching topic 16758
[2026-09-11 18:42:12] Topic 16758: missing 7 posts; fetching in batches...
[2026-09-11 18:42:13] [1015/3471] Fetching topic 16762
[2026-09-11 18:42:14] Topic 16762: missing 6 posts; fetching in batches...
[2026-09-11 18:42:15] [1016/3471] Fetching topic 16777
[2026-09-11 18:42:16] [1017/3471] Fetching topic 16730
[2026-09-11 18:42:17] [1018/3471] Fetching topic 16734
[2026-09-11 18:42:18] [1019/3471] Fetching topic 16748
[2026-09-11 18:42:20] [1020/3471] Fetching topic 16755
[2026-09-11 18:42:21] [1021/3471] Fetching topic 16729
[2026-09-11 18:42:22] Topic 16729: missing 4 posts; fetching in batches...
[2026-09-11 18:42:23] Topic 16729: downloading 2 uploads
[2026-09-11 18:42:25] [1022/3471] Fetching topic 16484
[2026-09-11 18:42:26] [1023/3471] Fetching topic 16745
[2026-09-11 18:42:27] [1024/3471] Fetching topic 16738
[2026-09-11 18:42:28] [1025/3471] Fetching topic 16739
[2026-09-11 18:42:29] [1026/3471] Fetching topic 16644
[2026-09-11 18:42:31] Topic 16644: missing 4 posts; fetching in batches...
[2026-09-11 18:42:32] [1027/3471] Fetching topic 16719
[2026-09-11 18:42:33] [1028/3471] Fetching topic 16710
[2026-09-11 18:42:34] Topic 16710: missing 20 posts; fetching in batches...
[2026-09-11 18:42:35] [1029/3471] Fetching topic 16722
[2026-09-11 18:42:36] [1030/3471] Fetching topic 16723
[2026-09-11 18:42:37] [1031/3471] Fetching topic 16709
[2026-09-11 18:42:38] [1032/3471] Fetching topic 16685
[2026-09-11 18:42:39] [1033/3471] Fetching topic 16711
[2026-09-11 18:42:41] [1034/3471] Fetching topic 16611
[2026-09-11 18:42:42] [1035/3471] Fetching topic 16696
[2026-09-11 18:42:43] Topic 16696: missing 15 posts; fetching in batches...
[2026-09-11 18:42:44] [1036/3471] Fetching topic 16703
[2026-09-11 18:42:45] [1037/3471] Fetching topic 16410
[2026-09-11 18:42:46] Topic 16410: missing 10 posts; fetching in batches...
[2026-09-11 18:42:47] [1038/3471] Fetching topic 12723
[2026-09-11 18:42:48] [1039/3471] Fetching topic 16679
[2026-09-11 18:42:49] Topic 16679: missing 20 posts; fetching in batches...
[2026-09-11 18:42:51] Topic 16679: downloading 1 uploads
[2026-09-11 18:42:51] [1040/3471] Fetching topic 16594
[2026-09-11 18:42:52] [1041/3471] Fetching topic 16683
[2026-09-11 18:42:53] [1042/3471] Fetching topic 16598
[2026-09-11 18:42:54] [1043/3471] Fetching topic 16669
[2026-09-11 18:42:55] [1044/3471] Fetching topic 16670
[2026-09-11 18:42:56] [1045/3471] Fetching topic 16667
[2026-09-11 18:42:57] [1046/3471] Fetching topic 16586
[2026-09-11 18:42:59] [1047/3471] Fetching topic 16663
[2026-09-11 18:43:00] [1048/3471] Fetching topic 16664
[2026-09-11 18:43:01] [1049/3471] Fetching topic 16645
[2026-09-11 18:43:02] [1050/3471] Fetching topic 16633
[2026-09-11 18:43:03] Topic 16633: missing 4 posts; fetching in batches...
[2026-09-11 18:43:04] [1051/3471] Fetching topic 16461
[2026-09-11 18:43:05] [1052/3471] Fetching topic 16616
[2026-09-11 18:43:06] Topic 16616: missing 7 posts; fetching in batches...
[2026-09-11 18:43:07] [1053/3471] Fetching topic 16606
[2026-09-11 18:43:09] Topic 16606: missing 10 posts; fetching in batches...
[2026-09-11 18:43:10] [1054/3471] Fetching topic 16629
[2026-09-11 18:43:11] [1055/3471] Fetching topic 16393
[2026-09-11 18:43:12] [1056/3471] Fetching topic 15905
[2026-09-11 18:43:13] [1057/3471] Fetching topic 16627
[2026-09-11 18:43:14] [1058/3471] Fetching topic 16624
[2026-09-11 18:43:15] [1059/3471] Fetching topic 16617
[2026-09-11 18:43:16] [1060/3471] Fetching topic 16591
[2026-09-11 18:43:18] [1061/3471] Fetching topic 16585
[2026-09-11 18:43:19] Topic 16585: missing 4 posts; fetching in batches...
[2026-09-11 18:43:20] [1062/3471] Fetching topic 16559
[2026-09-11 18:43:21] Topic 16559: missing 30 posts; fetching in batches...
[2026-09-11 18:43:22] Topic 16559: downloading 2 uploads
[2026-09-11 18:43:22] [1063/3471] Fetching topic 16580
[2026-09-11 18:43:23] [1064/3471] Fetching topic 16174
[2026-09-11 18:43:24] [1065/3471] Fetching topic 16129
[2026-09-11 18:43:25] Topic 16129: missing 29 posts; fetching in batches...
[2026-09-11 18:43:26] [1066/3471] Fetching topic 16558
[2026-09-11 18:43:28] [1067/3471] Fetching topic 16514
[2026-09-11 18:43:29] [1068/3471] Fetching topic 11716
[2026-09-11 18:43:30] Topic 11716: missing 90 posts; fetching in batches...
[2026-09-11 18:43:32] [1069/3471] Fetching topic 16219
[2026-09-11 18:43:33] [1070/3471] Fetching topic 16507
[2026-09-11 18:43:35] [1071/3471] Fetching topic 16039
[2026-09-11 18:43:36] Topic 16039: missing 78 posts; fetching in batches...
[2026-09-11 18:43:38] Topic 16039: downloading 7 uploads
[2026-09-11 18:43:41] [1072/3471] Fetching topic 16506
[2026-09-11 18:43:42] [1073/3471] Fetching topic 16502
[2026-09-11 18:43:43] Topic 16502: missing 14 posts; fetching in batches...
[2026-09-11 18:43:44] Topic 16502: downloading 1 uploads
[2026-09-11 18:43:45] [1074/3471] Fetching topic 16492
[2026-09-11 18:43:46] [1075/3471] Fetching topic 16455
[2026-09-11 18:43:47] Topic 16455: missing 38 posts; fetching in batches...
[2026-09-11 18:43:49] [1076/3471] Fetching topic 16483
[2026-09-11 18:43:50] [1077/3471] Fetching topic 16468
[2026-09-11 18:43:51] [1078/3471] Fetching topic 16306
[2026-09-11 18:43:52] [1079/3471] Fetching topic 16269
[2026-09-11 18:43:53] [1080/3471] Fetching topic 16275
[2026-09-11 18:43:54] [1081/3471] Fetching topic 16433
[2026-09-11 18:43:55] [1082/3471] Fetching topic 16419
[2026-09-11 18:43:56] Topic 16419: missing 1 posts; fetching in batches...
[2026-09-11 18:43:58] [1083/3471] Fetching topic 16422
[2026-09-11 18:43:59] [1084/3471] Fetching topic 16339
[2026-09-11 18:44:00] [1085/3471] Fetching topic 16287
[2026-09-11 18:44:01] Topic 16287: missing 3 posts; fetching in batches...
[2026-09-11 18:44:02] [1086/3471] Fetching topic 16313
[2026-09-11 18:44:03] [1087/3471] Fetching topic 16322
[2026-09-11 18:44:04] [1088/3471] Fetching topic 16307
[2026-09-11 18:44:05] [1089/3471] Fetching topic 16225
[2026-09-11 18:44:06] [1090/3471] Fetching topic 16234
[2026-09-11 18:44:08] Topic 16234: missing 20 posts; fetching in batches...
[2026-09-11 18:44:09] [1091/3471] Fetching topic 16279
[2026-09-11 18:44:10] [1092/3471] Fetching topic 15810
[2026-09-11 18:44:11] Topic 15810: missing 3 posts; fetching in batches...
[2026-09-11 18:44:12] [1093/3471] Fetching topic 16252
[2026-09-11 18:44:13] [1094/3471] Fetching topic 16212
[2026-09-11 18:44:14] Topic 16212: missing 9 posts; fetching in batches...
[2026-09-11 18:44:15] [1095/3471] Fetching topic 16193
[2026-09-11 18:44:16] [1096/3471] Fetching topic 16228
[2026-09-11 18:44:18] [1097/3471] Fetching topic 16142
[2026-09-11 18:44:19] Topic 16142: downloading 2 uploads
[2026-09-11 18:44:19] [1098/3471] Fetching topic 16154
[2026-09-11 18:44:20] Topic 16154: missing 13 posts; fetching in batches...
[2026-09-11 18:44:21] [1099/3471] Fetching topic 16155
[2026-09-11 18:44:22] [1100/3471] Fetching topic 14961
[2026-09-11 18:44:23] Topic 14961: missing 10 posts; fetching in batches...
[2026-09-11 18:44:24] [1101/3471] Fetching topic 16144
[2026-09-11 18:44:25] [1102/3471] Fetching topic 16138
[2026-09-11 18:44:26] [1103/3471] Fetching topic 16107
[2026-09-11 18:44:28] [1104/3471] Fetching topic 16095
[2026-09-11 18:44:29] [1105/3471] Fetching topic 16078
[2026-09-11 18:44:30] [1106/3471] Fetching topic 16085
[2026-09-11 18:44:31] [1107/3471] Fetching topic 16026
[2026-09-11 18:44:32] Topic 16026: missing 16 posts; fetching in batches...
[2026-09-11 18:44:33] [1108/3471] Fetching topic 16052
[2026-09-11 18:44:34] [1109/3471] Fetching topic 16030
[2026-09-11 18:44:35] [1110/3471] Fetching topic 16037
[2026-09-11 18:44:37] [1111/3471] Fetching topic 16034
[2026-09-11 18:44:38] [1112/3471] Fetching topic 16017
[2026-09-11 18:44:39] [1113/3471] Fetching topic 15982
[2026-09-11 18:44:40] Topic 15982: missing 3 posts; fetching in batches...
[2026-09-11 18:44:41] [1114/3471] Fetching topic 15987
[2026-09-11 18:44:42] [1115/3471] Fetching topic 15990
[2026-09-11 18:44:43] [1116/3471] Fetching topic 15989
[2026-09-11 18:44:44] [1117/3471] Fetching topic 15996
[2026-09-11 18:44:46] [1118/3471] Fetching topic 8895
[2026-09-11 18:44:47] Topic 8895: missing 888 posts; fetching in batches...
[2026-09-11 18:45:09] Topic 8895: downloading 55 uploads
[2026-09-11 18:45:10] Upload failed 404: requested=https://forums.greaterthangames.com/uploads/2014/10/What-does-the-baby-box-turtle-eat-620x350.jpg final=https://forums.greaterthangames.com/uploads/2014/10/What-does-the-baby-box-turtle-eat-620x350.jpg
[2026-09-11 18:45:10] Response headers: {'Server': 'nginx', 'Date': 'Fri, 11 Sep 2026 18:45:10 GMT', 'Content-Type': 'text/html', 'Content-Length': '548', 'Connection': 'keep-alive'}
[2026-09-11 18:45:44] [1119/3471] Fetching topic 15962
[2026-09-11 18:45:45] [1120/3471] Fetching topic 15912
[2026-09-11 18:45:46] Topic 15912: missing 1 posts; fetching in batches...
[2026-09-11 18:45:47] [1121/3471] Fetching topic 15923
[2026-09-11 18:45:48] [1122/3471] Fetching topic 15958
[2026-09-11 18:45:49] [1123/3471] Fetching topic 15942
[2026-09-11 18:45:50] [1124/3471] Fetching topic 15934
[2026-09-11 18:45:52] [1125/3471] Fetching topic 15918
[2026-09-11 18:45:53] [1126/3471] Fetching topic 11558
[2026-09-11 18:45:54] Topic 11558: missing 197 posts; fetching in batches...
[2026-09-11 18:45:58] [1127/3471] Fetching topic 15817
[2026-09-11 18:46:00] Topic 15817: missing 73 posts; fetching in batches...
[2026-09-11 18:46:02] Topic 15817: downloading 2 uploads
[2026-09-11 18:46:04] [1128/3471] Fetching topic 15913
[2026-09-11 18:46:05] [1129/3471] Fetching topic 15850
[2026-09-11 18:46:06] [1130/3471] Fetching topic 15896
[2026-09-11 18:46:07] Topic 15896: missing 16 posts; fetching in batches...
[2026-09-11 18:46:08] [1131/3471] Fetching topic 15915
[2026-09-11 18:46:10] [1132/3471] Fetching topic 15904
[2026-09-11 18:46:11] [1133/3471] Fetching topic 15826
[2026-09-11 18:46:12] [1134/3471] Fetching topic 15310
[2026-09-11 18:46:13] [1135/3471] Fetching topic 15879
[2026-09-11 18:46:14] [1136/3471] Fetching topic 15837
[2026-09-11 18:46:15] [1137/3471] Fetching topic 15831
[2026-09-11 18:46:16] [1138/3471] Fetching topic 15795
[2026-09-11 18:46:17] [1139/3471] Fetching topic 15821
[2026-09-11 18:46:19] [1140/3471] Fetching topic 15729
[2026-09-11 18:46:20] Topic 15729: missing 4 posts; fetching in batches...
[2026-09-11 18:46:21] [1141/3471] Fetching topic 13241
[2026-09-11 18:46:22] Topic 13241: missing 86 posts; fetching in batches...
[2026-09-11 18:46:24] Topic 13241: downloading 2 uploads
[2026-09-11 18:46:26] [1142/3471] Fetching topic 15774
[2026-09-11 18:46:27] [1143/3471] Fetching topic 15770
[2026-09-11 18:46:28] [1144/3471] Fetching topic 15610
[2026-09-11 18:46:30] [1145/3471] Fetching topic 15742
[2026-09-11 18:46:31] [1146/3471] Fetching topic 15736
[2026-09-11 18:46:32] [1147/3471] Fetching topic 15741
[2026-09-11 18:46:33] [1148/3471] Fetching topic 15719
[2026-09-11 18:46:34] [1149/3471] Fetching topic 15700
[2026-09-11 18:46:35] [1150/3471] Fetching topic 15681
[2026-09-11 18:46:36] [1151/3471] Fetching topic 15660
[2026-09-11 18:46:38] [1152/3471] Fetching topic 15649
[2026-09-11 18:46:39] Topic 15649: downloading 1 uploads
[2026-09-11 18:46:40] Upload failed 404: requested=https://forums.greaterthangames.com/uploads/2016/08/Low-Life.jpg](upload://fIAJMHe40KeoddRLBedQeGo483O.jpeg final=https://forums.greaterthangames.com/uploads/2016/08/Low-Life.jpg%5D(upload://fIAJMHe40KeoddRLBedQeGo483O.jpeg
[2026-09-11 18:46:40] Response headers: {'Server': 'nginx', 'Date': 'Fri, 11 Sep 2026 18:46:40 GMT', 'Content-Type': 'text/html', 'Content-Length': '548', 'Connection': 'keep-alive'}
[2026-09-11 18:46:40] [1153/3471] Fetching topic 15156
[2026-09-11 18:46:41] [1154/3471] Fetching topic 14724
[2026-09-11 18:46:42] Topic 14724: missing 105 posts; fetching in batches...
[2026-09-11 18:46:46] [1155/3471] Fetching topic 15543
[2026-09-11 18:46:47] [1156/3471] Fetching topic 14812
[2026-09-11 18:46:48] [1157/3471] Fetching topic 15567
[2026-09-11 18:46:49] [1158/3471] Fetching topic 15571
[2026-09-11 18:46:50] [1159/3471] Fetching topic 15485
[2026-09-11 18:46:51] Topic 15485: missing 20 posts; fetching in batches...
[2026-09-11 18:46:52] [1160/3471] Fetching topic 15562
[2026-09-11 18:46:53] [1161/3471] Fetching topic 15544
[2026-09-11 18:46:55] [1162/3471] Fetching topic 13546
[2026-09-11 18:46:56] Topic 13546: missing 13 posts; fetching in batches...
[2026-09-11 18:46:57] [1163/3471] Fetching topic 15481
[2026-09-11 18:46:58] Topic 15481: missing 4 posts; fetching in batches...
[2026-09-11 18:46:59] [1164/3471] Fetching topic 15460
[2026-09-11 18:47:00] Topic 15460: missing 12 posts; fetching in batches...
[2026-09-11 18:47:01] [1165/3471] Fetching topic 15515
[2026-09-11 18:47:02] [1166/3471] Fetching topic 15477
[2026-09-11 18:47:03] [1167/3471] Fetching topic 13399
[2026-09-11 18:47:05] Topic 13399: missing 39 posts; fetching in batches...
[2026-09-11 18:47:06] [1168/3471] Fetching topic 15042
[2026-09-11 18:47:07] [1169/3471] Fetching topic 15459
[2026-09-11 18:47:08] [1170/3471] Fetching topic 15451
[2026-09-11 18:47:09] [1171/3471] Fetching topic 15442
[2026-09-11 18:47:10] [1172/3471] Fetching topic 15441
[2026-09-11 18:47:12] [1173/3471] Fetching topic 12385
[2026-09-11 18:47:13] [1174/3471] Fetching topic 15404
[2026-09-11 18:47:14] [1175/3471] Fetching topic 15421
[2026-09-11 18:47:15] [1176/3471] Fetching topic 15382
[2026-09-11 18:47:16] [1177/3471] Fetching topic 15394
[2026-09-11 18:47:17] [1178/3471] Fetching topic 12913
[2026-09-11 18:47:18] Topic 12913: missing 84 posts; fetching in batches...
[2026-09-11 18:47:21] [1179/3471] Fetching topic 15365
[2026-09-11 18:47:22] [1180/3471] Fetching topic 14012
[2026-09-11 18:47:23] Topic 14012: missing 74 posts; fetching in batches...
[2026-09-11 18:47:25] [1181/3471] Fetching topic 14888
[2026-09-11 18:47:26] [1182/3471] Fetching topic 15326
[2026-09-11 18:47:28] [1183/3471] Fetching topic 15291
[2026-09-11 18:47:29] [1184/3471] Fetching topic 14886
[2026-09-11 18:47:30] Topic 14886: missing 19 posts; fetching in batches...
[2026-09-11 18:47:31] [1185/3471] Fetching topic 15320
[2026-09-11 18:47:32] [1186/3471] Fetching topic 15176
[2026-09-11 18:47:33] Topic 15176: missing 2 posts; fetching in batches...
[2026-09-11 18:47:34] Topic 15176: downloading 1 uploads
[2026-09-11 18:47:34] [1187/3471] Fetching topic 15300
[2026-09-11 18:47:35] [1188/3471] Fetching topic 15288
[2026-09-11 18:47:36] [1189/3471] Fetching topic 15218
[2026-09-11 18:47:38] Topic 15218: missing 6 posts; fetching in batches...
[2026-09-11 18:47:39] [1190/3471] Fetching topic 15177
[2026-09-11 18:47:40] [1191/3471] Fetching topic 15150
[2026-09-11 18:47:41] Topic 15150: missing 35 posts; fetching in batches...
[2026-09-11 18:47:42] [1192/3471] Fetching topic 15269
[2026-09-11 18:47:43] [1193/3471] Fetching topic 15254
[2026-09-11 18:47:44] [1194/3471] Fetching topic 14688
[2026-09-11 18:47:45] Topic 14688: missing 44 posts; fetching in batches...
[2026-09-11 18:47:46] [1195/3471] Fetching topic 15169
[2026-09-11 18:47:48] Topic 15169: missing 41 posts; fetching in batches...
[2026-09-11 18:47:49] [1196/3471] Fetching topic 15196
[2026-09-11 18:47:50] [1197/3471] Fetching topic 15185
[2026-09-11 18:47:51] [1198/3471] Fetching topic 15116
[2026-09-11 18:47:52] [1199/3471] Fetching topic 15121
[2026-09-11 18:47:53] [1200/3471] Fetching topic 15143
[2026-09-11 18:47:54] [1201/3471] Fetching topic 15106
[2026-09-11 18:47:56] [1202/3471] Fetching topic 15075
[2026-09-11 18:47:57] [1203/3471] Fetching topic 15006
[2026-09-11 18:47:58] [1204/3471] Fetching topic 14991
[2026-09-11 18:47:59] Topic 14991: missing 2 posts; fetching in batches...
[2026-09-11 18:48:00] [1205/3471] Fetching topic 14838
[2026-09-11 18:48:01] Topic 14838: missing 42 posts; fetching in batches...
[2026-09-11 18:48:02] Topic 14838: downloading 6 uploads
[2026-09-11 18:48:07] Upload failed 404: requested=https://forums.greaterthangames.com/uploads/default/optimized/2X/0/03b1d56a7cacca8af7cc3d1a9f9cc7580b30eae8_2_690x431.jpeg, final=https://forums.greaterthangames.com/uploads/default/optimized/2X/0/03b1d56a7cacca8af7cc3d1a9f9cc7580b30eae8_2_690x431.jpeg,
[2026-09-11 18:48:07] Response headers: {'Server': 'nginx', 'Date': 'Fri, 11 Sep 2026 18:48:07 GMT', 'Content-Type': 'text/html', 'Content-Length': '548', 'Connection': 'keep-alive'}
[2026-09-11 18:48:09] [1206/3471] Fetching topic 15004
[2026-09-11 18:48:10] [1207/3471] Fetching topic 15001
[2026-09-11 18:48:11] [1208/3471] Fetching topic 14990
[2026-09-11 18:48:12] [1209/3471] Fetching topic 14865
[2026-09-11 18:48:13] Topic 14865: missing 6 posts; fetching in batches...
[2026-09-11 18:48:14] Topic 14865: downloading 5 uploads
[2026-09-11 18:48:19] Upload failed 404: requested=https://forums.greaterthangames.com/uploads/default/optimized/2X/a/a14d8de8e9c38fe6f1f0ef1b59d67274b1eca189_2_690x388.jpeg, final=https://forums.greaterthangames.com/uploads/default/optimized/2X/a/a14d8de8e9c38fe6f1f0ef1b59d67274b1eca189_2_690x388.jpeg,
[2026-09-11 18:48:19] Response headers: {'Server': 'nginx', 'Date': 'Fri, 11 Sep 2026 18:48:19 GMT', 'Content-Type': 'text/html', 'Content-Length': '548', 'Connection': 'keep-alive'}
[2026-09-11 18:48:19] [1210/3471] Fetching topic 5991
[2026-09-11 18:48:20] Topic 5991: missing 134 posts; fetching in batches...
[2026-09-11 18:48:24] [1211/3471] Fetching topic 14852
[2026-09-11 18:48:25] Topic 14852: downloading 1 uploads
[2026-09-11 18:48:26] [1212/3471] Fetching topic 14564
[2026-09-11 18:48:27] Topic 14564: missing 53 posts; fetching in batches...
[2026-09-11 18:48:29] Topic 14564: downloading 2 uploads
[2026-09-11 18:48:30] [1213/3471] Fetching topic 13839
[2026-09-11 18:48:31] Topic 13839: missing 12 posts; fetching in batches...
[2026-09-11 18:48:33] [1214/3471] Fetching topic 14926
[2026-09-11 18:48:34] [1215/3471] Fetching topic 14937
[2026-09-11 18:48:35] [1216/3471] Fetching topic 14907
[2026-09-11 18:48:36] [1217/3471] Fetching topic 14885
[2026-09-11 18:48:37] [1218/3471] Fetching topic 14878
[2026-09-11 18:48:38] [1219/3471] Fetching topic 14835
[2026-09-11 18:48:39] [1220/3471] Fetching topic 14548
[2026-09-11 18:48:40] Topic 14548: missing 47 posts; fetching in batches...
[2026-09-11 18:48:42] [1221/3471] Fetching topic 14352
[2026-09-11 18:48:43] Topic 14352: missing 45 posts; fetching in batches...
[2026-09-11 18:48:44] [1222/3471] Fetching topic 14829
[2026-09-11 18:48:45] Topic 14829: downloading 4 uploads
[2026-09-11 18:48:48] Upload failed 404: requested=https://forums.greaterthangames.com/uploads/default/optimized/2X/4/48d81c7a8e1807849913484c7268136414915652_2_447x500.jpeg, final=https://forums.greaterthangames.com/uploads/default/optimized/2X/4/48d81c7a8e1807849913484c7268136414915652_2_447x500.jpeg,
[2026-09-11 18:48:48] Response headers: {'Server': 'nginx', 'Date': 'Fri, 11 Sep 2026 18:48:48 GMT', 'Content-Type': 'text/html', 'Content-Length': '548', 'Connection': 'keep-alive'}
[2026-09-11 18:48:49] [1223/3471] Fetching topic 14831
[2026-09-11 18:48:50] [1224/3471] Fetching topic 14808
[2026-09-11 18:48:51] [1225/3471] Fetching topic 14826
[2026-09-11 18:48:53] [1226/3471] Fetching topic 14077
[2026-09-11 18:48:54] Topic 14077: missing 86 posts; fetching in batches...
[2026-09-11 18:48:56] [1227/3471] Fetching topic 14817
[2026-09-11 18:48:57] [1228/3471] Fetching topic 14709
[2026-09-11 18:48:58] [1229/3471] Fetching topic 14731
[2026-09-11 18:49:00] Topic 14731: missing 11 posts; fetching in batches...
[2026-09-11 18:49:01] [1230/3471] Fetching topic 14708
[2026-09-11 18:49:02] [1231/3471] Fetching topic 14698
[2026-09-11 18:49:03] Topic 14698: missing 15 posts; fetching in batches...
[2026-09-11 18:49:04] [1232/3471] Fetching topic 14703
[2026-09-11 18:49:05] [1233/3471] Fetching topic 14697
[2026-09-11 18:49:06] [1234/3471] Fetching topic 14671
[2026-09-11 18:49:07] [1235/3471] Fetching topic 14641
[2026-09-11 18:49:09] Topic 14641: missing 8 posts; fetching in batches...
[2026-09-11 18:49:10] [1236/3471] Fetching topic 14701
[2026-09-11 18:49:11] [1237/3471] Fetching topic 14674
[2026-09-11 18:49:12] [1238/3471] Fetching topic 14211
[2026-09-11 18:49:13] [1239/3471] Fetching topic 14650
[2026-09-11 18:49:14] [1240/3471] Fetching topic 12164
[2026-09-11 18:49:15] Topic 12164: missing 153 posts; fetching in batches...
[2026-09-11 18:49:20] [1241/3471] Fetching topic 14258
[2026-09-11 18:49:21] Topic 14258: missing 23 posts; fetching in batches...
[2026-09-11 18:49:22] [1242/3471] Fetching topic 14483
[2026-09-11 18:49:23] Topic 14483: missing 11 posts; fetching in batches...
[2026-09-11 18:49:24] [1243/3471] Fetching topic 14582
[2026-09-11 18:49:25] [1244/3471] Fetching topic 14550
[2026-09-11 18:49:27] [1245/3471] Fetching topic 14574
[2026-09-11 18:49:28] Topic 14574: missing 94 posts; fetching in batches...
[2026-09-11 18:49:30] Topic 14574: downloading 1 uploads
[2026-09-11 18:49:31] [1246/3471] Fetching topic 14618
[2026-09-11 18:49:32] [1247/3471] Fetching topic 14506
[2026-09-11 18:49:33] [1248/3471] Fetching topic 14593
[2026-09-11 18:49:34] [1249/3471] Fetching topic 14514
[2026-09-11 18:49:36] Topic 14514: missing 3 posts; fetching in batches...
[2026-09-11 18:49:37] Topic 14514: downloading 1 uploads
[2026-09-11 18:49:38] [1250/3471] Fetching topic 14153
[2026-09-11 18:49:39] [1251/3471] Fetching topic 14570
[2026-09-11 18:49:40] [1252/3471] Fetching topic 14489
[2026-09-11 18:49:41] [1253/3471] Fetching topic 14508
[2026-09-11 18:49:42] [1254/3471] Fetching topic 14504
[2026-09-11 18:49:43] Topic 14504: missing 6 posts; fetching in batches...
[2026-09-11 18:49:44] [1255/3471] Fetching topic 14516
[2026-09-11 18:49:45] [1256/3471] Fetching topic 14450
[2026-09-11 18:49:47] Topic 14450: missing 5 posts; fetching in batches...
[2026-09-11 18:49:48] [1257/3471] Fetching topic 14479
[2026-09-11 18:49:49] Topic 14479: missing 31 posts; fetching in batches...
[2026-09-11 18:49:50] [1258/3471] Fetching topic 14232
[2026-09-11 18:49:51] [1259/3471] Fetching topic 14439
[2026-09-11 18:49:52] Topic 14439: missing 1 posts; fetching in batches...
[2026-09-11 18:49:53] [1260/3471] Fetching topic 14395
[2026-09-11 18:49:54] [1261/3471] Fetching topic 14406
[2026-09-11 18:49:55] Topic 14406: missing 19 posts; fetching in batches...
[2026-09-11 18:49:57] [1262/3471] Fetching topic 14377
[2026-09-11 18:49:58] [1263/3471] Fetching topic 13475
[2026-09-11 18:49:59] Topic 13475: missing 69 posts; fetching in batches...
[2026-09-11 18:50:01] [1264/3471] Fetching topic 14379
[2026-09-11 18:50:02] [1265/3471] Fetching topic 14281
[2026-09-11 18:50:03] Topic 14281: missing 41 posts; fetching in batches...
[2026-09-11 18:50:04] [1266/3471] Fetching topic 14051
[2026-09-11 18:50:06] [1267/3471] Fetching topic 14449
[2026-09-11 18:50:07] [1268/3471] Fetching topic 14467
[2026-09-11 18:50:08] [1269/3471] Fetching topic 14058
[2026-09-11 18:50:09] Topic 14058: missing 181 posts; fetching in batches...
[2026-09-11 18:50:14] Topic 14058: downloading 1 uploads
[2026-09-11 18:50:15] [1270/3471] Fetching topic 13966
[2026-09-11 18:50:16] [1271/3471] Fetching topic 14250
[2026-09-11 18:50:17] Topic 14250: missing 5 posts; fetching in batches...
[2026-09-11 18:50:18] Topic 14250: downloading 2 uploads
[2026-09-11 18:50:20] [1272/3471] Fetching topic 14356
[2026-09-11 18:50:21] [1273/3471] Fetching topic 14335
[2026-09-11 18:50:22] [1274/3471] Fetching topic 9431
[2026-09-11 18:50:23] Topic 9431: missing 17 posts; fetching in batches...
[2026-09-11 18:50:24] [1275/3471] Fetching topic 14116
[2026-09-11 18:50:25] Topic 14116: missing 5 posts; fetching in batches...
[2026-09-11 18:50:26] [1276/3471] Fetching topic 14196
[2026-09-11 18:50:27] [1277/3471] Fetching topic 12236
[2026-09-11 18:50:29] Topic 12236: missing 91 posts; fetching in batches...
[2026-09-11 18:50:31] Topic 12236: downloading 2 uploads
[2026-09-11 18:50:33] [1278/3471] Fetching topic 14056
[2026-09-11 18:50:34] [1279/3471] Fetching topic 13984
[2026-09-11 18:50:35] Topic 13984: missing 37 posts; fetching in batches...
[2026-09-11 18:50:36] [1280/3471] Fetching topic 14131
[2026-09-11 18:50:38] [1281/3471] Fetching topic 14268
[2026-09-11 18:50:39] [1282/3471] Fetching topic 14254
[2026-09-11 18:50:40] [1283/3471] Fetching topic 14220
[2026-09-11 18:50:41] [1284/3471] Fetching topic 14207
[2026-09-11 18:50:42] [1285/3471] Fetching topic 14178
[2026-09-11 18:50:43] [1286/3471] Fetching topic 14179
[2026-09-11 18:50:44] [1287/3471] Fetching topic 13957
[2026-09-11 18:50:46] [1288/3471] Fetching topic 13576
[2026-09-11 18:50:47] [1289/3471] Fetching topic 14146
[2026-09-11 18:50:48] [1290/3471] Fetching topic 13875
[2026-09-11 18:50:49] Topic 13875: missing 37 posts; fetching in batches...
[2026-09-11 18:50:50] [1291/3471] Fetching topic 14060
[2026-09-11 18:50:51] [1292/3471] Fetching topic 14073
[2026-09-11 18:50:52] Topic 14073: missing 4 posts; fetching in batches...
[2026-09-11 18:50:53] [1293/3471] Fetching topic 14076
[2026-09-11 18:50:54] [1294/3471] Fetching topic 14139
[2026-09-11 18:50:56] [1295/3471] Fetching topic 11940
[2026-09-11 18:50:57] Topic 11940: missing 195 posts; fetching in batches...
[2026-09-11 18:51:01] [1296/3471] Fetching topic 14062
[2026-09-11 18:51:03] [1297/3471] Fetching topic 14075
[2026-09-11 18:51:04] [1298/3471] Fetching topic 14034
[2026-09-11 18:51:05] [1299/3471] Fetching topic 14061
[2026-09-11 18:51:06] [1300/3471] Fetching topic 13682
[2026-09-11 18:51:07] Topic 13682: missing 14 posts; fetching in batches...
[2026-09-11 18:51:08] [1301/3471] Fetching topic 14020
[2026-09-11 18:51:09] [1302/3471] Fetching topic 14028
[2026-09-11 18:51:10] Topic 14028: downloading 2 uploads
[2026-09-11 18:51:10] [1303/3471] Fetching topic 14017
[2026-09-11 18:51:12] [1304/3471] Fetching topic 14040
[2026-09-11 18:51:13] [1305/3471] Fetching topic 13784
[2026-09-11 18:51:14] Topic 13784: missing 5 posts; fetching in batches...
[2026-09-11 18:51:15] [1306/3471] Fetching topic 14035
[2026-09-11 18:51:16] [1307/3471] Fetching topic 13881
[2026-09-11 18:51:17] Topic 13881: missing 25 posts; fetching in batches...
[2026-09-11 18:51:18] [1308/3471] Fetching topic 13592
[2026-09-11 18:51:19] Topic 13592: missing 4 posts; fetching in batches...
[2026-09-11 18:51:20] [1309/3471] Fetching topic 13863
[2026-09-11 18:51:21] Topic 13863: missing 26 posts; fetching in batches...
[2026-09-11 18:51:23] [1310/3471] Fetching topic 13927
[2026-09-11 18:51:24] Topic 13927: missing 54 posts; fetching in batches...
[2026-09-11 18:51:26] [1311/3471] Fetching topic 13980
[2026-09-11 18:51:27] [1312/3471] Fetching topic 13861
[2026-09-11 18:51:28] Topic 13861: missing 14 posts; fetching in batches...
[2026-09-11 18:51:29] [1313/3471] Fetching topic 14004
[2026-09-11 18:51:30] [1314/3471] Fetching topic 13929
[2026-09-11 18:51:31] [1315/3471] Fetching topic 10364
[2026-09-11 18:51:32] Topic 10364: missing 224 posts; fetching in batches...
[2026-09-11 18:51:38] Topic 10364: downloading 10 uploads
[2026-09-11 18:51:43] Upload failed 404: requested=https://forums.greaterthangames.com/uploads/default/optimized/2X/2/2141bac2decc7f88a380954fd5907fef9a883c7b_2_630x500.jpeg, final=https://forums.greaterthangames.com/uploads/default/optimized/2X/2/2141bac2decc7f88a380954fd5907fef9a883c7b_2_630x500.jpeg,
[2026-09-11 18:51:43] Response headers: {'Server': 'nginx', 'Date': 'Fri, 11 Sep 2026 18:51:43 GMT', 'Content-Type': 'text/html', 'Content-Length': '548', 'Connection': 'keep-alive'}
[2026-09-11 18:51:46] Upload failed 404: requested=https://forums.greaterthangames.com/uploads/default/optimized/2X/8/8176850c75c9e0d918d527aa2339720ea459e6d8_2_615x500.jpeg, final=https://forums.greaterthangames.com/uploads/default/optimized/2X/8/8176850c75c9e0d918d527aa2339720ea459e6d8_2_615x500.jpeg,
[2026-09-11 18:51:46] Response headers: {'Server': 'nginx', 'Date': 'Fri, 11 Sep 2026 18:51:46 GMT', 'Content-Type': 'text/html', 'Content-Length': '548', 'Connection': 'keep-alive'}
[2026-09-11 18:51:49] [1316/3471] Fetching topic 13988
[2026-09-11 18:51:50] [1317/3471] Fetching topic 9848
[2026-09-11 18:51:51] Topic 9848: missing 8 posts; fetching in batches...
[2026-09-11 18:51:52] [1318/3471] Fetching topic 11703
[2026-09-11 18:51:53] Topic 11703: missing 9 posts; fetching in batches...
[2026-09-11 18:51:54] [1319/3471] Fetching topic 13941
[2026-09-11 18:51:55] [1320/3471] Fetching topic 13815
[2026-09-11 18:51:56] Topic 13815: missing 7 posts; fetching in batches...
[2026-09-11 18:51:57] [1321/3471] Fetching topic 13921
[2026-09-11 18:51:59] [1322/3471] Fetching topic 13915
[2026-09-11 18:52:00] [1323/3471] Fetching topic 13913
[2026-09-11 18:52:01] [1324/3471] Fetching topic 13827
[2026-09-11 18:52:02] [1325/3471] Fetching topic 13911
[2026-09-11 18:52:03] [1326/3471] Fetching topic 13909
[2026-09-11 18:52:04] [1327/3471] Fetching topic 13858
[2026-09-11 18:52:05] [1328/3471] Fetching topic 13901
[2026-09-11 18:52:06] [1329/3471] Fetching topic 13699
[2026-09-11 18:52:08] [1330/3471] Fetching topic 13893
[2026-09-11 18:52:09] [1331/3471] Fetching topic 13873
[2026-09-11 18:52:10] [1332/3471] Fetching topic 13845
[2026-09-11 18:52:11] Topic 13845: missing 15 posts; fetching in batches...
[2026-09-11 18:52:12] [1333/3471] Fetching topic 13852
[2026-09-11 18:52:13] [1334/3471] Fetching topic 13857
[2026-09-11 18:52:14] [1335/3471] Fetching topic 13638
[2026-09-11 18:52:15] [1336/3471] Fetching topic 13838
[2026-09-11 18:52:16] [1337/3471] Fetching topic 13837
[2026-09-11 18:52:18] [1338/3471] Fetching topic 13836
[2026-09-11 18:52:19] [1339/3471] Fetching topic 13664
[2026-09-11 18:52:20] [1340/3471] Fetching topic 13823
[2026-09-11 18:52:21] [1341/3471] Fetching topic 13567
[2026-09-11 18:52:22] Topic 13567: missing 1 posts; fetching in batches...
[2026-09-11 18:52:23] [1342/3471] Fetching topic 13822
[2026-09-11 18:52:24] [1343/3471] Fetching topic 13828
[2026-09-11 18:52:25] [1344/3471] Fetching topic 13817
[2026-09-11 18:52:27] [1345/3471] Fetching topic 13750
[2026-09-11 18:52:28] [1346/3471] Fetching topic 13797
[2026-09-11 18:52:29] [1347/3471] Fetching topic 13363
[2026-09-11 18:52:30] Topic 13363: missing 51 posts; fetching in batches...
[2026-09-11 18:52:32] Topic 13363: downloading 2 uploads
[2026-09-11 18:52:34] [1348/3471] Fetching topic 13786
[2026-09-11 18:52:35] [1349/3471] Fetching topic 13799
[2026-09-11 18:52:37] [1350/3471] Fetching topic 13674
[2026-09-11 18:52:38] Topic 13674: missing 12 posts; fetching in batches...
[2026-09-11 18:52:39] [1351/3471] Fetching topic 13752
[2026-09-11 18:52:40] [1352/3471] Fetching topic 13702
[2026-09-11 18:52:41] [1353/3471] Fetching topic 13728
[2026-09-11 18:52:42] Topic 13728: missing 2 posts; fetching in batches...
[2026-09-11 18:52:43] [1354/3471] Fetching topic 13738
[2026-09-11 18:52:44] [1355/3471] Fetching topic 13726
[2026-09-11 18:52:45] [1356/3471] Fetching topic 13729
[2026-09-11 18:52:46] [1357/3471] Fetching topic 13178
[2026-09-11 18:52:48] Topic 13178: missing 8 posts; fetching in batches...
[2026-09-11 18:52:49] [1358/3471] Fetching topic 12994
[2026-09-11 18:52:50] Topic 12994: missing 161 posts; fetching in batches...
[2026-09-11 18:52:54] [1359/3471] Fetching topic 13617
[2026-09-11 18:52:56] [1360/3471] Fetching topic 13632
[2026-09-11 18:52:57] Topic 13632: missing 3 posts; fetching in batches...
[2026-09-11 18:52:58] [1361/3471] Fetching topic 13578
[2026-09-11 18:52:59] Topic 13578: missing 24 posts; fetching in batches...
[2026-09-11 18:53:00] [1362/3471] Fetching topic 13650
[2026-09-11 18:53:01] [1363/3471] Fetching topic 13583
[2026-09-11 18:53:02] Topic 13583: missing 4 posts; fetching in batches...
[2026-09-11 18:53:03] [1364/3471] Fetching topic 13601
[2026-09-11 18:53:04] [1365/3471] Fetching topic 12760
[2026-09-11 18:53:05] [1366/3471] Fetching topic 13436
[2026-09-11 18:53:07] [1367/3471] Fetching topic 13586
[2026-09-11 18:53:08] [1368/3471] Fetching topic 13565
[2026-09-11 18:53:09] [1369/3471] Fetching topic 13560
[2026-09-11 18:53:10] [1370/3471] Fetching topic 13558
[2026-09-11 18:53:11] Topic 13558: downloading 5 uploads
[2026-09-11 18:53:14] Upload failed 404: requested=https://forums.greaterthangames.com/uploads/default/optimized/2X/a/ac35ff769c576c48dcc95f676f5928028ef4e8fa_2_690x491.jpeg, final=https://forums.greaterthangames.com/uploads/default/optimized/2X/a/ac35ff769c576c48dcc95f676f5928028ef4e8fa_2_690x491.jpeg,
[2026-09-11 18:53:14] Response headers: {'Server': 'nginx', 'Date': 'Fri, 11 Sep 2026 18:53:14 GMT', 'Content-Type': 'text/html', 'Content-Length': '548', 'Connection': 'keep-alive'}
[2026-09-11 18:53:16] [1371/3471] Fetching topic 13543
[2026-09-11 18:53:17] [1372/3471] Fetching topic 13551
[2026-09-11 18:53:19] [1373/3471] Fetching topic 13547
[2026-09-11 18:53:20] [1374/3471] Fetching topic 13449
[2026-09-11 18:53:21] Topic 13449: missing 13 posts; fetching in batches...
[2026-09-11 18:53:22] [1375/3471] Fetching topic 13305
[2026-09-11 18:53:23] Topic 13305: missing 60 posts; fetching in batches...
[2026-09-11 18:53:25] [1376/3471] Fetching topic 13520
[2026-09-11 18:53:26] [1377/3471] Fetching topic 13501
[2026-09-11 18:53:27] Topic 13501: missing 2 posts; fetching in batches...
[2026-09-11 18:53:28] [1378/3471] Fetching topic 13498
[2026-09-11 18:53:30] [1379/3471] Fetching topic 13505
[2026-09-11 18:53:31] [1380/3471] Fetching topic 13455
[2026-09-11 18:53:32] Topic 13455: missing 9 posts; fetching in batches...
[2026-09-11 18:53:33] [1381/3471] Fetching topic 13503
[2026-09-11 18:53:34] [1382/3471] Fetching topic 13357
[2026-09-11 18:53:35] Topic 13357: missing 140 posts; fetching in batches...
[2026-09-11 18:53:39] [1383/3471] Fetching topic 5489
[2026-09-11 18:53:40] Topic 5489: missing 55 posts; fetching in batches...
[2026-09-11 18:53:42] [1384/3471] Fetching topic 11608
[2026-09-11 18:53:43] Topic 11608: missing 5 posts; fetching in batches...
[2026-09-11 18:53:44] [1385/3471] Fetching topic 13464
[2026-09-11 18:53:45] Topic 13464: downloading 10 uploads
[2026-09-11 18:53:49] Upload failed 404: requested=https://forums.greaterthangames.com/uploads/default/optimized/2X/6/67f153850c1dcb4b57ad014d1f562bd19a689315_2_690x418.jpeg, final=https://forums.greaterthangames.com/uploads/default/optimized/2X/6/67f153850c1dcb4b57ad014d1f562bd19a689315_2_690x418.jpeg,
[2026-09-11 18:53:49] Response headers: {'Server': 'nginx', 'Date': 'Fri, 11 Sep 2026 18:53:49 GMT', 'Content-Type': 'text/html', 'Content-Length': '548', 'Connection': 'keep-alive'}
[2026-09-11 18:53:53] Upload failed 404: requested=https://forums.greaterthangames.com/uploads/default/optimized/2X/6/691a1ede92c7e90fd8cb7667699220e8cf44c79d_2_500x500.png, final=https://forums.greaterthangames.com/uploads/default/optimized/2X/6/691a1ede92c7e90fd8cb7667699220e8cf44c79d_2_500x500.png,
[2026-09-11 18:53:53] Response headers: {'Server': 'nginx', 'Date': 'Fri, 11 Sep 2026 18:53:53 GMT', 'Content-Type': 'text/html', 'Content-Length': '548', 'Connection': 'keep-alive'}
[2026-09-11 18:53:56] [1386/3471] Fetching topic 13439
[2026-09-11 18:53:57] [1387/3471] Fetching topic 13385
[2026-09-11 18:53:58] [1388/3471] Fetching topic 13430
[2026-09-11 18:53:59] [1389/3471] Fetching topic 13387
[2026-09-11 18:54:00] [1390/3471] Fetching topic 13283
[2026-09-11 18:54:01] [1391/3471] Fetching topic 13345
[2026-09-11 18:54:02] Topic 13345: missing 5 posts; fetching in batches...
[2026-09-11 18:54:03] [1392/3471] Fetching topic 13376
[2026-09-11 18:54:05] Topic 13376: missing 3 posts; fetching in batches...
[2026-09-11 18:54:06] [1393/3471] Fetching topic 8404
[2026-09-11 18:54:07] Topic 8404: missing 84 posts; fetching in batches...
[2026-09-11 18:54:09] [1394/3471] Fetching topic 13379
[2026-09-11 18:54:10] [1395/3471] Fetching topic 13380
[2026-09-11 18:54:11] [1396/3471] Fetching topic 6073
[2026-09-11 18:54:12] Topic 6073: missing 497 posts; fetching in batches...
[2026-09-11 18:54:24] Topic 6073: downloading 2 uploads
[2026-09-11 18:54:26] [1397/3471] Fetching topic 8664
[2026-09-11 18:54:27] Topic 8664: missing 135 posts; fetching in batches...
[2026-09-11 18:54:31] Topic 8664: downloading 5 uploads
[2026-09-11 18:54:36] [1398/3471] Fetching topic 13324
[2026-09-11 18:54:37] [1399/3471] Fetching topic 13176
[2026-09-11 18:54:38] Topic 13176: missing 7 posts; fetching in batches...
[2026-09-11 18:54:39] [1400/3471] Fetching topic 13365
[2026-09-11 18:54:40] [1401/3471] Fetching topic 13351
[2026-09-11 18:54:41] Topic 13351: missing 9 posts; fetching in batches...
[2026-09-11 18:54:43] Topic 13351: downloading 2 uploads
[2026-09-11 18:54:45] [1402/3471] Fetching topic 13334
[2026-09-11 18:54:46] [1403/3471] Fetching topic 10851
[2026-09-11 18:54:47] Topic 10851: missing 374 posts; fetching in batches...
[2026-09-11 18:54:56] [1404/3471] Fetching topic 13353
[2026-09-11 18:54:57] Topic 13353: downloading 1 uploads
[2026-09-11 18:54:58] [1405/3471] Fetching topic 8928
[2026-09-11 18:54:59] [1406/3471] Fetching topic 13346
[2026-09-11 18:55:01] [1407/3471] Fetching topic 13314
[2026-09-11 18:55:02] Topic 13314: missing 17 posts; fetching in batches...
[2026-09-11 18:55:03] [1408/3471] Fetching topic 12999
[2026-09-11 18:55:04] [1409/3471] Fetching topic 13316
[2026-09-11 18:55:05] [1410/3471] Fetching topic 13336
[2026-09-11 18:55:06] [1411/3471] Fetching topic 13333
[2026-09-11 18:55:07] [1412/3471] Fetching topic 13332
[2026-09-11 18:55:08] [1413/3471] Fetching topic 13302
[2026-09-11 18:55:09] [1414/3471] Fetching topic 13295
[2026-09-11 18:55:11] [1415/3471] Fetching topic 11150
[2026-09-11 18:55:12] Topic 11150: missing 78 posts; fetching in batches...
[2026-09-11 18:55:14] [1416/3471] Fetching topic 13270
[2026-09-11 18:55:15] [1417/3471] Fetching topic 13288
[2026-09-11 18:55:16] [1418/3471] Fetching topic 13236
[2026-09-11 18:55:17] [1419/3471] Fetching topic 12949
[2026-09-11 18:55:19] Topic 12949: missing 10 posts; fetching in batches...
[2026-09-11 18:55:20] [1420/3471] Fetching topic 13184
[2026-09-11 18:55:21] [1421/3471] Fetching topic 13194
[2026-09-11 18:55:22] Topic 13194: missing 2 posts; fetching in batches...
[2026-09-11 18:55:23] [1422/3471] Fetching topic 13206
[2026-09-11 18:55:24] [1423/3471] Fetching topic 13197
[2026-09-11 18:55:25] [1424/3471] Fetching topic 13195
[2026-09-11 18:55:26] [1425/3471] Fetching topic 12979
[2026-09-11 18:55:27] [1426/3471] Fetching topic 13190
[2026-09-11 18:55:28] [1427/3471] Fetching topic 13183
[2026-09-11 18:55:29] [1428/3471] Fetching topic 13182
[2026-09-11 18:55:31] [1429/3471] Fetching topic 13164
[2026-09-11 18:55:32] [1430/3471] Fetching topic 13083
[2026-09-11 18:55:33] Topic 13083: missing 10 posts; fetching in batches...
[2026-09-11 18:55:34] [1431/3471] Fetching topic 11937
[2026-09-11 18:55:35] [1432/3471] Fetching topic 13120
[2026-09-11 18:55:36] Topic 13120: missing 9 posts; fetching in batches...
[2026-09-11 18:55:37] Topic 13120: downloading 1 uploads
[2026-09-11 18:55:38] [1433/3471] Fetching topic 13162
[2026-09-11 18:55:39] [1434/3471] Fetching topic 13154
[2026-09-11 18:55:40] Topic 13154: missing 53 posts; fetching in batches...
[2026-09-11 18:55:43] [1435/3471] Fetching topic 13139
[2026-09-11 18:55:44] Topic 13139: missing 15 posts; fetching in batches...
[2026-09-11 18:55:45] [1436/3471] Fetching topic 13157
[2026-09-11 18:55:46] [1437/3471] Fetching topic 13144
[2026-09-11 18:55:47] [1438/3471] Fetching topic 12730
[2026-09-11 18:55:48] [1439/3471] Fetching topic 13127
[2026-09-11 18:55:49] [1440/3471] Fetching topic 13131
[2026-09-11 18:55:51] [1441/3471] Fetching topic 13135
[2026-09-11 18:55:52] [1442/3471] Fetching topic 13108
[2026-09-11 18:55:53] [1443/3471] Fetching topic 12987
[2026-09-11 18:55:54] Topic 12987: missing 21 posts; fetching in batches...
[2026-09-11 18:55:55] Topic 12987: downloading 3 uploads
[2026-09-11 18:55:55] [1444/3471] Fetching topic 13116
[2026-09-11 18:55:56] [1445/3471] Fetching topic 13118
[2026-09-11 18:55:57] [1446/3471] Fetching topic 13119
[2026-09-11 18:55:58] [1447/3471] Fetching topic 13111
[2026-09-11 18:56:00] [1448/3471] Fetching topic 13114
[2026-09-11 18:56:01] [1449/3471] Fetching topic 12976
[2026-09-11 18:56:02] [1450/3471] Fetching topic 13084
[2026-09-11 18:56:03] [1451/3471] Fetching topic 13093
[2026-09-11 18:56:04] Topic 13093: missing 10 posts; fetching in batches...
[2026-09-11 18:56:05] [1452/3471] Fetching topic 13105
[2026-09-11 18:56:06] [1453/3471] Fetching topic 13107
[2026-09-11 18:56:07] [1454/3471] Fetching topic 13071
[2026-09-11 18:56:09] [1455/3471] Fetching topic 13054
[2026-09-11 18:56:10] Topic 13054: missing 41 posts; fetching in batches...
[2026-09-11 18:56:11] Topic 13054: downloading 2 uploads
[2026-09-11 18:56:11] [1456/3471] Fetching topic 12737
[2026-09-11 18:56:12] Topic 12737: missing 83 posts; fetching in batches...
[2026-09-11 18:56:14] Topic 12737: downloading 4 uploads
[2026-09-11 18:56:17] Upload failed 404: requested=https://forums.greaterthangames.com/uploads/default/optimized/2X/c/c1dd86875556679fd5b3526d60fcb074182c93f0_2_443x499.jpeg, final=https://forums.greaterthangames.com/uploads/default/optimized/2X/c/c1dd86875556679fd5b3526d60fcb074182c93f0_2_443x499.jpeg,
[2026-09-11 18:56:17] Response headers: {'Server': 'nginx', 'Date': 'Fri, 11 Sep 2026 18:56:17 GMT', 'Content-Type': 'text/html', 'Content-Length': '548', 'Connection': 'keep-alive'}
[2026-09-11 18:56:19] [1457/3471] Fetching topic 13078
[2026-09-11 18:56:20] [1458/3471] Fetching topic 13049
[2026-09-11 18:56:21] [1459/3471] Fetching topic 13042
[2026-09-11 18:56:22] Topic 13042: downloading 1 uploads
[2026-09-11 18:56:23] [1460/3471] Fetching topic 13040
[2026-09-11 18:56:24] [1461/3471] Fetching topic 13011
[2026-09-11 18:56:25] [1462/3471] Fetching topic 12920
[2026-09-11 18:56:26] [1463/3471] Fetching topic 12934
[2026-09-11 18:56:27] Topic 12934: missing 15 posts; fetching in batches...
[2026-09-11 18:56:28] [1464/3471] Fetching topic 12998
[2026-09-11 18:56:30] Topic 12998: missing 47 posts; fetching in batches...
[2026-09-11 18:56:31] [1465/3471] Fetching topic 13028
[2026-09-11 18:56:32] [1466/3471] Fetching topic 12941
[2026-09-11 18:56:33] [1467/3471] Fetching topic 12993
[2026-09-11 18:56:34] [1468/3471] Fetching topic 12302
[2026-09-11 18:56:35] Topic 12302: missing 20 posts; fetching in batches...
[2026-09-11 18:56:36] [1469/3471] Fetching topic 13008
[2026-09-11 18:56:37] Topic 13008: missing 3 posts; fetching in batches...
[2026-09-11 18:56:38] [1470/3471] Fetching topic 13017
[2026-09-11 18:56:39] [1471/3471] Fetching topic 12992
[2026-09-11 18:56:41] [1472/3471] Fetching topic 12988
[2026-09-11 18:56:42] [1473/3471] Fetching topic 13006
[2026-09-11 18:56:43] [1474/3471] Fetching topic 13013
[2026-09-11 18:56:44] [1475/3471] Fetching topic 13007
[2026-09-11 18:56:45] [1476/3471] Fetching topic 12995
[2026-09-11 18:56:46] [1477/3471] Fetching topic 12695
[2026-09-11 18:56:47] [1478/3471] Fetching topic 12642
[2026-09-11 18:56:49] Topic 12642: missing 13 posts; fetching in batches...
[2026-09-11 18:56:50] [1479/3471] Fetching topic 12970
[2026-09-11 18:56:51] [1480/3471] Fetching topic 12948
[2026-09-11 18:56:52] [1481/3471] Fetching topic 12975
[2026-09-11 18:56:53] [1482/3471] Fetching topic 12974
[2026-09-11 18:56:54] [1483/3471] Fetching topic 12965
[2026-09-11 18:56:55] Topic 12965: missing 4 posts; fetching in batches...
[2026-09-11 18:56:56] [1484/3471] Fetching topic 12968
[2026-09-11 18:56:57] [1485/3471] Fetching topic 12875
[2026-09-11 18:56:58] [1486/3471] Fetching topic 12952
[2026-09-11 18:57:00] Topic 12952: missing 12 posts; fetching in batches...
[2026-09-11 18:57:01] [1487/3471] Fetching topic 12958
[2026-09-11 18:57:02] [1488/3471] Fetching topic 12956
[2026-09-11 18:57:03] [1489/3471] Fetching topic 12661
[2026-09-11 18:57:04] [1490/3471] Fetching topic 12938
[2026-09-11 18:57:05] Topic 12938: downloading 12 uploads
[2026-09-11 18:57:10] Upload failed 404: requested=https://forums.greaterthangames.com/uploads/default/optimized/2X/3/30f148b4fd50b3aa15796b2d8fe52f0f9c33346d_2_500x500.jpeg, final=https://forums.greaterthangames.com/uploads/default/optimized/2X/3/30f148b4fd50b3aa15796b2d8fe52f0f9c33346d_2_500x500.jpeg,
[2026-09-11 18:57:10] Response headers: {'Server': 'nginx', 'Date': 'Fri, 11 Sep 2026 18:57:10 GMT', 'Content-Type': 'text/html', 'Content-Length': '548', 'Connection': 'keep-alive'}
[2026-09-11 18:57:14] Upload failed 404: requested=https://forums.greaterthangames.com/uploads/default/optimized/2X/a/ad21b990dad93e113f1a263e4b6d4855c057ec0d_2_500x500.jpeg, final=https://forums.greaterthangames.com/uploads/default/optimized/2X/a/ad21b990dad93e113f1a263e4b6d4855c057ec0d_2_500x500.jpeg,
[2026-09-11 18:57:14] Response headers: {'Server': 'nginx', 'Date': 'Fri, 11 Sep 2026 18:57:14 GMT', 'Content-Type': 'text/html', 'Content-Length': '548', 'Connection': 'keep-alive'}
[2026-09-11 18:57:18] [1491/3471] Fetching topic 12844
[2026-09-11 18:57:19] Topic 12844: missing 18 posts; fetching in batches...
[2026-09-11 18:57:20] [1492/3471] Fetching topic 12751
[2026-09-11 18:57:21] Topic 12751: downloading 3 uploads
[2026-09-11 18:57:22] Upload failed 404: requested=https://forums.greaterthangames.com/uploads/2014/07/Debonair-Vi.png final=https://forums.greaterthangames.com/uploads/2014/07/Debonair-Vi.png
[2026-09-11 18:57:22] Response headers: {'Server': 'nginx', 'Date': 'Fri, 11 Sep 2026 18:57:22 GMT', 'Content-Type': 'text/html', 'Content-Length': '548', 'Connection': 'keep-alive'}
[2026-09-11 18:57:23] Upload failed 404: requested=https://forums.greaterthangames.com/uploads/2015/03/x-men-animated-series-season-1-1-night-of-sentinels-cartoon-jubilee-sentinel-mall.jpg final=https://forums.greaterthangames.com/uploads/2015/03/x-men-animated-series-season-1-1-night-of-sentinels-cartoon-jubilee-sentinel-mall.jpg
[2026-09-11 18:57:23] Response headers: {'Server': 'nginx', 'Date': 'Fri, 11 Sep 2026 18:57:23 GMT', 'Content-Type': 'text/html', 'Content-Length': '548', 'Connection': 'keep-alive'}
[2026-09-11 18:57:23] [1493/3471] Fetching topic 12937
[2026-09-11 18:57:24] [1494/3471] Fetching topic 12876
[2026-09-11 18:57:25] Topic 12876: missing 61 posts; fetching in batches...
[2026-09-11 18:57:28] Topic 12876: downloading 2 uploads
[2026-09-11 18:57:30] [1495/3471] Fetching topic 12866
[2026-09-11 18:57:31] [1496/3471] Fetching topic 12109
[2026-09-11 18:57:32] Topic 12109: missing 33 posts; fetching in batches...
[2026-09-11 18:57:33] [1497/3471] Fetching topic 12908
[2026-09-11 18:57:34] [1498/3471] Fetching topic 7611
[2026-09-11 18:57:35] Topic 7611: missing 904 posts; fetching in batches...
[2026-09-11 18:57:57] Topic 7611: downloading 18 uploads
[2026-09-11 18:58:06] Upload failed 404: requested=https://forums.greaterthangames.com/uploads/default/optimized/2X/d/d07a662ded25fbcc974869310975a4b61da56b84_2_666x500.jpeg, final=https://forums.greaterthangames.com/uploads/default/optimized/2X/d/d07a662ded25fbcc974869310975a4b61da56b84_2_666x500.jpeg,
[2026-09-11 18:58:06] Response headers: {'Server': 'nginx', 'Date': 'Fri, 11 Sep 2026 18:58:06 GMT', 'Content-Type': 'text/html', 'Content-Length': '548', 'Connection': 'keep-alive'}
[2026-09-11 18:58:12] [1499/3471] Fetching topic 12768
[2026-09-11 18:58:13] Topic 12768: missing 4 posts; fetching in batches...
[2026-09-11 18:58:14] [1500/3471] Fetching topic 12748
[2026-09-11 18:58:15] Topic 12748: missing 15 posts; fetching in batches...
[2026-09-11 18:58:16] [1501/3471] Fetching topic 12838
[2026-09-11 18:58:17] [1502/3471] Fetching topic 6791
[2026-09-11 18:58:18] Topic 6791: missing 29 posts; fetching in batches...
[2026-09-11 18:58:20] Topic 6791: downloading 4 uploads
[2026-09-11 18:58:23] Upload failed 404: requested=https://forums.greaterthangames.com/uploads/default/optimized/2X/b/b1fa8cba69a69f69e9315aeeb608ea5ff4bef695_2_600x500.png, final=https://forums.greaterthangames.com/uploads/default/optimized/2X/b/b1fa8cba69a69f69e9315aeeb608ea5ff4bef695_2_600x500.png,
[2026-09-11 18:58:23] Response headers: {'Server': 'nginx', 'Date': 'Fri, 11 Sep 2026 18:58:23 GMT', 'Content-Type': 'text/html', 'Content-Length': '548', 'Connection': 'keep-alive'}
[2026-09-11 18:58:24] [1503/3471] Fetching topic 12782
[2026-09-11 18:58:25] [1504/3471] Fetching topic 12896
[2026-09-11 18:58:26] [1505/3471] Fetching topic 12656
[2026-09-11 18:58:27] [1506/3471] Fetching topic 11781
[2026-09-11 18:58:28] Topic 11781: missing 14 posts; fetching in batches...
[2026-09-11 18:58:29] Topic 11781: downloading 6 uploads
[2026-09-11 18:58:30] Upload failed 404: requested=https://forums.greaterthangames.com/uploads/allimg/110418/2-11041R115040-L.jpg final=https://forums.greaterthangames.com/uploads/allimg/110418/2-11041R115040-L.jpg
[2026-09-11 18:58:30] Response headers: {'Server': 'nginx', 'Date': 'Fri, 11 Sep 2026 18:58:30 GMT', 'Content-Type': 'text/html', 'Content-Length': '548', 'Connection': 'keep-alive'}
[2026-09-11 18:58:31] Upload failed 404: requested=https://forums.greaterthangames.com/uploads/allimg/110418/2-11041R115040-L.jpg</p final=https://forums.greaterthangames.com/uploads/allimg/110418/2-11041R115040-L.jpg%3C/p
[2026-09-11 18:58:31] Response headers: {'Server': 'nginx', 'Date': 'Fri, 11 Sep 2026 18:58:31 GMT', 'Content-Type': 'text/html; charset=utf-8', 'Transfer-Encoding': 'chunked', 'Connection': 'keep-alive', 'Vary': 'Accept-Encoding', 'Content-Security-Policy': "upgrade-insecure-requests; base-uri 'self'; object-src 'none'; script-src 'nonce-oe7v09BH6jPWqfBamCNLDAE5v' 'strict-dynamic'; frame-ancestors 'self'; manifest-src 'self'", 'X-Request-Id': 'b356f4f0-6f06-40c6-911f-d6615713bb21', 'X-Runtime': '0.022181', 'Content-Encoding': 'gzip'}
[2026-09-11 18:58:36] [1507/3471] Fetching topic 12845
[2026-09-11 18:58:37] Topic 12845: downloading 2 uploads
[2026-09-11 18:58:38] [1508/3471] Fetching topic 12805
[2026-09-11 18:58:39] [1509/3471] Fetching topic 12847
[2026-09-11 18:58:40] [1510/3471] Fetching topic 12562
[2026-09-11 18:58:41] Topic 12562: missing 104 posts; fetching in batches...
[2026-09-11 18:58:45] [1511/3471] Fetching topic 12836
[2026-09-11 18:58:46] Topic 12836: missing 13 posts; fetching in batches...
[2026-09-11 18:58:47] [1512/3471] Fetching topic 12815
[2026-09-11 18:58:48] Topic 12815: downloading 4 uploads
[2026-09-11 18:58:48] [1513/3471] Fetching topic 12764
[2026-09-11 18:58:49] Topic 12764: missing 78 posts; fetching in batches...
[2026-09-11 18:58:51] Topic 12764: downloading 1 uploads
[2026-09-11 18:58:52] [1514/3471] Fetching topic 12811
[2026-09-11 18:58:54] Topic 12811: missing 20 posts; fetching in batches...
[2026-09-11 18:58:55] [1515/3471] Fetching topic 12821
[2026-09-11 18:58:56] Topic 12821: missing 6 posts; fetching in batches...
[2026-09-11 18:58:57] Topic 12821: downloading 3 uploads
[2026-09-11 18:58:58] Upload failed 404: requested=https://forums.greaterthangames.com/uploads/2012/12/sables-bull-1.jpg final=https://forums.greaterthangames.com/uploads/2012/12/sables-bull-1.jpg
[2026-09-11 18:58:58] Response headers: {'Server': 'nginx', 'Date': 'Fri, 11 Sep 2026 18:58:58 GMT', 'Content-Type': 'text/html', 'Content-Length': '548', 'Connection': 'keep-alive'}
[2026-09-11 18:59:00] [1516/3471] Fetching topic 12822
[2026-09-11 18:59:01] [1517/3471] Fetching topic 12820
[2026-09-11 18:59:02] Topic 12820: downloading 1 uploads
[2026-09-11 18:59:03] Upload failed 404: requested=https://forums.greaterthangames.com/uploads/2013/03/picasso-painting-dutch-patchwork-oxford-shoes-for-men-580x435.jpg</p final=https://forums.greaterthangames.com/uploads/2013/03/picasso-painting-dutch-patchwork-oxford-shoes-for-men-580x435.jpg%3C/p
[2026-09-11 18:59:03] Response headers: {'Server': 'nginx', 'Date': 'Fri, 11 Sep 2026 18:59:03 GMT', 'Content-Type': 'text/html; charset=utf-8', 'Transfer-Encoding': 'chunked', 'Connection': 'keep-alive', 'Vary': 'Accept-Encoding', 'Content-Security-Policy': "upgrade-insecure-requests; base-uri 'self'; object-src 'none'; script-src 'nonce-xnQyD3Lhqxc5dhVRfjeoEzm3P' 'strict-dynamic'; frame-ancestors 'self'; manifest-src 'self'", 'X-Request-Id': '960c12e2-36ea-478b-8752-395454d0f934', 'X-Runtime': '0.022536', 'Content-Encoding': 'gzip'}
[2026-09-11 18:59:03] [1518/3471] Fetching topic 11934
[2026-09-11 18:59:04] Topic 11934: missing 74 posts; fetching in batches...
[2026-09-11 18:59:07] Topic 11934: downloading 3 uploads
[2026-09-11 18:59:08] [1519/3471] Fetching topic 12812
[2026-09-11 18:59:09] [1520/3471] Fetching topic 12628
[2026-09-11 18:59:10] Topic 12628: missing 63 posts; fetching in batches...
[2026-09-11 18:59:12] [1521/3471] Fetching topic 12804
[2026-09-11 18:59:13] Topic 12804: downloading 1 uploads
[2026-09-11 18:59:14] Upload failed 404: requested=https://forums.greaterthangames.com/uploads/scale_small/3/31666/746603-alchemy_1.jpg final=https://forums.greaterthangames.com/uploads/scale_small/3/31666/746603-alchemy_1.jpg
[2026-09-11 18:59:14] Response headers: {'Server': 'nginx', 'Date': 'Fri, 11 Sep 2026 18:59:14 GMT', 'Content-Type': 'text/html', 'Content-Length': '548', 'Connection': 'keep-alive'}
[2026-09-11 18:59:14] [1522/3471] Fetching topic 12577
[2026-09-11 18:59:16] [1523/3471] Fetching topic 12787
[2026-09-11 18:59:17] [1524/3471] Fetching topic 12734
[2026-09-11 18:59:18] Topic 12734: missing 11 posts; fetching in batches...
[2026-09-11 18:59:19] [1525/3471] Fetching topic 12739
[2026-09-11 18:59:20] [1526/3471] Fetching topic 12445
[2026-09-11 18:59:21] Topic 12445: missing 39 posts; fetching in batches...
[2026-09-11 18:59:22] Topic 12445: downloading 2 uploads
[2026-09-11 18:59:23] [1527/3471] Fetching topic 10513
[2026-09-11 18:59:24] [1528/3471] Fetching topic 12778
[2026-09-11 18:59:25] [1529/3471] Fetching topic 12183
[2026-09-11 18:59:27] Topic 12183: missing 7 posts; fetching in batches...
[2026-09-11 18:59:28] [1530/3471] Fetching topic 12591
[2026-09-11 18:59:29] [1531/3471] Fetching topic 12722
[2026-09-11 18:59:30] Topic 12722: missing 7 posts; fetching in batches...
[2026-09-11 18:59:31] [1532/3471] Fetching topic 12725
[2026-09-11 18:59:32] Topic 12725: missing 7 posts; fetching in batches...
[2026-09-11 18:59:33] [1533/3471] Fetching topic 12676
[2026-09-11 18:59:34] [1534/3471] Fetching topic 12728
[2026-09-11 18:59:35] [1535/3471] Fetching topic 12733
[2026-09-11 18:59:36] [1536/3471] Fetching topic 12289
[2026-09-11 18:59:38] [1537/3471] Fetching topic 10333
[2026-09-11 18:59:39] Topic 10333: missing 312 posts; fetching in batches...
[2026-09-11 18:59:47] Topic 10333: downloading 4 uploads
[2026-09-11 18:59:49] [1538/3471] Fetching topic 12719
[2026-09-11 18:59:50] [1539/3471] Fetching topic 12694
[2026-09-11 18:59:51] [1540/3471] Fetching topic 12697
[2026-09-11 18:59:52] [1541/3471] Fetching topic 12657
[2026-09-11 18:59:53] Topic 12657: missing 18 posts; fetching in batches...
[2026-09-11 18:59:54] [1542/3471] Fetching topic 12626
[2026-09-11 18:59:55] [1543/3471] Fetching topic 11099
[2026-09-11 18:59:57] Topic 11099: missing 9 posts; fetching in batches...
[2026-09-11 18:59:58] [1544/3471] Fetching topic 12682
[2026-09-11 18:59:59] [1545/3471] Fetching topic 12352
[2026-09-11 19:00:00] [1546/3471] Fetching topic 12633
[2026-09-11 19:00:01] [1547/3471] Fetching topic 12653
[2026-09-11 19:00:02] [1548/3471] Fetching topic 12295
[2026-09-11 19:00:03] Topic 12295: missing 76 posts; fetching in batches...
[2026-09-11 19:00:05] [1549/3471] Fetching topic 12011
[2026-09-11 19:00:07] [1550/3471] Fetching topic 12529
[2026-09-11 19:00:08] Topic 12529: downloading 4 uploads
[2026-09-11 19:00:11] Upload failed 404: requested=https://forums.greaterthangames.com/uploads/default/optimized/2X/b/bbee5e7353e56df119d5aa85d05e46792acda89b_2_332x500.jpeg, final=https://forums.greaterthangames.com/uploads/default/optimized/2X/b/bbee5e7353e56df119d5aa85d05e46792acda89b_2_332x500.jpeg,
[2026-09-11 19:00:11] Response headers: {'Server': 'nginx', 'Date': 'Fri, 11 Sep 2026 19:00:11 GMT', 'Content-Type': 'text/html', 'Content-Length': '548', 'Connection': 'keep-alive'}
[2026-09-11 19:00:12] [1551/3471] Fetching topic 12600
[2026-09-11 19:00:13] Topic 12600: missing 28 posts; fetching in batches...
[2026-09-11 19:00:14] Topic 12600: downloading 2 uploads
[2026-09-11 19:00:16] [1552/3471] Fetching topic 12646
[2026-09-11 19:00:17] [1553/3471] Fetching topic 12640
[2026-09-11 19:00:18] [1554/3471] Fetching topic 12147
[2026-09-11 19:00:19] Topic 12147: missing 10 posts; fetching in batches...
[2026-09-11 19:00:21] [1555/3471] Fetching topic 12583
[2026-09-11 19:00:22] Topic 12583: downloading 5 uploads
[2026-09-11 19:00:22] [1556/3471] Fetching topic 12536
[2026-09-11 19:00:23] [1557/3471] Fetching topic 12619
[2026-09-11 19:00:24] [1558/3471] Fetching topic 12609
[2026-09-11 19:00:25] [1559/3471] Fetching topic 12579
[2026-09-11 19:00:26] [1560/3471] Fetching topic 12617
[2026-09-11 19:00:27] [1561/3471] Fetching topic 11576
[2026-09-11 19:00:28] Topic 11576: missing 27 posts; fetching in batches...
[2026-09-11 19:00:30] [1562/3471] Fetching topic 10293
[2026-09-11 19:00:31] [1563/3471] Fetching topic 12606
[2026-09-11 19:00:32] [1564/3471] Fetching topic 12602
[2026-09-11 19:00:33] Topic 12602: downloading 2 uploads
[2026-09-11 19:00:33] [1565/3471] Fetching topic 12598
[2026-09-11 19:00:34] [1566/3471] Fetching topic 12595
[2026-09-11 19:00:35] [1567/3471] Fetching topic 12444
[2026-09-11 19:00:36] [1568/3471] Fetching topic 12523
[2026-09-11 19:00:37] Topic 12523: missing 8 posts; fetching in batches...
[2026-09-11 19:00:38] Topic 12523: downloading 1 uploads
[2026-09-11 19:00:38] [1569/3471] Fetching topic 12592
[2026-09-11 19:00:40] [1570/3471] Fetching topic 12515
[2026-09-11 19:00:41] Topic 12515: missing 49 posts; fetching in batches...
[2026-09-11 19:00:42] Topic 12515: downloading 8 uploads
[2026-09-11 19:00:47] Upload failed 404: requested=https://forums.greaterthangames.com/uploads/default/optimized/2X/7/713d64639deafd99d014a7f965f6e8fb39e2b484_2_690x484.jpeg, final=https://forums.greaterthangames.com/uploads/default/optimized/2X/7/713d64639deafd99d014a7f965f6e8fb39e2b484_2_690x484.jpeg,
[2026-09-11 19:00:47] Response headers: {'Server': 'nginx', 'Date': 'Fri, 11 Sep 2026 19:00:47 GMT', 'Content-Type': 'text/html', 'Content-Length': '548', 'Connection': 'keep-alive'}
[2026-09-11 19:00:50] [1571/3471] Fetching topic 12590
[2026-09-11 19:00:51] [1572/3471] Fetching topic 12559
[2026-09-11 19:00:52] Topic 12559: missing 28 posts; fetching in batches...
[2026-09-11 19:00:54] Topic 12559: downloading 1 uploads
[2026-09-11 19:00:54] [1573/3471] Fetching topic 12547
[2026-09-11 19:00:55] Topic 12547: missing 1003 posts; fetching in batches...
[2026-09-11 19:01:19] Topic 12547: downloading 9 uploads
[2026-09-11 19:01:24] Upload failed 404: requested=https://forums.greaterthangames.com/uploads/default/optimized/2X/9/988ff7a4861081bf0786c14b5cb5cbc68e078785_2_690x273.jpeg, final=https://forums.greaterthangames.com/uploads/default/optimized/2X/9/988ff7a4861081bf0786c14b5cb5cbc68e078785_2_690x273.jpeg,
[2026-09-11 19:01:24] Response headers: {'Server': 'nginx', 'Date': 'Fri, 11 Sep 2026 19:01:24 GMT', 'Content-Type': 'text/html', 'Content-Length': '548', 'Connection': 'keep-alive'}
[2026-09-11 19:01:26] [1574/3471] Fetching topic 12560
[2026-09-11 19:01:28] Topic 12560: downloading 1 uploads
[2026-09-11 19:01:29] [1575/3471] Fetching topic 12549
[2026-09-11 19:01:30] [1576/3471] Fetching topic 12545
[2026-09-11 19:01:31] [1577/3471] Fetching topic 12456
[2026-09-11 19:01:32] Topic 12456: missing 30 posts; fetching in batches...
[2026-09-11 19:01:33] [1578/3471] Fetching topic 12534
[2026-09-11 19:01:34] [1579/3471] Fetching topic 12510
[2026-09-11 19:01:35] [1580/3471] Fetching topic 12433
[2026-09-11 19:01:36] Topic 12433: missing 16 posts; fetching in batches...
[2026-09-11 19:01:37] [1581/3471] Fetching topic 12198
[2026-09-11 19:01:39] Topic 12198: missing 96 posts; fetching in batches...
[2026-09-11 19:01:41] Topic 12198: downloading 185 uploads
[2026-09-11 19:02:15] Upload failed 404: requested=https://forums.greaterthangames.com/uploads/default/optimized/2X/0/001365fe09d5c1578ac3c5ee177e0ba72f68b2e4_2_690x387.jpeg, final=https://forums.greaterthangames.com/uploads/default/optimized/2X/0/001365fe09d5c1578ac3c5ee177e0ba72f68b2e4_2_690x387.jpeg,
[2026-09-11 19:02:15] Response headers: {'Server': 'nginx', 'Date': 'Fri, 11 Sep 2026 19:02:15 GMT', 'Content-Type': 'text/html', 'Content-Length': '548', 'Connection': 'keep-alive'}
[2026-09-11 19:02:19] Upload failed 404: requested=https://forums.greaterthangames.com/uploads/default/optimized/2X/0/03af29d9004755e9269d3a67a0a60d649ce71ca9_2_690x387.jpeg, final=https://forums.greaterthangames.com/uploads/default/optimized/2X/0/03af29d9004755e9269d3a67a0a60d649ce71ca9_2_690x387.jpeg,
[2026-09-11 19:02:19] Response headers: {'Server': 'nginx', 'Date': 'Fri, 11 Sep 2026 19:02:19 GMT', 'Content-Type': 'text/html', 'Content-Length': '548', 'Connection': 'keep-alive'}
[2026-09-11 19:02:23] Upload failed 404: requested=https://forums.greaterthangames.com/uploads/default/optimized/2X/0/086d37574dd51ffb10680d4ed02c049e1016a58b_2_690x387.jpeg, final=https://forums.greaterthangames.com/uploads/default/optimized/2X/0/086d37574dd51ffb10680d4ed02c049e1016a58b_2_690x387.jpeg,
[2026-09-11 19:02:23] Response headers: {'Server': 'nginx', 'Date': 'Fri, 11 Sep 2026 19:02:23 GMT', 'Content-Type': 'text/html', 'Content-Length': '548', 'Connection': 'keep-alive'}
[2026-09-11 19:02:27] Upload failed 404: requested=https://forums.greaterthangames.com/uploads/default/optimized/2X/2/21114c4fa89723b37d111ae71e2ca91e22da2931_2_690x387.jpeg, final=https://forums.greaterthangames.com/uploads/default/optimized/2X/2/21114c4fa89723b37d111ae71e2ca91e22da2931_2_690x387.jpeg,
[2026-09-11 19:02:27] Response headers: {'Server': 'nginx', 'Date': 'Fri, 11 Sep 2026 19:02:27 GMT', 'Content-Type': 'text/html', 'Content-Length': '548', 'Connection': 'keep-alive'}
[2026-09-11 19:02:31] Upload failed 404: requested=https://forums.greaterthangames.com/uploads/default/optimized/2X/2/214a498a22fc42486d70cb314d8fef3af223dc6b_2_690x387.jpeg, final=https://forums.greaterthangames.com/uploads/default/optimized/2X/2/214a498a22fc42486d70cb314d8fef3af223dc6b_2_690x387.jpeg,
[2026-09-11 19:02:31] Response headers: {'Server': 'nginx', 'Date': 'Fri, 11 Sep 2026 19:02:31 GMT', 'Content-Type': 'text/html', 'Content-Length': '548', 'Connection': 'keep-alive'}
[2026-09-11 19:02:36] Upload failed 404: requested=https://forums.greaterthangames.com/uploads/default/optimized/2X/2/23db8790e8e4879c281939c18dd2c87b641a87c8_2_690x387.jpeg, final=https://forums.greaterthangames.com/uploads/default/optimized/2X/2/23db8790e8e4879c281939c18dd2c87b641a87c8_2_690x387.jpeg,
[2026-09-11 19:02:36] Response headers: {'Server': 'nginx', 'Date': 'Fri, 11 Sep 2026 19:02:36 GMT', 'Content-Type': 'text/html', 'Content-Length': '548', 'Connection': 'keep-alive'}
[2026-09-11 19:02:40] Upload failed 404: requested=https://forums.greaterthangames.com/uploads/default/optimized/2X/2/25abebbd84b8ab66e7bf91675b99e42e8f55631d_2_690x387.jpeg, final=https://forums.greaterthangames.com/uploads/default/optimized/2X/2/25abebbd84b8ab66e7bf91675b99e42e8f55631d_2_690x387.jpeg,
[2026-09-11 19:02:40] Response headers: {'Server': 'nginx', 'Date': 'Fri, 11 Sep 2026 19:02:40 GMT', 'Content-Type': 'text/html', 'Content-Length': '548', 'Connection': 'keep-alive'}
[2026-09-11 19:02:44] Upload failed 404: requested=https://forums.greaterthangames.com/uploads/default/optimized/2X/2/27d9ef54dffdd8bcb0c7b14dc9c8c279ceeb6231_2_690x387.jpeg, final=https://forums.greaterthangames.com/uploads/default/optimized/2X/2/27d9ef54dffdd8bcb0c7b14dc9c8c279ceeb6231_2_690x387.jpeg,
[2026-09-11 19:02:44] Response headers: {'Server': 'nginx', 'Date': 'Fri, 11 Sep 2026 19:02:44 GMT', 'Content-Type': 'text/html', 'Content-Length': '548', 'Connection': 'keep-alive'}
[2026-09-11 19:02:48] Upload failed 404: requested=https://forums.greaterthangames.com/uploads/default/optimized/2X/2/2a074c3709762fc185ad988d8f9b89744e7bfbf6_2_690x387.jpeg, final=https://forums.greaterthangames.com/uploads/default/optimized/2X/2/2a074c3709762fc185ad988d8f9b89744e7bfbf6_2_690x387.jpeg,
[2026-09-11 19:02:48] Response headers: {'Server': 'nginx', 'Date': 'Fri, 11 Sep 2026 19:02:48 GMT', 'Content-Type': 'text/html', 'Content-Length': '548', 'Connection': 'keep-alive'}
[2026-09-11 19:02:52] Upload failed 404: requested=https://forums.greaterthangames.com/uploads/default/optimized/2X/3/3208a8a90cd792fe3905745438a61d71d663eb1e_2_690x431.jpeg, final=https://forums.greaterthangames.com/uploads/default/optimized/2X/3/3208a8a90cd792fe3905745438a61d71d663eb1e_2_690x431.jpeg,
[2026-09-11 19:02:52] Response headers: {'Server': 'nginx', 'Date': 'Fri, 11 Sep 2026 19:02:52 GMT', 'Content-Type': 'text/html', 'Content-Length': '548', 'Connection': 'keep-alive'}
[2026-09-11 19:02:56] Upload failed 404: requested=https://forums.greaterthangames.com/uploads/default/optimized/2X/3/360bc237586c0620027ca6705c4e0bfa866b05bc_2_690x387.jpeg, final=https://forums.greaterthangames.com/uploads/default/optimized/2X/3/360bc237586c0620027ca6705c4e0bfa866b05bc_2_690x387.jpeg,
[2026-09-11 19:02:56] Response headers: {'Server': 'nginx', 'Date': 'Fri, 11 Sep 2026 19:02:56 GMT', 'Content-Type': 'text/html', 'Content-Length': '548', 'Connection': 'keep-alive'}
[2026-09-11 19:03:00] Upload failed 404: requested=https://forums.greaterthangames.com/uploads/default/optimized/2X/3/39c7b5a4d7517b12a4e2da0b5f006fc2a13c8509_2_690x387.jpeg, final=https://forums.greaterthangames.com/uploads/default/optimized/2X/3/39c7b5a4d7517b12a4e2da0b5f006fc2a13c8509_2_690x387.jpeg,
[2026-09-11 19:03:00] Response headers: {'Server': 'nginx', 'Date': 'Fri, 11 Sep 2026 19:03:00 GMT', 'Content-Type': 'text/html', 'Content-Length': '548', 'Connection': 'keep-alive'}
[2026-09-11 19:03:05] Upload failed 404: requested=https://forums.greaterthangames.com/uploads/default/optimized/2X/3/3e78df5b94f53cd4ee5cb6ae610c9f1f14271c97_2_690x387.jpeg, final=https://forums.greaterthangames.com/uploads/default/optimized/2X/3/3e78df5b94f53cd4ee5cb6ae610c9f1f14271c97_2_690x387.jpeg,
[2026-09-11 19:03:05] Response headers: {'Server': 'nginx', 'Date': 'Fri, 11 Sep 2026 19:03:05 GMT', 'Content-Type': 'text/html', 'Content-Length': '548', 'Connection': 'keep-alive'}
[2026-09-11 19:03:09] Upload failed 404: requested=https://forums.greaterthangames.com/uploads/default/optimized/2X/5/52ea248418ce8722c8ae88c304b4936fefef2017_2_690x387.jpeg, final=https://forums.greaterthangames.com/uploads/default/optimized/2X/5/52ea248418ce8722c8ae88c304b4936fefef2017_2_690x387.jpeg,
[2026-09-11 19:03:09] Response headers: {'Server': 'nginx', 'Date': 'Fri, 11 Sep 2026 19:03:09 GMT', 'Content-Type': 'text/html', 'Content-Length': '548', 'Connection': 'keep-alive'}
[2026-09-11 19:03:13] Upload failed 404: requested=https://forums.greaterthangames.com/uploads/default/optimized/2X/6/6f422c2da0124796bbedab7fa3e61487e62b88e6_2_690x387.jpeg, final=https://forums.greaterthangames.com/uploads/default/optimized/2X/6/6f422c2da0124796bbedab7fa3e61487e62b88e6_2_690x387.jpeg,
[2026-09-11 19:03:13] Response headers: {'Server': 'nginx', 'Date': 'Fri, 11 Sep 2026 19:03:13 GMT', 'Content-Type': 'text/html', 'Content-Length': '548', 'Connection': 'keep-alive'}
[2026-09-11 19:03:17] Upload failed 404: requested=https://forums.greaterthangames.com/uploads/default/optimized/2X/7/71bf042683ee7f92caa533872a8189d6fd880a7f_2_690x387.jpeg, final=https://forums.greaterthangames.com/uploads/default/optimized/2X/7/71bf042683ee7f92caa533872a8189d6fd880a7f_2_690x387.jpeg,
[2026-09-11 19:03:17] Response headers: {'Server': 'nginx', 'Date': 'Fri, 11 Sep 2026 19:03:17 GMT', 'Content-Type': 'text/html', 'Content-Length': '548', 'Connection': 'keep-alive'}
[2026-09-11 19:03:21] Upload failed 404: requested=https://forums.greaterthangames.com/uploads/default/optimized/2X/8/84aa25c4f5935853cd13472b2207d10768ee906e_2_622x500.jpeg, final=https://forums.greaterthangames.com/uploads/default/optimized/2X/8/84aa25c4f5935853cd13472b2207d10768ee906e_2_622x500.jpeg,
[2026-09-11 19:03:21] Response headers: {'Server': 'nginx', 'Date': 'Fri, 11 Sep 2026 19:03:21 GMT', 'Content-Type': 'text/html', 'Content-Length': '548', 'Connection': 'keep-alive'}
[2026-09-11 19:03:26] Upload failed 404: requested=https://forums.greaterthangames.com/uploads/default/optimized/2X/9/94c3b38dd44fce114f8123449e15650f3546e1e8_2_690x387.jpeg, final=https://forums.greaterthangames.com/uploads/default/optimized/2X/9/94c3b38dd44fce114f8123449e15650f3546e1e8_2_690x387.jpeg,
[2026-09-11 19:03:26] Response headers: {'Server': 'nginx', 'Date': 'Fri, 11 Sep 2026 19:03:26 GMT', 'Content-Type': 'text/html', 'Content-Length': '548', 'Connection': 'keep-alive'}
[2026-09-11 19:03:30] Upload failed 404: requested=https://forums.greaterthangames.com/uploads/default/optimized/2X/a/af4425aa08328d7bc6961242c5448e1aaff26439_2_690x387.jpeg, final=https://forums.greaterthangames.com/uploads/default/optimized/2X/a/af4425aa08328d7bc6961242c5448e1aaff26439_2_690x387.jpeg,
[2026-09-11 19:03:30] Response headers: {'Server': 'nginx', 'Date': 'Fri, 11 Sep 2026 19:03:30 GMT', 'Content-Type': 'text/html', 'Content-Length': '548', 'Connection': 'keep-alive'}
[2026-09-11 19:03:35] Upload failed 404: requested=https://forums.greaterthangames.com/uploads/default/optimized/2X/b/b4d51b56efb5d9926c241205c34ba5eb3c9abb05_2_690x387.jpeg, final=https://forums.greaterthangames.com/uploads/default/optimized/2X/b/b4d51b56efb5d9926c241205c34ba5eb3c9abb05_2_690x387.jpeg,
[2026-09-11 19:03:35] Response headers: {'Server': 'nginx', 'Date': 'Fri, 11 Sep 2026 19:03:35 GMT', 'Content-Type': 'text/html', 'Content-Length': '548', 'Connection': 'keep-alive'}
[2026-09-11 19:03:39] Upload failed 404: requested=https://forums.greaterthangames.com/uploads/default/optimized/2X/b/bc9bf8b5ce8a1f19fff5cb3301678db2bb1000d4_2_690x387.jpeg, final=https://forums.greaterthangames.com/uploads/default/optimized/2X/b/bc9bf8b5ce8a1f19fff5cb3301678db2bb1000d4_2_690x387.jpeg,
[2026-09-11 19:03:39] Response headers: {'Server': 'nginx', 'Date': 'Fri, 11 Sep 2026 19:03:39 GMT', 'Content-Type': 'text/html', 'Content-Length': '548', 'Connection': 'keep-alive'}
[2026-09-11 19:03:44] Upload failed 404: requested=https://forums.greaterthangames.com/uploads/default/optimized/2X/d/d0eff7b348b905345f91d6fa36212e7ea0cea34e_2_690x388.jpeg, final=https://forums.greaterthangames.com/uploads/default/optimized/2X/d/d0eff7b348b905345f91d6fa36212e7ea0cea34e_2_690x388.jpeg,
[2026-09-11 19:03:44] Response headers: {'Server': 'nginx', 'Date': 'Fri, 11 Sep 2026 19:03:44 GMT', 'Content-Type': 'text/html', 'Content-Length': '548', 'Connection': 'keep-alive'}
[2026-09-11 19:03:48] Upload failed 404: requested=https://forums.greaterthangames.com/uploads/default/optimized/2X/d/d7952a3d8ba289d389163ce4fad484b2c72c795f_2_690x387.jpeg, final=https://forums.greaterthangames.com/uploads/default/optimized/2X/d/d7952a3d8ba289d389163ce4fad484b2c72c795f_2_690x387.jpeg,
[2026-09-11 19:03:48] Response headers: {'Server': 'nginx', 'Date': 'Fri, 11 Sep 2026 19:03:48 GMT', 'Content-Type': 'text/html', 'Content-Length': '548', 'Connection': 'keep-alive'}
[2026-09-11 19:03:52] Upload failed 404: requested=https://forums.greaterthangames.com/uploads/default/optimized/2X/e/e16a5f6490d7c189907058b40b8d18520a82e420_2_690x387.jpeg, final=https://forums.greaterthangames.com/uploads/default/optimized/2X/e/e16a5f6490d7c189907058b40b8d18520a82e420_2_690x387.jpeg,
[2026-09-11 19:03:52] Response headers: {'Server': 'nginx', 'Date': 'Fri, 11 Sep 2026 19:03:52 GMT', 'Content-Type': 'text/html', 'Content-Length': '548', 'Connection': 'keep-alive'}
[2026-09-11 19:03:56] Upload failed 404: requested=https://forums.greaterthangames.com/uploads/default/optimized/2X/e/e18cce9ac278157b2f41791434b84a31b797a223_2_690x387.jpeg, final=https://forums.greaterthangames.com/uploads/default/optimized/2X/e/e18cce9ac278157b2f41791434b84a31b797a223_2_690x387.jpeg,
[2026-09-11 19:03:56] Response headers: {'Server': 'nginx', 'Date': 'Fri, 11 Sep 2026 19:03:56 GMT', 'Content-Type': 'text/html', 'Content-Length': '548', 'Connection': 'keep-alive'}
[2026-09-11 19:04:00] Upload failed 404: requested=https://forums.greaterthangames.com/uploads/default/optimized/2X/e/e62dc441f5b6d08e33a1447fb6ed8cefcde49ded_2_666x500.jpeg, final=https://forums.greaterthangames.com/uploads/default/optimized/2X/e/e62dc441f5b6d08e33a1447fb6ed8cefcde49ded_2_666x500.jpeg,
[2026-09-11 19:04:00] Response headers: {'Server': 'nginx', 'Date': 'Fri, 11 Sep 2026 19:03:59 GMT', 'Content-Type': 'text/html', 'Content-Length': '548', 'Connection': 'keep-alive'}
[2026-09-11 19:04:06] Upload failed 404: requested=https://forums.greaterthangames.com/uploads/default/optimized/2X/e/eafb02479f7ad51f91d15755921ac4f73174b738_2_679x500.jpeg, final=https://forums.greaterthangames.com/uploads/default/optimized/2X/e/eafb02479f7ad51f91d15755921ac4f73174b738_2_679x500.jpeg,
[2026-09-11 19:04:06] Response headers: {'Server': 'nginx', 'Date': 'Fri, 11 Sep 2026 19:04:06 GMT', 'Content-Type': 'text/html', 'Content-Length': '548', 'Connection': 'keep-alive'}
[2026-09-11 19:04:10] Upload failed 404: requested=https://forums.greaterthangames.com/uploads/default/optimized/2X/f/f5433fbff5f17cb3cd1bb0daca838683caadf181_2_690x387.jpeg, final=https://forums.greaterthangames.com/uploads/default/optimized/2X/f/f5433fbff5f17cb3cd1bb0daca838683caadf181_2_690x387.jpeg,
[2026-09-11 19:04:10] Response headers: {'Server': 'nginx', 'Date': 'Fri, 11 Sep 2026 19:04:10 GMT', 'Content-Type': 'text/html', 'Content-Length': '548', 'Connection': 'keep-alive'}
[2026-09-11 19:04:14] Upload failed 404: requested=https://forums.greaterthangames.com/uploads/default/optimized/2X/f/fd2a1451856df3fe32800c46d1794c553e850ee9_2_690x387.jpeg, final=https://forums.greaterthangames.com/uploads/default/optimized/2X/f/fd2a1451856df3fe32800c46d1794c553e850ee9_2_690x387.jpeg,
[2026-09-11 19:04:14] Response headers: {'Server': 'nginx', 'Date': 'Fri, 11 Sep 2026 19:04:14 GMT', 'Content-Type': 'text/html', 'Content-Length': '548', 'Connection': 'keep-alive'}
[2026-09-11 19:04:19] Upload failed 404: requested=https://forums.greaterthangames.com/uploads/default/optimized/2X/f/ffb1c389733960c7389d11cc5fb97c34238887e2_2_690x441.jpeg, final=https://forums.greaterthangames.com/uploads/default/optimized/2X/f/ffb1c389733960c7389d11cc5fb97c34238887e2_2_690x441.jpeg,
[2026-09-11 19:04:19] Response headers: {'Server': 'nginx', 'Date': 'Fri, 11 Sep 2026 19:04:19 GMT', 'Content-Type': 'text/html', 'Content-Length': '548', 'Connection': 'keep-alive'}
[2026-09-11 19:04:49] [1582/3471] Fetching topic 12500
[2026-09-11 19:04:49] [1583/3471] Fetching topic 12092
[2026-09-11 19:04:51] Topic 12092: missing 43 posts; fetching in batches...
[2026-09-11 19:04:52] [1584/3471] Fetching topic 12473
[2026-09-11 19:04:53] [1585/3471] Fetching topic 12472
[2026-09-11 19:04:54] [1586/3471] Fetching topic 12298
[2026-09-11 19:04:55] [1587/3471] Fetching topic 12520
[2026-09-11 19:04:56] [1588/3471] Fetching topic 12463
[2026-09-11 19:04:57] [1589/3471] Fetching topic 12372
[2026-09-11 19:04:59] [1590/3471] Fetching topic 12494
[2026-09-11 19:05:00] [1591/3471] Fetching topic 12284
[2026-09-11 19:05:01] [1592/3471] Fetching topic 12225
[2026-09-11 19:05:02] Topic 12225: missing 33 posts; fetching in batches...
[2026-09-11 19:05:03] [1593/3471] Fetching topic 12449
[2026-09-11 19:05:04] Topic 12449: missing 6 posts; fetching in batches...
[2026-09-11 19:05:05] [1594/3471] Fetching topic 10951
[2026-09-11 19:05:06] Topic 10951: missing 3 posts; fetching in batches...
[2026-09-11 19:05:07] [1595/3471] Fetching topic 12437
[2026-09-11 19:05:09] Topic 12437: missing 141 posts; fetching in batches...
[2026-09-11 19:05:12] Topic 12437: downloading 1 uploads
[2026-09-11 19:05:13] [1596/3471] Fetching topic 12046
[2026-09-11 19:05:14] Topic 12046: missing 94 posts; fetching in batches...
[2026-09-11 19:05:17] [1597/3471] Fetching topic 12454
[2026-09-11 19:05:18] [1598/3471] Fetching topic 12098
[2026-09-11 19:05:19] [1599/3471] Fetching topic 6656
[2026-09-11 19:05:20] Topic 6656: missing 20 posts; fetching in batches...
[2026-09-11 19:05:21] [1600/3471] Fetching topic 12277
[2026-09-11 19:05:22] [1601/3471] Fetching topic 12249
[2026-09-11 19:05:23] [1602/3471] Fetching topic 12399
[2026-09-11 19:05:24] [1603/3471] Fetching topic 12416
[2026-09-11 19:05:25] [1604/3471] Fetching topic 7799
[2026-09-11 19:05:27] Topic 7799: missing 542 posts; fetching in batches...
[2026-09-11 19:05:40] Topic 7799: downloading 8 uploads
[2026-09-11 19:05:41] Upload failed 404: requested=https://forums.greaterthangames.com/uploads/2008/07/deadwoodtv1.jpg final=https://forums.greaterthangames.com/uploads/2008/07/deadwoodtv1.jpg
[2026-09-11 19:05:41] Response headers: {'Server': 'nginx', 'Date': 'Fri, 11 Sep 2026 19:05:41 GMT', 'Content-Type': 'text/html', 'Content-Length': '548', 'Connection': 'keep-alive'}
[2026-09-11 19:05:42] Upload failed 404: requested=https://forums.greaterthangames.com/uploads/2008/07/deadwoodtv1.jpg</a final=https://forums.greaterthangames.com/uploads/2008/07/deadwoodtv1.jpg%3C/a
[2026-09-11 19:05:42] Response headers: {'Server': 'nginx', 'Date': 'Fri, 11 Sep 2026 19:05:42 GMT', 'Content-Type': 'text/html; charset=utf-8', 'Transfer-Encoding': 'chunked', 'Connection': 'keep-alive', 'Vary': 'Accept-Encoding', 'Content-Security-Policy': "upgrade-insecure-requests; base-uri 'self'; object-src 'none'; script-src 'nonce-Lhm6jQMMvMOfW1KDI7yfaSMVf' 'strict-dynamic'; frame-ancestors 'self'; manifest-src 'self'", 'X-Request-Id': 'a78894cb-405a-4391-a3fe-768d7140d9a3', 'X-Runtime': '0.022847', 'Content-Encoding': 'gzip'}
[2026-09-11 19:05:43] Upload failed 404: requested=https://forums.greaterthangames.com/uploads/2011/11/Kurt-Russell-Tombstone.jpg final=https://forums.greaterthangames.com/uploads/2011/11/Kurt-Russell-Tombstone.jpg
[2026-09-11 19:05:43] Response headers: {'Server': 'nginx', 'Date': 'Fri, 11 Sep 2026 19:05:43 GMT', 'Content-Type': 'text/html', 'Content-Length': '548', 'Connection': 'keep-alive'}
[2026-09-11 19:05:44] Upload failed 404: requested=https://forums.greaterthangames.com/uploads/2012/05/DWP_Cowboy.jpg final=https://forums.greaterthangames.com/uploads/2012/05/DWP_Cowboy.jpg
[2026-09-11 19:05:44] Response headers: {'Server': 'nginx', 'Date': 'Fri, 11 Sep 2026 19:05:44 GMT', 'Content-Type': 'text/html', 'Content-Length': '548', 'Connection': 'keep-alive'}
[2026-09-11 19:05:45] Upload failed 404: requested=https://forums.greaterthangames.com/uploads/2012/05/DWP_Cowboy.jpg</a final=https://forums.greaterthangames.com/uploads/2012/05/DWP_Cowboy.jpg%3C/a
[2026-09-11 19:05:45] Response headers: {'Server': 'nginx', 'Date': 'Fri, 11 Sep 2026 19:05:45 GMT', 'Content-Type': 'text/html; charset=utf-8', 'Transfer-Encoding': 'chunked', 'Connection': 'keep-alive', 'Vary': 'Accept-Encoding', 'Content-Security-Policy': "upgrade-insecure-requests; base-uri 'self'; object-src 'none'; script-src 'nonce-e0mZTZVpbtD7naagg70wKrKIn' 'strict-dynamic'; frame-ancestors 'self'; manifest-src 'self'", 'X-Request-Id': 'fcc90f0d-854a-4924-ac3c-caf67de2ef7b', 'X-Runtime': '0.022673', 'Content-Encoding': 'gzip'}
[2026-09-11 19:05:48] [1605/3471] Fetching topic 12392
[2026-09-11 19:05:49] [1606/3471] Fetching topic 12413
[2026-09-11 19:05:50] [1607/3471] Fetching topic 12404
[2026-09-11 19:05:51] [1608/3471] Fetching topic 12374
[2026-09-11 19:05:52] [1609/3471] Fetching topic 12248
[2026-09-11 19:05:53] Topic 12248: missing 24 posts; fetching in batches...
[2026-09-11 19:05:54] [1610/3471] Fetching topic 12378
[2026-09-11 19:05:56] [1611/3471] Fetching topic 12354
[2026-09-11 19:05:57] [1612/3471] Fetching topic 12090
[2026-09-11 19:05:58] Topic 12090: missing 15 posts; fetching in batches...
[2026-09-11 19:05:59] [1613/3471] Fetching topic 12287
[2026-09-11 19:06:00] Topic 12287: missing 3 posts; fetching in batches...
[2026-09-11 19:06:01] [1614/3471] Fetching topic 12192
[2026-09-11 19:06:02] [1615/3471] Fetching topic 12279
[2026-09-11 19:06:03] [1616/3471] Fetching topic 12268
[2026-09-11 19:06:05] Topic 12268: missing 8 posts; fetching in batches...
[2026-09-11 19:06:06] [1617/3471] Fetching topic 12270
[2026-09-11 19:06:07] [1618/3471] Fetching topic 12182
[2026-09-11 19:06:08] [1619/3471] Fetching topic 12083
[2026-09-11 19:06:09] Topic 12083: missing 6 posts; fetching in batches...
[2026-09-11 19:06:10] [1620/3471] Fetching topic 12244
[2026-09-11 19:06:11] [1621/3471] Fetching topic 12246
[2026-09-11 19:06:12] [1622/3471] Fetching topic 12229
[2026-09-11 19:06:13] Topic 12229: missing 15 posts; fetching in batches...
[2026-09-11 19:06:14] [1623/3471] Fetching topic 11782
[2026-09-11 19:06:15] Topic 11782: missing 22 posts; fetching in batches...
[2026-09-11 19:06:17] [1624/3471] Fetching topic 12153
[2026-09-11 19:06:18] Topic 12153: missing 53 posts; fetching in batches...
[2026-09-11 19:06:20] [1625/3471] Fetching topic 12127
[2026-09-11 19:06:21] Topic 12127: missing 25 posts; fetching in batches...
[2026-09-11 19:06:22] Topic 12127: downloading 1 uploads
[2026-09-11 19:06:22] [1626/3471] Fetching topic 11897
[2026-09-11 19:06:23] Topic 11897: missing 69 posts; fetching in batches...
[2026-09-11 19:06:25] Topic 11897: downloading 1 uploads
[2026-09-11 19:06:25] [1627/3471] Fetching topic 12196
[2026-09-11 19:06:27] [1628/3471] Fetching topic 11485
[2026-09-11 19:06:28] Topic 11485: missing 52 posts; fetching in batches...
[2026-09-11 19:06:30] [1629/3471] Fetching topic 12168
[2026-09-11 19:06:31] [1630/3471] Fetching topic 12137
[2026-09-11 19:06:32] Topic 12137: missing 26 posts; fetching in batches...
[2026-09-11 19:06:33] [1631/3471] Fetching topic 12157
[2026-09-11 19:06:34] [1632/3471] Fetching topic 11857
[2026-09-11 19:06:35] Topic 11857: missing 12 posts; fetching in batches...
[2026-09-11 19:06:37] [1633/3471] Fetching topic 12080
[2026-09-11 19:06:38] [1634/3471] Fetching topic 11863
[2026-09-11 19:06:39] Topic 11863: missing 299 posts; fetching in batches...
[2026-09-11 19:06:46] [1635/3471] Fetching topic 12020
[2026-09-11 19:06:47] Topic 12020: missing 17 posts; fetching in batches...
[2026-09-11 19:06:48] Topic 12020: downloading 1 uploads
[2026-09-11 19:06:49] [1636/3471] Fetching topic 12033
[2026-09-11 19:06:50] [1637/3471] Fetching topic 12116
[2026-09-11 19:06:52] Topic 12116: missing 1 posts; fetching in batches...
[2026-09-11 19:06:53] [1638/3471] Fetching topic 12032
[2026-09-11 19:06:54] [1639/3471] Fetching topic 12087
[2026-09-11 19:06:55] [1640/3471] Fetching topic 11171
[2026-09-11 19:06:56] Topic 11171: missing 67 posts; fetching in batches...
[2026-09-11 19:06:58] [1641/3471] Fetching topic 12073
[2026-09-11 19:06:59] [1642/3471] Fetching topic 12068
[2026-09-11 19:07:00] Topic 12068: missing 4 posts; fetching in batches...
[2026-09-11 19:07:01] [1643/3471] Fetching topic 9427
[2026-09-11 19:07:03] Topic 9427: downloading 1 uploads
[2026-09-11 19:07:04] Upload failed 404: requested=https://forums.greaterthangames.com/uploads/2009/02/fantastic_four_01-fc.jpg final=https://forums.greaterthangames.com/uploads/2009/02/fantastic_four_01-fc.jpg
[2026-09-11 19:07:04] Response headers: {'Server': 'nginx', 'Date': 'Fri, 11 Sep 2026 19:07:04 GMT', 'Content-Type': 'text/html', 'Content-Length': '548', 'Connection': 'keep-alive'}
[2026-09-11 19:07:04] [1644/3471] Fetching topic 12049
[2026-09-11 19:07:05] [1645/3471] Fetching topic 12025
[2026-09-11 19:07:06] [1646/3471] Fetching topic 12040
[2026-09-11 19:07:07] [1647/3471] Fetching topic 12014
[2026-09-11 19:07:08] Topic 12014: missing 4 posts; fetching in batches...
[2026-09-11 19:07:09] [1648/3471] Fetching topic 12043
[2026-09-11 19:07:10] Topic 12043: missing 3 posts; fetching in batches...
[2026-09-11 19:07:11] [1649/3471] Fetching topic 11921
[2026-09-11 19:07:13] Topic 11921: missing 4 posts; fetching in batches...
[2026-09-11 19:07:14] [1650/3471] Fetching topic 11808
[2026-09-11 19:07:15] [1651/3471] Fetching topic 11842
[2026-09-11 19:07:16] Topic 11842: missing 99 posts; fetching in batches...
[2026-09-11 19:07:18] [1652/3471] Fetching topic 11984
[2026-09-11 19:07:19] [1653/3471] Fetching topic 11985
[2026-09-11 19:07:20] [1654/3471] Fetching topic 11963
[2026-09-11 19:07:22] Topic 11963: missing 13 posts; fetching in batches...
[2026-09-11 19:07:23] [1655/3471] Fetching topic 11970
[2026-09-11 19:07:24] [1656/3471] Fetching topic 11973
[2026-09-11 19:07:25] Topic 11973: missing 2 posts; fetching in batches...
[2026-09-11 19:07:26] [1657/3471] Fetching topic 11949
[2026-09-11 19:07:27] Topic 11949: missing 24 posts; fetching in batches...
[2026-09-11 19:07:28] Topic 11949: downloading 5 uploads
[2026-09-11 19:07:32] Upload failed 404: requested=https://forums.greaterthangames.com/uploads/default/optimized/2X/9/98c27337b5d09696203a146c6594a2ea86ed3bde_2_690x263.jpeg, final=https://forums.greaterthangames.com/uploads/default/optimized/2X/9/98c27337b5d09696203a146c6594a2ea86ed3bde_2_690x263.jpeg,
[2026-09-11 19:07:32] Response headers: {'Server': 'nginx', 'Date': 'Fri, 11 Sep 2026 19:07:32 GMT', 'Content-Type': 'text/html', 'Content-Length': '548', 'Connection': 'keep-alive'}
[2026-09-11 19:07:33] [1658/3471] Fetching topic 11962
[2026-09-11 19:07:34] Topic 11962: downloading 2 uploads
[2026-09-11 19:07:36] [1659/3471] Fetching topic 11960
[2026-09-11 19:07:37] [1660/3471] Fetching topic 11958
[2026-09-11 19:07:39] [1661/3471] Fetching topic 11964
[2026-09-11 19:07:40] [1662/3471] Fetching topic 11957
[2026-09-11 19:07:41] [1663/3471] Fetching topic 9418
[2026-09-11 19:07:42] Topic 9418: missing 64 posts; fetching in batches...
[2026-09-11 19:07:44] [1664/3471] Fetching topic 11935
[2026-09-11 19:07:45] Topic 11935: missing 2 posts; fetching in batches...
[2026-09-11 19:07:46] [1665/3471] Fetching topic 11815
[2026-09-11 19:07:48] Topic 11815: downloading 5 uploads
[2026-09-11 19:07:52] Upload failed 404: requested=https://forums.greaterthangames.com/uploads/default/optimized/2X/3/33738cdf3bf49f7384a41f83c4e08e9b887eb06e_2_690x246.jpeg, final=https://forums.greaterthangames.com/uploads/default/optimized/2X/3/33738cdf3bf49f7384a41f83c4e08e9b887eb06e_2_690x246.jpeg,
[2026-09-11 19:07:52] Response headers: {'Server': 'nginx', 'Date': 'Fri, 11 Sep 2026 19:07:52 GMT', 'Content-Type': 'text/html', 'Content-Length': '548', 'Connection': 'keep-alive'}
[2026-09-11 19:07:53] [1666/3471] Fetching topic 11830
[2026-09-11 19:07:54] [1667/3471] Fetching topic 11742
[2026-09-11 19:07:55] Topic 11742: missing 5 posts; fetching in batches...
[2026-09-11 19:07:56] [1668/3471] Fetching topic 11885
[2026-09-11 19:07:57] [1669/3471] Fetching topic 11805
[2026-09-11 19:07:58] [1670/3471] Fetching topic 10979
[2026-09-11 19:08:00] [1671/3471] Fetching topic 11832
[2026-09-11 19:08:01] [1672/3471] Fetching topic 11871
[2026-09-11 19:08:02] [1673/3471] Fetching topic 11622
[2026-09-11 19:08:03] Topic 11622: missing 400 posts; fetching in batches...
[2026-09-11 19:08:13] Topic 11622: downloading 11 uploads
[2026-09-11 19:08:17] Upload failed 404: requested=https://forums.greaterthangames.com/uploads/default/optimized/2X/6/62f6eaad180bd006f50aedce13c9cdf43650e94d_2_357x500.jpeg, final=https://forums.greaterthangames.com/uploads/default/optimized/2X/6/62f6eaad180bd006f50aedce13c9cdf43650e94d_2_357x500.jpeg,
[2026-09-11 19:08:17] Response headers: {'Server': 'nginx', 'Date': 'Fri, 11 Sep 2026 19:08:17 GMT', 'Content-Type': 'text/html', 'Content-Length': '548', 'Connection': 'keep-alive'}
[2026-09-11 19:08:20] Upload failed 404: requested=https://forums.greaterthangames.com/uploads/default/optimized/2X/9/976f0adc47fa19c0cc049fcb3685a149a44847e3_2_500x500.jpeg, final=https://forums.greaterthangames.com/uploads/default/optimized/2X/9/976f0adc47fa19c0cc049fcb3685a149a44847e3_2_500x500.jpeg,
[2026-09-11 19:08:20] Response headers: {'Server': 'nginx', 'Date': 'Fri, 11 Sep 2026 19:08:20 GMT', 'Content-Type': 'text/html', 'Content-Length': '548', 'Connection': 'keep-alive'}
[2026-09-11 19:08:22] [1674/3471] Fetching topic 11858
[2026-09-11 19:08:23] [1675/3471] Fetching topic 11827
[2026-09-11 19:08:25] Topic 11827: missing 13 posts; fetching in batches...
[2026-09-11 19:08:26] [1676/3471] Fetching topic 11813
[2026-09-11 19:08:27] [1677/3471] Fetching topic 8890
[2026-09-11 19:08:28] Topic 8890: missing 11 posts; fetching in batches...
[2026-09-11 19:08:29] [1678/3471] Fetching topic 11682
[2026-09-11 19:08:30] [1679/3471] Fetching topic 11798
[2026-09-11 19:08:31] Topic 11798: missing 3 posts; fetching in batches...
[2026-09-11 19:08:32] Topic 11798: downloading 3 uploads
[2026-09-11 19:08:33] [1680/3471] Fetching topic 11821
[2026-09-11 19:08:34] [1681/3471] Fetching topic 11776
[2026-09-11 19:08:35] Topic 11776: missing 128 posts; fetching in batches...
[2026-09-11 19:08:39] Topic 11776: downloading 2 uploads
[2026-09-11 19:08:41] [1682/3471] Fetching topic 9730
[2026-09-11 19:08:42] Topic 9730: missing 34 posts; fetching in batches...
[2026-09-11 19:08:43] [1683/3471] Fetching topic 11797
[2026-09-11 19:08:44] [1684/3471] Fetching topic 10860
[2026-09-11 19:08:45] Topic 10860: missing 746 posts; fetching in batches...
[2026-09-11 19:09:04] Topic 10860: downloading 14 uploads
[2026-09-11 19:09:09] Upload failed 404: requested=https://forums.greaterthangames.com/uploads/default/optimized/2X/6/6e3b59136b83137f1dac864488c08620a7045322_2_666x500.jpeg, final=https://forums.greaterthangames.com/uploads/default/optimized/2X/6/6e3b59136b83137f1dac864488c08620a7045322_2_666x500.jpeg,
[2026-09-11 19:09:09] Response headers: {'Server': 'nginx', 'Date': 'Fri, 11 Sep 2026 19:09:09 GMT', 'Content-Type': 'text/html', 'Content-Length': '548', 'Connection': 'keep-alive'}
[2026-09-11 19:09:13] [1685/3471] Fetching topic 11720
[2026-09-11 19:09:14] Topic 11720: missing 42 posts; fetching in batches...
[2026-09-11 19:09:15] Topic 11720: downloading 1 uploads
[2026-09-11 19:09:15] [1686/3471] Fetching topic 11525
[2026-09-11 19:09:16] Topic 11525: missing 49 posts; fetching in batches...
[2026-09-11 19:09:17] Topic 11525: downloading 4 uploads
[2026-09-11 19:09:17] [1687/3471] Fetching topic 11283
[2026-09-11 19:09:18] [1688/3471] Fetching topic 11642
[2026-09-11 19:09:20] Topic 11642: missing 248 posts; fetching in batches...
[2026-09-11 19:09:25] [1689/3471] Fetching topic 11245
[2026-09-11 19:09:27] Topic 11245: missing 28 posts; fetching in batches...
[2026-09-11 19:09:28] Topic 11245: downloading 1 uploads
[2026-09-11 19:09:29] [1690/3471] Fetching topic 11725
[2026-09-11 19:09:30] [1691/3471] Fetching topic 11700
[2026-09-11 19:09:31] Topic 11700: missing 5 posts; fetching in batches...
[2026-09-11 19:09:32] Topic 11700: downloading 1 uploads
[2026-09-11 19:09:32] [1692/3471] Fetching topic 11750
[2026-09-11 19:09:33] [1693/3471] Fetching topic 11740
[2026-09-11 19:09:34] [1694/3471] Fetching topic 11714
[2026-09-11 19:09:35] Topic 11714: missing 26 posts; fetching in batches...
[2026-09-11 19:09:36] Topic 11714: downloading 1 uploads
[2026-09-11 19:09:37] Upload failed 404: requested=https://forums.greaterthangames.com/uploads/2014/08/tumblr_ltmgahlyz91qa3geco1_400.jpg final=https://forums.greaterthangames.com/uploads/2014/08/tumblr_ltmgahlyz91qa3geco1_400.jpg
[2026-09-11 19:09:37] Response headers: {'Server': 'nginx', 'Date': 'Fri, 11 Sep 2026 19:09:37 GMT', 'Content-Type': 'text/html', 'Content-Length': '548', 'Connection': 'keep-alive'}
[2026-09-11 19:09:37] [1695/3471] Fetching topic 11588
[2026-09-11 19:09:39] Topic 11588: missing 46 posts; fetching in batches...
[2026-09-11 19:09:40] Topic 11588: downloading 1 uploads
[2026-09-11 19:09:41] Upload failed 404: requested=https://forums.greaterthangames.com/uploads/2014/11/Kvothe-Six-String.png</p final=https://forums.greaterthangames.com/uploads/2014/11/Kvothe-Six-String.png%3C/p
[2026-09-11 19:09:41] Response headers: {'Server': 'nginx', 'Date': 'Fri, 11 Sep 2026 19:09:41 GMT', 'Content-Type': 'text/html; charset=utf-8', 'Transfer-Encoding': 'chunked', 'Connection': 'keep-alive', 'Vary': 'Accept-Encoding', 'Content-Security-Policy': "upgrade-insecure-requests; base-uri 'self'; object-src 'none'; script-src 'nonce-IkZtKSUV4nJ1D6ZiOytX0reBZ' 'strict-dynamic'; frame-ancestors 'self'; manifest-src 'self'", 'X-Request-Id': 'fca5a08b-c440-4f1c-9ce1-255aefce662e', 'X-Runtime': '0.022754', 'Content-Encoding': 'gzip'}
[2026-09-11 19:09:41] [1696/3471] Fetching topic 11464
[2026-09-11 19:09:42] [1697/3471] Fetching topic 11715
[2026-09-11 19:09:43] [1698/3471] Fetching topic 5240
[2026-09-11 19:09:44] Topic 5240: missing 4 posts; fetching in batches...
[2026-09-11 19:09:45] [1699/3471] Fetching topic 11713
[2026-09-11 19:09:46] Topic 11713: missing 14 posts; fetching in batches...
[2026-09-11 19:09:48] [1700/3471] Fetching topic 11222
[2026-09-11 19:09:49] [1701/3471] Fetching topic 11692
[2026-09-11 19:09:50] Topic 11692: missing 46 posts; fetching in batches...
[2026-09-11 19:09:51] [1702/3471] Fetching topic 11698
[2026-09-11 19:09:52] Topic 11698: missing 1 posts; fetching in batches...
[2026-09-11 19:09:53] [1703/3471] Fetching topic 11650
[2026-09-11 19:09:54] Topic 11650: missing 10 posts; fetching in batches...
[2026-09-11 19:09:55] [1704/3471] Fetching topic 11710
[2026-09-11 19:09:56] Topic 11710: missing 3 posts; fetching in batches...
[2026-09-11 19:09:57] [1705/3471] Fetching topic 11645
[2026-09-11 19:09:59] Topic 11645: missing 12 posts; fetching in batches...
[2026-09-11 19:10:00] [1706/3471] Fetching topic 11690
[2026-09-11 19:10:01] Topic 11690: missing 9 posts; fetching in batches...
[2026-09-11 19:10:02] [1707/3471] Fetching topic 11691
[2026-09-11 19:10:03] [1708/3471] Fetching topic 11649
[2026-09-11 19:10:04] Topic 11649: missing 39 posts; fetching in batches...
[2026-09-11 19:10:05] [1709/3471] Fetching topic 11685
[2026-09-11 19:10:06] [1710/3471] Fetching topic 11636
[2026-09-11 19:10:07] [1711/3471] Fetching topic 11662
[2026-09-11 19:10:09] Topic 11662: downloading 3 uploads
[2026-09-11 19:10:09] [1712/3471] Fetching topic 11664
[2026-09-11 19:10:10] [1713/3471] Fetching topic 11646
[2026-09-11 19:10:11] [1714/3471] Fetching topic 11653
[2026-09-11 19:10:12] [1715/3471] Fetching topic 11516
[2026-09-11 19:10:13] Topic 11516: missing 153 posts; fetching in batches...
[2026-09-11 19:10:18] Topic 11516: downloading 1 uploads
[2026-09-11 19:10:18] [1716/3471] Fetching topic 11574
[2026-09-11 19:10:20] Topic 11574: missing 62 posts; fetching in batches...
[2026-09-11 19:10:22] Topic 11574: downloading 2 uploads
[2026-09-11 19:10:22] [1717/3471] Fetching topic 11633
[2026-09-11 19:10:23] [1718/3471] Fetching topic 11616
[2026-09-11 19:10:24] [1719/3471] Fetching topic 11629
[2026-09-11 19:10:25] [1720/3471] Fetching topic 11619
[2026-09-11 19:10:26] [1721/3471] Fetching topic 11355
[2026-09-11 19:10:28] Topic 11355: missing 11 posts; fetching in batches...
[2026-09-11 19:10:29] [1722/3471] Fetching topic 11571
[2026-09-11 19:10:30] [1723/3471] Fetching topic 11610
[2026-09-11 19:10:31] [1724/3471] Fetching topic 11612
[2026-09-11 19:10:32] [1725/3471] Fetching topic 11149
[2026-09-11 19:10:33] Topic 11149: missing 55 posts; fetching in batches...
[2026-09-11 19:10:35] Topic 11149: downloading 2 uploads
[2026-09-11 19:10:36] [1726/3471] Fetching topic 11599
[2026-09-11 19:10:37] [1727/3471] Fetching topic 11597
[2026-09-11 19:10:39] [1728/3471] Fetching topic 11593
[2026-09-11 19:10:40] Topic 11593: missing 1 posts; fetching in batches...
[2026-09-11 19:10:41] [1729/3471] Fetching topic 11504
[2026-09-11 19:10:42] Topic 11504: missing 5 posts; fetching in batches...
[2026-09-11 19:10:43] Topic 11504: downloading 7 uploads
[2026-09-11 19:10:47] Upload failed 404: requested=https://forums.greaterthangames.com/uploads/default/optimized/2X/7/7c6e05e5bee5b25e2c5aafc06a2fdfea5c88321f_2_375x500.jpeg, final=https://forums.greaterthangames.com/uploads/default/optimized/2X/7/7c6e05e5bee5b25e2c5aafc06a2fdfea5c88321f_2_375x500.jpeg,
[2026-09-11 19:10:47] Response headers: {'Server': 'nginx', 'Date': 'Fri, 11 Sep 2026 19:10:47 GMT', 'Content-Type': 'text/html', 'Content-Length': '548', 'Connection': 'keep-alive'}
[2026-09-11 19:10:50] [1730/3471] Fetching topic 11592
[2026-09-11 19:10:51] [1731/3471] Fetching topic 11577
[2026-09-11 19:10:52] [1732/3471] Fetching topic 11580
[2026-09-11 19:10:53] [1733/3471] Fetching topic 11460
[2026-09-11 19:10:55] Topic 11460: missing 45 posts; fetching in batches...
[2026-09-11 19:10:56] [1734/3471] Fetching topic 9926
[2026-09-11 19:10:57] Topic 9926: missing 76 posts; fetching in batches...
[2026-09-11 19:10:59] Topic 9926: downloading 2 uploads
[2026-09-11 19:11:00] [1735/3471] Fetching topic 11493
[2026-09-11 19:11:01] Topic 11493: missing 1 posts; fetching in batches...
[2026-09-11 19:11:02] [1736/3471] Fetching topic 11566
[2026-09-11 19:11:03] [1737/3471] Fetching topic 11568
[2026-09-11 19:11:04] [1738/3471] Fetching topic 11564
[2026-09-11 19:11:06] [1739/3471] Fetching topic 11534
[2026-09-11 19:11:07] Topic 11534: missing 24 posts; fetching in batches...
[2026-09-11 19:11:08] Topic 11534: downloading 2 uploads
[2026-09-11 19:11:10] [1740/3471] Fetching topic 11487
[2026-09-11 19:11:11] [1741/3471] Fetching topic 11545
[2026-09-11 19:11:12] [1742/3471] Fetching topic 11543
[2026-09-11 19:11:13] [1743/3471] Fetching topic 11522
[2026-09-11 19:11:14] [1744/3471] Fetching topic 11514
[2026-09-11 19:11:15] [1745/3471] Fetching topic 11510
[2026-09-11 19:11:17] [1746/3471] Fetching topic 11512
[2026-09-11 19:11:18] [1747/3471] Fetching topic 11503
[2026-09-11 19:11:19] [1748/3471] Fetching topic 11502
[2026-09-11 19:11:20] [1749/3471] Fetching topic 11500
[2026-09-11 19:11:21] [1750/3471] Fetching topic 11454
[2026-09-11 19:11:22] Topic 11454: missing 10 posts; fetching in batches...
[2026-09-11 19:11:23] [1751/3471] Fetching topic 11484
[2026-09-11 19:11:24] [1752/3471] Fetching topic 11456
[2026-09-11 19:11:26] [1753/3471] Fetching topic 11463
[2026-09-11 19:11:27] [1754/3471] Fetching topic 11462
[2026-09-11 19:11:28] [1755/3471] Fetching topic 11443
[2026-09-11 19:11:29] Topic 11443: missing 15 posts; fetching in batches...
[2026-09-11 19:11:30] [1756/3471] Fetching topic 11442
[2026-09-11 19:11:31] Topic 11442: downloading 4 uploads
[2026-09-11 19:11:31] [1757/3471] Fetching topic 11446
[2026-09-11 19:11:32] [1758/3471] Fetching topic 11417
[2026-09-11 19:11:33] Topic 11417: missing 46 posts; fetching in batches...
[2026-09-11 19:11:34] [1759/3471] Fetching topic 11155
[2026-09-11 19:11:36] [1760/3471] Fetching topic 11426
[2026-09-11 19:11:37] [1761/3471] Fetching topic 11000
[2026-09-11 19:11:38] Topic 11000: missing 3 posts; fetching in batches...
[2026-09-11 19:11:39] Topic 11000: downloading 1 uploads
[2026-09-11 19:11:41] [1762/3471] Fetching topic 11394
[2026-09-11 19:11:41] [1763/3471] Fetching topic 8777
[2026-09-11 19:11:43] [1764/3471] Fetching topic 11416
[2026-09-11 19:11:44] [1765/3471] Fetching topic 11354
[2026-09-11 19:11:45] [1766/3471] Fetching topic 11379
[2026-09-11 19:11:46] [1767/3471] Fetching topic 11408
[2026-09-11 19:11:47] [1768/3471] Fetching topic 11373
[2026-09-11 19:11:48] [1769/3471] Fetching topic 11359
[2026-09-11 19:11:49] [1770/3471] Fetching topic 11358
[2026-09-11 19:11:51] [1771/3471] Fetching topic 11353
[2026-09-11 19:11:52] [1772/3471] Fetching topic 11335
[2026-09-11 19:11:53] Topic 11335: downloading 6 uploads
[2026-09-11 19:11:57] Upload failed 404: requested=https://forums.greaterthangames.com/uploads/default/optimized/2X/1/1a5c9acd70c5222d54ee3edd331f323ec260ae10_2_666x500.jpeg, final=https://forums.greaterthangames.com/uploads/default/optimized/2X/1/1a5c9acd70c5222d54ee3edd331f323ec260ae10_2_666x500.jpeg,
[2026-09-11 19:11:57] Response headers: {'Server': 'nginx', 'Date': 'Fri, 11 Sep 2026 19:11:57 GMT', 'Content-Type': 'text/html', 'Content-Length': '548', 'Connection': 'keep-alive'}
[2026-09-11 19:11:59] [1773/3471] Fetching topic 11348
[2026-09-11 19:12:00] [1774/3471] Fetching topic 10716
[2026-09-11 19:12:01] [1775/3471] Fetching topic 11319
[2026-09-11 19:12:02] [1776/3471] Fetching topic 11324
[2026-09-11 19:12:04] [1777/3471] Fetching topic 11306
[2026-09-11 19:12:05] [1778/3471] Fetching topic 11314
[2026-09-11 19:12:06] [1779/3471] Fetching topic 11264
[2026-09-11 19:12:07] Topic 11264: missing 40 posts; fetching in batches...
[2026-09-11 19:12:08] Topic 11264: downloading 2 uploads
[2026-09-11 19:12:10] [1780/3471] Fetching topic 10947
[2026-09-11 19:12:11] Topic 10947: missing 189 posts; fetching in batches...
[2026-09-11 19:12:16] Topic 10947: downloading 23 uploads
[2026-09-11 19:12:22] Upload failed 404: requested=https://forums.greaterthangames.com/uploads/default/optimized/2X/6/664e8f7b6881848f6d849330d10ac009844a6819_2_375x500.jpeg, final=https://forums.greaterthangames.com/uploads/default/optimized/2X/6/664e8f7b6881848f6d849330d10ac009844a6819_2_375x500.jpeg,
[2026-09-11 19:12:22] Response headers: {'Server': 'nginx', 'Date': 'Fri, 11 Sep 2026 19:12:22 GMT', 'Content-Type': 'text/html', 'Content-Length': '548', 'Connection': 'keep-alive'}
[2026-09-11 19:12:29] Upload failed 404: requested=https://forums.greaterthangames.com/uploads/default/optimized/2X/9/9c8e7ac0b959a3d7cdfc1b50dbb8b1f14f9ed2a1_2_500x500.jpeg, final=https://forums.greaterthangames.com/uploads/default/optimized/2X/9/9c8e7ac0b959a3d7cdfc1b50dbb8b1f14f9ed2a1_2_500x500.jpeg,
[2026-09-11 19:12:29] Response headers: {'Server': 'nginx', 'Date': 'Fri, 11 Sep 2026 19:12:29 GMT', 'Content-Type': 'text/html', 'Content-Length': '548', 'Connection': 'keep-alive'}
[2026-09-11 19:12:40] [1781/3471] Fetching topic 11141
[2026-09-11 19:12:41] Topic 11141: downloading 2 uploads
[2026-09-11 19:12:43] [1782/3471] Fetching topic 11174
[2026-09-11 19:12:44] [1783/3471] Fetching topic 8897
[2026-09-11 19:12:45] Topic 8897: missing 10 posts; fetching in batches...
[2026-09-11 19:12:46] [1784/3471] Fetching topic 11313
[2026-09-11 19:12:47] [1785/3471] Fetching topic 10550
[2026-09-11 19:12:48] [1786/3471] Fetching topic 11303
[2026-09-11 19:12:49] [1787/3471] Fetching topic 11267
[2026-09-11 19:12:51] Topic 11267: missing 18 posts; fetching in batches...
[2026-09-11 19:12:52] [1788/3471] Fetching topic 11160
[2026-09-11 19:12:53] Topic 11160: missing 113 posts; fetching in batches...
[2026-09-11 19:12:56] [1789/3471] Fetching topic 11285
[2026-09-11 19:12:57] Topic 11285: missing 4 posts; fetching in batches...
[2026-09-11 19:12:58] [1790/3471] Fetching topic 11296
[2026-09-11 19:12:59] Topic 11296: missing 12 posts; fetching in batches...
[2026-09-11 19:13:00] [1791/3471] Fetching topic 11270
[2026-09-11 19:13:02] Topic 11270: missing 4 posts; fetching in batches...
[2026-09-11 19:13:03] [1792/3471] Fetching topic 11226
[2026-09-11 19:13:04] Topic 11226: missing 1 posts; fetching in batches...
[2026-09-11 19:13:05] Topic 11226: downloading 2 uploads
[2026-09-11 19:13:07] [1793/3471] Fetching topic 11209
[2026-09-11 19:13:08] [1794/3471] Fetching topic 11231
[2026-09-11 19:13:09] Topic 11231: missing 4 posts; fetching in batches...
[2026-09-11 19:13:10] [1795/3471] Fetching topic 11266
[2026-09-11 19:13:11] [1796/3471] Fetching topic 6973
[2026-09-11 19:13:12] [1797/3471] Fetching topic 5746
[2026-09-11 19:13:13] Topic 5746: missing 23 posts; fetching in batches...
[2026-09-11 19:13:14] [1798/3471] Fetching topic 10847
[2026-09-11 19:13:16] Topic 10847: missing 256 posts; fetching in batches...
[2026-09-11 19:13:22] Topic 10847: downloading 1 uploads
[2026-09-11 19:13:23] [1799/3471] Fetching topic 11208
[2026-09-11 19:13:25] [1800/3471] Fetching topic 11240
[2026-09-11 19:13:26] [1801/3471] Fetching topic 11258
[2026-09-11 19:13:27] [1802/3471] Fetching topic 11257
[2026-09-11 19:13:28] [1803/3471] Fetching topic 11223
[2026-09-11 19:13:29] Topic 11223: missing 34 posts; fetching in batches...
[2026-09-11 19:13:30] [1804/3471] Fetching topic 11165
[2026-09-11 19:13:31] Topic 11165: missing 3 posts; fetching in batches...
[2026-09-11 19:13:32] [1805/3471] Fetching topic 11235
[2026-09-11 19:13:33] [1806/3471] Fetching topic 7671
[2026-09-11 19:13:35] [1807/3471] Fetching topic 11072
[2026-09-11 19:13:36] Topic 11072: missing 27 posts; fetching in batches...
[2026-09-11 19:13:37] [1808/3471] Fetching topic 11236
[2026-09-11 19:13:38] [1809/3471] Fetching topic 11183
[2026-09-11 19:13:39] [1810/3471] Fetching topic 11227
[2026-09-11 19:13:40] [1811/3471] Fetching topic 11090
[2026-09-11 19:13:41] Topic 11090: missing 48 posts; fetching in batches...
[2026-09-11 19:13:43] [1812/3471] Fetching topic 11229
[2026-09-11 19:13:44] [1813/3471] Fetching topic 11220
[2026-09-11 19:13:45] [1814/3471] Fetching topic 11181
[2026-09-11 19:13:46] [1815/3471] Fetching topic 11218
[2026-09-11 19:13:47] [1816/3471] Fetching topic 11211
[2026-09-11 19:13:48] [1817/3471] Fetching topic 11190
[2026-09-11 19:13:49] [1818/3471] Fetching topic 11193
[2026-09-11 19:13:50] [1819/3471] Fetching topic 11175
[2026-09-11 19:13:52] [1820/3471] Fetching topic 10935
[2026-09-11 19:13:53] Topic 10935: missing 27 posts; fetching in batches...
[2026-09-11 19:13:54] [1821/3471] Fetching topic 11176
[2026-09-11 19:13:55] [1822/3471] Fetching topic 11167
[2026-09-11 19:13:56] [1823/3471] Fetching topic 11147
[2026-09-11 19:13:57] [1824/3471] Fetching topic 11094
[2026-09-11 19:13:58] [1825/3471] Fetching topic 11162
[2026-09-11 19:13:59] [1826/3471] Fetching topic 11154
[2026-09-11 19:14:01] [1827/3471] Fetching topic 10299
[2026-09-11 19:14:02] Topic 10299: missing 26 posts; fetching in batches...
[2026-09-11 19:14:03] Topic 10299: downloading 5 uploads
[2026-09-11 19:14:08] [1828/3471] Fetching topic 10913
[2026-09-11 19:14:09] Topic 10913: missing 26 posts; fetching in batches...
[2026-09-11 19:14:10] Topic 10913: downloading 5 uploads
[2026-09-11 19:14:14] Upload failed 404: requested=https://forums.greaterthangames.com/uploads/default/optimized/2X/3/3a1dca7b5aa759d7600b3f45e5133612b8eb1a21_2_690x388.jpeg, final=https://forums.greaterthangames.com/uploads/default/optimized/2X/3/3a1dca7b5aa759d7600b3f45e5133612b8eb1a21_2_690x388.jpeg,
[2026-09-11 19:14:14] Response headers: {'Server': 'nginx', 'Date': 'Fri, 11 Sep 2026 19:14:14 GMT', 'Content-Type': 'text/html', 'Content-Length': '548', 'Connection': 'keep-alive'}
[2026-09-11 19:14:15] [1829/3471] Fetching topic 11136
[2026-09-11 19:14:16] [1830/3471] Fetching topic 11127
[2026-09-11 19:14:17] [1831/3471] Fetching topic 11075
[2026-09-11 19:14:18] Topic 11075: missing 5 posts; fetching in batches...
[2026-09-11 19:14:19] Topic 11075: downloading 4 uploads
[2026-09-11 19:14:22] Upload failed 404: requested=https://forums.greaterthangames.com/uploads/default/optimized/2X/3/3c66a82667544c2a29d322f44040fb7ef9fedde1_2_353x500.jpeg, final=https://forums.greaterthangames.com/uploads/default/optimized/2X/3/3c66a82667544c2a29d322f44040fb7ef9fedde1_2_353x500.jpeg,
[2026-09-11 19:14:22] Response headers: {'Server': 'nginx', 'Date': 'Fri, 11 Sep 2026 19:14:22 GMT', 'Content-Type': 'text/html', 'Content-Length': '548', 'Connection': 'keep-alive'}
[2026-09-11 19:14:24] [1832/3471] Fetching topic 11078
[2026-09-11 19:14:25] [1833/3471] Fetching topic 9822
[2026-09-11 19:14:26] [1834/3471] Fetching topic 11129
[2026-09-11 19:14:27] [1835/3471] Fetching topic 11100
[2026-09-11 19:14:28] Topic 11100: missing 3 posts; fetching in batches...
[2026-09-11 19:14:29] [1836/3471] Fetching topic 11126
[2026-09-11 19:14:30] [1837/3471] Fetching topic 10924
[2026-09-11 19:14:31] [1838/3471] Fetching topic 11082
[2026-09-11 19:14:33] [1839/3471] Fetching topic 11039
[2026-09-11 19:14:34] [1840/3471] Fetching topic 11097
[2026-09-11 19:14:35] [1841/3471] Fetching topic 11103
[2026-09-11 19:14:36] [1842/3471] Fetching topic 11105
[2026-09-11 19:14:37] [1843/3471] Fetching topic 11102
[2026-09-11 19:14:38] [1844/3471] Fetching topic 11063
[2026-09-11 19:14:39] Topic 11063: missing 6 posts; fetching in batches...
[2026-09-11 19:14:40] [1845/3471] Fetching topic 11013
[2026-09-11 19:14:42] [1846/3471] Fetching topic 11021
[2026-09-11 19:14:43] Topic 11021: missing 3 posts; fetching in batches...
[2026-09-11 19:14:44] [1847/3471] Fetching topic 10869
[2026-09-11 19:14:45] Topic 10869: missing 49 posts; fetching in batches...
[2026-09-11 19:14:46] Topic 10869: downloading 4 uploads
[2026-09-11 19:14:47] [1848/3471] Fetching topic 11079
[2026-09-11 19:14:48] [1849/3471] Fetching topic 10865
[2026-09-11 19:14:49] Topic 10865: missing 115 posts; fetching in batches...
[2026-09-11 19:14:53] [1850/3471] Fetching topic 10983
[2026-09-11 19:14:54] Topic 10983: downloading 11 uploads
[2026-09-11 19:14:55] Upload failed 404: requested=https://forums.greaterthangames.com/uploads/2014/08/georgehamilton.jpg final=https://forums.greaterthangames.com/uploads/2014/08/georgehamilton.jpg
[2026-09-11 19:14:55] Response headers: {'Server': 'nginx', 'Date': 'Fri, 11 Sep 2026 19:14:55 GMT', 'Content-Type': 'text/html', 'Content-Length': '548', 'Connection': 'keep-alive'}
[2026-09-11 19:15:00] Upload failed 404: requested=https://forums.greaterthangames.com/uploads/default/optimized/2X/3/38bb02d08258518dcbf25fd1b039bb3cbec62a46_2_666x500.jpeg, final=https://forums.greaterthangames.com/uploads/default/optimized/2X/3/38bb02d08258518dcbf25fd1b039bb3cbec62a46_2_666x500.jpeg,
[2026-09-11 19:15:00] Response headers: {'Server': 'nginx', 'Date': 'Fri, 11 Sep 2026 19:15:00 GMT', 'Content-Type': 'text/html', 'Content-Length': '548', 'Connection': 'keep-alive'}
[2026-09-11 19:15:03] Upload failed 404: requested=https://forums.greaterthangames.com/uploads/default/optimized/2X/e/e03d89d70b3ac6f68e189ebd718d11375d488187_2_666x500.jpeg, final=https://forums.greaterthangames.com/uploads/default/optimized/2X/e/e03d89d70b3ac6f68e189ebd718d11375d488187_2_666x500.jpeg,
[2026-09-11 19:15:03] Response headers: {'Server': 'nginx', 'Date': 'Fri, 11 Sep 2026 19:15:03 GMT', 'Content-Type': 'text/html', 'Content-Length': '548', 'Connection': 'keep-alive'}
[2026-09-11 19:15:05] [1851/3471] Fetching topic 11064
[2026-09-11 19:15:06] Topic 11064: missing 2 posts; fetching in batches...
[2026-09-11 19:15:08] [1852/3471] Fetching topic 10296
[2026-09-11 19:15:09] Topic 10296: missing 81 posts; fetching in batches...
[2026-09-11 19:15:11] [1853/3471] Fetching topic 10916
[2026-09-11 19:15:12] [1854/3471] Fetching topic 11041
[2026-09-11 19:15:13] Topic 11041: missing 10 posts; fetching in batches...
[2026-09-11 19:15:14] [1855/3471] Fetching topic 11051
[2026-09-11 19:15:15] [1856/3471] Fetching topic 11060
[2026-09-11 19:15:17] [1857/3471] Fetching topic 10964
[2026-09-11 19:15:18] Topic 10964: missing 20 posts; fetching in batches...
[2026-09-11 19:15:19] [1858/3471] Fetching topic 10905
[2026-09-11 19:15:20] Topic 10905: missing 75 posts; fetching in batches...
[2026-09-11 19:15:22] [1859/3471] Fetching topic 10830
[2026-09-11 19:15:23] Topic 10830: missing 27 posts; fetching in batches...
[2026-09-11 19:15:24] [1860/3471] Fetching topic 11034
[2026-09-11 19:15:26] [1861/3471] Fetching topic 10868
[2026-09-11 19:15:27] Topic 10868: missing 12 posts; fetching in batches...
[2026-09-11 19:15:28] [1862/3471] Fetching topic 11026
[2026-09-11 19:15:29] [1863/3471] Fetching topic 11010
[2026-09-11 19:15:30] [1864/3471] Fetching topic 10894
[2026-09-11 19:15:31] [1865/3471] Fetching topic 10140
[2026-09-11 19:15:32] Topic 10140: missing 15 posts; fetching in batches...
[2026-09-11 19:15:33] [1866/3471] Fetching topic 10957
[2026-09-11 19:15:34] [1867/3471] Fetching topic 10901
[2026-09-11 19:15:36] [1868/3471] Fetching topic 10998
[2026-09-11 19:15:37] [1869/3471] Fetching topic 10797
[2026-09-11 19:15:38] [1870/3471] Fetching topic 10126
[2026-09-11 19:15:39] Topic 10126: missing 4 posts; fetching in batches...
[2026-09-11 19:15:40] [1871/3471] Fetching topic 10925
[2026-09-11 19:15:41] Topic 10925: missing 33 posts; fetching in batches...
[2026-09-11 19:15:42] [1872/3471] Fetching topic 10932
[2026-09-11 19:15:43] [1873/3471] Fetching topic 10928
[2026-09-11 19:15:45] [1874/3471] Fetching topic 10903
[2026-09-11 19:15:46] Topic 10903: missing 23 posts; fetching in batches...
[2026-09-11 19:15:47] [1875/3471] Fetching topic 10803
[2026-09-11 19:15:48] [1876/3471] Fetching topic 10898
[2026-09-11 19:15:49] Topic 10898: missing 86 posts; fetching in batches...
[2026-09-11 19:15:51] Topic 10898: downloading 2 uploads
[2026-09-11 19:15:51] [1877/3471] Fetching topic 10879
[2026-09-11 19:15:53] Topic 10879: missing 15 posts; fetching in batches...
[2026-09-11 19:15:54] Topic 10879: downloading 1 uploads
[2026-09-11 19:15:54] [1878/3471] Fetching topic 10880
[2026-09-11 19:15:55] Topic 10880: missing 20 posts; fetching in batches...
[2026-09-11 19:15:56] Topic 10880: downloading 2 uploads
[2026-09-11 19:15:57] [1879/3471] Fetching topic 10864
[2026-09-11 19:15:58] Topic 10864: missing 56 posts; fetching in batches...
[2026-09-11 19:16:00] Topic 10864: downloading 2 uploads
[2026-09-11 19:16:00] [1880/3471] Fetching topic 10874
[2026-09-11 19:16:01] Topic 10874: downloading 1 uploads
[2026-09-11 19:16:02] [1881/3471] Fetching topic 10897
[2026-09-11 19:16:04] [1882/3471] Fetching topic 10896
[2026-09-11 19:16:05] [1883/3471] Fetching topic 5061
[2026-09-11 19:16:06] Topic 5061: missing 10 posts; fetching in batches...
[2026-09-11 19:16:07] [1884/3471] Fetching topic 10876
[2026-09-11 19:16:08] Topic 10876: downloading 2 uploads
[2026-09-11 19:16:10] [1885/3471] Fetching topic 10882
[2026-09-11 19:16:11] [1886/3471] Fetching topic 10760
[2026-09-11 19:16:12] Topic 10760: missing 29 posts; fetching in batches...
[2026-09-11 19:16:13] Topic 10760: downloading 5 uploads
[2026-09-11 19:16:16] Upload failed 404: requested=https://forums.greaterthangames.com/uploads/default/optimized/2X/e/e790fa94633878d8087db9069453c9c3970eb6fa_2_600x225.jpeg, final=https://forums.greaterthangames.com/uploads/default/optimized/2X/e/e790fa94633878d8087db9069453c9c3970eb6fa_2_600x225.jpeg,
[2026-09-11 19:16:16] Response headers: {'Server': 'nginx', 'Date': 'Fri, 11 Sep 2026 19:16:16 GMT', 'Content-Type': 'text/html', 'Content-Length': '548', 'Connection': 'keep-alive'}
[2026-09-11 19:16:19] Upload failed 404: requested=https://forums.greaterthangames.com/uploads/image/BUNKERFUELMAP(1 final=https://forums.greaterthangames.com/uploads/image/BUNKERFUELMAP(1
[2026-09-11 19:16:19] Response headers: {'Server': 'nginx', 'Date': 'Fri, 11 Sep 2026 19:16:19 GMT', 'Content-Type': 'text/html; charset=utf-8', 'Transfer-Encoding': 'chunked', 'Connection': 'keep-alive', 'Vary': 'Accept-Encoding', 'Content-Security-Policy': "upgrade-insecure-requests; base-uri 'self'; object-src 'none'; script-src 'nonce-RN0LmTy2QEopMgZ8cimBeo3rB' 'strict-dynamic'; frame-ancestors 'self'; manifest-src 'self'", 'X-Request-Id': 'e1f90e92-b4ec-4512-a1a8-f5fedb2709ad', 'X-Runtime': '0.023151', 'Content-Encoding': 'gzip'}
[2026-09-11 19:16:19] [1887/3471] Fetching topic 10771
[2026-09-11 19:16:20] Topic 10771: missing 25 posts; fetching in batches...
[2026-09-11 19:16:21] [1888/3471] Fetching topic 10854
[2026-09-11 19:16:22] Topic 10854: missing 29 posts; fetching in batches...
[2026-09-11 19:16:23] [1889/3471] Fetching topic 10856
[2026-09-11 19:16:24] Topic 10856: missing 40 posts; fetching in batches...
[2026-09-11 19:16:25] [1890/3471] Fetching topic 10794
[2026-09-11 19:16:27] Topic 10794: missing 16 posts; fetching in batches...
[2026-09-11 19:16:28] [1891/3471] Fetching topic 10766
[2026-09-11 19:16:29] Topic 10766: missing 4 posts; fetching in batches...
[2026-09-11 19:16:30] [1892/3471] Fetching topic 10828
[2026-09-11 19:16:31] Topic 10828: missing 32 posts; fetching in batches...
[2026-09-11 19:16:32] [1893/3471] Fetching topic 10824
[2026-09-11 19:16:33] Topic 10824: missing 48 posts; fetching in batches...
[2026-09-11 19:16:34] [1894/3471] Fetching topic 10845
[2026-09-11 19:16:35] [1895/3471] Fetching topic 10813
[2026-09-11 19:16:36] [1896/3471] Fetching topic 10777
[2026-09-11 19:16:38] Topic 10777: missing 71 posts; fetching in batches...
[2026-09-11 19:16:40] [1897/3471] Fetching topic 10832
[2026-09-11 19:16:41] [1898/3471] Fetching topic 10815
[2026-09-11 19:16:42] Topic 10815: missing 4 posts; fetching in batches...
[2026-09-11 19:16:43] [1899/3471] Fetching topic 10376
[2026-09-11 19:16:44] Topic 10376: missing 20 posts; fetching in batches...
[2026-09-11 19:16:45] Topic 10376: downloading 35 uploads
[2026-09-11 19:16:54] Upload failed 404: requested=https://forums.greaterthangames.com/uploads/default/optimized/2X/7/7dfeb2fbd2e75a5b6d6db6e30dff29111b5194e3_2_690x389.jpeg, final=https://forums.greaterthangames.com/uploads/default/optimized/2X/7/7dfeb2fbd2e75a5b6d6db6e30dff29111b5194e3_2_690x389.jpeg,
[2026-09-11 19:16:54] Response headers: {'Server': 'nginx', 'Date': 'Fri, 11 Sep 2026 19:16:54 GMT', 'Content-Type': 'text/html', 'Content-Length': '548', 'Connection': 'keep-alive'}
[2026-09-11 19:16:57] Upload failed 404: requested=https://forums.greaterthangames.com/uploads/default/optimized/2X/8/82630e6fd93641225e2740d9de86d64f84116b84_2_666x500.jpeg, final=https://forums.greaterthangames.com/uploads/default/optimized/2X/8/82630e6fd93641225e2740d9de86d64f84116b84_2_666x500.jpeg,
[2026-09-11 19:16:57] Response headers: {'Server': 'nginx', 'Date': 'Fri, 11 Sep 2026 19:16:57 GMT', 'Content-Type': 'text/html', 'Content-Length': '548', 'Connection': 'keep-alive'}
[2026-09-11 19:17:00] Upload failed 404: requested=https://forums.greaterthangames.com/uploads/default/optimized/2X/8/834e747a85439d61eb2d90c8699ac9eb361f10b3_2_646x500.jpeg, final=https://forums.greaterthangames.com/uploads/default/optimized/2X/8/834e747a85439d61eb2d90c8699ac9eb361f10b3_2_646x500.jpeg,
[2026-09-11 19:17:00] Response headers: {'Server': 'nginx', 'Date': 'Fri, 11 Sep 2026 19:17:00 GMT', 'Content-Type': 'text/html', 'Content-Length': '548', 'Connection': 'keep-alive'}
[2026-09-11 19:17:06] Upload failed 404: requested=https://forums.greaterthangames.com/uploads/default/optimized/2X/9/98d53dbc412be7f08f4f8181b20bba94b2046a29_2_690x389.jpeg, final=https://forums.greaterthangames.com/uploads/default/optimized/2X/9/98d53dbc412be7f08f4f8181b20bba94b2046a29_2_690x389.jpeg,
[2026-09-11 19:17:06] Response headers: {'Server': 'nginx', 'Date': 'Fri, 11 Sep 2026 19:17:06 GMT', 'Content-Type': 'text/html', 'Content-Length': '548', 'Connection': 'keep-alive'}
[2026-09-11 19:17:10] Upload failed 404: requested=https://forums.greaterthangames.com/uploads/default/optimized/2X/f/ff182002f6b693b9eadc9aa66b99022f9947d18a_2_690x389.jpeg, final=https://forums.greaterthangames.com/uploads/default/optimized/2X/f/ff182002f6b693b9eadc9aa66b99022f9947d18a_2_690x389.jpeg,
[2026-09-11 19:17:10] Response headers: {'Server': 'nginx', 'Date': 'Fri, 11 Sep 2026 19:17:10 GMT', 'Content-Type': 'text/html', 'Content-Length': '548', 'Connection': 'keep-alive'}
[2026-09-11 19:17:21] [1900/3471] Fetching topic 10804
[2026-09-11 19:17:22] Topic 10804: missing 35 posts; fetching in batches...
[2026-09-11 19:17:23] [1901/3471] Fetching topic 10807
[2026-09-11 19:17:24] [1902/3471] Fetching topic 10801
[2026-09-11 19:17:25] Topic 10801: missing 31 posts; fetching in batches...
[2026-09-11 19:17:27] [1903/3471] Fetching topic 10810
[2026-09-11 19:17:28] [1904/3471] Fetching topic 5148
[2026-09-11 19:17:29] Topic 5148: downloading 4 uploads
[2026-09-11 19:17:30] Upload failed 404: requested=https://forums.greaterthangames.com/uploads/2007/04/keystone-light-samuri.jpg final=https://forums.greaterthangames.com/uploads/2007/04/keystone-light-samuri.jpg
[2026-09-11 19:17:30] Response headers: {'Server': 'nginx', 'Date': 'Fri, 11 Sep 2026 19:17:30 GMT', 'Content-Type': 'text/html', 'Content-Length': '548', 'Connection': 'keep-alive'}
[2026-09-11 19:17:31] Upload failed 404: requested=https://forums.greaterthangames.com/uploads/2007/04/keystone-light-samuri.jpg]this final=https://forums.greaterthangames.com/uploads/2007/04/keystone-light-samuri.jpg%5Dthis
[2026-09-11 19:17:31] Response headers: {'Server': 'nginx', 'Date': 'Fri, 11 Sep 2026 19:17:31 GMT', 'Content-Type': 'text/html; charset=utf-8', 'Transfer-Encoding': 'chunked', 'Connection': 'keep-alive', 'Vary': 'Accept-Encoding', 'Content-Security-Policy': "upgrade-insecure-requests; base-uri 'self'; object-src 'none'; script-src 'nonce-zsbzAPMz0Yxs9FQLVXlZzetuY' 'strict-dynamic'; frame-ancestors 'self'; manifest-src 'self'", 'X-Request-Id': 'f9d85b41-08e1-4caf-99a0-7e4f3ebdab4e', 'X-Runtime': '0.022875', 'Content-Encoding': 'gzip'}
[2026-09-11 19:17:33] [1905/3471] Fetching topic 10808
[2026-09-11 19:17:34] [1906/3471] Fetching topic 10547
[2026-09-11 19:17:35] [1907/3471] Fetching topic 9500
[2026-09-11 19:17:37] Topic 9500: missing 14 posts; fetching in batches...
[2026-09-11 19:17:38] [1908/3471] Fetching topic 8140
[2026-09-11 19:17:39] [1909/3471] Fetching topic 10559
[2026-09-11 19:17:40] [1910/3471] Fetching topic 10795
[2026-09-11 19:17:41] [1911/3471] Fetching topic 10793
[2026-09-11 19:17:42] [1912/3471] Fetching topic 10734
[2026-09-11 19:17:43] Topic 10734: missing 43 posts; fetching in batches...
[2026-09-11 19:17:44] [1913/3471] Fetching topic 10704
[2026-09-11 19:17:46] Topic 10704: missing 180 posts; fetching in batches...
[2026-09-11 19:17:50] [1914/3471] Fetching topic 10759
[2026-09-11 19:17:51] [1915/3471] Fetching topic 10753
[2026-09-11 19:17:52] [1916/3471] Fetching topic 10220
[2026-09-11 19:17:54] Topic 10220: missing 33 posts; fetching in batches...
[2026-09-11 19:17:55] Topic 10220: downloading 8 uploads
[2026-09-11 19:18:01] Upload failed 404: requested=https://forums.greaterthangames.com/uploads/default/optimized/2X/3/3464abae80cc448a01203dac36ee1713c13f23f0_2_690x388.jpeg, final=https://forums.greaterthangames.com/uploads/default/optimized/2X/3/3464abae80cc448a01203dac36ee1713c13f23f0_2_690x388.jpeg,
[2026-09-11 19:18:01] Response headers: {'Server': 'nginx', 'Date': 'Fri, 11 Sep 2026 19:18:01 GMT', 'Content-Type': 'text/html', 'Content-Length': '548', 'Connection': 'keep-alive'}
[2026-09-11 19:18:02] [1917/3471] Fetching topic 10561
[2026-09-11 19:18:03] [1918/3471] Fetching topic 10744
[2026-09-11 19:18:04] [1919/3471] Fetching topic 10322
[2026-09-11 19:18:05] Topic 10322: missing 264 posts; fetching in batches...
[2026-09-11 19:18:12] [1920/3471] Fetching topic 10707
[2026-09-11 19:18:14] Topic 10707: missing 11 posts; fetching in batches...
[2026-09-11 19:18:15] [1921/3471] Fetching topic 10685
[2026-09-11 19:18:16] Topic 10685: missing 9 posts; fetching in batches...
[2026-09-11 19:18:17] [1922/3471] Fetching topic 10718
[2026-09-11 19:18:18] [1923/3471] Fetching topic 10710
[2026-09-11 19:18:19] [1924/3471] Fetching topic 10336
[2026-09-11 19:18:20] Topic 10336: missing 16 posts; fetching in batches...
[2026-09-11 19:18:21] Topic 10336: downloading 5 uploads
[2026-09-11 19:18:26] Upload failed 404: requested=https://forums.greaterthangames.com/uploads/default/optimized/2X/c/ccac0be8244a62981edf4e8cd14e2e315dff7c2d_2_690x388.jpeg, final=https://forums.greaterthangames.com/uploads/default/optimized/2X/c/ccac0be8244a62981edf4e8cd14e2e315dff7c2d_2_690x388.jpeg,
[2026-09-11 19:18:26] Response headers: {'Server': 'nginx', 'Date': 'Fri, 11 Sep 2026 19:18:26 GMT', 'Content-Type': 'text/html', 'Content-Length': '548', 'Connection': 'keep-alive'}
[2026-09-11 19:18:26] [1925/3471] Fetching topic 10570
[2026-09-11 19:18:28] Topic 10570: missing 135 posts; fetching in batches...
[2026-09-11 19:18:31] [1926/3471] Fetching topic 10640
[2026-09-11 19:18:32] [1927/3471] Fetching topic 10578
[2026-09-11 19:18:33] [1928/3471] Fetching topic 10579
[2026-09-11 19:18:34] [1929/3471] Fetching topic 10575
[2026-09-11 19:18:36] [1930/3471] Fetching topic 10265
[2026-09-11 19:18:37] Topic 10265: missing 24 posts; fetching in batches...
[2026-09-11 19:18:38] Topic 10265: downloading 1 uploads
[2026-09-11 19:18:38] [1931/3471] Fetching topic 10310
[2026-09-11 19:18:39] Topic 10310: missing 24 posts; fetching in batches...
[2026-09-11 19:18:40] [1932/3471] Fetching topic 10458
[2026-09-11 19:18:41] [1933/3471] Fetching topic 10390
[2026-09-11 19:18:42] [1934/3471] Fetching topic 10504
[2026-09-11 19:18:43] Topic 10504: missing 183 posts; fetching in batches...
[2026-09-11 19:18:48] [1935/3471] Fetching topic 10534
[2026-09-11 19:18:49] Topic 10534: missing 84 posts; fetching in batches...
[2026-09-11 19:18:52] [1936/3471] Fetching topic 10566
[2026-09-11 19:18:53] [1937/3471] Fetching topic 10538
[2026-09-11 19:18:54] Topic 10538: missing 14 posts; fetching in batches...
[2026-09-11 19:18:55] [1938/3471] Fetching topic 10564
[2026-09-11 19:18:56] [1939/3471] Fetching topic 10563
[2026-09-11 19:18:57] [1940/3471] Fetching topic 10560
[2026-09-11 19:18:58] [1941/3471] Fetching topic 10514
[2026-09-11 19:18:59] [1942/3471] Fetching topic 10440
[2026-09-11 19:19:01] [1943/3471] Fetching topic 9145
[2026-09-11 19:19:02] Topic 9145: missing 170 posts; fetching in batches...
[2026-09-11 19:19:06] Topic 9145: downloading 5 uploads
[2026-09-11 19:19:09] [1944/3471] Fetching topic 10462
[2026-09-11 19:19:10] [1945/3471] Fetching topic 10531
[2026-09-11 19:19:12] [1946/3471] Fetching topic 10186
[2026-09-11 19:19:13] Topic 10186: missing 3 posts; fetching in batches...
[2026-09-11 19:19:14] Topic 10186: downloading 3 uploads
[2026-09-11 19:19:15] [1947/3471] Fetching topic 10499
[2026-09-11 19:19:16] [1948/3471] Fetching topic 10472
[2026-09-11 19:19:17] [1949/3471] Fetching topic 10460
[2026-09-11 19:19:18] [1950/3471] Fetching topic 10201
[2026-09-11 19:19:19] Topic 10201: missing 157 posts; fetching in batches...
[2026-09-11 19:19:24] [1951/3471] Fetching topic 10477
[2026-09-11 19:19:25] [1952/3471] Fetching topic 10367
[2026-09-11 19:19:26] Topic 10367: missing 32 posts; fetching in batches...
[2026-09-11 19:19:27] [1953/3471] Fetching topic 10363
[2026-09-11 19:19:28] Topic 10363: missing 110 posts; fetching in batches...
[2026-09-11 19:19:32] [1954/3471] Fetching topic 10428
[2026-09-11 19:19:33] [1955/3471] Fetching topic 10464
[2026-09-11 19:19:34] [1956/3471] Fetching topic 10454
[2026-09-11 19:19:35] [1957/3471] Fetching topic 7666
[2026-09-11 19:19:36] Topic 7666: missing 24 posts; fetching in batches...
[2026-09-11 19:19:37] [1958/3471] Fetching topic 10439
[2026-09-11 19:19:38] [1959/3471] Fetching topic 10013
[2026-09-11 19:19:39] Topic 10013: missing 10 posts; fetching in batches...
[2026-09-11 19:19:41] [1960/3471] Fetching topic 9136
[2026-09-11 19:19:42] Topic 9136: missing 91 posts; fetching in batches...
[2026-09-11 19:19:44] Topic 9136: downloading 1 uploads
[2026-09-11 19:19:45] [1961/3471] Fetching topic 10430
[2026-09-11 19:19:46] [1962/3471] Fetching topic 9975
[2026-09-11 19:19:47] Topic 9975: missing 67 posts; fetching in batches...
[2026-09-11 19:19:49] [1963/3471] Fetching topic 10190
[2026-09-11 19:19:51] [1964/3471] Fetching topic 10136
[2026-09-11 19:19:52] Topic 10136: missing 12 posts; fetching in batches...
[2026-09-11 19:19:53] [1965/3471] Fetching topic 10406
[2026-09-11 19:19:54] [1966/3471] Fetching topic 10398
[2026-09-11 19:19:55] [1967/3471] Fetching topic 10397
[2026-09-11 19:19:56] [1968/3471] Fetching topic 10389
[2026-09-11 19:19:57] [1969/3471] Fetching topic 10386
[2026-09-11 19:19:58] Topic 10386: downloading 1 uploads
[2026-09-11 19:19:59] [1970/3471] Fetching topic 10381
[2026-09-11 19:20:01] [1971/3471] Fetching topic 10266
[2026-09-11 19:20:02] [1972/3471] Fetching topic 10382
[2026-09-11 19:20:03] [1973/3471] Fetching topic 10358
[2026-09-11 19:20:04] [1974/3471] Fetching topic 10163
[2026-09-11 19:20:05] Topic 10163: downloading 10 uploads
[2026-09-11 19:20:06] Upload failed 404: requested=https://forums.greaterthangames.com/uploads/2012/10/Card-Kingdom-01-LARGE-website.jpg</p final=https://forums.greaterthangames.com/uploads/2012/10/Card-Kingdom-01-LARGE-website.jpg%3C/p
[2026-09-11 19:20:06] Response headers: {'Server': 'nginx', 'Date': 'Fri, 11 Sep 2026 19:20:06 GMT', 'Content-Type': 'text/html; charset=utf-8', 'Transfer-Encoding': 'chunked', 'Connection': 'keep-alive', 'Vary': 'Accept-Encoding', 'Content-Security-Policy': "upgrade-insecure-requests; base-uri 'self'; object-src 'none'; script-src 'nonce-0UQLfuvFkZeybTXiQ1j3pYW0u' 'strict-dynamic'; frame-ancestors 'self'; manifest-src 'self'", 'X-Request-Id': '37ce7f86-55c2-4cbb-8480-257f0efc3614', 'X-Runtime': '0.025596', 'Content-Encoding': 'gzip'}
[2026-09-11 19:20:07] Upload failed 404: requested=https://forums.greaterthangames.com/uploads/2012/10/Card-Kingdom-03-LARGE-website.jpg</p final=https://forums.greaterthangames.com/uploads/2012/10/Card-Kingdom-03-LARGE-website.jpg%3C/p
[2026-09-11 19:20:07] Response headers: {'Server': 'nginx', 'Date': 'Fri, 11 Sep 2026 19:20:07 GMT', 'Content-Type': 'text/html; charset=utf-8', 'Transfer-Encoding': 'chunked', 'Connection': 'keep-alive', 'Vary': 'Accept-Encoding', 'Content-Security-Policy': "upgrade-insecure-requests; base-uri 'self'; object-src 'none'; script-src 'nonce-KGBHEKX1F3XTOPQBBkH7Ko7Sw' 'strict-dynamic'; frame-ancestors 'self'; manifest-src 'self'", 'X-Request-Id': '4eb40e3c-d123-4ef8-9998-3bef4f2e0661', 'X-Runtime': '0.063270', 'Content-Encoding': 'gzip'}
[2026-09-11 19:20:08] Upload failed 404: requested=https://forums.greaterthangames.com/uploads/2012/10/Card-Kingdom-12-LARGE-website.jpg</p final=https://forums.greaterthangames.com/uploads/2012/10/Card-Kingdom-12-LARGE-website.jpg%3C/p
[2026-09-11 19:20:08] Response headers: {'Server': 'nginx', 'Date': 'Fri, 11 Sep 2026 19:20:08 GMT', 'Content-Type': 'text/html; charset=utf-8', 'Transfer-Encoding': 'chunked', 'Connection': 'keep-alive', 'Vary': 'Accept-Encoding', 'Content-Security-Policy': "upgrade-insecure-requests; base-uri 'self'; object-src 'none'; script-src 'nonce-8GaUTEXd2TFyrSQ2xQZgM3Jid' 'strict-dynamic'; frame-ancestors 'self'; manifest-src 'self'", 'X-Request-Id': 'e5b39edf-ad31-45d4-9d56-3cab138d5ae3', 'X-Runtime': '0.023522', 'Content-Encoding': 'gzip'}
[2026-09-11 19:20:15] Upload failed 404: requested=https://forums.greaterthangames.com/uploads/default/optimized/2X/0/060ae523b615a9b1f16d3c9a5dc6bce67ffee320_2_690x363.jpeg, final=https://forums.greaterthangames.com/uploads/default/optimized/2X/0/060ae523b615a9b1f16d3c9a5dc6bce67ffee320_2_690x363.jpeg,
[2026-09-11 19:20:15] Response headers: {'Server': 'nginx', 'Date': 'Fri, 11 Sep 2026 19:20:14 GMT', 'Content-Type': 'text/html', 'Content-Length': '548', 'Connection': 'keep-alive'}
[2026-09-11 19:20:16] [1975/3471] Fetching topic 10200
[2026-09-11 19:20:17] Topic 10200: missing 3 posts; fetching in batches...
[2026-09-11 19:20:18] Topic 10200: downloading 2 uploads
[2026-09-11 19:20:18] [1976/3471] Fetching topic 10365
[2026-09-11 19:20:19] [1977/3471] Fetching topic 10268
[2026-09-11 19:20:20] Topic 10268: missing 30 posts; fetching in batches...
[2026-09-11 19:20:21] Topic 10268: downloading 11 uploads
[2026-09-11 19:20:24] [1978/3471] Fetching topic 10041
[2026-09-11 19:20:25] Topic 10041: missing 138 posts; fetching in batches...
[2026-09-11 19:20:29] Topic 10041: downloading 5 uploads
[2026-09-11 19:20:33] Upload failed 404: requested=https://forums.greaterthangames.com/uploads/default/optimized/2X/f/f51382b3a8f061eb7aea7b1b8c4687d82387342a_2_558x499.jpeg, final=https://forums.greaterthangames.com/uploads/default/optimized/2X/f/f51382b3a8f061eb7aea7b1b8c4687d82387342a_2_558x499.jpeg,
[2026-09-11 19:20:33] Response headers: {'Server': 'nginx', 'Date': 'Fri, 11 Sep 2026 19:20:33 GMT', 'Content-Type': 'text/html', 'Content-Length': '548', 'Connection': 'keep-alive'}
[2026-09-11 19:20:34] [1979/3471] Fetching topic 7424
[2026-09-11 19:20:35] Topic 7424: missing 180 posts; fetching in batches...
[2026-09-11 19:20:40] Topic 7424: downloading 23 uploads
[2026-09-11 19:20:47] Upload failed 404: requested=https://forums.greaterthangames.com/uploads/default/optimized/2X/0/0b78bafe8f7f03e3ee7dea843d115448a487ceb4_2_377x500.jpeg, final=https://forums.greaterthangames.com/uploads/default/optimized/2X/0/0b78bafe8f7f03e3ee7dea843d115448a487ceb4_2_377x500.jpeg,
[2026-09-11 19:20:47] Response headers: {'Server': 'nginx', 'Date': 'Fri, 11 Sep 2026 19:20:47 GMT', 'Content-Type': 'text/html', 'Content-Length': '548', 'Connection': 'keep-alive'}
[2026-09-11 19:20:52] Upload failed 404: requested=https://forums.greaterthangames.com/uploads/default/optimized/2X/5/58049a0eaa72c2eff70bbc1d8da965bfadbac5a2_2_690x429.jpeg, final=https://forums.greaterthangames.com/uploads/default/optimized/2X/5/58049a0eaa72c2eff70bbc1d8da965bfadbac5a2_2_690x429.jpeg,
[2026-09-11 19:20:52] Response headers: {'Server': 'nginx', 'Date': 'Fri, 11 Sep 2026 19:20:52 GMT', 'Content-Type': 'text/html', 'Content-Length': '548', 'Connection': 'keep-alive'}
[2026-09-11 19:20:54] Upload failed 404: requested=https://forums.greaterthangames.com/uploads/default/optimized/2X/6/660421788fc8f51fc6ab7a3559ae83ffb63bcddd_2_647x500.jpeg, final=https://forums.greaterthangames.com/uploads/default/optimized/2X/6/660421788fc8f51fc6ab7a3559ae83ffb63bcddd_2_647x500.jpeg,
[2026-09-11 19:20:54] Response headers: {'Server': 'nginx', 'Date': 'Fri, 11 Sep 2026 19:20:54 GMT', 'Content-Type': 'text/html', 'Content-Length': '548', 'Connection': 'keep-alive'}
[2026-09-11 19:20:57] Upload failed 404: requested=https://forums.greaterthangames.com/uploads/default/optimized/2X/a/ad30694ec1f7ddfefcb2f5f5f939b6d0c5163275_2_375x500.jpeg, final=https://forums.greaterthangames.com/uploads/default/optimized/2X/a/ad30694ec1f7ddfefcb2f5f5f939b6d0c5163275_2_375x500.jpeg,
[2026-09-11 19:20:57] Response headers: {'Server': 'nginx', 'Date': 'Fri, 11 Sep 2026 19:20:57 GMT', 'Content-Type': 'text/html', 'Content-Length': '548', 'Connection': 'keep-alive'}
[2026-09-11 19:21:03] [1980/3471] Fetching topic 9246
[2026-09-11 19:21:04] Topic 9246: missing 57 posts; fetching in batches...
[2026-09-11 19:21:06] Topic 9246: downloading 1 uploads
[2026-09-11 19:21:06] [1981/3471] Fetching topic 10351
[2026-09-11 19:21:08] [1982/3471] Fetching topic 10345
[2026-09-11 19:21:09] [1983/3471] Fetching topic 9725
[2026-09-11 19:21:10] Topic 9725: missing 22 posts; fetching in batches...
[2026-09-11 19:21:11] [1984/3471] Fetching topic 10350
[2026-09-11 19:21:12] [1985/3471] Fetching topic 10311
[2026-09-11 19:21:13] Topic 10311: missing 8 posts; fetching in batches...
[2026-09-11 19:21:14] [1986/3471] Fetching topic 10340
[2026-09-11 19:21:15] Topic 10340: missing 6 posts; fetching in batches...
[2026-09-11 19:21:16] Topic 10340: downloading 4 uploads
[2026-09-11 19:21:16] [1987/3471] Fetching topic 10343
[2026-09-11 19:21:18] [1988/3471] Fetching topic 9266
[2026-09-11 19:21:19] Topic 9266: missing 22 posts; fetching in batches...
[2026-09-11 19:21:20] Topic 9266: downloading 1 uploads
[2026-09-11 19:21:21] [1989/3471] Fetching topic 10304
[2026-09-11 19:21:22] [1990/3471] Fetching topic 10331
[2026-09-11 19:21:23] [1991/3471] Fetching topic 8242
[2026-09-11 19:21:24] Topic 8242: missing 4 posts; fetching in batches...
[2026-09-11 19:21:25] [1992/3471] Fetching topic 10323
[2026-09-11 19:21:26] [1993/3471] Fetching topic 10302
[2026-09-11 19:21:27] Topic 10302: missing 12 posts; fetching in batches...
[2026-09-11 19:21:28] [1994/3471] Fetching topic 10312
[2026-09-11 19:21:30] [1995/3471] Fetching topic 10290
[2026-09-11 19:21:31] Topic 10290: missing 97 posts; fetching in batches...
[2026-09-11 19:21:33] Topic 10290: downloading 9 uploads
[2026-09-11 19:21:37] Upload failed 404: requested=https://forums.greaterthangames.com/uploads/default/optimized/2X/f/fd55a26189fc1bd805884498d81a9d999b29fcd1_2_670x500.jpeg, final=https://forums.greaterthangames.com/uploads/default/optimized/2X/f/fd55a26189fc1bd805884498d81a9d999b29fcd1_2_670x500.jpeg,
[2026-09-11 19:21:37] Response headers: {'Server': 'nginx', 'Date': 'Fri, 11 Sep 2026 19:21:37 GMT', 'Content-Type': 'text/html', 'Content-Length': '548', 'Connection': 'keep-alive'}
[2026-09-11 19:21:40] [1996/3471] Fetching topic 10292
[2026-09-11 19:21:41] Topic 10292: missing 18 posts; fetching in batches...
[2026-09-11 19:21:42] Topic 10292: downloading 1 uploads
[2026-09-11 19:21:42] [1997/3471] Fetching topic 10218
[2026-09-11 19:21:43] Topic 10218: missing 5 posts; fetching in batches...
[2026-09-11 19:21:44] [1998/3471] Fetching topic 10287
[2026-09-11 19:21:46] Topic 10287: missing 7 posts; fetching in batches...
[2026-09-11 19:21:47] [1999/3471] Fetching topic 10018
[2026-09-11 19:21:48] Topic 10018: missing 35 posts; fetching in batches...
[2026-09-11 19:21:49] Topic 10018: downloading 38 uploads
[2026-09-11 19:21:58] Upload failed 404: requested=https://forums.greaterthangames.com/uploads/default/optimized/2X/0/00b72dcc25855d429a783d383b4d5129dc24eed4_2_333x500.jpeg, final=https://forums.greaterthangames.com/uploads/default/optimized/2X/0/00b72dcc25855d429a783d383b4d5129dc24eed4_2_333x500.jpeg,
[2026-09-11 19:21:58] Response headers: {'Server': 'nginx', 'Date': 'Fri, 11 Sep 2026 19:21:58 GMT', 'Content-Type': 'text/html', 'Content-Length': '548', 'Connection': 'keep-alive'}
[2026-09-11 19:22:04] Upload failed 404: requested=https://forums.greaterthangames.com/uploads/default/optimized/2X/3/3860f6fd96b9dc2caef56eff3fe0426a9e3dc03d_2_690x388.jpeg, final=https://forums.greaterthangames.com/uploads/default/optimized/2X/3/3860f6fd96b9dc2caef56eff3fe0426a9e3dc03d_2_690x388.jpeg,
[2026-09-11 19:22:04] Response headers: {'Server': 'nginx', 'Date': 'Fri, 11 Sep 2026 19:22:04 GMT', 'Content-Type': 'text/html', 'Content-Length': '548', 'Connection': 'keep-alive'}
[2026-09-11 19:22:07] Upload failed 404: requested=https://forums.greaterthangames.com/uploads/default/optimized/2X/5/599fc3dc97d88faf43c3c65fb4668d34ba45ee33_2_375x500.jpeg, final=https://forums.greaterthangames.com/uploads/default/optimized/2X/5/599fc3dc97d88faf43c3c65fb4668d34ba45ee33_2_375x500.jpeg,
[2026-09-11 19:22:07] Response headers: {'Server': 'nginx', 'Date': 'Fri, 11 Sep 2026 19:22:07 GMT', 'Content-Type': 'text/html', 'Content-Length': '548', 'Connection': 'keep-alive'}
[2026-09-11 19:22:12] Upload failed 404: requested=https://forums.greaterthangames.com/uploads/default/optimized/2X/7/74c062668a13ea26ce2642a59ba11dbb8019756b_2_375x500.jpeg, final=https://forums.greaterthangames.com/uploads/default/optimized/2X/7/74c062668a13ea26ce2642a59ba11dbb8019756b_2_375x500.jpeg,
[2026-09-11 19:22:12] Response headers: {'Server': 'nginx', 'Date': 'Fri, 11 Sep 2026 19:22:12 GMT', 'Content-Type': 'text/html', 'Content-Length': '548', 'Connection': 'keep-alive'}
[2026-09-11 19:22:17] Upload failed 404: requested=https://forums.greaterthangames.com/uploads/default/optimized/2X/e/e07ebaf4f0108867ee55df622887bc0d1141950e_2_563x500.jpeg, final=https://forums.greaterthangames.com/uploads/default/optimized/2X/e/e07ebaf4f0108867ee55df622887bc0d1141950e_2_563x500.jpeg,
[2026-09-11 19:22:17] Response headers: {'Server': 'nginx', 'Date': 'Fri, 11 Sep 2026 19:22:17 GMT', 'Content-Type': 'text/html', 'Content-Length': '548', 'Connection': 'keep-alive'}
[2026-09-11 19:22:28] [2000/3471] Fetching topic 10255
[2026-09-11 19:22:29] Topic 10255: missing 6 posts; fetching in batches...
[2026-09-11 19:22:30] [2001/3471] Fetching topic 10271
[2026-09-11 19:22:31] [2002/3471] Fetching topic 10275
[2026-09-11 19:22:32] [2003/3471] Fetching topic 10264
[2026-09-11 19:22:33] [2004/3471] Fetching topic 10261
[2026-09-11 19:22:34] [2005/3471] Fetching topic 10212
[2026-09-11 19:22:35] Topic 10212: missing 31 posts; fetching in batches...
[2026-09-11 19:22:36] [2006/3471] Fetching topic 10248
[2026-09-11 19:22:38] [2007/3471] Fetching topic 10075
[2026-09-11 19:22:39] [2008/3471] Fetching topic 10215
[2026-09-11 19:22:40] [2009/3471] Fetching topic 10157
[2026-09-11 19:22:41] Topic 10157: missing 53 posts; fetching in batches...
[2026-09-11 19:22:43] [2010/3471] Fetching topic 10070
[2026-09-11 19:22:44] Topic 10070: missing 47 posts; fetching in batches...
[2026-09-11 19:22:45] Topic 10070: downloading 3 uploads
[2026-09-11 19:22:46] [2011/3471] Fetching topic 10207
[2026-09-11 19:22:48] Topic 10207: downloading 6 uploads
[2026-09-11 19:22:53] Upload failed 404: requested=https://forums.greaterthangames.com/uploads/default/optimized/2X/e/e17cf90d253e6d4aedb9d986fcc4a9af52822590_2_690x328.png, final=https://forums.greaterthangames.com/uploads/default/optimized/2X/e/e17cf90d253e6d4aedb9d986fcc4a9af52822590_2_690x328.png,
[2026-09-11 19:22:53] Response headers: {'Server': 'nginx', 'Date': 'Fri, 11 Sep 2026 19:22:53 GMT', 'Content-Type': 'text/html', 'Content-Length': '548', 'Connection': 'keep-alive'}
[2026-09-11 19:22:54] [2012/3471] Fetching topic 10138
[2026-09-11 19:22:55] Topic 10138: missing 114 posts; fetching in batches...
[2026-09-11 19:22:58] [2013/3471] Fetching topic 10204
[2026-09-11 19:22:59] [2014/3471] Fetching topic 10206
[2026-09-11 19:23:01] [2015/3471] Fetching topic 10208
[2026-09-11 19:23:02] [2016/3471] Fetching topic 9958
[2026-09-11 19:23:03] Topic 9958: missing 507 posts; fetching in batches...
[2026-09-11 19:23:16] Topic 9958: downloading 14 uploads
[2026-09-11 19:23:20] Upload failed 404: requested=https://forums.greaterthangames.com/uploads/default/optimized/2X/5/5dabcb1b3a7dcced72bd1293debd9d7292bac823_2_462x500.png, final=https://forums.greaterthangames.com/uploads/default/optimized/2X/5/5dabcb1b3a7dcced72bd1293debd9d7292bac823_2_462x500.png,
[2026-09-11 19:23:20] Response headers: {'Server': 'nginx', 'Date': 'Fri, 11 Sep 2026 19:23:20 GMT', 'Content-Type': 'text/html', 'Content-Length': '548', 'Connection': 'keep-alive'}
[2026-09-11 19:23:23] [2017/3471] Fetching topic 10195
[2026-09-11 19:23:24] [2018/3471] Fetching topic 10192
[2026-09-11 19:23:25] [2019/3471] Fetching topic 10178
[2026-09-11 19:23:26] [2020/3471] Fetching topic 10175
[2026-09-11 19:23:27] [2021/3471] Fetching topic 10141
[2026-09-11 19:23:28] [2022/3471] Fetching topic 10182
[2026-09-11 19:23:30] [2023/3471] Fetching topic 5649
[2026-09-11 19:23:31] Topic 5649: missing 68 posts; fetching in batches...
[2026-09-11 19:23:33] [2024/3471] Fetching topic 10158
[2026-09-11 19:23:34] [2025/3471] Fetching topic 10147
[2026-09-11 19:23:35] Topic 10147: missing 9 posts; fetching in batches...
[2026-09-11 19:23:36] [2026/3471] Fetching topic 10144
[2026-09-11 19:23:37] [2027/3471] Fetching topic 10069
[2026-09-11 19:23:39] [2028/3471] Fetching topic 10078
[2026-09-11 19:23:40] Topic 10078: missing 9 posts; fetching in batches...
[2026-09-11 19:23:41] [2029/3471] Fetching topic 10146
[2026-09-11 19:23:42] Topic 10146: downloading 6 uploads
[2026-09-11 19:23:43] Upload failed 404: requested=https://forums.greaterthangames.com/uploads/default/optimized/2X/5/5dabcb1b3a7dcced72bd1293debd9d7292bac823_2_462x500.png, final=https://forums.greaterthangames.com/uploads/default/optimized/2X/5/5dabcb1b3a7dcced72bd1293debd9d7292bac823_2_462x500.png,
[2026-09-11 19:23:43] Response headers: {'Server': 'nginx', 'Date': 'Fri, 11 Sep 2026 19:23:43 GMT', 'Content-Type': 'text/html', 'Content-Length': '548', 'Connection': 'keep-alive'}
[2026-09-11 19:23:44] [2030/3471] Fetching topic 10137
[2026-09-11 19:23:45] [2031/3471] Fetching topic 9931
[2026-09-11 19:23:46] Topic 9931: missing 144 posts; fetching in batches...
[2026-09-11 19:23:50] [2032/3471] Fetching topic 10128
[2026-09-11 19:23:51] [2033/3471] Fetching topic 10118
[2026-09-11 19:23:52] Topic 10118: downloading 1 uploads
[2026-09-11 19:23:53] [2034/3471] Fetching topic 10097
[2026-09-11 19:23:54] [2035/3471] Fetching topic 10120
[2026-09-11 19:23:55] Topic 10120: missing 53 posts; fetching in batches...
[2026-09-11 19:23:57] [2036/3471] Fetching topic 10123
[2026-09-11 19:23:59] [2037/3471] Fetching topic 8797
[2026-09-11 19:24:00] Topic 8797: missing 32 posts; fetching in batches...
[2026-09-11 19:24:01] [2038/3471] Fetching topic 10121
[2026-09-11 19:24:02] [2039/3471] Fetching topic 10115
[2026-09-11 19:24:03] [2040/3471] Fetching topic 10089
[2026-09-11 19:24:04] Topic 10089: missing 79 posts; fetching in batches...
[2026-09-11 19:24:06] [2041/3471] Fetching topic 10113
[2026-09-11 19:24:08] [2042/3471] Fetching topic 9997
[2026-09-11 19:24:09] Topic 9997: downloading 1 uploads
[2026-09-11 19:24:10] [2043/3471] Fetching topic 9762
[2026-09-11 19:24:11] Topic 9762: missing 5 posts; fetching in batches...
[2026-09-11 19:24:12] [2044/3471] Fetching topic 9994
[2026-09-11 19:24:13] Topic 9994: missing 30 posts; fetching in batches...
[2026-09-11 19:24:14] [2045/3471] Fetching topic 9146
[2026-09-11 19:24:15] Topic 9146: missing 80 posts; fetching in batches...
[2026-09-11 19:24:18] [2046/3471] Fetching topic 9985
[2026-09-11 19:24:19] [2047/3471] Fetching topic 10057
[2026-09-11 19:24:20] Topic 10057: missing 23 posts; fetching in batches...
[2026-09-11 19:24:21] [2048/3471] Fetching topic 10109
[2026-09-11 19:24:22] [2049/3471] Fetching topic 10101
[2026-09-11 19:24:23] [2050/3471] Fetching topic 10110
[2026-09-11 19:24:24] [2051/3471] Fetching topic 10108
[2026-09-11 19:24:25] [2052/3471] Fetching topic 10085
[2026-09-11 19:24:27] [2053/3471] Fetching topic 10099
[2026-09-11 19:24:28] [2054/3471] Fetching topic 9963
[2026-09-11 19:24:29] Topic 9963: missing 67 posts; fetching in batches...
[2026-09-11 19:24:31] [2055/3471] Fetching topic 8789
[2026-09-11 19:24:32] [2056/3471] Fetching topic 9982
[2026-09-11 19:24:33] [2057/3471] Fetching topic 9969
[2026-09-11 19:24:34] Topic 9969: missing 64 posts; fetching in batches...
[2026-09-11 19:24:37] Topic 9969: downloading 3 uploads
[2026-09-11 19:24:39] [2058/3471] Fetching topic 10087
[2026-09-11 19:24:40] [2059/3471] Fetching topic 9999
[2026-09-11 19:24:41] Topic 9999: missing 7 posts; fetching in batches...
[2026-09-11 19:24:42] [2060/3471] Fetching topic 10084
[2026-09-11 19:24:43] [2061/3471] Fetching topic 10068
[2026-09-11 19:24:44] [2062/3471] Fetching topic 10063
[2026-09-11 19:24:45] [2063/3471] Fetching topic 9036
[2026-09-11 19:24:46] Topic 9036: missing 43 posts; fetching in batches...
[2026-09-11 19:24:48] [2064/3471] Fetching topic 10039
[2026-09-11 19:24:49] [2065/3471] Fetching topic 10074
[2026-09-11 19:24:50] [2066/3471] Fetching topic 10053
[2026-09-11 19:24:51] [2067/3471] Fetching topic 10054
[2026-09-11 19:24:52] [2068/3471] Fetching topic 10003
[2026-09-11 19:24:53] [2069/3471] Fetching topic 10030
[2026-09-11 19:24:54] Topic 10030: missing 27 posts; fetching in batches...
[2026-09-11 19:24:56] Topic 10030: downloading 2 uploads
[2026-09-11 19:24:56] [2070/3471] Fetching topic 9804
[2026-09-11 19:24:57] Topic 9804: missing 91 posts; fetching in batches...
[2026-09-11 19:24:59] [2071/3471] Fetching topic 10056
[2026-09-11 19:25:00] [2072/3471] Fetching topic 10037
[2026-09-11 19:25:01] [2073/3471] Fetching topic 10047
[2026-09-11 19:25:02] [2074/3471] Fetching topic 10049
[2026-09-11 19:25:04] [2075/3471] Fetching topic 9928
[2026-09-11 19:25:05] Topic 9928: missing 1 posts; fetching in batches...
[2026-09-11 19:25:06] [2076/3471] Fetching topic 9754
[2026-09-11 19:25:07] Topic 9754: missing 2 posts; fetching in batches...
[2026-09-11 19:25:08] [2077/3471] Fetching topic 9807
[2026-09-11 19:25:09] Topic 9807: missing 3 posts; fetching in batches...
[2026-09-11 19:25:10] [2078/3471] Fetching topic 9490
[2026-09-11 19:25:11] Topic 9490: missing 42 posts; fetching in batches...
[2026-09-11 19:25:12] [2079/3471] Fetching topic 10006
[2026-09-11 19:25:14] [2080/3471] Fetching topic 10042
[2026-09-11 19:25:15] [2081/3471] Fetching topic 10040
[2026-09-11 19:25:16] Topic 10040: missing 8 posts; fetching in batches...
[2026-09-11 19:25:17] [2082/3471] Fetching topic 10033
[2026-09-11 19:25:18] [2083/3471] Fetching topic 5428
[2026-09-11 19:25:19] Topic 5428: missing 30 posts; fetching in batches...
[2026-09-11 19:25:20] Topic 5428: downloading 3 uploads
[2026-09-11 19:25:23] [2084/3471] Fetching topic 9987
[2026-09-11 19:25:24] Topic 9987: missing 27 posts; fetching in batches...
[2026-09-11 19:25:26] [2085/3471] Fetching topic 10025
[2026-09-11 19:25:27] [2086/3471] Fetching topic 9921
[2026-09-11 19:25:28] Topic 9921: missing 22 posts; fetching in batches...
[2026-09-11 19:25:29] [2087/3471] Fetching topic 10014
[2026-09-11 19:25:30] [2088/3471] Fetching topic 9996
[2026-09-11 19:25:31] [2089/3471] Fetching topic 9990
[2026-09-11 19:25:32] [2090/3471] Fetching topic 10007
[2026-09-11 19:25:34] [2091/3471] Fetching topic 9988
[2026-09-11 19:25:35] [2092/3471] Fetching topic 9981
[2026-09-11 19:25:36] [2093/3471] Fetching topic 9983
[2026-09-11 19:25:37] [2094/3471] Fetching topic 9976
[2026-09-11 19:25:38] [2095/3471] Fetching topic 8649
[2026-09-11 19:25:39] Topic 8649: missing 36 posts; fetching in batches...
[2026-09-11 19:25:40] [2096/3471] Fetching topic 9304
[2026-09-11 19:25:41] Topic 9304: missing 3 posts; fetching in batches...
[2026-09-11 19:25:42] [2097/3471] Fetching topic 9880
[2026-09-11 19:25:44] [2098/3471] Fetching topic 9949
[2026-09-11 19:25:45] [2099/3471] Fetching topic 9916
[2026-09-11 19:25:46] Topic 9916: missing 5 posts; fetching in batches...
[2026-09-11 19:25:47] [2100/3471] Fetching topic 9952
[2026-09-11 19:25:48] [2101/3471] Fetching topic 9090
[2026-09-11 19:25:49] [2102/3471] Fetching topic 9771
[2026-09-11 19:25:50] [2103/3471] Fetching topic 9913
[2026-09-11 19:25:51] [2104/3471] Fetching topic 9350
[2026-09-11 19:25:53] Topic 9350: missing 61 posts; fetching in batches...
[2026-09-11 19:25:55] [2105/3471] Fetching topic 9752
[2026-09-11 19:25:56] Topic 9752: missing 4 posts; fetching in batches...
[2026-09-11 19:25:57] [2106/3471] Fetching topic 9493
[2026-09-11 19:25:58] Topic 9493: missing 71 posts; fetching in batches...
[2026-09-11 19:26:00] [2107/3471] Fetching topic 9847
[2026-09-11 19:26:01] Topic 9847: missing 8 posts; fetching in batches...
[2026-09-11 19:26:02] [2108/3471] Fetching topic 9805
[2026-09-11 19:26:04] Topic 9805: missing 94 posts; fetching in batches...
[2026-09-11 19:26:06] [2109/3471] Fetching topic 9924
[2026-09-11 19:26:07] [2110/3471] Fetching topic 9910
[2026-09-11 19:26:08] [2111/3471] Fetching topic 9851
[2026-09-11 19:26:09] Topic 9851: missing 3 posts; fetching in batches...
[2026-09-11 19:26:10] [2112/3471] Fetching topic 9893
[2026-09-11 19:26:11] [2113/3471] Fetching topic 9888
[2026-09-11 19:26:13] [2114/3471] Fetching topic 9113
[2026-09-11 19:26:14] Topic 9113: missing 57 posts; fetching in batches...
[2026-09-11 19:26:16] Topic 9113: downloading 6 uploads
[2026-09-11 19:26:20] Upload failed 404: requested=https://forums.greaterthangames.com/uploads/default/optimized/2X/d/d8c9865d138e484436eab095b8490c008c6421af_2_666x500.jpeg, final=https://forums.greaterthangames.com/uploads/default/optimized/2X/d/d8c9865d138e484436eab095b8490c008c6421af_2_666x500.jpeg,
[2026-09-11 19:26:20] Response headers: {'Server': 'nginx', 'Date': 'Fri, 11 Sep 2026 19:26:20 GMT', 'Content-Type': 'text/html', 'Content-Length': '548', 'Connection': 'keep-alive'}
[2026-09-11 19:26:22] [2115/3471] Fetching topic 9869
[2026-09-11 19:26:23] [2116/3471] Fetching topic 9859
[2026-09-11 19:26:24] [2117/3471] Fetching topic 9785
[2026-09-11 19:26:25] Topic 9785: missing 37 posts; fetching in batches...
[2026-09-11 19:26:27] [2118/3471] Fetching topic 9796
[2026-09-11 19:26:28] Topic 9796: missing 52 posts; fetching in batches...
[2026-09-11 19:26:30] [2119/3471] Fetching topic 9832
[2026-09-11 19:26:31] [2120/3471] Fetching topic 9668
[2026-09-11 19:26:32] Topic 9668: missing 28 posts; fetching in batches...
[2026-09-11 19:26:33] [2121/3471] Fetching topic 9651
[2026-09-11 19:26:34] [2122/3471] Fetching topic 7266
[2026-09-11 19:26:36] Topic 7266: downloading 4 uploads
[2026-09-11 19:26:39] Upload failed 404: requested=https://forums.greaterthangames.com/uploads/default/optimized/2X/9/9363d1270acf385d415d0bf5decb42e511372c20_2_359x500.jpeg, final=https://forums.greaterthangames.com/uploads/default/optimized/2X/9/9363d1270acf385d415d0bf5decb42e511372c20_2_359x500.jpeg,
[2026-09-11 19:26:39] Response headers: {'Server': 'nginx', 'Date': 'Fri, 11 Sep 2026 19:26:39 GMT', 'Content-Type': 'text/html', 'Content-Length': '548', 'Connection': 'keep-alive'}
[2026-09-11 19:26:40] [2123/3471] Fetching topic 9816
[2026-09-11 19:26:41] [2124/3471] Fetching topic 9791
[2026-09-11 19:26:42] [2125/3471] Fetching topic 9759
[2026-09-11 19:26:43] Topic 9759: missing 42 posts; fetching in batches...
[2026-09-11 19:26:44] [2126/3471] Fetching topic 8507
[2026-09-11 19:26:46] Topic 8507: missing 142 posts; fetching in batches...
[2026-09-11 19:26:49] [2127/3471] Fetching topic 9788
[2026-09-11 19:26:50] [2128/3471] Fetching topic 9731
[2026-09-11 19:26:51] [2129/3471] Fetching topic 9750
[2026-09-11 19:26:53] Topic 9750: missing 16 posts; fetching in batches...
[2026-09-11 19:26:54] Topic 9750: downloading 5 uploads
[2026-09-11 19:26:55] Upload failed 404: requested=https://forums.greaterthangames.com/uploads/27306/HEIMDALL_costume_2_051111.jpg final=https://forums.greaterthangames.com/uploads/27306/HEIMDALL_costume_2_051111.jpg
[2026-09-11 19:26:55] Response headers: {'Server': 'nginx', 'Date': 'Fri, 11 Sep 2026 19:26:55 GMT', 'Content-Type': 'text/html', 'Content-Length': '548', 'Connection': 'keep-alive'}
[2026-09-11 19:26:58] Upload failed 404: requested=https://forums.greaterthangames.com/uploads/default/optimized/2X/6/6b0154f805a74bc9ae6833d6d517540457aef8bb_2_332x500.jpeg, final=https://forums.greaterthangames.com/uploads/default/optimized/2X/6/6b0154f805a74bc9ae6833d6d517540457aef8bb_2_332x500.jpeg,
[2026-09-11 19:26:58] Response headers: {'Server': 'nginx', 'Date': 'Fri, 11 Sep 2026 19:26:58 GMT', 'Content-Type': 'text/html', 'Content-Length': '548', 'Connection': 'keep-alive'}
[2026-09-11 19:26:59] [2130/3471] Fetching topic 9593
[2026-09-11 19:27:00] Topic 9593: missing 75 posts; fetching in batches...
[2026-09-11 19:27:02] Topic 9593: downloading 7 uploads
[2026-09-11 19:27:02] [2131/3471] Fetching topic 9748
[2026-09-11 19:27:04] Topic 9748: missing 3 posts; fetching in batches...
[2026-09-11 19:27:05] [2132/3471] Fetching topic 9742
[2026-09-11 19:27:06] Topic 9742: missing 2 posts; fetching in batches...
[2026-09-11 19:27:07] Topic 9742: downloading 2 uploads
[2026-09-11 19:27:09] [2133/3471] Fetching topic 9741
[2026-09-11 19:27:10] Topic 9741: missing 3 posts; fetching in batches...
[2026-09-11 19:27:11] [2134/3471] Fetching topic 9512
[2026-09-11 19:27:12] Topic 9512: missing 2 posts; fetching in batches...
[2026-09-11 19:27:13] [2135/3471] Fetching topic 9559
[2026-09-11 19:27:14] Topic 9559: missing 118 posts; fetching in batches...
[2026-09-11 19:27:18] [2136/3471] Fetching topic 9562
[2026-09-11 19:27:19] Topic 9562: missing 44 posts; fetching in batches...
[2026-09-11 19:27:20] Topic 9562: downloading 1 uploads
[2026-09-11 19:27:21] [2137/3471] Fetching topic 9724
[2026-09-11 19:27:22] [2138/3471] Fetching topic 9608
[2026-09-11 19:27:23] Topic 9608: missing 82 posts; fetching in batches...
[2026-09-11 19:27:25] [2139/3471] Fetching topic 9389
[2026-09-11 19:27:27] [2140/3471] Fetching topic 9689
[2026-09-11 19:27:28] Topic 9689: missing 7 posts; fetching in batches...
[2026-09-11 19:27:29] [2141/3471] Fetching topic 9533
[2026-09-11 19:27:30] Topic 9533: missing 33 posts; fetching in batches...
[2026-09-11 19:27:31] Topic 9533: downloading 2 uploads
[2026-09-11 19:27:31] [2142/3471] Fetching topic 6913
[2026-09-11 19:27:32] Topic 6913: missing 11 posts; fetching in batches...
[2026-09-11 19:27:33] [2143/3471] Fetching topic 9538
[2026-09-11 19:27:34] Topic 9538: missing 23 posts; fetching in batches...
[2026-09-11 19:27:35] Topic 9538: downloading 12 uploads
[2026-09-11 19:27:39] Upload failed 404: requested=https://forums.greaterthangames.com/uploads/default/optimized/2X/c/cd2e14db8b558c67fa65de917e828610cbb30cd9_2_319x500.jpeg, final=https://forums.greaterthangames.com/uploads/default/optimized/2X/c/cd2e14db8b558c67fa65de917e828610cbb30cd9_2_319x500.jpeg,
[2026-09-11 19:27:39] Response headers: {'Server': 'nginx', 'Date': 'Fri, 11 Sep 2026 19:27:39 GMT', 'Content-Type': 'text/html', 'Content-Length': '548', 'Connection': 'keep-alive'}
[2026-09-11 19:27:48] [2144/3471] Fetching topic 9727
[2026-09-11 19:27:49] [2145/3471] Fetching topic 9717
[2026-09-11 19:27:50] [2146/3471] Fetching topic 9300
[2026-09-11 19:27:51] [2147/3471] Fetching topic 9601
[2026-09-11 19:27:52] Topic 9601: missing 27 posts; fetching in batches...
[2026-09-11 19:27:53] [2148/3471] Fetching topic 9568
[2026-09-11 19:27:54] [2149/3471] Fetching topic 9588
[2026-09-11 19:27:56] Topic 9588: downloading 3 uploads
[2026-09-11 19:27:56] [2150/3471] Fetching topic 9581
[2026-09-11 19:27:57] Topic 9581: downloading 2 uploads
[2026-09-11 19:27:58] Upload failed 404: requested=https://forums.greaterthangames.com/uploads/2011/08/x-men-marrow.jpg</p final=https://forums.greaterthangames.com/uploads/2011/08/x-men-marrow.jpg%3C/p
[2026-09-11 19:27:58] Response headers: {'Server': 'nginx', 'Date': 'Fri, 11 Sep 2026 19:27:58 GMT', 'Content-Type': 'text/html; charset=utf-8', 'Transfer-Encoding': 'chunked', 'Connection': 'keep-alive', 'Vary': 'Accept-Encoding', 'Content-Security-Policy': "upgrade-insecure-requests; base-uri 'self'; object-src 'none'; script-src 'nonce-0rM57ytHGyt89K37nYxdCxPFZ' 'strict-dynamic'; frame-ancestors 'self'; manifest-src 'self'", 'X-Request-Id': '3d15336d-1ef4-4c73-b2bd-6134fba87605', 'X-Runtime': '0.057771', 'Content-Encoding': 'gzip'}
[2026-09-11 19:27:59] [2151/3471] Fetching topic 9258
[2026-09-11 19:28:00] Topic 9258: missing 2 posts; fetching in batches...
[2026-09-11 19:28:01] [2152/3471] Fetching topic 9625
[2026-09-11 19:28:02] [2153/3471] Fetching topic 9658
[2026-09-11 19:28:03] [2154/3471] Fetching topic 9606
[2026-09-11 19:28:04] [2155/3471] Fetching topic 9637
[2026-09-11 19:28:06] [2156/3471] Fetching topic 9510
[2026-09-11 19:28:07] Topic 9510: missing 34 posts; fetching in batches...
[2026-09-11 19:28:08] [2157/3471] Fetching topic 9547
[2026-09-11 19:28:09] [2158/3471] Fetching topic 9465
[2026-09-11 19:28:10] Topic 9465: missing 58 posts; fetching in batches...
[2026-09-11 19:28:12] [2159/3471] Fetching topic 9358
[2026-09-11 19:28:13] Topic 9358: missing 11 posts; fetching in batches...
[2026-09-11 19:28:14] [2160/3471] Fetching topic 9453
[2026-09-11 19:28:15] Topic 9453: missing 1 posts; fetching in batches...
[2026-09-11 19:28:17] [2161/3471] Fetching topic 9560
[2026-09-11 19:28:18] Topic 9560: missing 99 posts; fetching in batches...
[2026-09-11 19:28:20] [2162/3471] Fetching topic 9602
[2026-09-11 19:28:21] [2163/3471] Fetching topic 9408
[2026-09-11 19:28:22] Topic 9408: missing 107 posts; fetching in batches...
[2026-09-11 19:28:26] [2164/3471] Fetching topic 9394
[2026-09-11 19:28:27] Topic 9394: missing 49 posts; fetching in batches...
[2026-09-11 19:28:28] [2165/3471] Fetching topic 9577
[2026-09-11 19:28:29] Topic 9577: missing 27 posts; fetching in batches...
[2026-09-11 19:28:30] Topic 9577: downloading 2 uploads
[2026-09-11 19:28:30] [2166/3471] Fetching topic 9374
[2026-09-11 19:28:31] Topic 9374: missing 52 posts; fetching in batches...
[2026-09-11 19:28:34] [2167/3471] Fetching topic 9591
[2026-09-11 19:28:35] [2168/3471] Fetching topic 9589
[2026-09-11 19:28:36] Topic 9589: missing 20 posts; fetching in batches...
[2026-09-11 19:28:37] Topic 9589: downloading 2 uploads
[2026-09-11 19:28:39] [2169/3471] Fetching topic 9372
[2026-09-11 19:28:40] [2170/3471] Fetching topic 9508
[2026-09-11 19:28:41] Topic 9508: missing 6 posts; fetching in batches...
[2026-09-11 19:28:42] Topic 9508: downloading 1 uploads
[2026-09-11 19:28:42] [2171/3471] Fetching topic 9380
[2026-09-11 19:28:43] Topic 9380: missing 16 posts; fetching in batches...
[2026-09-11 19:28:45] [2172/3471] Fetching topic 9574
[2026-09-11 19:28:46] Topic 9574: missing 6 posts; fetching in batches...
[2026-09-11 19:28:47] Topic 9574: downloading 4 uploads
[2026-09-11 19:28:47] [2173/3471] Fetching topic 8941
[2026-09-11 19:28:48] Topic 8941: missing 3 posts; fetching in batches...
[2026-09-11 19:28:49] [2174/3471] Fetching topic 9454
[2026-09-11 19:28:50] [2175/3471] Fetching topic 9398
[2026-09-11 19:28:51] [2176/3471] Fetching topic 9569
[2026-09-11 19:28:52] [2177/3471] Fetching topic 9497
[2026-09-11 19:28:53] Topic 9497: missing 43 posts; fetching in batches...
[2026-09-11 19:28:55] Topic 9497: downloading 2 uploads
[2026-09-11 19:28:57] [2178/3471] Fetching topic 9567
[2026-09-11 19:28:58] [2179/3471] Fetching topic 9388
[2026-09-11 19:28:59] Topic 9388: missing 41 posts; fetching in batches...
[2026-09-11 19:29:00] [2180/3471] Fetching topic 9319
[2026-09-11 19:29:01] Topic 9319: missing 6 posts; fetching in batches...
[2026-09-11 19:29:02] [2181/3471] Fetching topic 9521
[2026-09-11 19:29:03] Topic 9521: missing 16 posts; fetching in batches...
[2026-09-11 19:29:04] [2182/3471] Fetching topic 9094
[2026-09-11 19:29:05] Topic 9094: missing 75 posts; fetching in batches...
[2026-09-11 19:29:08] Topic 9094: downloading 1 uploads
[2026-09-11 19:29:09] [2183/3471] Fetching topic 9558
[2026-09-11 19:29:10] [2184/3471] Fetching topic 9405
[2026-09-11 19:29:11] Topic 9405: missing 51 posts; fetching in batches...
[2026-09-11 19:29:13] [2185/3471] Fetching topic 9496
[2026-09-11 19:29:14] Topic 9496: missing 5 posts; fetching in batches...
[2026-09-11 19:29:15] [2186/3471] Fetching topic 9387
[2026-09-11 19:29:16] Topic 9387: missing 65 posts; fetching in batches...
[2026-09-11 19:29:19] Topic 9387: downloading 3 uploads
[2026-09-11 19:29:19] [2187/3471] Fetching topic 9552
[2026-09-11 19:29:20] [2188/3471] Fetching topic 9542
[2026-09-11 19:29:21] [2189/3471] Fetching topic 9524
[2026-09-11 19:29:22] Topic 9524: missing 7 posts; fetching in batches...
[2026-09-11 19:29:23] [2190/3471] Fetching topic 9337
[2026-09-11 19:29:24] Topic 9337: missing 154 posts; fetching in batches...
[2026-09-11 19:29:29] [2191/3471] Fetching topic 9544
[2026-09-11 19:29:30] [2192/3471] Fetching topic 9519
[2026-09-11 19:29:31] [2193/3471] Fetching topic 9534
[2026-09-11 19:29:32] Topic 9534: downloading 2 uploads
[2026-09-11 19:29:32] [2194/3471] Fetching topic 9471
[2026-09-11 19:29:33] [2195/3471] Fetching topic 9541
[2026-09-11 19:29:35] [2196/3471] Fetching topic 9503
[2026-09-11 19:29:36] Topic 9503: missing 22 posts; fetching in batches...
[2026-09-11 19:29:37] Topic 9503: downloading 1 uploads
[2026-09-11 19:29:37] [2197/3471] Fetching topic 9527
[2026-09-11 19:29:38] [2198/3471] Fetching topic 9528
[2026-09-11 19:29:39] [2199/3471] Fetching topic 9499
[2026-09-11 19:29:40] [2200/3471] Fetching topic 9522
[2026-09-11 19:29:41] [2201/3471] Fetching topic 9283
[2026-09-11 19:29:42] [2202/3471] Fetching topic 9515
[2026-09-11 19:29:44] [2203/3471] Fetching topic 9506
[2026-09-11 19:29:45] [2204/3471] Fetching topic 9409
[2026-09-11 19:29:46] [2205/3471] Fetching topic 9514
[2026-09-11 19:29:47] [2206/3471] Fetching topic 9381
[2026-09-11 19:29:48] Topic 9381: missing 76 posts; fetching in batches...
[2026-09-11 19:29:50] [2207/3471] Fetching topic 9460
[2026-09-11 19:29:51] Topic 9460: missing 35 posts; fetching in batches...
[2026-09-11 19:29:53] [2208/3471] Fetching topic 9484
[2026-09-11 19:29:54] [2209/3471] Fetching topic 9482
[2026-09-11 19:29:55] [2210/3471] Fetching topic 9277
[2026-09-11 19:29:56] Topic 9277: missing 13 posts; fetching in batches...
[2026-09-11 19:29:57] [2211/3471] Fetching topic 9443
[2026-09-11 19:29:58] Topic 9443: missing 23 posts; fetching in batches...
[2026-09-11 19:29:59] [2212/3471] Fetching topic 9491
[2026-09-11 19:30:00] [2213/3471] Fetching topic 9458
[2026-09-11 19:30:01] Topic 9458: missing 21 posts; fetching in batches...
[2026-09-11 19:30:03] [2214/3471] Fetching topic 9478
[2026-09-11 19:30:04] [2215/3471] Fetching topic 9367
[2026-09-11 19:30:05] Topic 9367: missing 10 posts; fetching in batches...
[2026-09-11 19:30:06] Topic 9367: downloading 1 uploads
[2026-09-11 19:30:07] [2216/3471] Fetching topic 9467
[2026-09-11 19:30:08] Topic 9467: missing 5 posts; fetching in batches...
[2026-09-11 19:30:09] [2217/3471] Fetching topic 9456
[2026-09-11 19:30:10] [2218/3471] Fetching topic 9165
[2026-09-11 19:30:11] Topic 9165: missing 113 posts; fetching in batches...
[2026-09-11 19:30:15] [2219/3471] Fetching topic 9461
[2026-09-11 19:30:16] [2220/3471] Fetching topic 9417
[2026-09-11 19:30:17] Topic 9417: missing 24 posts; fetching in batches...
[2026-09-11 19:30:18] [2221/3471] Fetching topic 9435
[2026-09-11 19:30:19] [2222/3471] Fetching topic 9468
[2026-09-11 19:30:21] [2223/3471] Fetching topic 9457
[2026-09-11 19:30:22] [2224/3471] Fetching topic 9272
[2026-09-11 19:30:23] [2225/3471] Fetching topic 9364
[2026-09-11 19:30:24] Topic 9364: missing 19 posts; fetching in batches...
[2026-09-11 19:30:25] [2226/3471] Fetching topic 9442
[2026-09-11 19:30:26] [2227/3471] Fetching topic 9423
[2026-09-11 19:30:27] [2228/3471] Fetching topic 9438
[2026-09-11 19:30:28] [2229/3471] Fetching topic 9445
[2026-09-11 19:30:30] [2230/3471] Fetching topic 9433
[2026-09-11 19:30:31] [2231/3471] Fetching topic 9430
[2026-09-11 19:30:32] [2232/3471] Fetching topic 9420
[2026-09-11 19:30:33] Topic 9420: missing 1 posts; fetching in batches...
[2026-09-11 19:30:34] [2233/3471] Fetching topic 9424
[2026-09-11 19:30:35] [2234/3471] Fetching topic 9401
[2026-09-11 19:30:36] Topic 9401: missing 4 posts; fetching in batches...
[2026-09-11 19:30:37] [2235/3471] Fetching topic 9316
[2026-09-11 19:30:38] Topic 9316: missing 60 posts; fetching in batches...
[2026-09-11 19:30:41] [2236/3471] Fetching topic 9416
[2026-09-11 19:30:42] [2237/3471] Fetching topic 9360
[2026-09-11 19:30:43] [2238/3471] Fetching topic 9327
[2026-09-11 19:30:44] Topic 9327: missing 65 posts; fetching in batches...
[2026-09-11 19:30:46] [2239/3471] Fetching topic 8780
[2026-09-11 19:30:47] Topic 8780: missing 236 posts; fetching in batches...
[2026-09-11 19:30:53] Topic 8780: downloading 2 uploads
[2026-09-11 19:30:54] [2240/3471] Fetching topic 9400
[2026-09-11 19:30:55] [2241/3471] Fetching topic 9355
[2026-09-11 19:30:56] [2242/3471] Fetching topic 8579
[2026-09-11 19:30:57] Topic 8579: missing 14 posts; fetching in batches...
[2026-09-11 19:30:59] [2243/3471] Fetching topic 9373
[2026-09-11 19:31:00] [2244/3471] Fetching topic 9391
[2026-09-11 19:31:01] [2245/3471] Fetching topic 9352
[2026-09-11 19:31:02] [2246/3471] Fetching topic 9375
[2026-09-11 19:31:03] [2247/3471] Fetching topic 9109
[2026-09-11 19:31:04] Topic 9109: missing 24 posts; fetching in batches...
[2026-09-11 19:31:05] [2248/3471] Fetching topic 9255
[2026-09-11 19:31:06] Topic 9255: missing 17 posts; fetching in batches...
[2026-09-11 19:31:07] [2249/3471] Fetching topic 9344
[2026-09-11 19:31:09] Topic 9344: missing 2 posts; fetching in batches...
[2026-09-11 19:31:10] [2250/3471] Fetching topic 9348
[2026-09-11 19:31:11] Topic 9348: downloading 1 uploads
[2026-09-11 19:31:12] [2251/3471] Fetching topic 9341
[2026-09-11 19:31:13] Topic 9341: missing 6 posts; fetching in batches...
[2026-09-11 19:31:14] [2252/3471] Fetching topic 9275
[2026-09-11 19:31:15] [2253/3471] Fetching topic 9345
[2026-09-11 19:31:16] [2254/3471] Fetching topic 7770
[2026-09-11 19:31:17] [2255/3471] Fetching topic 9216
[2026-09-11 19:31:18] Topic 9216: missing 125 posts; fetching in batches...
[2026-09-11 19:31:22] [2256/3471] Fetching topic 9347
[2026-09-11 19:31:23] [2257/3471] Fetching topic 9260
[2026-09-11 19:31:24] Topic 9260: missing 41 posts; fetching in batches...
[2026-09-11 19:31:25] [2258/3471] Fetching topic 9328
[2026-09-11 19:31:26] [2259/3471] Fetching topic 6420
[2026-09-11 19:31:28] Topic 6420: missing 15 posts; fetching in batches...
[2026-09-11 19:31:29] [2260/3471] Fetching topic 9323
[2026-09-11 19:31:30] [2261/3471] Fetching topic 9305
[2026-09-11 19:31:31] Topic 9305: missing 57 posts; fetching in batches...
[2026-09-11 19:31:33] [2262/3471] Fetching topic 5737
[2026-09-11 19:31:34] Topic 5737: missing 43 posts; fetching in batches...
[2026-09-11 19:31:35] Topic 5737: downloading 1 uploads
[2026-09-11 19:31:36] [2263/3471] Fetching topic 9268
[2026-09-11 19:31:38] Topic 9268: missing 32 posts; fetching in batches...
[2026-09-11 19:31:39] [2264/3471] Fetching topic 9307
[2026-09-11 19:31:40] Topic 9307: missing 12 posts; fetching in batches...
[2026-09-11 19:31:41] [2265/3471] Fetching topic 7739
[2026-09-11 19:31:42] Topic 7739: missing 66 posts; fetching in batches...
[2026-09-11 19:31:44] [2266/3471] Fetching topic 9314
[2026-09-11 19:31:45] [2267/3471] Fetching topic 9302
[2026-09-11 19:31:46] [2268/3471] Fetching topic 9289
[2026-09-11 19:31:48] [2269/3471] Fetching topic 9064
[2026-09-11 19:31:49] [2270/3471] Fetching topic 9256
[2026-09-11 19:31:50] [2271/3471] Fetching topic 9273
[2026-09-11 19:31:51] [2272/3471] Fetching topic 8610
[2026-09-11 19:31:52] [2273/3471] Fetching topic 9276
[2026-09-11 19:31:53] [2274/3471] Fetching topic 8354
[2026-09-11 19:31:55] Topic 8354: missing 46 posts; fetching in batches...
[2026-09-11 19:31:56] Topic 8354: downloading 1 uploads
[2026-09-11 19:31:56] [2275/3471] Fetching topic 9281
[2026-09-11 19:31:57] [2276/3471] Fetching topic 9278
[2026-09-11 19:31:58] [2277/3471] Fetching topic 9242
[2026-09-11 19:31:59] Topic 9242: missing 8 posts; fetching in batches...
[2026-09-11 19:32:00] [2278/3471] Fetching topic 9270
[2026-09-11 19:32:01] [2279/3471] Fetching topic 8721
[2026-09-11 19:32:02] Topic 8721: missing 54 posts; fetching in batches...
[2026-09-11 19:32:05] [2280/3471] Fetching topic 9176
[2026-09-11 19:32:06] [2281/3471] Fetching topic 9210
[2026-09-11 19:32:07] Topic 9210: missing 1 posts; fetching in batches...
[2026-09-11 19:32:08] [2282/3471] Fetching topic 9269
[2026-09-11 19:32:09] [2283/3471] Fetching topic 9215
[2026-09-11 19:32:10] Topic 9215: missing 8 posts; fetching in batches...
[2026-09-11 19:32:11] [2284/3471] Fetching topic 9196
[2026-09-11 19:32:12] Topic 9196: missing 51 posts; fetching in batches...
[2026-09-11 19:32:15] [2285/3471] Fetching topic 9237
[2026-09-11 19:32:16] Topic 9237: missing 5 posts; fetching in batches...
[2026-09-11 19:32:17] [2286/3471] Fetching topic 9230
[2026-09-11 19:32:18] Topic 9230: missing 68 posts; fetching in batches...
[2026-09-11 19:32:20] [2287/3471] Fetching topic 9254
[2026-09-11 19:32:21] [2288/3471] Fetching topic 9257
[2026-09-11 19:32:22] [2289/3471] Fetching topic 9160
[2026-09-11 19:32:23] Topic 9160: missing 12 posts; fetching in batches...
[2026-09-11 19:32:25] [2290/3471] Fetching topic 9239
[2026-09-11 19:32:26] [2291/3471] Fetching topic 9252
[2026-09-11 19:32:27] [2292/3471] Fetching topic 9250
[2026-09-11 19:32:28] [2293/3471] Fetching topic 9234
[2026-09-11 19:32:29] [2294/3471] Fetching topic 9243
[2026-09-11 19:32:30] [2295/3471] Fetching topic 9185
[2026-09-11 19:32:31] [2296/3471] Fetching topic 8752
[2026-09-11 19:32:32] Topic 8752: missing 217 posts; fetching in batches...
[2026-09-11 19:32:38] [2297/3471] Fetching topic 9158
[2026-09-11 19:32:39] Topic 9158: missing 65 posts; fetching in batches...
[2026-09-11 19:32:42] Topic 9158: downloading 4 uploads
[2026-09-11 19:32:43] Upload failed 404: requested=https://forums.greaterthangames.com/uploads/2013/10/6a00d834525fff69e20133ecf35c3d970b-800wi.gif final=https://forums.greaterthangames.com/uploads/2013/10/6a00d834525fff69e20133ecf35c3d970b-800wi.gif
[2026-09-11 19:32:43] Response headers: {'Server': 'nginx', 'Date': 'Fri, 11 Sep 2026 19:32:43 GMT', 'Content-Type': 'text/html', 'Content-Length': '548', 'Connection': 'keep-alive'}
[2026-09-11 19:32:44] Upload failed 404: requested=https://forums.greaterthangames.com/uploads/2013/10/6a00d834525fff69e20133ecf35c3d970b-800wi.gif</a final=https://forums.greaterthangames.com/uploads/2013/10/6a00d834525fff69e20133ecf35c3d970b-800wi.gif%3C/a
[2026-09-11 19:32:44] Response headers: {'Server': 'nginx', 'Date': 'Fri, 11 Sep 2026 19:32:44 GMT', 'Content-Type': 'text/html; charset=utf-8', 'Transfer-Encoding': 'chunked', 'Connection': 'keep-alive', 'Vary': 'Accept-Encoding', 'Content-Security-Policy': "upgrade-insecure-requests; base-uri 'self'; object-src 'none'; script-src 'nonce-taXwg1Kp5euT3V2yDLgFa6qDc' 'strict-dynamic'; frame-ancestors 'self'; manifest-src 'self'", 'X-Request-Id': 'eb6e0d93-dfa1-4c84-86a6-0d38e8c9ed69', 'X-Runtime': '0.022780', 'Content-Encoding': 'gzip'}
[2026-09-11 19:32:44] [2298/3471] Fetching topic 9218
[2026-09-11 19:32:45] [2299/3471] Fetching topic 9232
[2026-09-11 19:32:46] [2300/3471] Fetching topic 9214
[2026-09-11 19:32:47] [2301/3471] Fetching topic 9199
[2026-09-11 19:32:49] [2302/3471] Fetching topic 9180
[2026-09-11 19:32:50] Topic 9180: missing 10 posts; fetching in batches...
[2026-09-11 19:32:51] [2303/3471] Fetching topic 9225
[2026-09-11 19:32:52] [2304/3471] Fetching topic 9147
[2026-09-11 19:32:53] Topic 9147: missing 13 posts; fetching in batches...
[2026-09-11 19:32:54] [2305/3471] Fetching topic 9213
[2026-09-11 19:32:55] [2306/3471] Fetching topic 9201
[2026-09-11 19:32:56] Topic 9201: downloading 5 uploads
[2026-09-11 19:33:00] Upload failed 404: requested=https://forums.greaterthangames.com/uploads/default/optimized/2X/9/90fa13d27c58b6bcb86979b176887201969a7477_2_500x500.jpeg, final=https://forums.greaterthangames.com/uploads/default/optimized/2X/9/90fa13d27c58b6bcb86979b176887201969a7477_2_500x500.jpeg,
[2026-09-11 19:33:00] Response headers: {'Server': 'nginx', 'Date': 'Fri, 11 Sep 2026 19:33:00 GMT', 'Content-Type': 'text/html', 'Content-Length': '548', 'Connection': 'keep-alive'}
[2026-09-11 19:33:02] [2307/3471] Fetching topic 9132
[2026-09-11 19:33:03] Topic 9132: missing 75 posts; fetching in batches...
[2026-09-11 19:33:05] [2308/3471] Fetching topic 9134
[2026-09-11 19:33:06] Topic 9134: missing 10 posts; fetching in batches...
[2026-09-11 19:33:07] [2309/3471] Fetching topic 5985
[2026-09-11 19:33:08] [2310/3471] Fetching topic 9172
[2026-09-11 19:33:09] [2311/3471] Fetching topic 9202
[2026-09-11 19:33:10] [2312/3471] Fetching topic 7773
[2026-09-11 19:33:12] Topic 7773: missing 30 posts; fetching in batches...
[2026-09-11 19:33:13] [2313/3471] Fetching topic 9161
[2026-09-11 19:33:14] [2314/3471] Fetching topic 9110
[2026-09-11 19:33:15] Topic 9110: downloading 7 uploads
[2026-09-11 19:33:20] Upload failed 404: requested=https://forums.greaterthangames.com/uploads/default/optimized/2X/9/996d7d6ea9171dcac724bab21e052a3f0a13557c_2_666x500.jpeg, final=https://forums.greaterthangames.com/uploads/default/optimized/2X/9/996d7d6ea9171dcac724bab21e052a3f0a13557c_2_666x500.jpeg,
[2026-09-11 19:33:20] Response headers: {'Server': 'nginx', 'Date': 'Fri, 11 Sep 2026 19:33:20 GMT', 'Content-Type': 'text/html', 'Content-Length': '548', 'Connection': 'keep-alive'}
[2026-09-11 19:33:22] [2315/3471] Fetching topic 9154
[2026-09-11 19:33:23] [2316/3471] Fetching topic 9150
[2026-09-11 19:33:24] Topic 9150: missing 8 posts; fetching in batches...
[2026-09-11 19:33:25] [2317/3471] Fetching topic 9190
[2026-09-11 19:33:26] [2318/3471] Fetching topic 9195
[2026-09-11 19:33:28] [2319/3471] Fetching topic 9192
[2026-09-11 19:33:29] [2320/3471] Fetching topic 7412
[2026-09-11 19:33:30] Topic 7412: missing 28 posts; fetching in batches...
[2026-09-11 19:33:31] [2321/3471] Fetching topic 8960
[2026-09-11 19:33:32] Topic 8960: missing 16 posts; fetching in batches...
[2026-09-11 19:33:33] Topic 8960: downloading 50 uploads
[2026-09-11 19:33:44] Upload failed 404: requested=https://forums.greaterthangames.com/uploads/default/optimized/2X/7/708aa8d9f99715b04392cb642c2bcef17b2ab320_2_666x500.jpeg, final=https://forums.greaterthangames.com/uploads/default/optimized/2X/7/708aa8d9f99715b04392cb642c2bcef17b2ab320_2_666x500.jpeg,
[2026-09-11 19:33:44] Response headers: {'Server': 'nginx', 'Date': 'Fri, 11 Sep 2026 19:33:44 GMT', 'Content-Type': 'text/html', 'Content-Length': '548', 'Connection': 'keep-alive'}
[2026-09-11 19:33:48] Upload failed 404: requested=https://forums.greaterthangames.com/uploads/default/optimized/2X/a/acab30d098f2bbc2c302af542b0e626c1d84a06d_2_670x500.jpeg, final=https://forums.greaterthangames.com/uploads/default/optimized/2X/a/acab30d098f2bbc2c302af542b0e626c1d84a06d_2_670x500.jpeg,
[2026-09-11 19:33:48] Response headers: {'Server': 'nginx', 'Date': 'Fri, 11 Sep 2026 19:33:48 GMT', 'Content-Type': 'text/html', 'Content-Length': '548', 'Connection': 'keep-alive'}
[2026-09-11 19:33:52] Upload failed 404: requested=https://forums.greaterthangames.com/uploads/default/optimized/2X/c/ce078c886badea0388b818fe642c5654c969538b_2_690x414.jpeg, final=https://forums.greaterthangames.com/uploads/default/optimized/2X/c/ce078c886badea0388b818fe642c5654c969538b_2_690x414.jpeg,
[2026-09-11 19:33:52] Response headers: {'Server': 'nginx', 'Date': 'Fri, 11 Sep 2026 19:33:52 GMT', 'Content-Type': 'text/html', 'Content-Length': '548', 'Connection': 'keep-alive'}
[2026-09-11 19:33:58] Upload failed 404: requested=https://forums.greaterthangames.com/uploads/default/optimized/2X/d/d37ccaa27d18ff9aa69c2153234f5d932d332e64_2_690x466.jpeg, final=https://forums.greaterthangames.com/uploads/default/optimized/2X/d/d37ccaa27d18ff9aa69c2153234f5d932d332e64_2_690x466.jpeg,
[2026-09-11 19:33:58] Response headers: {'Server': 'nginx', 'Date': 'Fri, 11 Sep 2026 19:33:58 GMT', 'Content-Type': 'text/html', 'Content-Length': '548', 'Connection': 'keep-alive'}
[2026-09-11 19:34:02] Upload failed 404: requested=https://forums.greaterthangames.com/uploads/default/optimized/2X/d/debb5b613430a6c7ef361075f98d6924a897570a_2_690x470.jpeg, final=https://forums.greaterthangames.com/uploads/default/optimized/2X/d/debb5b613430a6c7ef361075f98d6924a897570a_2_690x470.jpeg,
[2026-09-11 19:34:02] Response headers: {'Server': 'nginx', 'Date': 'Fri, 11 Sep 2026 19:34:02 GMT', 'Content-Type': 'text/html', 'Content-Length': '548', 'Connection': 'keep-alive'}
[2026-09-11 19:34:05] Upload failed 404: requested=https://forums.greaterthangames.com/uploads/default/optimized/2X/e/eb4511e7d56fbdf1c87ce7db9ef7a84ac225615d_2_314x500.jpeg, final=https://forums.greaterthangames.com/uploads/default/optimized/2X/e/eb4511e7d56fbdf1c87ce7db9ef7a84ac225615d_2_314x500.jpeg,
[2026-09-11 19:34:05] Response headers: {'Server': 'nginx', 'Date': 'Fri, 11 Sep 2026 19:34:05 GMT', 'Content-Type': 'text/html', 'Content-Length': '548', 'Connection': 'keep-alive'}
[2026-09-11 19:34:10] Upload failed 404: requested=https://forums.greaterthangames.com/uploads/default/optimized/2X/e/ebaf848abf2592b04a21f73a6e41dce1e9c1ffd7_2_690x471.jpeg, final=https://forums.greaterthangames.com/uploads/default/optimized/2X/e/ebaf848abf2592b04a21f73a6e41dce1e9c1ffd7_2_690x471.jpeg,
[2026-09-11 19:34:10] Response headers: {'Server': 'nginx', 'Date': 'Fri, 11 Sep 2026 19:34:10 GMT', 'Content-Type': 'text/html', 'Content-Length': '548', 'Connection': 'keep-alive'}
[2026-09-11 19:34:14] Upload failed 404: requested=https://forums.greaterthangames.com/uploads/default/optimized/2X/f/f6de86fc50cab4b8708c9a9dbe5d535d0bb04b35_2_690x393.jpeg, final=https://forums.greaterthangames.com/uploads/default/optimized/2X/f/f6de86fc50cab4b8708c9a9dbe5d535d0bb04b35_2_690x393.jpeg,
[2026-09-11 19:34:14] Response headers: {'Server': 'nginx', 'Date': 'Fri, 11 Sep 2026 19:34:14 GMT', 'Content-Type': 'text/html', 'Content-Length': '548', 'Connection': 'keep-alive'}
[2026-09-11 19:34:24] [2322/3471] Fetching topic 9151
[2026-09-11 19:34:25] Topic 9151: missing 5 posts; fetching in batches...
[2026-09-11 19:34:26] [2323/3471] Fetching topic 9031
[2026-09-11 19:34:28] Topic 9031: missing 77 posts; fetching in batches...
[2026-09-11 19:34:30] [2324/3471] Fetching topic 9183
[2026-09-11 19:34:31] [2325/3471] Fetching topic 9103
[2026-09-11 19:34:32] Topic 9103: missing 133 posts; fetching in batches...
[2026-09-11 19:34:36] [2326/3471] Fetching topic 9178
[2026-09-11 19:34:37] [2327/3471] Fetching topic 9102
[2026-09-11 19:34:38] Topic 9102: missing 9 posts; fetching in batches...
[2026-09-11 19:34:39] [2328/3471] Fetching topic 9169
[2026-09-11 19:34:40] [2329/3471] Fetching topic 9138
[2026-09-11 19:34:41] [2330/3471] Fetching topic 9162
[2026-09-11 19:34:42] [2331/3471] Fetching topic 9085
[2026-09-11 19:34:43] Topic 9085: missing 206 posts; fetching in batches...
[2026-09-11 19:34:49] [2332/3471] Fetching topic 9108
[2026-09-11 19:34:50] [2333/3471] Fetching topic 9126
[2026-09-11 19:34:51] [2334/3471] Fetching topic 9004
[2026-09-11 19:34:52] Topic 9004: missing 85 posts; fetching in batches...
[2026-09-11 19:34:55] [2335/3471] Fetching topic 9148
[2026-09-11 19:34:56] [2336/3471] Fetching topic 7283
[2026-09-11 19:34:57] Topic 7283: missing 190 posts; fetching in batches...
[2026-09-11 19:35:02] Topic 7283: downloading 5 uploads
[2026-09-11 19:35:07] [2337/3471] Fetching topic 8421
[2026-09-11 19:35:08] Topic 8421: missing 3 posts; fetching in batches...
[2026-09-11 19:35:09] [2338/3471] Fetching topic 9122
[2026-09-11 19:35:10] [2339/3471] Fetching topic 7491
[2026-09-11 19:35:11] [2340/3471] Fetching topic 9058
[2026-09-11 19:35:12] Topic 9058: missing 64 posts; fetching in batches...
[2026-09-11 19:35:15] [2341/3471] Fetching topic 8232
[2026-09-11 19:35:16] [2342/3471] Fetching topic 9124
[2026-09-11 19:35:17] [2343/3471] Fetching topic 9112
[2026-09-11 19:35:18] [2344/3471] Fetching topic 9053
[2026-09-11 19:35:19] Topic 9053: missing 102 posts; fetching in batches...
[2026-09-11 19:35:22] [2345/3471] Fetching topic 9125
[2026-09-11 19:35:24] Topic 9125: downloading 2 uploads
[2026-09-11 19:35:26] [2346/3471] Fetching topic 9001
[2026-09-11 19:35:27] Topic 9001: missing 16 posts; fetching in batches...
[2026-09-11 19:35:28] [2347/3471] Fetching topic 9121
[2026-09-11 19:35:29] [2348/3471] Fetching topic 8807
[2026-09-11 19:35:30] Topic 8807: missing 80 posts; fetching in batches...
[2026-09-11 19:35:33] [2349/3471] Fetching topic 9120
[2026-09-11 19:35:34] [2350/3471] Fetching topic 9117
[2026-09-11 19:35:35] [2351/3471] Fetching topic 9111
[2026-09-11 19:35:36] Topic 9111: missing 21 posts; fetching in batches...
[2026-09-11 19:35:37] [2352/3471] Fetching topic 9105
[2026-09-11 19:35:38] Topic 9105: missing 27 posts; fetching in batches...
[2026-09-11 19:35:39] [2353/3471] Fetching topic 9082
[2026-09-11 19:35:40] Topic 9082: missing 45 posts; fetching in batches...
[2026-09-11 19:35:41] [2354/3471] Fetching topic 7156
[2026-09-11 19:35:43] [2355/3471] Fetching topic 9066
[2026-09-11 19:35:44] Topic 9066: missing 67 posts; fetching in batches...
[2026-09-11 19:35:46] [2356/3471] Fetching topic 9029
[2026-09-11 19:35:47] [2357/3471] Fetching topic 8907
[2026-09-11 19:35:48] Topic 8907: missing 51 posts; fetching in batches...
[2026-09-11 19:35:50] [2358/3471] Fetching topic 9098
[2026-09-11 19:35:52] Topic 9098: missing 35 posts; fetching in batches...
[2026-09-11 19:35:53] Topic 9098: downloading 3 uploads
[2026-09-11 19:35:54] [2359/3471] Fetching topic 8968
[2026-09-11 19:35:55] Topic 8968: missing 81 posts; fetching in batches...
[2026-09-11 19:35:57] [2360/3471] Fetching topic 9097
[2026-09-11 19:35:58] [2361/3471] Fetching topic 8958
[2026-09-11 19:35:59] [2362/3471] Fetching topic 9099
[2026-09-11 19:36:01] [2363/3471] Fetching topic 9008
[2026-09-11 19:36:02] Topic 9008: missing 22 posts; fetching in batches...
[2026-09-11 19:36:03] [2364/3471] Fetching topic 8817
[2026-09-11 19:36:04] Topic 8817: missing 33 posts; fetching in batches...
[2026-09-11 19:36:05] [2365/3471] Fetching topic 8877
[2026-09-11 19:36:07] Topic 8877: missing 67 posts; fetching in batches...
[2026-09-11 19:36:09] [2366/3471] Fetching topic 9087
[2026-09-11 19:36:10] Topic 9087: missing 8 posts; fetching in batches...
[2026-09-11 19:36:11] [2367/3471] Fetching topic 9086
[2026-09-11 19:36:12] [2368/3471] Fetching topic 9007
[2026-09-11 19:36:13] Topic 9007: downloading 1 uploads
[2026-09-11 19:36:14] [2369/3471] Fetching topic 9088
[2026-09-11 19:36:16] [2370/3471] Fetching topic 9083
[2026-09-11 19:36:17] [2371/3471] Fetching topic 9077
[2026-09-11 19:36:18] [2372/3471] Fetching topic 8702
[2026-09-11 19:36:19] Topic 8702: missing 25 posts; fetching in batches...
[2026-09-11 19:36:20] [2373/3471] Fetching topic 9025
[2026-09-11 19:36:21] [2374/3471] Fetching topic 9070
[2026-09-11 19:36:22] [2375/3471] Fetching topic 9061
[2026-09-11 19:36:23] Topic 9061: missing 11 posts; fetching in batches...
[2026-09-11 19:36:24] Topic 9061: downloading 2 uploads
[2026-09-11 19:36:27] [2376/3471] Fetching topic 8834
[2026-09-11 19:36:28] [2377/3471] Fetching topic 9059
[2026-09-11 19:36:29] Topic 9059: missing 25 posts; fetching in batches...
[2026-09-11 19:36:30] Topic 9059: downloading 2 uploads
[2026-09-11 19:36:32] [2378/3471] Fetching topic 9046
[2026-09-11 19:36:33] Topic 9046: missing 48 posts; fetching in batches...
[2026-09-11 19:36:34] [2379/3471] Fetching topic 9051
[2026-09-11 19:36:35] Topic 9051: missing 1 posts; fetching in batches...
[2026-09-11 19:36:36] [2380/3471] Fetching topic 9048
[2026-09-11 19:36:38] [2381/3471] Fetching topic 9065
[2026-09-11 19:36:39] [2382/3471] Fetching topic 9063
[2026-09-11 19:36:40] [2383/3471] Fetching topic 9052
[2026-09-11 19:36:41] Topic 9052: missing 26 posts; fetching in batches...
[2026-09-11 19:36:42] [2384/3471] Fetching topic 8947
[2026-09-11 19:36:43] Topic 8947: missing 19 posts; fetching in batches...
[2026-09-11 19:36:44] [2385/3471] Fetching topic 8998
[2026-09-11 19:36:45] Topic 8998: missing 178 posts; fetching in batches...
[2026-09-11 19:36:50] [2386/3471] Fetching topic 8741
[2026-09-11 19:36:51] Topic 8741: missing 48 posts; fetching in batches...
[2026-09-11 19:36:52] [2387/3471] Fetching topic 8988
[2026-09-11 19:36:53] Topic 8988: missing 145 posts; fetching in batches...
[2026-09-11 19:36:57] [2388/3471] Fetching topic 9027
[2026-09-11 19:36:58] Topic 9027: missing 110 posts; fetching in batches...
[2026-09-11 19:37:01] [2389/3471] Fetching topic 8788
[2026-09-11 19:37:03] Topic 8788: missing 50 posts; fetching in batches...
[2026-09-11 19:37:04] [2390/3471] Fetching topic 8999
[2026-09-11 19:37:05] [2391/3471] Fetching topic 8896
[2026-09-11 19:37:06] Topic 8896: missing 26 posts; fetching in batches...
[2026-09-11 19:37:07] [2392/3471] Fetching topic 9003
[2026-09-11 19:37:08] Topic 9003: downloading 1 uploads
[2026-09-11 19:37:09] [2393/3471] Fetching topic 8913
[2026-09-11 19:37:10] [2394/3471] Fetching topic 8870
[2026-09-11 19:37:12] Topic 8870: missing 7 posts; fetching in batches...
[2026-09-11 19:37:13] [2395/3471] Fetching topic 9023
[2026-09-11 19:37:14] Topic 9023: downloading 1 uploads
[2026-09-11 19:37:15] [2396/3471] Fetching topic 9019
[2026-09-11 19:37:16] Topic 9019: missing 5 posts; fetching in batches...
[2026-09-11 19:37:17] [2397/3471] Fetching topic 8945
[2026-09-11 19:37:18] [2398/3471] Fetching topic 9012
[2026-09-11 19:37:19] [2399/3471] Fetching topic 8978
[2026-09-11 19:37:20] Topic 8978: missing 112 posts; fetching in batches...
[2026-09-11 19:37:24] [2400/3471] Fetching topic 9013
[2026-09-11 19:37:25] [2401/3471] Fetching topic 8965
[2026-09-11 19:37:26] [2402/3471] Fetching topic 6320
[2026-09-11 19:37:27] Topic 6320: missing 105 posts; fetching in batches...
[2026-09-11 19:37:31] [2403/3471] Fetching topic 8987
[2026-09-11 19:37:32] Topic 8987: missing 13 posts; fetching in batches...
[2026-09-11 19:37:33] [2404/3471] Fetching topic 8879
[2026-09-11 19:37:34] Topic 8879: missing 139 posts; fetching in batches...
[2026-09-11 19:37:37] [2405/3471] Fetching topic 8948
[2026-09-11 19:37:39] Topic 8948: missing 121 posts; fetching in batches...
[2026-09-11 19:37:42] [2406/3471] Fetching topic 8971
[2026-09-11 19:37:43] Topic 8971: missing 10 posts; fetching in batches...
[2026-09-11 19:37:44] [2407/3471] Fetching topic 8963
[2026-09-11 19:37:45] [2408/3471] Fetching topic 8982
[2026-09-11 19:37:47] [2409/3471] Fetching topic 8926
[2026-09-11 19:37:48] Topic 8926: missing 2 posts; fetching in batches...
[2026-09-11 19:37:49] [2410/3471] Fetching topic 8937
[2026-09-11 19:37:50] [2411/3471] Fetching topic 7715
[2026-09-11 19:37:51] Topic 7715: missing 36 posts; fetching in batches...
[2026-09-11 19:37:52] [2412/3471] Fetching topic 8959
[2026-09-11 19:37:53] [2413/3471] Fetching topic 8951
[2026-09-11 19:37:54] [2414/3471] Fetching topic 8935
[2026-09-11 19:37:55] Topic 8935: missing 70 posts; fetching in batches...
[2026-09-11 19:37:58] [2415/3471] Fetching topic 6184
[2026-09-11 19:37:59] [2416/3471] Fetching topic 8923
[2026-09-11 19:38:00] Topic 8923: missing 84 posts; fetching in batches...
[2026-09-11 19:38:02] [2417/3471] Fetching topic 7425
[2026-09-11 19:38:03] Topic 7425: missing 26 posts; fetching in batches...
[2026-09-11 19:38:05] [2418/3471] Fetching topic 8933
[2026-09-11 19:38:06] [2419/3471] Fetching topic 8859
[2026-09-11 19:38:07] Topic 8859: missing 47 posts; fetching in batches...
[2026-09-11 19:38:08] [2420/3471] Fetching topic 8916
[2026-09-11 19:38:09] [2421/3471] Fetching topic 8914
[2026-09-11 19:38:10] [2422/3471] Fetching topic 8936
[2026-09-11 19:38:11] [2423/3471] Fetching topic 8898
[2026-09-11 19:38:12] Topic 8898: missing 142 posts; fetching in batches...
[2026-09-11 19:38:16] [2424/3471] Fetching topic 8930
[2026-09-11 19:38:17] [2425/3471] Fetching topic 8922
[2026-09-11 19:38:18] [2426/3471] Fetching topic 8441
[2026-09-11 19:38:19] Topic 8441: missing 126 posts; fetching in batches...
[2026-09-11 19:38:23] [2427/3471] Fetching topic 8919
[2026-09-11 19:38:24] [2428/3471] Fetching topic 8891
[2026-09-11 19:38:25] Topic 8891: downloading 11 uploads
[2026-09-11 19:38:30] Upload failed 404: requested=https://forums.greaterthangames.com/uploads/default/optimized/2X/d/df00d5dcc8a733d258c11b5592cf1ac035edf17a_2_500x500.jpeg, final=https://forums.greaterthangames.com/uploads/default/optimized/2X/d/df00d5dcc8a733d258c11b5592cf1ac035edf17a_2_500x500.jpeg,
[2026-09-11 19:38:30] Response headers: {'Server': 'nginx', 'Date': 'Fri, 11 Sep 2026 19:38:30 GMT', 'Content-Type': 'text/html', 'Content-Length': '548', 'Connection': 'keep-alive'}
[2026-09-11 19:38:34] Upload failed 404: requested=https://forums.greaterthangames.com/uploads/default/optimized/2X/e/ea9b4038fb39583ed75e5f835a9a6dbcdc6d7bfb_2_666x500.jpeg, final=https://forums.greaterthangames.com/uploads/default/optimized/2X/e/ea9b4038fb39583ed75e5f835a9a6dbcdc6d7bfb_2_666x500.jpeg,
[2026-09-11 19:38:34] Response headers: {'Server': 'nginx', 'Date': 'Fri, 11 Sep 2026 19:38:34 GMT', 'Content-Type': 'text/html', 'Content-Length': '548', 'Connection': 'keep-alive'}
[2026-09-11 19:38:37] [2429/3471] Fetching topic 8915
[2026-09-11 19:38:38] [2430/3471] Fetching topic 8906
[2026-09-11 19:38:39] Topic 8906: missing 29 posts; fetching in batches...
[2026-09-11 19:38:40] Topic 8906: downloading 2 uploads
[2026-09-11 19:38:42] [2431/3471] Fetching topic 8904
[2026-09-11 19:38:43] [2432/3471] Fetching topic 8886
[2026-09-11 19:38:44] Topic 8886: missing 74 posts; fetching in batches...
[2026-09-11 19:38:46] Topic 8886: downloading 6 uploads
[2026-09-11 19:38:50] Upload failed 404: requested=https://forums.greaterthangames.com/uploads/default/optimized/2X/7/7ea45ff8f3f18cbd79bcc0f7cb32bc7fd9605b31_2_661x500.jpeg, final=https://forums.greaterthangames.com/uploads/default/optimized/2X/7/7ea45ff8f3f18cbd79bcc0f7cb32bc7fd9605b31_2_661x500.jpeg,
[2026-09-11 19:38:50] Response headers: {'Server': 'nginx', 'Date': 'Fri, 11 Sep 2026 19:38:50 GMT', 'Content-Type': 'text/html', 'Content-Length': '548', 'Connection': 'keep-alive'}
[2026-09-11 19:38:53] [2433/3471] Fetching topic 8832
[2026-09-11 19:38:54] Topic 8832: missing 98 posts; fetching in batches...
[2026-09-11 19:38:56] [2434/3471] Fetching topic 8816
[2026-09-11 19:38:57] [2435/3471] Fetching topic 8888
[2026-09-11 19:38:58] [2436/3471] Fetching topic 8439
[2026-09-11 19:39:00] Topic 8439: missing 78 posts; fetching in batches...
[2026-09-11 19:39:02] [2437/3471] Fetching topic 8837
[2026-09-11 19:39:03] Topic 8837: missing 71 posts; fetching in batches...
[2026-09-11 19:39:05] [2438/3471] Fetching topic 8239
[2026-09-11 19:39:06] Topic 8239: missing 66 posts; fetching in batches...
[2026-09-11 19:39:09] [2439/3471] Fetching topic 8754
[2026-09-11 19:39:10] Topic 8754: downloading 2 uploads
[2026-09-11 19:39:12] [2440/3471] Fetching topic 8831
[2026-09-11 19:39:13] [2441/3471] Fetching topic 8847
[2026-09-11 19:39:14] [2442/3471] Fetching topic 8527
[2026-09-11 19:39:15] Topic 8527: missing 17 posts; fetching in batches...
[2026-09-11 19:39:16] [2443/3471] Fetching topic 7278
[2026-09-11 19:39:17] Topic 7278: missing 3 posts; fetching in batches...
[2026-09-11 19:39:18] [2444/3471] Fetching topic 8839
[2026-09-11 19:39:20] [2445/3471] Fetching topic 8818
[2026-09-11 19:39:21] [2446/3471] Fetching topic 8748
[2026-09-11 19:39:22] Topic 8748: missing 110 posts; fetching in batches...
[2026-09-11 19:39:25] [2447/3471] Fetching topic 8693
[2026-09-11 19:39:26] Topic 8693: missing 17 posts; fetching in batches...
[2026-09-11 19:39:27] [2448/3471] Fetching topic 8729
[2026-09-11 19:39:29] Topic 8729: missing 188 posts; fetching in batches...
[2026-09-11 19:39:33] [2449/3471] Fetching topic 8811
[2026-09-11 19:39:34] [2450/3471] Fetching topic 8680
[2026-09-11 19:39:36] Topic 8680: missing 230 posts; fetching in batches...
[2026-09-11 19:39:42] [2451/3471] Fetching topic 8767
[2026-09-11 19:39:43] Topic 8767: downloading 1 uploads
[2026-09-11 19:39:44] [2452/3471] Fetching topic 8787
[2026-09-11 19:39:45] [2453/3471] Fetching topic 5036
[2026-09-11 19:39:46] Topic 5036: missing 49 posts; fetching in batches...
[2026-09-11 19:39:47] [2454/3471] Fetching topic 8768
[2026-09-11 19:39:48] [2455/3471] Fetching topic 8731
[2026-09-11 19:39:50] Topic 8731: missing 33 posts; fetching in batches...
[2026-09-11 19:39:51] [2456/3471] Fetching topic 8593
[2026-09-11 19:39:52] Topic 8593: missing 12 posts; fetching in batches...
[2026-09-11 19:39:53] [2457/3471] Fetching topic 8760
[2026-09-11 19:39:54] [2458/3471] Fetching topic 8739
[2026-09-11 19:39:55] Topic 8739: missing 19 posts; fetching in batches...
[2026-09-11 19:39:56] Topic 8739: downloading 7 uploads
[2026-09-11 19:40:00] Upload failed 404: requested=https://forums.greaterthangames.com/uploads/default/optimized/2X/0/08e295e4e5160812f873d02e26f10c85e0f54c70_2_375x500.jpeg, final=https://forums.greaterthangames.com/uploads/default/optimized/2X/0/08e295e4e5160812f873d02e26f10c85e0f54c70_2_375x500.jpeg,
[2026-09-11 19:40:00] Response headers: {'Server': 'nginx', 'Date': 'Fri, 11 Sep 2026 19:40:00 GMT', 'Content-Type': 'text/html', 'Content-Length': '548', 'Connection': 'keep-alive'}
[2026-09-11 19:40:04] [2459/3471] Fetching topic 8715
[2026-09-11 19:40:04] Topic 8715: missing 112 posts; fetching in batches...
[2026-09-11 19:40:08] [2460/3471] Fetching topic 8744
[2026-09-11 19:40:09] [2461/3471] Fetching topic 8717
[2026-09-11 19:40:10] Topic 8717: missing 82 posts; fetching in batches...
[2026-09-11 19:40:13] [2462/3471] Fetching topic 6277
[2026-09-11 19:40:14] Topic 6277: missing 40 posts; fetching in batches...
[2026-09-11 19:40:15] [2463/3471] Fetching topic 8691
[2026-09-11 19:40:16] Topic 8691: missing 19 posts; fetching in batches...
[2026-09-11 19:40:17] [2464/3471] Fetching topic 6972
[2026-09-11 19:40:18] [2465/3471] Fetching topic 8602
[2026-09-11 19:40:19] [2466/3471] Fetching topic 8563
[2026-09-11 19:40:20] Topic 8563: missing 26 posts; fetching in batches...
[2026-09-11 19:40:22] Topic 8563: downloading 1 uploads
[2026-09-11 19:40:22] Upload failed 404: requested=https://forums.greaterthangames.com/uploads/2011/08/portland-product-photography_pax-2011_metal-dice-chessex-dice.jpg final=https://forums.greaterthangames.com/uploads/2011/08/portland-product-photography_pax-2011_metal-dice-chessex-dice.jpg
[2026-09-11 19:40:22] Response headers: {'Server': 'nginx', 'Date': 'Fri, 11 Sep 2026 19:40:22 GMT', 'Content-Type': 'text/html', 'Content-Length': '548', 'Connection': 'keep-alive'}
[2026-09-11 19:40:22] [2467/3471] Fetching topic 8650
[2026-09-11 19:40:24] [2468/3471] Fetching topic 8695
[2026-09-11 19:40:25] Topic 8695: missing 19 posts; fetching in batches...
[2026-09-11 19:40:26] [2469/3471] Fetching topic 8666
[2026-09-11 19:40:27] Topic 8666: missing 273 posts; fetching in batches...
[2026-09-11 19:40:34] [2470/3471] Fetching topic 8677
[2026-09-11 19:40:35] Topic 8677: missing 8 posts; fetching in batches...
[2026-09-11 19:40:36] [2471/3471] Fetching topic 6997
[2026-09-11 19:40:37] Topic 6997: missing 5 posts; fetching in batches...
[2026-09-11 19:40:38] [2472/3471] Fetching topic 8709
[2026-09-11 19:40:40] [2473/3471] Fetching topic 8707
[2026-09-11 19:40:41] [2474/3471] Fetching topic 8705
[2026-09-11 19:40:42] [2475/3471] Fetching topic 8700
[2026-09-11 19:40:43] [2476/3471] Fetching topic 8685
[2026-09-11 19:40:44] [2477/3471] Fetching topic 8662
[2026-09-11 19:40:45] [2478/3471] Fetching topic 8683
[2026-09-11 19:40:46] [2479/3471] Fetching topic 8482
[2026-09-11 19:40:47] [2480/3471] Fetching topic 8636
[2026-09-11 19:40:49] Topic 8636: missing 40 posts; fetching in batches...
[2026-09-11 19:40:50] [2481/3471] Fetching topic 8619
[2026-09-11 19:40:51] [2482/3471] Fetching topic 8681
[2026-09-11 19:40:52] [2483/3471] Fetching topic 8359
[2026-09-11 19:40:53] Topic 8359: missing 50 posts; fetching in batches...
[2026-09-11 19:40:54] [2484/3471] Fetching topic 8675
[2026-09-11 19:40:55] Topic 8675: missing 79 posts; fetching in batches...
[2026-09-11 19:40:58] [2485/3471] Fetching topic 7682
[2026-09-11 19:40:59] [2486/3471] Fetching topic 8670
[2026-09-11 19:41:00] [2487/3471] Fetching topic 8480
[2026-09-11 19:41:01] Topic 8480: missing 2 posts; fetching in batches...
[2026-09-11 19:41:02] [2488/3471] Fetching topic 8624
[2026-09-11 19:41:03] [2489/3471] Fetching topic 8672
[2026-09-11 19:41:05] [2490/3471] Fetching topic 8660
[2026-09-11 19:41:06] [2491/3471] Fetching topic 8631
[2026-09-11 19:41:07] Topic 8631: missing 231 posts; fetching in batches...
[2026-09-11 19:41:13] [2492/3471] Fetching topic 7377
[2026-09-11 19:41:14] [2493/3471] Fetching topic 8663
[2026-09-11 19:41:15] [2494/3471] Fetching topic 8659
[2026-09-11 19:41:16] [2495/3471] Fetching topic 8621
[2026-09-11 19:41:17] Topic 8621: missing 44 posts; fetching in batches...
[2026-09-11 19:41:18] [2496/3471] Fetching topic 8657
[2026-09-11 19:41:19] Topic 8657: downloading 6 uploads
[2026-09-11 19:41:25] Upload failed 404: requested=https://forums.greaterthangames.com/uploads/default/optimized/2X/f/fb68d55d74f9c3d38a0ad5a63910be0d0cb174e2_2_690x131.jpeg, final=https://forums.greaterthangames.com/uploads/default/optimized/2X/f/fb68d55d74f9c3d38a0ad5a63910be0d0cb174e2_2_690x131.jpeg,
[2026-09-11 19:41:25] Response headers: {'Server': 'nginx', 'Date': 'Fri, 11 Sep 2026 19:41:24 GMT', 'Content-Type': 'text/html', 'Content-Length': '548', 'Connection': 'keep-alive'}
[2026-09-11 19:41:26] [2497/3471] Fetching topic 8647
[2026-09-11 19:41:27] [2498/3471] Fetching topic 8626
[2026-09-11 19:41:28] [2499/3471] Fetching topic 8648
[2026-09-11 19:41:29] [2500/3471] Fetching topic 8484
[2026-09-11 19:41:30] [2501/3471] Fetching topic 8523
[2026-09-11 19:41:31] [2502/3471] Fetching topic 8355
[2026-09-11 19:41:32] Topic 8355: missing 1 posts; fetching in batches...
[2026-09-11 19:41:34] [2503/3471] Fetching topic 8634
[2026-09-11 19:41:35] [2504/3471] Fetching topic 8618
[2026-09-11 19:41:36] Topic 8618: missing 56 posts; fetching in batches...
[2026-09-11 19:41:38] [2505/3471] Fetching topic 8575
[2026-09-11 19:41:39] Topic 8575: missing 85 posts; fetching in batches...
[2026-09-11 19:41:41] [2506/3471] Fetching topic 8548
[2026-09-11 19:41:42] Topic 8548: missing 3 posts; fetching in batches...
[2026-09-11 19:41:43] [2507/3471] Fetching topic 8570
[2026-09-11 19:41:45] Topic 8570: missing 11 posts; fetching in batches...
[2026-09-11 19:41:46] [2508/3471] Fetching topic 8608
[2026-09-11 19:41:47] [2509/3471] Fetching topic 8600
[2026-09-11 19:41:48] [2510/3471] Fetching topic 8597
[2026-09-11 19:41:49] [2511/3471] Fetching topic 8591
[2026-09-11 19:41:50] [2512/3471] Fetching topic 8450
[2026-09-11 19:41:51] [2513/3471] Fetching topic 7530
[2026-09-11 19:41:52] [2514/3471] Fetching topic 8555
[2026-09-11 19:41:54] [2515/3471] Fetching topic 8531
[2026-09-11 19:41:55] Topic 8531: missing 9 posts; fetching in batches...
[2026-09-11 19:41:56] [2516/3471] Fetching topic 8540
[2026-09-11 19:41:57] Topic 8540: missing 110 posts; fetching in batches...
[2026-09-11 19:42:00] [2517/3471] Fetching topic 8583
[2026-09-11 19:42:01] [2518/3471] Fetching topic 8578
[2026-09-11 19:42:02] [2519/3471] Fetching topic 8584
[2026-09-11 19:42:04] [2520/3471] Fetching topic 8572
[2026-09-11 19:42:05] [2521/3471] Fetching topic 8566
[2026-09-11 19:42:06] [2522/3471] Fetching topic 7235
[2026-09-11 19:42:07] Topic 7235: missing 32 posts; fetching in batches...
[2026-09-11 19:42:08] Topic 7235: downloading 9 uploads
[2026-09-11 19:42:18] [2523/3471] Fetching topic 8560
[2026-09-11 19:42:19] [2524/3471] Fetching topic 6630
[2026-09-11 19:42:20] Topic 6630: missing 49 posts; fetching in batches...
[2026-09-11 19:42:21] [2525/3471] Fetching topic 8524
[2026-09-11 19:42:22] Topic 8524: missing 93 posts; fetching in batches...
[2026-09-11 19:42:24] Topic 8524: downloading 1 uploads
[2026-09-11 19:42:25] Upload failed 404: requested=https://forums.greaterthangames.com/uploads/2012/05/Schlock-Rulebook-Low-Ink-Learning.pdf final=https://forums.greaterthangames.com/uploads/2012/05/Schlock-Rulebook-Low-Ink-Learning.pdf
[2026-09-11 19:42:25] Response headers: {'Server': 'nginx', 'Date': 'Fri, 11 Sep 2026 19:42:25 GMT', 'Content-Type': 'text/html; charset=utf-8', 'Transfer-Encoding': 'chunked', 'Connection': 'keep-alive', 'Vary': 'Accept-Encoding', 'Content-Security-Policy': "upgrade-insecure-requests; base-uri 'self'; object-src 'none'; script-src 'nonce-9eDWCt2x7vlTSu5lwZdeFZJxt' 'strict-dynamic'; frame-ancestors 'self'; manifest-src 'self'", 'X-Request-Id': 'a2c193bc-2d2d-46b9-a829-390c75d91853', 'X-Runtime': '0.056614', 'Content-Encoding': 'gzip'}
[2026-09-11 19:42:25] [2526/3471] Fetching topic 8549
[2026-09-11 19:42:27] [2527/3471] Fetching topic 8268
[2026-09-11 19:42:28] Topic 8268: missing 25 posts; fetching in batches...
[2026-09-11 19:42:29] [2528/3471] Fetching topic 8543
[2026-09-11 19:42:30] [2529/3471] Fetching topic 8530
[2026-09-11 19:42:31] [2530/3471] Fetching topic 8472
[2026-09-11 19:42:32] Topic 8472: missing 101 posts; fetching in batches...
[2026-09-11 19:42:36] [2531/3471] Fetching topic 8538
[2026-09-11 19:42:37] [2532/3471] Fetching topic 8532
[2026-09-11 19:42:38] [2533/3471] Fetching topic 8498
[2026-09-11 19:42:39] [2534/3471] Fetching topic 8511
[2026-09-11 19:42:40] Topic 8511: missing 11 posts; fetching in batches...
[2026-09-11 19:42:41] Topic 8511: downloading 1 uploads
[2026-09-11 19:42:42] [2535/3471] Fetching topic 8513
[2026-09-11 19:42:43] [2536/3471] Fetching topic 8528
[2026-09-11 19:42:44] [2537/3471] Fetching topic 8491
[2026-09-11 19:42:46] Topic 8491: missing 63 posts; fetching in batches...
[2026-09-11 19:42:48] Topic 8491: downloading 2 uploads
[2026-09-11 19:42:50] [2538/3471] Fetching topic 8501
[2026-09-11 19:42:51] Topic 8501: missing 6 posts; fetching in batches...
[2026-09-11 19:42:52] Topic 8501: downloading 1 uploads
[2026-09-11 19:42:53] [2539/3471] Fetching topic 8495
[2026-09-11 19:42:54] Topic 8495: missing 30 posts; fetching in batches...
[2026-09-11 19:42:55] [2540/3471] Fetching topic 8515
[2026-09-11 19:42:56] Topic 8515: missing 4 posts; fetching in batches...
[2026-09-11 19:42:57] [2541/3471] Fetching topic 8508
[2026-09-11 19:42:59] [2542/3471] Fetching topic 8516
[2026-09-11 19:43:00] [2543/3471] Fetching topic 8504
[2026-09-11 19:43:01] [2544/3471] Fetching topic 8487
[2026-09-11 19:43:02] [2545/3471] Fetching topic 7012
[2026-09-11 19:43:03] Topic 7012: missing 41 posts; fetching in batches...
[2026-09-11 19:43:04] [2546/3471] Fetching topic 8493
[2026-09-11 19:43:05] [2547/3471] Fetching topic 8499
[2026-09-11 19:43:06] [2548/3471] Fetching topic 8497
[2026-09-11 19:43:08] [2549/3471] Fetching topic 8474
[2026-09-11 19:43:09] [2550/3471] Fetching topic 8442
[2026-09-11 19:43:10] [2551/3471] Fetching topic 7674
[2026-09-11 19:43:11] Topic 7674: missing 17 posts; fetching in batches...
[2026-09-11 19:43:12] Topic 7674: downloading 1 uploads
[2026-09-11 19:43:13] [2552/3471] Fetching topic 8166
[2026-09-11 19:43:14] [2553/3471] Fetching topic 8322
[2026-09-11 19:43:15] Topic 8322: missing 9 posts; fetching in batches...
[2026-09-11 19:43:16] [2554/3471] Fetching topic 8417
[2026-09-11 19:43:17] Topic 8417: missing 44 posts; fetching in batches...
[2026-09-11 19:43:19] [2555/3471] Fetching topic 8485
[2026-09-11 19:43:20] [2556/3471] Fetching topic 8383
[2026-09-11 19:43:21] [2557/3471] Fetching topic 8468
[2026-09-11 19:43:22] [2558/3471] Fetching topic 8457
[2026-09-11 19:43:23] [2559/3471] Fetching topic 8380
[2026-09-11 19:43:24] Topic 8380: missing 103 posts; fetching in batches...
[2026-09-11 19:43:28] [2560/3471] Fetching topic 8332
[2026-09-11 19:43:29] [2561/3471] Fetching topic 8356
[2026-09-11 19:43:30] Topic 8356: missing 17 posts; fetching in batches...
[2026-09-11 19:43:31] [2562/3471] Fetching topic 8460
[2026-09-11 19:43:32] [2563/3471] Fetching topic 8430
[2026-09-11 19:43:33] Topic 8430: missing 5 posts; fetching in batches...
[2026-09-11 19:43:34] [2564/3471] Fetching topic 8435
[2026-09-11 19:43:35] [2565/3471] Fetching topic 8205
[2026-09-11 19:43:36] Topic 8205: missing 38 posts; fetching in batches...
[2026-09-11 19:43:38] [2566/3471] Fetching topic 8431
[2026-09-11 19:43:39] [2567/3471] Fetching topic 8425
[2026-09-11 19:43:40] [2568/3471] Fetching topic 8420
[2026-09-11 19:43:41] [2569/3471] Fetching topic 8405
[2026-09-11 19:43:42] [2570/3471] Fetching topic 7329
[2026-09-11 19:43:43] [2571/3471] Fetching topic 8369
[2026-09-11 19:43:44] Topic 8369: missing 10 posts; fetching in batches...
[2026-09-11 19:43:45] [2572/3471] Fetching topic 8394
[2026-09-11 19:43:46] [2573/3471] Fetching topic 8375
[2026-09-11 19:43:48] Topic 8375: downloading 5 uploads
[2026-09-11 19:43:52] Upload failed 404: requested=https://forums.greaterthangames.com/uploads/default/optimized/2X/d/d7e32ac05ba3d8454631d9a3679902ed409246d4_2_690x460.jpeg, final=https://forums.greaterthangames.com/uploads/default/optimized/2X/d/d7e32ac05ba3d8454631d9a3679902ed409246d4_2_690x460.jpeg,
[2026-09-11 19:43:52] Response headers: {'Server': 'nginx', 'Date': 'Fri, 11 Sep 2026 19:43:52 GMT', 'Content-Type': 'text/html', 'Content-Length': '548', 'Connection': 'keep-alive'}
[2026-09-11 19:43:53] [2574/3471] Fetching topic 8386
[2026-09-11 19:43:54] [2575/3471] Fetching topic 8381
[2026-09-11 19:43:55] [2576/3471] Fetching topic 7573
[2026-09-11 19:43:56] Topic 7573: missing 88 posts; fetching in batches...
[2026-09-11 19:43:59] Topic 7573: downloading 9 uploads
[2026-09-11 19:44:03] Upload failed 404: requested=https://forums.greaterthangames.com/uploads/default/optimized/2X/8/892d30feef966c2c6858e04dd9550041c44531ac_2_375x500.png, final=https://forums.greaterthangames.com/uploads/default/optimized/2X/8/892d30feef966c2c6858e04dd9550041c44531ac_2_375x500.png,
[2026-09-11 19:44:03] Response headers: {'Server': 'nginx', 'Date': 'Fri, 11 Sep 2026 19:44:03 GMT', 'Content-Type': 'text/html', 'Content-Length': '548', 'Connection': 'keep-alive'}
[2026-09-11 19:44:08] [2577/3471] Fetching topic 8247
[2026-09-11 19:44:09] Topic 8247: missing 40 posts; fetching in batches...
[2026-09-11 19:44:10] [2578/3471] Fetching topic 8283
[2026-09-11 19:44:11] [2579/3471] Fetching topic 8371
[2026-09-11 19:44:12] [2580/3471] Fetching topic 8362
[2026-09-11 19:44:13] Topic 8362: missing 4 posts; fetching in batches...
[2026-09-11 19:44:14] [2581/3471] Fetching topic 8352
[2026-09-11 19:44:15] [2582/3471] Fetching topic 8303
[2026-09-11 19:44:17] [2583/3471] Fetching topic 8329
[2026-09-11 19:44:18] [2584/3471] Fetching topic 8334
[2026-09-11 19:44:19] [2585/3471] Fetching topic 8343
[2026-09-11 19:44:20] [2586/3471] Fetching topic 8333
[2026-09-11 19:44:21] [2587/3471] Fetching topic 8261
[2026-09-11 19:44:22] [2588/3471] Fetching topic 8286
[2026-09-11 19:44:23] Topic 8286: missing 11 posts; fetching in batches...
[2026-09-11 19:44:24] [2589/3471] Fetching topic 8320
[2026-09-11 19:44:26] [2590/3471] Fetching topic 8284
[2026-09-11 19:44:27] Topic 8284: missing 18 posts; fetching in batches...
[2026-09-11 19:44:28] Topic 8284: downloading 12 uploads
[2026-09-11 19:44:33] Upload failed 404: requested=https://forums.greaterthangames.com/uploads/default/optimized/2X/a/a336e7109b5a4402f5340ec27b4c2ba48e302b30_2_510x500.jpeg, final=https://forums.greaterthangames.com/uploads/default/optimized/2X/a/a336e7109b5a4402f5340ec27b4c2ba48e302b30_2_510x500.jpeg,
[2026-09-11 19:44:33] Response headers: {'Server': 'nginx', 'Date': 'Fri, 11 Sep 2026 19:44:33 GMT', 'Content-Type': 'text/html', 'Content-Length': '548', 'Connection': 'keep-alive'}
[2026-09-11 19:44:37] Upload failed 404: requested=https://forums.greaterthangames.com/uploads/default/optimized/2X/a/a92a7ec827d6917f1695bc9fedb8e04663e0a2ae_2_510x500.jpeg, final=https://forums.greaterthangames.com/uploads/default/optimized/2X/a/a92a7ec827d6917f1695bc9fedb8e04663e0a2ae_2_510x500.jpeg,
[2026-09-11 19:44:37] Response headers: {'Server': 'nginx', 'Date': 'Fri, 11 Sep 2026 19:44:37 GMT', 'Content-Type': 'text/html', 'Content-Length': '548', 'Connection': 'keep-alive'}
[2026-09-11 19:44:40] [2591/3471] Fetching topic 8318
[2026-09-11 19:44:41] [2592/3471] Fetching topic 8210
[2026-09-11 19:44:42] [2593/3471] Fetching topic 8173
[2026-09-11 19:44:44] [2594/3471] Fetching topic 8196
[2026-09-11 19:44:45] [2595/3471] Fetching topic 8209
[2026-09-11 19:44:46] Topic 8209: missing 1 posts; fetching in batches...
[2026-09-11 19:44:47] [2596/3471] Fetching topic 8302
[2026-09-11 19:44:48] [2597/3471] Fetching topic 8293
[2026-09-11 19:44:49] [2598/3471] Fetching topic 8291
[2026-09-11 19:44:50] [2599/3471] Fetching topic 8290
[2026-09-11 19:44:51] [2600/3471] Fetching topic 8279
[2026-09-11 19:44:52] [2601/3471] Fetching topic 8280
[2026-09-11 19:44:54] [2602/3471] Fetching topic 8282
[2026-09-11 19:44:55] [2603/3471] Fetching topic 8276
[2026-09-11 19:44:56] [2604/3471] Fetching topic 8273
[2026-09-11 19:44:57] [2605/3471] Fetching topic 8264
[2026-09-11 19:44:58] [2606/3471] Fetching topic 6308
[2026-09-11 19:44:59] [2607/3471] Fetching topic 8143
[2026-09-11 19:45:00] [2608/3471] Fetching topic 8250
[2026-09-11 19:45:01] [2609/3471] Fetching topic 8224
[2026-09-11 19:45:03] Topic 8224: missing 8 posts; fetching in batches...
[2026-09-11 19:45:04] [2610/3471] Fetching topic 8211
[2026-09-11 19:45:05] Topic 8211: missing 12 posts; fetching in batches...
[2026-09-11 19:45:06] [2611/3471] Fetching topic 8199
[2026-09-11 19:45:07] [2612/3471] Fetching topic 8101
[2026-09-11 19:45:08] [2613/3471] Fetching topic 8113
[2026-09-11 19:45:09] Topic 8113: missing 6 posts; fetching in batches...
[2026-09-11 19:45:10] [2614/3471] Fetching topic 8238
[2026-09-11 19:45:11] [2615/3471] Fetching topic 8237
[2026-09-11 19:45:12] [2616/3471] Fetching topic 8227
[2026-09-11 19:45:14] [2617/3471] Fetching topic 8195
[2026-09-11 19:45:15] [2618/3471] Fetching topic 8110
[2026-09-11 19:45:16] Topic 8110: missing 68 posts; fetching in batches...
[2026-09-11 19:45:18] [2619/3471] Fetching topic 8200
[2026-09-11 19:45:19] [2620/3471] Fetching topic 8047
[2026-09-11 19:45:20] Topic 8047: missing 41 posts; fetching in batches...
[2026-09-11 19:45:22] Topic 8047: downloading 7 uploads
[2026-09-11 19:45:28] Upload failed 404: requested=https://forums.greaterthangames.com/uploads/default/optimized/2X/8/849d0bedf67c5bea6aa144bf8862a31a0cb612b4_2_690x321.jpeg, final=https://forums.greaterthangames.com/uploads/default/optimized/2X/8/849d0bedf67c5bea6aa144bf8862a31a0cb612b4_2_690x321.jpeg,
[2026-09-11 19:45:28] Response headers: {'Server': 'nginx', 'Date': 'Fri, 11 Sep 2026 19:45:27 GMT', 'Content-Type': 'text/html', 'Content-Length': '548', 'Connection': 'keep-alive'}
[2026-09-11 19:45:29] [2621/3471] Fetching topic 6280
[2026-09-11 19:45:30] Topic 6280: missing 67 posts; fetching in batches...
[2026-09-11 19:45:32] Topic 6280: downloading 1 uploads
[2026-09-11 19:45:33] [2622/3471] Fetching topic 8214
[2026-09-11 19:45:34] [2623/3471] Fetching topic 7961
[2026-09-11 19:45:35] [2624/3471] Fetching topic 8028
[2026-09-11 19:45:37] [2625/3471] Fetching topic 8162
[2026-09-11 19:45:38] Topic 8162: missing 2 posts; fetching in batches...
[2026-09-11 19:45:39] [2626/3471] Fetching topic 7658
[2026-09-11 19:45:40] Topic 7658: missing 15 posts; fetching in batches...
[2026-09-11 19:45:41] [2627/3471] Fetching topic 8176
[2026-09-11 19:45:42] [2628/3471] Fetching topic 8188
[2026-09-11 19:45:43] [2629/3471] Fetching topic 7636
[2026-09-11 19:45:44] Topic 7636: missing 27 posts; fetching in batches...
[2026-09-11 19:45:45] [2630/3471] Fetching topic 8168
[2026-09-11 19:45:46] [2631/3471] Fetching topic 8128
[2026-09-11 19:45:48] [2632/3471] Fetching topic 7718
[2026-09-11 19:45:49] Topic 7718: missing 84 posts; fetching in batches...
[2026-09-11 19:45:51] [2633/3471] Fetching topic 7654
[2026-09-11 19:45:52] [2634/3471] Fetching topic 8157
[2026-09-11 19:45:53] [2635/3471] Fetching topic 8146
[2026-09-11 19:45:55] [2636/3471] Fetching topic 8144
[2026-09-11 19:45:56] [2637/3471] Fetching topic 8015
[2026-09-11 19:45:57] [2638/3471] Fetching topic 8096
[2026-09-11 19:45:58] [2639/3471] Fetching topic 8097
[2026-09-11 19:45:59] [2640/3471] Fetching topic 8048
[2026-09-11 19:46:00] [2641/3471] Fetching topic 8064
[2026-09-11 19:46:01] [2642/3471] Fetching topic 7986
[2026-09-11 19:46:03] [2643/3471] Fetching topic 7960
[2026-09-11 19:46:04] Topic 7960: missing 27 posts; fetching in batches...
[2026-09-11 19:46:05] [2644/3471] Fetching topic 8018
[2026-09-11 19:46:06] [2645/3471] Fetching topic 7687
[2026-09-11 19:46:07] Topic 7687: missing 40 posts; fetching in batches...
[2026-09-11 19:46:08] [2646/3471] Fetching topic 7897
[2026-09-11 19:46:10] [2647/3471] Fetching topic 7997
[2026-09-11 19:46:11] [2648/3471] Fetching topic 7858
[2026-09-11 19:46:12] Topic 7858: missing 131 posts; fetching in batches...
[2026-09-11 19:46:15] [2649/3471] Fetching topic 7854
[2026-09-11 19:46:16] Topic 7854: missing 79 posts; fetching in batches...
[2026-09-11 19:46:19] Topic 7854: downloading 2 uploads
[2026-09-11 19:46:21] [2650/3471] Fetching topic 7387
[2026-09-11 19:46:22] Topic 7387: missing 30 posts; fetching in batches...
[2026-09-11 19:46:23] [2651/3471] Fetching topic 7974
[2026-09-11 19:46:24] [2652/3471] Fetching topic 7965
[2026-09-11 19:46:25] [2653/3471] Fetching topic 7949
[2026-09-11 19:46:26] [2654/3471] Fetching topic 7946
[2026-09-11 19:46:27] [2655/3471] Fetching topic 7886
[2026-09-11 19:46:28] Topic 7886: missing 7 posts; fetching in batches...
[2026-09-11 19:46:30] Topic 7886: downloading 5 uploads
[2026-09-11 19:46:34] Upload failed 404: requested=https://forums.greaterthangames.com/uploads/default/optimized/2X/f/f1e7106ec5f7a81ebe7d1d65f91fa75eba8e3b65_2_375x500.jpeg, final=https://forums.greaterthangames.com/uploads/default/optimized/2X/f/f1e7106ec5f7a81ebe7d1d65f91fa75eba8e3b65_2_375x500.jpeg,
[2026-09-11 19:46:34] Response headers: {'Server': 'nginx', 'Date': 'Fri, 11 Sep 2026 19:46:33 GMT', 'Content-Type': 'text/html', 'Content-Length': '548', 'Connection': 'keep-alive'}
[2026-09-11 19:46:35] [2656/3471] Fetching topic 7369
[2026-09-11 19:46:36] Topic 7369: missing 19 posts; fetching in batches...
[2026-09-11 19:46:37] [2657/3471] Fetching topic 7935
[2026-09-11 19:46:38] [2658/3471] Fetching topic 7834
[2026-09-11 19:46:39] [2659/3471] Fetching topic 7890
[2026-09-11 19:46:40] [2660/3471] Fetching topic 7860
[2026-09-11 19:46:42] Topic 7860: downloading 14 uploads
[2026-09-11 19:46:47] Upload failed 404: requested=https://forums.greaterthangames.com/uploads/default/optimized/2X/1/15eea8de258111692e49fc95d9cb0e233e157fcf_2_375x500.jpeg, final=https://forums.greaterthangames.com/uploads/default/optimized/2X/1/15eea8de258111692e49fc95d9cb0e233e157fcf_2_375x500.jpeg,
[2026-09-11 19:46:47] Response headers: {'Server': 'nginx', 'Date': 'Fri, 11 Sep 2026 19:46:46 GMT', 'Content-Type': 'text/html', 'Content-Length': '548', 'Connection': 'keep-alive'}
[2026-09-11 19:46:52] Upload failed 404: requested=https://forums.greaterthangames.com/uploads/default/optimized/2X/8/8cdd14d388f53f39832003c527e38c62c7eaf3c0_2_374x500.jpeg, final=https://forums.greaterthangames.com/uploads/default/optimized/2X/8/8cdd14d388f53f39832003c527e38c62c7eaf3c0_2_374x500.jpeg,
[2026-09-11 19:46:52] Response headers: {'Server': 'nginx', 'Date': 'Fri, 11 Sep 2026 19:46:52 GMT', 'Content-Type': 'text/html', 'Content-Length': '548', 'Connection': 'keep-alive'}
[2026-09-11 19:46:56] [2661/3471] Fetching topic 7911
[2026-09-11 19:46:57] [2662/3471] Fetching topic 7748
[2026-09-11 19:46:58] Topic 7748: missing 30 posts; fetching in batches...
[2026-09-11 19:46:59] [2663/3471] Fetching topic 7904
[2026-09-11 19:47:00] [2664/3471] Fetching topic 7762
[2026-09-11 19:47:01] Topic 7762: missing 12 posts; fetching in batches...
[2026-09-11 19:47:03] [2665/3471] Fetching topic 7909
[2026-09-11 19:47:04] [2666/3471] Fetching topic 7672
[2026-09-11 19:47:05] [2667/3471] Fetching topic 7562
[2026-09-11 19:47:06] Topic 7562: missing 11 posts; fetching in batches...
[2026-09-11 19:47:07] [2668/3471] Fetching topic 7903
[2026-09-11 19:47:08] [2669/3471] Fetching topic 7870
[2026-09-11 19:47:09] [2670/3471] Fetching topic 7883
[2026-09-11 19:47:10] [2671/3471] Fetching topic 7778
[2026-09-11 19:47:12] Topic 7778: missing 115 posts; fetching in batches...
[2026-09-11 19:47:15] [2672/3471] Fetching topic 7561
[2026-09-11 19:47:16] [2673/3471] Fetching topic 7866
[2026-09-11 19:47:17] [2674/3471] Fetching topic 7825
[2026-09-11 19:47:18] [2675/3471] Fetching topic 7827
[2026-09-11 19:47:19] Topic 7827: missing 8 posts; fetching in batches...
[2026-09-11 19:47:20] [2676/3471] Fetching topic 7502
[2026-09-11 19:47:22] Topic 7502: missing 51 posts; fetching in batches...
[2026-09-11 19:47:24] [2677/3471] Fetching topic 7857
[2026-09-11 19:47:25] [2678/3471] Fetching topic 7765
[2026-09-11 19:47:26] Topic 7765: missing 46 posts; fetching in batches...
[2026-09-11 19:47:27] [2679/3471] Fetching topic 7847
[2026-09-11 19:47:28] [2680/3471] Fetching topic 7441
[2026-09-11 19:47:30] [2681/3471] Fetching topic 7772
[2026-09-11 19:47:31] [2682/3471] Fetching topic 7470
[2026-09-11 19:47:32] Topic 7470: downloading 2 uploads
[2026-09-11 19:47:34] [2683/3471] Fetching topic 7836
[2026-09-11 19:47:35] [2684/3471] Fetching topic 7839
[2026-09-11 19:47:36] [2685/3471] Fetching topic 7522
[2026-09-11 19:47:37] Topic 7522: missing 20 posts; fetching in batches...
[2026-09-11 19:47:38] [2686/3471] Fetching topic 7790
[2026-09-11 19:47:39] Topic 7790: missing 27 posts; fetching in batches...
[2026-09-11 19:47:41] [2687/3471] Fetching topic 7817
[2026-09-11 19:47:42] [2688/3471] Fetching topic 7811
[2026-09-11 19:47:43] [2689/3471] Fetching topic 7809
[2026-09-11 19:47:44] [2690/3471] Fetching topic 7633
[2026-09-11 19:47:45] [2691/3471] Fetching topic 7783
[2026-09-11 19:47:46] [2692/3471] Fetching topic 7706
[2026-09-11 19:47:47] Topic 7706: missing 20 posts; fetching in batches...
[2026-09-11 19:47:48] Topic 7706: downloading 1 uploads
[2026-09-11 19:47:49] Upload failed 404: requested=https://forums.greaterthangames.com/uploads/2013/03/shut-up-and-take-my-money.jpg final=https://forums.greaterthangames.com/uploads/2013/03/shut-up-and-take-my-money.jpg
[2026-09-11 19:47:49] Response headers: {'Server': 'nginx', 'Date': 'Fri, 11 Sep 2026 19:47:49 GMT', 'Content-Type': 'text/html', 'Content-Length': '548', 'Connection': 'keep-alive'}
[2026-09-11 19:47:49] [2693/3471] Fetching topic 7317
[2026-09-11 19:47:51] [2694/3471] Fetching topic 7780
[2026-09-11 19:47:52] [2695/3471] Fetching topic 7693
[2026-09-11 19:47:53] Topic 7693: missing 29 posts; fetching in batches...
[2026-09-11 19:47:54] [2696/3471] Fetching topic 7779
[2026-09-11 19:47:55] Topic 7779: downloading 8 uploads
[2026-09-11 19:47:59] Upload failed 404: requested=https://forums.greaterthangames.com/uploads/default/optimized/2X/9/90a4c5b8209ef61f9db5010a930ba5eeeec80d32_2_373x500.jpeg, final=https://forums.greaterthangames.com/uploads/default/optimized/2X/9/90a4c5b8209ef61f9db5010a930ba5eeeec80d32_2_373x500.jpeg,
[2026-09-11 19:47:59] Response headers: {'Server': 'nginx', 'Date': 'Fri, 11 Sep 2026 19:47:59 GMT', 'Content-Type': 'text/html', 'Content-Length': '548', 'Connection': 'keep-alive'}
[2026-09-11 19:48:03] [2697/3471] Fetching topic 7469
[2026-09-11 19:48:04] Topic 7469: missing 7 posts; fetching in batches...
[2026-09-11 19:48:05] [2698/3471] Fetching topic 7060
[2026-09-11 19:48:07] Topic 7060: missing 21 posts; fetching in batches...
[2026-09-11 19:48:08] [2699/3471] Fetching topic 5459
[2026-09-11 19:48:09] [2700/3471] Fetching topic 7690
[2026-09-11 19:48:10] [2701/3471] Fetching topic 7745
[2026-09-11 19:48:11] [2702/3471] Fetching topic 7741
[2026-09-11 19:48:12] [2703/3471] Fetching topic 7660
[2026-09-11 19:48:13] [2704/3471] Fetching topic 7587
[2026-09-11 19:48:14] Topic 7587: missing 113 posts; fetching in batches...
[2026-09-11 19:48:18] Topic 7587: downloading 1 uploads
[2026-09-11 19:48:19] [2705/3471] Fetching topic 7708
[2026-09-11 19:48:20] [2706/3471] Fetching topic 7677
[2026-09-11 19:48:21] [2707/3471] Fetching topic 7699
[2026-09-11 19:48:22] [2708/3471] Fetching topic 7681
[2026-09-11 19:48:23] [2709/3471] Fetching topic 7692
[2026-09-11 19:48:24] [2710/3471] Fetching topic 7697
[2026-09-11 19:48:26] [2711/3471] Fetching topic 6127
[2026-09-11 19:48:27] Topic 6127: missing 103 posts; fetching in batches...
[2026-09-11 19:48:30] [2712/3471] Fetching topic 7702
[2026-09-11 19:48:31] [2713/3471] Fetching topic 7626
[2026-09-11 19:48:32] [2714/3471] Fetching topic 7684
[2026-09-11 19:48:33] [2715/3471] Fetching topic 7661
[2026-09-11 19:48:35] [2716/3471] Fetching topic 7655
[2026-09-11 19:48:36] [2717/3471] Fetching topic 5663
[2026-09-11 19:48:37] [2718/3471] Fetching topic 7664
[2026-09-11 19:48:38] [2719/3471] Fetching topic 7659
[2026-09-11 19:48:39] [2720/3471] Fetching topic 7656
[2026-09-11 19:48:40] [2721/3471] Fetching topic 7647
[2026-09-11 19:48:41] [2722/3471] Fetching topic 7644
[2026-09-11 19:48:42] [2723/3471] Fetching topic 7642
[2026-09-11 19:48:44] [2724/3471] Fetching topic 7641
[2026-09-11 19:48:45] [2725/3471] Fetching topic 7549
[2026-09-11 19:48:46] [2726/3471] Fetching topic 7629
[2026-09-11 19:48:47] [2727/3471] Fetching topic 7621
[2026-09-11 19:48:48] [2728/3471] Fetching topic 7624
[2026-09-11 19:48:49] [2729/3471] Fetching topic 7620
[2026-09-11 19:48:50] [2730/3471] Fetching topic 7619
[2026-09-11 19:48:51] [2731/3471] Fetching topic 7513
[2026-09-11 19:48:53] [2732/3471] Fetching topic 7600
[2026-09-11 19:48:54] [2733/3471] Fetching topic 7515
[2026-09-11 19:48:55] Topic 7515: missing 31 posts; fetching in batches...
[2026-09-11 19:48:56] [2734/3471] Fetching topic 7610
[2026-09-11 19:48:57] [2735/3471] Fetching topic 7577
[2026-09-11 19:48:58] Topic 7577: missing 21 posts; fetching in batches...
[2026-09-11 19:48:59] [2736/3471] Fetching topic 7599
[2026-09-11 19:49:00] [2737/3471] Fetching topic 7593
[2026-09-11 19:49:02] [2738/3471] Fetching topic 7596
[2026-09-11 19:49:03] [2739/3471] Fetching topic 7606
[2026-09-11 19:49:04] [2740/3471] Fetching topic 7604
[2026-09-11 19:49:05] [2741/3471] Fetching topic 7566
[2026-09-11 19:49:06] [2742/3471] Fetching topic 7591
[2026-09-11 19:49:07] [2743/3471] Fetching topic 7494
[2026-09-11 19:49:08] [2744/3471] Fetching topic 7279
[2026-09-11 19:49:09] Topic 7279: missing 257 posts; fetching in batches...
[2026-09-11 19:49:16] Topic 7279: downloading 15 uploads
[2026-09-11 19:49:23] Upload failed 404: requested=https://forums.greaterthangames.com/uploads/default/optimized/2X/3/3bf87ebe4acbbb13a52957a3cc130e943f64c613_2_375x500.jpeg, final=https://forums.greaterthangames.com/uploads/default/optimized/2X/3/3bf87ebe4acbbb13a52957a3cc130e943f64c613_2_375x500.jpeg,
[2026-09-11 19:49:23] Response headers: {'Server': 'nginx', 'Date': 'Fri, 11 Sep 2026 19:49:23 GMT', 'Content-Type': 'text/html', 'Content-Length': '548', 'Connection': 'keep-alive'}
[2026-09-11 19:49:27] Upload failed 404: requested=https://forums.greaterthangames.com/uploads/default/optimized/2X/b/ba1a577982bbfa528805dff8a72bc7293e407b95_2_416x500.jpeg, final=https://forums.greaterthangames.com/uploads/default/optimized/2X/b/ba1a577982bbfa528805dff8a72bc7293e407b95_2_416x500.jpeg,
[2026-09-11 19:49:27] Response headers: {'Server': 'nginx', 'Date': 'Fri, 11 Sep 2026 19:49:27 GMT', 'Content-Type': 'text/html', 'Content-Length': '548', 'Connection': 'keep-alive'}
[2026-09-11 19:49:32] [2745/3471] Fetching topic 7590
[2026-09-11 19:49:33] [2746/3471] Fetching topic 7578
[2026-09-11 19:49:34] [2747/3471] Fetching topic 7579
[2026-09-11 19:49:35] [2748/3471] Fetching topic 7575
[2026-09-11 19:49:36] [2749/3471] Fetching topic 7571
[2026-09-11 19:49:37] [2750/3471] Fetching topic 7559
[2026-09-11 19:49:39] [2751/3471] Fetching topic 7488
[2026-09-11 19:49:40] [2752/3471] Fetching topic 7455
[2026-09-11 19:49:41] [2753/3471] Fetching topic 7563
[2026-09-11 19:49:42] [2754/3471] Fetching topic 6620
[2026-09-11 19:49:43] [2755/3471] Fetching topic 7479
[2026-09-11 19:49:44] Topic 7479: missing 19 posts; fetching in batches...
[2026-09-11 19:49:45] [2756/3471] Fetching topic 7532
[2026-09-11 19:49:46] [2757/3471] Fetching topic 7433
[2026-09-11 19:49:48] [2758/3471] Fetching topic 6908
[2026-09-11 19:49:49] Topic 6908: missing 16 posts; fetching in batches...
[2026-09-11 19:49:50] [2759/3471] Fetching topic 7383
[2026-09-11 19:49:51] Topic 7383: missing 5 posts; fetching in batches...
[2026-09-11 19:49:52] [2760/3471] Fetching topic 7389
[2026-09-11 19:49:53] [2761/3471] Fetching topic 7000
[2026-09-11 19:49:54] Topic 7000: missing 46 posts; fetching in batches...
[2026-09-11 19:49:55] [2762/3471] Fetching topic 5652
[2026-09-11 19:49:56] Topic 5652: missing 77 posts; fetching in batches...
[2026-09-11 19:49:59] [2763/3471] Fetching topic 7547
[2026-09-11 19:50:00] [2764/3471] Fetching topic 7528
[2026-09-11 19:50:01] [2765/3471] Fetching topic 7539
[2026-09-11 19:50:02] [2766/3471] Fetching topic 7538
[2026-09-11 19:50:03] [2767/3471] Fetching topic 7531
[2026-09-11 19:50:04] [2768/3471] Fetching topic 7519
[2026-09-11 19:50:06] [2769/3471] Fetching topic 7288
[2026-09-11 19:50:07] Topic 7288: missing 69 posts; fetching in batches...
[2026-09-11 19:50:09] [2770/3471] Fetching topic 7493
[2026-09-11 19:50:10] [2771/3471] Fetching topic 7524
[2026-09-11 19:50:11] [2772/3471] Fetching topic 7290
[2026-09-11 19:50:12] Topic 7290: missing 10 posts; fetching in batches...
[2026-09-11 19:50:13] [2773/3471] Fetching topic 7330
[2026-09-11 19:50:14] [2774/3471] Fetching topic 7507
[2026-09-11 19:50:16] [2775/3471] Fetching topic 6953
[2026-09-11 19:50:17] Topic 6953: missing 17 posts; fetching in batches...
[2026-09-11 19:50:18] Topic 6953: downloading 2 uploads
[2026-09-11 19:50:20] [2776/3471] Fetching topic 7500
[2026-09-11 19:50:21] [2777/3471] Fetching topic 7459
[2026-09-11 19:50:22] Topic 7459: missing 10 posts; fetching in batches...
[2026-09-11 19:50:23] [2778/3471] Fetching topic 7496
[2026-09-11 19:50:24] [2779/3471] Fetching topic 7427
[2026-09-11 19:50:25] Topic 7427: missing 10 posts; fetching in batches...
[2026-09-11 19:50:26] [2780/3471] Fetching topic 7480
[2026-09-11 19:50:28] [2781/3471] Fetching topic 7492
[2026-09-11 19:50:29] [2782/3471] Fetching topic 7490
[2026-09-11 19:50:30] [2783/3471] Fetching topic 7396
[2026-09-11 19:50:31] [2784/3471] Fetching topic 7333
[2026-09-11 19:50:32] [2785/3471] Fetching topic 7485
[2026-09-11 19:50:33] [2786/3471] Fetching topic 7453
[2026-09-11 19:50:34] [2787/3471] Fetching topic 7431
[2026-09-11 19:50:36] Topic 7431: missing 5 posts; fetching in batches...
[2026-09-11 19:50:37] [2788/3471] Fetching topic 7463
[2026-09-11 19:50:38] [2789/3471] Fetching topic 7462
[2026-09-11 19:50:39] [2790/3471] Fetching topic 6347
[2026-09-11 19:50:40] [2791/3471] Fetching topic 7420
[2026-09-11 19:50:41] Topic 7420: missing 1 posts; fetching in batches...
[2026-09-11 19:50:42] [2792/3471] Fetching topic 7445
[2026-09-11 19:50:43] [2793/3471] Fetching topic 7444
[2026-09-11 19:50:44] [2794/3471] Fetching topic 7429
[2026-09-11 19:50:45] [2795/3471] Fetching topic 7418
[2026-09-11 19:50:47] Topic 7418: missing 3 posts; fetching in batches...
[2026-09-11 19:50:48] [2796/3471] Fetching topic 7299
[2026-09-11 19:50:49] Topic 7299: missing 56 posts; fetching in batches...
[2026-09-11 19:50:51] [2797/3471] Fetching topic 7426
[2026-09-11 19:50:52] [2798/3471] Fetching topic 6898
[2026-09-11 19:50:53] [2799/3471] Fetching topic 7400
[2026-09-11 19:50:54] [2800/3471] Fetching topic 7415
[2026-09-11 19:50:56] [2801/3471] Fetching topic 7406
[2026-09-11 19:50:57] Topic 7406: missing 16 posts; fetching in batches...
[2026-09-11 19:50:58] [2802/3471] Fetching topic 7407
[2026-09-11 19:50:59] [2803/3471] Fetching topic 7411
[2026-09-11 19:51:00] [2804/3471] Fetching topic 6450
[2026-09-11 19:51:01] Topic 6450: missing 131 posts; fetching in batches...
[2026-09-11 19:51:05] [2805/3471] Fetching topic 7402
[2026-09-11 19:51:06] [2806/3471] Fetching topic 7410
[2026-09-11 19:51:07] [2807/3471] Fetching topic 7380
[2026-09-11 19:51:08] [2808/3471] Fetching topic 5572
[2026-09-11 19:51:09] Topic 5572: missing 13 posts; fetching in batches...
[2026-09-11 19:51:10] [2809/3471] Fetching topic 7375
[2026-09-11 19:51:11] [2810/3471] Fetching topic 7268
[2026-09-11 19:51:12] Topic 7268: missing 44 posts; fetching in batches...
[2026-09-11 19:51:14] [2811/3471] Fetching topic 6174
[2026-09-11 19:51:15] Topic 6174: missing 20 posts; fetching in batches...
[2026-09-11 19:51:16] [2812/3471] Fetching topic 7385
[2026-09-11 19:51:17] [2813/3471] Fetching topic 7376
[2026-09-11 19:51:18] [2814/3471] Fetching topic 7331
[2026-09-11 19:51:19] [2815/3471] Fetching topic 7372
[2026-09-11 19:51:20] [2816/3471] Fetching topic 7367
[2026-09-11 19:51:22] [2817/3471] Fetching topic 7361
[2026-09-11 19:51:23] [2818/3471] Fetching topic 7357
[2026-09-11 19:51:24] [2819/3471] Fetching topic 7315
[2026-09-11 19:51:25] [2820/3471] Fetching topic 7345
[2026-09-11 19:51:26] [2821/3471] Fetching topic 7358
[2026-09-11 19:51:27] [2822/3471] Fetching topic 7356
[2026-09-11 19:51:28] [2823/3471] Fetching topic 6619
[2026-09-11 19:51:29] Topic 6619: missing 101 posts; fetching in batches...
[2026-09-11 19:51:33] [2824/3471] Fetching topic 7347
[2026-09-11 19:51:34] Topic 7347: downloading 7 uploads
[2026-09-11 19:51:38] Upload failed 404: requested=https://forums.greaterthangames.com/uploads/default/optimized/2X/5/5d31c78de05a08a75190360af9e19b295d6fc724_2_307x500.jpeg, final=https://forums.greaterthangames.com/uploads/default/optimized/2X/5/5d31c78de05a08a75190360af9e19b295d6fc724_2_307x500.jpeg,
[2026-09-11 19:51:38] Response headers: {'Server': 'nginx', 'Date': 'Fri, 11 Sep 2026 19:51:38 GMT', 'Content-Type': 'text/html', 'Content-Length': '548', 'Connection': 'keep-alive'}
[2026-09-11 19:51:41] [2825/3471] Fetching topic 7339
[2026-09-11 19:51:42] [2826/3471] Fetching topic 7277
[2026-09-11 19:51:43] Topic 7277: missing 30 posts; fetching in batches...
[2026-09-11 19:51:44] [2827/3471] Fetching topic 7336
[2026-09-11 19:51:46] [2828/3471] Fetching topic 7318
[2026-09-11 19:51:47] [2829/3471] Fetching topic 7323
[2026-09-11 19:51:48] [2830/3471] Fetching topic 7328
[2026-09-11 19:51:49] [2831/3471] Fetching topic 7314
[2026-09-11 19:51:50] [2832/3471] Fetching topic 7319
[2026-09-11 19:51:51] [2833/3471] Fetching topic 7149
[2026-09-11 19:51:52] [2834/3471] Fetching topic 7311
[2026-09-11 19:51:53] [2835/3471] Fetching topic 7280
[2026-09-11 19:51:55] [2836/3471] Fetching topic 7131
[2026-09-11 19:51:56] Topic 7131: missing 27 posts; fetching in batches...
[2026-09-11 19:51:57] Topic 7131: downloading 6 uploads
[2026-09-11 19:52:01] Upload failed 404: requested=https://forums.greaterthangames.com/uploads/default/optimized/2X/1/1995d80ff834e26b0ec4cd828702e2cda52be104_2_666x500.jpeg, final=https://forums.greaterthangames.com/uploads/default/optimized/2X/1/1995d80ff834e26b0ec4cd828702e2cda52be104_2_666x500.jpeg,
[2026-09-11 19:52:01] Response headers: {'Server': 'nginx', 'Date': 'Fri, 11 Sep 2026 19:52:01 GMT', 'Content-Type': 'text/html', 'Content-Length': '548', 'Connection': 'keep-alive'}
[2026-09-11 19:52:03] [2837/3471] Fetching topic 6969
[2026-09-11 19:52:04] [2838/3471] Fetching topic 7285
[2026-09-11 19:52:05] Topic 7285: missing 1 posts; fetching in batches...
[2026-09-11 19:52:06] [2839/3471] Fetching topic 7293
[2026-09-11 19:52:07] [2840/3471] Fetching topic 7249
[2026-09-11 19:52:09] [2841/3471] Fetching topic 7287
[2026-09-11 19:52:10] [2842/3471] Fetching topic 7284
[2026-09-11 19:52:11] [2843/3471] Fetching topic 6929
[2026-09-11 19:52:12] [2844/3471] Fetching topic 7191
[2026-09-11 19:52:13] [2845/3471] Fetching topic 7281
[2026-09-11 19:52:14] [2846/3471] Fetching topic 7264
[2026-09-11 19:52:15] [2847/3471] Fetching topic 7267
[2026-09-11 19:52:16] [2848/3471] Fetching topic 7275
[2026-09-11 19:52:18] [2849/3471] Fetching topic 7193
[2026-09-11 19:52:19] [2850/3471] Fetching topic 5753
[2026-09-11 19:52:20] Topic 5753: missing 22 posts; fetching in batches...
[2026-09-11 19:52:21] [2851/3471] Fetching topic 7253
[2026-09-11 19:52:22] [2852/3471] Fetching topic 7232
[2026-09-11 19:52:23] [2853/3471] Fetching topic 7218
[2026-09-11 19:52:24] [2854/3471] Fetching topic 7205
[2026-09-11 19:52:25] [2855/3471] Fetching topic 7212
[2026-09-11 19:52:27] [2856/3471] Fetching topic 7224
[2026-09-11 19:52:28] [2857/3471] Fetching topic 7222
[2026-09-11 19:52:29] [2858/3471] Fetching topic 7210
[2026-09-11 19:52:30] [2859/3471] Fetching topic 7197
[2026-09-11 19:52:31] Topic 7197: missing 8 posts; fetching in batches...
[2026-09-11 19:52:32] [2860/3471] Fetching topic 7201
[2026-09-11 19:52:33] [2861/3471] Fetching topic 6624
[2026-09-11 19:52:34] Topic 6624: missing 34 posts; fetching in batches...
[2026-09-11 19:52:35] [2862/3471] Fetching topic 7211
[2026-09-11 19:52:37] [2863/3471] Fetching topic 5267
[2026-09-11 19:52:38] [2864/3471] Fetching topic 7207
[2026-09-11 19:52:39] [2865/3471] Fetching topic 6885
[2026-09-11 19:52:40] Topic 6885: missing 9 posts; fetching in batches...
[2026-09-11 19:52:41] [2866/3471] Fetching topic 7203
[2026-09-11 19:52:42] [2867/3471] Fetching topic 7198
[2026-09-11 19:52:43] [2868/3471] Fetching topic 7190
[2026-09-11 19:52:44] [2869/3471] Fetching topic 7045
[2026-09-11 19:52:46] [2870/3471] Fetching topic 6926
[2026-09-11 19:52:47] [2871/3471] Fetching topic 7189
[2026-09-11 19:52:48] Topic 7189: downloading 8 uploads
[2026-09-11 19:52:52] Upload failed 404: requested=https://forums.greaterthangames.com/uploads/default/optimized/2X/4/47636a9489570496f9d245cafcb525828d5d841e_2_375x500.jpeg, final=https://forums.greaterthangames.com/uploads/default/optimized/2X/4/47636a9489570496f9d245cafcb525828d5d841e_2_375x500.jpeg,
[2026-09-11 19:52:52] Response headers: {'Server': 'nginx', 'Date': 'Fri, 11 Sep 2026 19:52:52 GMT', 'Content-Type': 'text/html', 'Content-Length': '548', 'Connection': 'keep-alive'}
[2026-09-11 19:52:56] [2872/3471] Fetching topic 6995
[2026-09-11 19:52:57] Topic 6995: missing 12 posts; fetching in batches...
[2026-09-11 19:52:58] Topic 6995: downloading 2 uploads
[2026-09-11 19:52:59] Upload failed 404: requested=https://forums.greaterthangames.com/uploads/2012/12/Preview-Guide-Lores.pdf final=https://forums.greaterthangames.com/uploads/2012/12/Preview-Guide-Lores.pdf
[2026-09-11 19:52:59] Response headers: {'Server': 'nginx', 'Date': 'Fri, 11 Sep 2026 19:52:59 GMT', 'Content-Type': 'text/html; charset=utf-8', 'Transfer-Encoding': 'chunked', 'Connection': 'keep-alive', 'Vary': 'Accept-Encoding', 'Content-Security-Policy': "upgrade-insecure-requests; base-uri 'self'; object-src 'none'; script-src 'nonce-MI8yACiKVtfRAszUfMUHSQdsS' 'strict-dynamic'; frame-ancestors 'self'; manifest-src 'self'", 'X-Request-Id': 'f1ff311a-5965-4efc-87d2-7eff4d6d026b', 'X-Runtime': '0.022082', 'Content-Encoding': 'gzip'}
[2026-09-11 19:53:00] Upload failed 404: requested=https://forums.greaterthangames.com/uploads/2012/12/Preview-Guide-Lores.pdf</a final=https://forums.greaterthangames.com/uploads/2012/12/Preview-Guide-Lores.pdf%3C/a
[2026-09-11 19:53:00] Response headers: {'Server': 'nginx', 'Date': 'Fri, 11 Sep 2026 19:53:00 GMT', 'Content-Type': 'text/html; charset=utf-8', 'Transfer-Encoding': 'chunked', 'Connection': 'keep-alive', 'Vary': 'Accept-Encoding', 'Content-Security-Policy': "upgrade-insecure-requests; base-uri 'self'; object-src 'none'; script-src 'nonce-97H5Q3Hrhp5orJwnOX2bq7pjF' 'strict-dynamic'; frame-ancestors 'self'; manifest-src 'self'", 'X-Request-Id': 'e0bf399f-970a-4603-8013-7106d56afe55', 'X-Runtime': '0.023724', 'Content-Encoding': 'gzip'}
[2026-09-11 19:53:00] [2873/3471] Fetching topic 6988
[2026-09-11 19:53:02] [2874/3471] Fetching topic 7151
[2026-09-11 19:53:03] [2875/3471] Fetching topic 7174
[2026-09-11 19:53:04] [2876/3471] Fetching topic 7150
[2026-09-11 19:53:05] [2877/3471] Fetching topic 7136
[2026-09-11 19:53:06] [2878/3471] Fetching topic 7026
[2026-09-11 19:53:07] Topic 7026: missing 7 posts; fetching in batches...
[2026-09-11 19:53:08] [2879/3471] Fetching topic 6855
[2026-09-11 19:53:09] Topic 6855: missing 18 posts; fetching in batches...
[2026-09-11 19:53:11] [2880/3471] Fetching topic 7148
[2026-09-11 19:53:12] [2881/3471] Fetching topic 7139
[2026-09-11 19:53:13] [2882/3471] Fetching topic 7112
[2026-09-11 19:53:14] [2883/3471] Fetching topic 6540
[2026-09-11 19:53:15] Topic 6540: missing 202 posts; fetching in batches...
[2026-09-11 19:53:21] [2884/3471] Fetching topic 7119
[2026-09-11 19:53:22] [2885/3471] Fetching topic 7080
[2026-09-11 19:53:23] [2886/3471] Fetching topic 7106
[2026-09-11 19:53:24] [2887/3471] Fetching topic 7127
[2026-09-11 19:53:25] [2888/3471] Fetching topic 7117
[2026-09-11 19:53:26] [2889/3471] Fetching topic 7122
[2026-09-11 19:53:28] [2890/3471] Fetching topic 7123
[2026-09-11 19:53:29] [2891/3471] Fetching topic 7082
[2026-09-11 19:53:30] [2892/3471] Fetching topic 7115
[2026-09-11 19:53:31] [2893/3471] Fetching topic 6839
[2026-09-11 19:53:32] Topic 6839: missing 47 posts; fetching in batches...
[2026-09-11 19:53:33] [2894/3471] Fetching topic 7100
[2026-09-11 19:53:34] [2895/3471] Fetching topic 7095
[2026-09-11 19:53:36] [2896/3471] Fetching topic 7073
[2026-09-11 19:53:37] [2897/3471] Fetching topic 7027
[2026-09-11 19:53:38] Topic 7027: missing 10 posts; fetching in batches...
[2026-09-11 19:53:39] [2898/3471] Fetching topic 6989
[2026-09-11 19:53:40] [2899/3471] Fetching topic 6766
[2026-09-11 19:53:41] Topic 6766: missing 3 posts; fetching in batches...
[2026-09-11 19:53:42] [2900/3471] Fetching topic 6920
[2026-09-11 19:53:43] [2901/3471] Fetching topic 7069
[2026-09-11 19:53:44] [2902/3471] Fetching topic 7078
[2026-09-11 19:53:46] [2903/3471] Fetching topic 7076
[2026-09-11 19:53:47] [2904/3471] Fetching topic 7025
[2026-09-11 19:53:48] [2905/3471] Fetching topic 7064
[2026-09-11 19:53:49] [2906/3471] Fetching topic 6783
[2026-09-11 19:53:50] Topic 6783: missing 3 posts; fetching in batches...
[2026-09-11 19:53:51] Topic 6783: downloading 1 uploads
[2026-09-11 19:53:52] Upload failed 404: requested=https://forums.greaterthangames.com/uploads/2012/07/kravenslasthunt.jpg final=https://forums.greaterthangames.com/uploads/2012/07/kravenslasthunt.jpg
[2026-09-11 19:53:52] Response headers: {'Server': 'nginx', 'Date': 'Fri, 11 Sep 2026 19:53:52 GMT', 'Content-Type': 'text/html', 'Content-Length': '548', 'Connection': 'keep-alive'}
[2026-09-11 19:53:52] [2907/3471] Fetching topic 7062
[2026-09-11 19:53:53] [2908/3471] Fetching topic 6693
[2026-09-11 19:53:54] Topic 6693: missing 39 posts; fetching in batches...
[2026-09-11 19:53:56] [2909/3471] Fetching topic 7063
[2026-09-11 19:53:57] [2910/3471] Fetching topic 7059
[2026-09-11 19:53:58] [2911/3471] Fetching topic 7054
[2026-09-11 19:53:59] [2912/3471] Fetching topic 6955
[2026-09-11 19:54:00] [2913/3471] Fetching topic 7050
[2026-09-11 19:54:01] [2914/3471] Fetching topic 6309
[2026-09-11 19:54:02] [2915/3471] Fetching topic 6143
[2026-09-11 19:54:03] Topic 6143: missing 113 posts; fetching in batches...
[2026-09-11 19:54:07] Topic 6143: downloading 1 uploads
[2026-09-11 19:54:08] [2916/3471] Fetching topic 7049
[2026-09-11 19:54:09] [2917/3471] Fetching topic 7042
[2026-09-11 19:54:10] [2918/3471] Fetching topic 7020
[2026-09-11 19:54:11] [2919/3471] Fetching topic 7038
[2026-09-11 19:54:12] [2920/3471] Fetching topic 6257
[2026-09-11 19:54:14] Topic 6257: missing 20 posts; fetching in batches...
[2026-09-11 19:54:15] [2921/3471] Fetching topic 5590
[2026-09-11 19:54:16] Topic 5590: missing 83 posts; fetching in batches...
[2026-09-11 19:54:18] [2922/3471] Fetching topic 7028
[2026-09-11 19:54:19] [2923/3471] Fetching topic 6827
[2026-09-11 19:54:20] Topic 6827: missing 1 posts; fetching in batches...
[2026-09-11 19:54:21] [2924/3471] Fetching topic 7018
[2026-09-11 19:54:22] [2925/3471] Fetching topic 6555
[2026-09-11 19:54:24] [2926/3471] Fetching topic 7010
[2026-09-11 19:54:25] [2927/3471] Fetching topic 7003
[2026-09-11 19:54:26] [2928/3471] Fetching topic 6952
[2026-09-11 19:54:27] [2929/3471] Fetching topic 6919
[2026-09-11 19:54:28] [2930/3471] Fetching topic 6957
[2026-09-11 19:54:29] [2931/3471] Fetching topic 6994
[2026-09-11 19:54:30] [2932/3471] Fetching topic 6978
[2026-09-11 19:54:32] [2933/3471] Fetching topic 6996
[2026-09-11 19:54:33] Topic 6996: downloading 5 uploads
[2026-09-11 19:54:37] Upload failed 404: requested=https://forums.greaterthangames.com/uploads/default/optimized/2X/0/07bea0a2a5374b5eb4e65a81c504ebd5f7ce4aa8_2_669x500.jpeg, final=https://forums.greaterthangames.com/uploads/default/optimized/2X/0/07bea0a2a5374b5eb4e65a81c504ebd5f7ce4aa8_2_669x500.jpeg,
[2026-09-11 19:54:37] Response headers: {'Server': 'nginx', 'Date': 'Fri, 11 Sep 2026 19:54:37 GMT', 'Content-Type': 'text/html', 'Content-Length': '548', 'Connection': 'keep-alive'}
[2026-09-11 19:54:38] [2934/3471] Fetching topic 6990
[2026-09-11 19:54:39] [2935/3471] Fetching topic 6246
[2026-09-11 19:54:40] [2936/3471] Fetching topic 6936
[2026-09-11 19:54:41] [2937/3471] Fetching topic 6934
[2026-09-11 19:54:42] [2938/3471] Fetching topic 6976
[2026-09-11 19:54:44] [2939/3471] Fetching topic 6966
[2026-09-11 19:54:45] [2940/3471] Fetching topic 6959
[2026-09-11 19:54:46] [2941/3471] Fetching topic 6823
[2026-09-11 19:54:47] [2942/3471] Fetching topic 6962
[2026-09-11 19:54:48] [2943/3471] Fetching topic 6964
[2026-09-11 19:54:49] [2944/3471] Fetching topic 5676
[2026-09-11 19:54:50] Topic 5676: missing 20 posts; fetching in batches...
[2026-09-11 19:54:51] [2945/3471] Fetching topic 6671
[2026-09-11 19:54:53] Topic 6671: missing 241 posts; fetching in batches...
[2026-09-11 19:54:58] Topic 6671: downloading 4 uploads
[2026-09-11 19:55:01] Upload failed 404: requested=https://forums.greaterthangames.com/uploads/default/optimized/2X/a/af3acad27fbaa649810fb558c27723e5609f85ee_2_357x500.jpeg, final=https://forums.greaterthangames.com/uploads/default/optimized/2X/a/af3acad27fbaa649810fb558c27723e5609f85ee_2_357x500.jpeg,
[2026-09-11 19:55:01] Response headers: {'Server': 'nginx', 'Date': 'Fri, 11 Sep 2026 19:55:01 GMT', 'Content-Type': 'text/html', 'Content-Length': '548', 'Connection': 'keep-alive'}
[2026-09-11 19:55:03] [2946/3471] Fetching topic 6940
[2026-09-11 19:55:04] Topic 6940: missing 6 posts; fetching in batches...
[2026-09-11 19:55:05] [2947/3471] Fetching topic 6917
[2026-09-11 19:55:06] [2948/3471] Fetching topic 6951
[2026-09-11 19:55:07] [2949/3471] Fetching topic 6907
[2026-09-11 19:55:08] Topic 6907: missing 13 posts; fetching in batches...
[2026-09-11 19:55:09] [2950/3471] Fetching topic 6945
[2026-09-11 19:55:10] [2951/3471] Fetching topic 6950
[2026-09-11 19:55:11] [2952/3471] Fetching topic 6845
[2026-09-11 19:55:13] [2953/3471] Fetching topic 6939
[2026-09-11 19:55:14] [2954/3471] Fetching topic 6932
[2026-09-11 19:55:15] [2955/3471] Fetching topic 6937
[2026-09-11 19:55:16] [2956/3471] Fetching topic 5990
[2026-09-11 19:55:17] Topic 5990: missing 30 posts; fetching in batches...
[2026-09-11 19:55:18] [2957/3471] Fetching topic 6935
[2026-09-11 19:55:19] [2958/3471] Fetching topic 6928
[2026-09-11 19:55:21] [2959/3471] Fetching topic 6756
[2026-09-11 19:55:22] Topic 6756: missing 63 posts; fetching in batches...
[2026-09-11 19:55:24] [2960/3471] Fetching topic 6698
[2026-09-11 19:55:25] Topic 6698: missing 45 posts; fetching in batches...
[2026-09-11 19:55:26] [2961/3471] Fetching topic 6894
[2026-09-11 19:55:27] [2962/3471] Fetching topic 6895
[2026-09-11 19:55:29] [2963/3471] Fetching topic 6901
[2026-09-11 19:55:30] [2964/3471] Fetching topic 6881
[2026-09-11 19:55:31] Topic 6881: missing 7 posts; fetching in batches...
[2026-09-11 19:55:32] [2965/3471] Fetching topic 6840
[2026-09-11 19:55:33] [2966/3471] Fetching topic 6905
[2026-09-11 19:55:34] [2967/3471] Fetching topic 6902
[2026-09-11 19:55:35] [2968/3471] Fetching topic 6851
[2026-09-11 19:55:36] [2969/3471] Fetching topic 6897
[2026-09-11 19:55:37] [2970/3471] Fetching topic 6886
[2026-09-11 19:55:39] [2971/3471] Fetching topic 6877
[2026-09-11 19:55:40] Topic 6877: missing 4 posts; fetching in batches...
[2026-09-11 19:55:41] [2972/3471] Fetching topic 6887
[2026-09-11 19:55:42] [2973/3471] Fetching topic 6880
[2026-09-11 19:55:43] [2974/3471] Fetching topic 6889
[2026-09-11 19:55:44] [2975/3471] Fetching topic 6684
[2026-09-11 19:55:45] Topic 6684: missing 8 posts; fetching in batches...
[2026-09-11 19:55:46] [2976/3471] Fetching topic 6647
[2026-09-11 19:55:47] Topic 6647: missing 43 posts; fetching in batches...
[2026-09-11 19:55:49] [2977/3471] Fetching topic 6776
[2026-09-11 19:55:50] [2978/3471] Fetching topic 6878
[2026-09-11 19:55:51] [2979/3471] Fetching topic 6874
[2026-09-11 19:55:52] [2980/3471] Fetching topic 6871
[2026-09-11 19:55:53] [2981/3471] Fetching topic 6863
[2026-09-11 19:55:54] [2982/3471] Fetching topic 6785
[2026-09-11 19:55:55] [2983/3471] Fetching topic 6867
[2026-09-11 19:55:57] [2984/3471] Fetching topic 6833
[2026-09-11 19:55:58] [2985/3471] Fetching topic 6852
[2026-09-11 19:55:59] Topic 6852: downloading 1 uploads
[2026-09-11 19:56:00] [2986/3471] Fetching topic 6740
[2026-09-11 19:56:01] Topic 6740: downloading 1 uploads
[2026-09-11 19:56:02] [2987/3471] Fetching topic 6710
[2026-09-11 19:56:03] [2988/3471] Fetching topic 6812
[2026-09-11 19:56:04] Topic 6812: missing 1 posts; fetching in batches...
[2026-09-11 19:56:05] [2989/3471] Fetching topic 6797
[2026-09-11 19:56:07] [2990/3471] Fetching topic 6819
[2026-09-11 19:56:08] [2991/3471] Fetching topic 6821
[2026-09-11 19:56:09] [2992/3471] Fetching topic 6803
[2026-09-11 19:56:10] [2993/3471] Fetching topic 6672
[2026-09-11 19:56:11] [2994/3471] Fetching topic 6807
[2026-09-11 19:56:12] [2995/3471] Fetching topic 6793
[2026-09-11 19:56:13] [2996/3471] Fetching topic 6638
[2026-09-11 19:56:14] Topic 6638: missing 3 posts; fetching in batches...
[2026-09-11 19:56:16] [2997/3471] Fetching topic 6677
[2026-09-11 19:56:17] Topic 6677: missing 66 posts; fetching in batches...
[2026-09-11 19:56:19] [2998/3471] Fetching topic 6784
[2026-09-11 19:56:20] [2999/3471] Fetching topic 6618
[2026-09-11 19:56:21] [3000/3471] Fetching topic 6773
[2026-09-11 19:56:22] Topic 6773: missing 27 posts; fetching in batches...
[2026-09-11 19:56:23] [3001/3471] Fetching topic 6777
[2026-09-11 19:56:24] [3002/3471] Fetching topic 6770
[2026-09-11 19:56:26] [3003/3471] Fetching topic 6639
[2026-09-11 19:56:27] Topic 6639: missing 30 posts; fetching in batches...
[2026-09-11 19:56:28] [3004/3471] Fetching topic 6704
[2026-09-11 19:56:29] [3005/3471] Fetching topic 6755
[2026-09-11 19:56:30] [3006/3471] Fetching topic 6778
[2026-09-11 19:56:31] [3007/3471] Fetching topic 6595
[2026-09-11 19:56:32] Topic 6595: missing 159 posts; fetching in batches...
[2026-09-11 19:56:37] Topic 6595: downloading 4 uploads
[2026-09-11 19:56:41] [3008/3471] Fetching topic 6775
[2026-09-11 19:56:42] [3009/3471] Fetching topic 6774
[2026-09-11 19:56:43] [3010/3471] Fetching topic 6738
[2026-09-11 19:56:44] Topic 6738: missing 13 posts; fetching in batches...
[2026-09-11 19:56:45] [3011/3471] Fetching topic 6760
[2026-09-11 19:56:47] [3012/3471] Fetching topic 6736
[2026-09-11 19:56:48] Topic 6736: missing 7 posts; fetching in batches...
[2026-09-11 19:56:49] [3013/3471] Fetching topic 6758
[2026-09-11 19:56:50] [3014/3471] Fetching topic 6767
[2026-09-11 19:56:51] [3015/3471] Fetching topic 6747
[2026-09-11 19:56:52] Topic 6747: downloading 6 uploads
[2026-09-11 19:56:58] [3016/3471] Fetching topic 6731
[2026-09-11 19:56:59] Topic 6731: missing 40 posts; fetching in batches...
[2026-09-11 19:57:01] [3017/3471] Fetching topic 6753
[2026-09-11 19:57:02] [3018/3471] Fetching topic 6727
[2026-09-11 19:57:03] Topic 6727: missing 1 posts; fetching in batches...
[2026-09-11 19:57:04] [3019/3471] Fetching topic 6583
[2026-09-11 19:57:05] Topic 6583: missing 108 posts; fetching in batches...
[2026-09-11 19:57:08] [3020/3471] Fetching topic 6580
[2026-09-11 19:57:09] Topic 6580: missing 21 posts; fetching in batches...
[2026-09-11 19:57:11] [3021/3471] Fetching topic 6734
[2026-09-11 19:57:12] [3022/3471] Fetching topic 6722
[2026-09-11 19:57:13] [3023/3471] Fetching topic 6725
[2026-09-11 19:57:14] [3024/3471] Fetching topic 6732
[2026-09-11 19:57:15] [3025/3471] Fetching topic 6721
[2026-09-11 19:57:16] Topic 6721: missing 2 posts; fetching in batches...
[2026-09-11 19:57:17] [3026/3471] Fetching topic 6678
[2026-09-11 19:57:18] Topic 6678: missing 32 posts; fetching in batches...
[2026-09-11 19:57:19] [3027/3471] Fetching topic 6702
[2026-09-11 19:57:21] [3028/3471] Fetching topic 6712
[2026-09-11 19:57:22] Topic 6712: missing 15 posts; fetching in batches...
[2026-09-11 19:57:23] [3029/3471] Fetching topic 5084
[2026-09-11 19:57:24] Topic 5084: missing 13 posts; fetching in batches...
[2026-09-11 19:57:25] [3030/3471] Fetching topic 6700
[2026-09-11 19:57:26] [3031/3471] Fetching topic 6694
[2026-09-11 19:57:27] [3032/3471] Fetching topic 6696
[2026-09-11 19:57:28] [3033/3471] Fetching topic 6680
[2026-09-11 19:57:29] [3034/3471] Fetching topic 6670
[2026-09-11 19:57:31] Topic 6670: missing 15 posts; fetching in batches...
[2026-09-11 19:57:32] [3035/3471] Fetching topic 6690
[2026-09-11 19:57:33] Topic 6690: downloading 1 uploads
[2026-09-11 19:57:34] [3036/3471] Fetching topic 6658
[2026-09-11 19:57:35] Topic 6658: downloading 1 uploads
[2026-09-11 19:57:36] [3037/3471] Fetching topic 6683
[2026-09-11 19:57:37] [3038/3471] Fetching topic 6692
[2026-09-11 19:57:39] [3039/3471] Fetching topic 6688
[2026-09-11 19:57:40] [3040/3471] Fetching topic 6681
[2026-09-11 19:57:41] [3041/3471] Fetching topic 6650
[2026-09-11 19:57:42] [3042/3471] Fetching topic 6673
[2026-09-11 19:57:43] [3043/3471] Fetching topic 6659
[2026-09-11 19:57:44] Topic 6659: missing 15 posts; fetching in batches...
[2026-09-11 19:57:45] [3044/3471] Fetching topic 6663
[2026-09-11 19:57:46] Topic 6663: missing 17 posts; fetching in batches...
[2026-09-11 19:57:47] [3045/3471] Fetching topic 6560
[2026-09-11 19:57:49] [3046/3471] Fetching topic 6400
[2026-09-11 19:57:50] Topic 6400: missing 20 posts; fetching in batches...
[2026-09-11 19:57:51] [3047/3471] Fetching topic 6636
[2026-09-11 19:57:52] Topic 6636: missing 3 posts; fetching in batches...
[2026-09-11 19:57:53] [3048/3471] Fetching topic 6655
[2026-09-11 19:57:54] [3049/3471] Fetching topic 6641
[2026-09-11 19:57:55] Topic 6641: missing 8 posts; fetching in batches...
[2026-09-11 19:57:56] [3050/3471] Fetching topic 6458
[2026-09-11 19:57:57] Topic 6458: missing 40 posts; fetching in batches...
[2026-09-11 19:57:59] [3051/3471] Fetching topic 6109
[2026-09-11 19:58:00] [3052/3471] Fetching topic 6642
[2026-09-11 19:58:01] [3053/3471] Fetching topic 6481
[2026-09-11 19:58:02] [3054/3471] Fetching topic 5275
[2026-09-11 19:58:03] Topic 5275: missing 19 posts; fetching in batches...
[2026-09-11 19:58:04] Topic 5275: downloading 35 uploads
[2026-09-11 19:58:13] Upload failed 404: requested=https://forums.greaterthangames.com/uploads/default/optimized/2X/0/0a69eb4f980328ec8244a6d7983e68f7360b2c19_2_375x500.jpeg, final=https://forums.greaterthangames.com/uploads/default/optimized/2X/0/0a69eb4f980328ec8244a6d7983e68f7360b2c19_2_375x500.jpeg,
[2026-09-11 19:58:13] Response headers: {'Server': 'nginx', 'Date': 'Fri, 11 Sep 2026 19:58:13 GMT', 'Content-Type': 'text/html', 'Content-Length': '548', 'Connection': 'keep-alive'}
[2026-09-11 19:58:19] Upload failed 404: requested=https://forums.greaterthangames.com/uploads/default/optimized/2X/1/13be05acf626bc410d2676bbbc54f96e63badda9_2_640x500.jpeg, final=https://forums.greaterthangames.com/uploads/default/optimized/2X/1/13be05acf626bc410d2676bbbc54f96e63badda9_2_640x500.jpeg,
[2026-09-11 19:58:19] Response headers: {'Server': 'nginx', 'Date': 'Fri, 11 Sep 2026 19:58:19 GMT', 'Content-Type': 'text/html', 'Content-Length': '548', 'Connection': 'keep-alive'}
[2026-09-11 19:58:22] Upload failed 404: requested=https://forums.greaterthangames.com/uploads/default/optimized/2X/8/8464e659c69712f87198be491b9797ac5b838719_2_296x500.jpeg, final=https://forums.greaterthangames.com/uploads/default/optimized/2X/8/8464e659c69712f87198be491b9797ac5b838719_2_296x500.jpeg,
[2026-09-11 19:58:22] Response headers: {'Server': 'nginx', 'Date': 'Fri, 11 Sep 2026 19:58:22 GMT', 'Content-Type': 'text/html', 'Content-Length': '548', 'Connection': 'keep-alive'}
[2026-09-11 19:58:27] Upload failed 404: requested=https://forums.greaterthangames.com/uploads/default/optimized/2X/a/a862d8f717dd69772127d2614a32c18df0b75869_2_607x500.jpeg, final=https://forums.greaterthangames.com/uploads/default/optimized/2X/a/a862d8f717dd69772127d2614a32c18df0b75869_2_607x500.jpeg,
[2026-09-11 19:58:27] Response headers: {'Server': 'nginx', 'Date': 'Fri, 11 Sep 2026 19:58:27 GMT', 'Content-Type': 'text/html', 'Content-Length': '548', 'Connection': 'keep-alive'}
[2026-09-11 19:58:30] Upload failed 404: requested=https://forums.greaterthangames.com/uploads/default/optimized/2X/b/b8423000f28c77be3a877ffa18cc2dbf9c592af7_2_604x500.jpeg, final=https://forums.greaterthangames.com/uploads/default/optimized/2X/b/b8423000f28c77be3a877ffa18cc2dbf9c592af7_2_604x500.jpeg,
[2026-09-11 19:58:30] Response headers: {'Server': 'nginx', 'Date': 'Fri, 11 Sep 2026 19:58:30 GMT', 'Content-Type': 'text/html', 'Content-Length': '548', 'Connection': 'keep-alive'}
[2026-09-11 19:58:33] Upload failed 404: requested=https://forums.greaterthangames.com/uploads/default/optimized/2X/b/bd40fc04705c064772dd744fdeb57a5b28dc1f64_2_438x500.jpeg, final=https://forums.greaterthangames.com/uploads/default/optimized/2X/b/bd40fc04705c064772dd744fdeb57a5b28dc1f64_2_438x500.jpeg,
[2026-09-11 19:58:33] Response headers: {'Server': 'nginx', 'Date': 'Fri, 11 Sep 2026 19:58:33 GMT', 'Content-Type': 'text/html', 'Content-Length': '548', 'Connection': 'keep-alive'}
[2026-09-11 19:58:41] [3055/3471] Fetching topic 6632
[2026-09-11 19:58:42] [3056/3471] Fetching topic 6621
[2026-09-11 19:58:43] [3057/3471] Fetching topic 6625
[2026-09-11 19:58:44] [3058/3471] Fetching topic 6635
[2026-09-11 19:58:45] [3059/3471] Fetching topic 6249
[2026-09-11 19:58:46] Topic 6249: missing 1 posts; fetching in batches...
[2026-09-11 19:58:47] [3060/3471] Fetching topic 5725
[2026-09-11 19:58:48] Topic 5725: missing 4 posts; fetching in batches...
[2026-09-11 19:58:49] [3061/3471] Fetching topic 6600
[2026-09-11 19:58:51] [3062/3471] Fetching topic 6593
[2026-09-11 19:58:52] Topic 6593: downloading 6 uploads
[2026-09-11 19:58:56] Upload failed 404: requested=https://forums.greaterthangames.com/uploads/default/optimized/2X/0/079285de614abd102a24450d2656550eec3174d8_2_488x500.jpeg, final=https://forums.greaterthangames.com/uploads/default/optimized/2X/0/079285de614abd102a24450d2656550eec3174d8_2_488x500.jpeg,
[2026-09-11 19:58:56] Response headers: {'Server': 'nginx', 'Date': 'Fri, 11 Sep 2026 19:58:56 GMT', 'Content-Type': 'text/html', 'Content-Length': '548', 'Connection': 'keep-alive'}
[2026-09-11 19:58:58] [3063/3471] Fetching topic 6607
[2026-09-11 19:58:59] [3064/3471] Fetching topic 6259
[2026-09-11 19:59:00] [3065/3471] Fetching topic 6461
[2026-09-11 19:59:01] Topic 6461: missing 19 posts; fetching in batches...
[2026-09-11 19:59:02] [3066/3471] Fetching topic 6545
[2026-09-11 19:59:03] Topic 6545: missing 29 posts; fetching in batches...
[2026-09-11 19:59:05] [3067/3471] Fetching topic 6141
[2026-09-11 19:59:06] [3068/3471] Fetching topic 6577
[2026-09-11 19:59:07] [3069/3471] Fetching topic 6538
[2026-09-11 19:59:08] Topic 6538: missing 15 posts; fetching in batches...
[2026-09-11 19:59:09] [3070/3471] Fetching topic 6217
[2026-09-11 19:59:10] Topic 6217: missing 22 posts; fetching in batches...
[2026-09-11 19:59:11] [3071/3471] Fetching topic 6544
[2026-09-11 19:59:12] [3072/3471] Fetching topic 6499
[2026-09-11 19:59:13] [3073/3471] Fetching topic 6554
[2026-09-11 19:59:15] [3074/3471] Fetching topic 6546
[2026-09-11 19:59:16] [3075/3471] Fetching topic 6397
[2026-09-11 19:59:17] Topic 6397: missing 4 posts; fetching in batches...
[2026-09-11 19:59:18] [3076/3471] Fetching topic 6496
[2026-09-11 19:59:19] Topic 6496: missing 2 posts; fetching in batches...
[2026-09-11 19:59:20] [3077/3471] Fetching topic 6500
[2026-09-11 19:59:21] [3078/3471] Fetching topic 6243
[2026-09-11 19:59:22] Topic 6243: missing 19 posts; fetching in batches...
[2026-09-11 19:59:23] [3079/3471] Fetching topic 6471
[2026-09-11 19:59:24] [3080/3471] Fetching topic 5012
[2026-09-11 19:59:26] [3081/3471] Fetching topic 6085
[2026-09-11 19:59:27] [3082/3471] Fetching topic 6494
[2026-09-11 19:59:28] [3083/3471] Fetching topic 6472
[2026-09-11 19:59:29] [3084/3471] Fetching topic 6454
[2026-09-11 19:59:30] [3085/3471] Fetching topic 5945
[2026-09-11 19:59:31] Topic 5945: missing 1 posts; fetching in batches...
[2026-09-11 19:59:32] [3086/3471] Fetching topic 6491
[2026-09-11 19:59:33] [3087/3471] Fetching topic 6460
[2026-09-11 19:59:35] [3088/3471] Fetching topic 6479
[2026-09-11 19:59:36] [3089/3471] Fetching topic 6433
[2026-09-11 19:59:37] [3090/3471] Fetching topic 6464
[2026-09-11 19:59:38] Topic 6464: missing 5 posts; fetching in batches...
[2026-09-11 19:59:39] [3091/3471] Fetching topic 6478
[2026-09-11 19:59:40] [3092/3471] Fetching topic 6422
[2026-09-11 19:59:41] Topic 6422: missing 1 posts; fetching in batches...
[2026-09-11 19:59:42] [3093/3471] Fetching topic 6468
[2026-09-11 19:59:43] [3094/3471] Fetching topic 6457
[2026-09-11 19:59:44] [3095/3471] Fetching topic 6448
[2026-09-11 19:59:46] [3096/3471] Fetching topic 6443
[2026-09-11 19:59:47] [3097/3471] Fetching topic 6271
[2026-09-11 19:59:48] Topic 6271: missing 37 posts; fetching in batches...
[2026-09-11 19:59:49] [3098/3471] Fetching topic 6455
[2026-09-11 19:59:50] [3099/3471] Fetching topic 6441
[2026-09-11 19:59:51] [3100/3471] Fetching topic 6440
[2026-09-11 19:59:52] [3101/3471] Fetching topic 6198
[2026-09-11 19:59:53] [3102/3471] Fetching topic 6348
[2026-09-11 19:59:55] Topic 6348: missing 4 posts; fetching in batches...
[2026-09-11 19:59:56] [3103/3471] Fetching topic 6412
[2026-09-11 19:59:57] [3104/3471] Fetching topic 6438
[2026-09-11 19:59:58] [3105/3471] Fetching topic 6425
[2026-09-11 19:59:59] [3106/3471] Fetching topic 6334
[2026-09-11 20:00:00] [3107/3471] Fetching topic 6406
[2026-09-11 20:00:01] Topic 6406: missing 1 posts; fetching in batches...
[2026-09-11 20:00:02] [3108/3471] Fetching topic 6244
[2026-09-11 20:00:03] Topic 6244: missing 1 posts; fetching in batches...
[2026-09-11 20:00:04] [3109/3471] Fetching topic 6416
[2026-09-11 20:00:05] [3110/3471] Fetching topic 5928
[2026-09-11 20:00:07] Topic 5928: missing 86 posts; fetching in batches...
[2026-09-11 20:00:09] [3111/3471] Fetching topic 6407
[2026-09-11 20:00:10] [3112/3471] Fetching topic 6349
[2026-09-11 20:00:11] [3113/3471] Fetching topic 6304
[2026-09-11 20:00:12] [3114/3471] Fetching topic 6379
[2026-09-11 20:00:13] [3115/3471] Fetching topic 6233
[2026-09-11 20:00:15] Topic 6233: missing 37 posts; fetching in batches...
[2026-09-11 20:00:16] [3116/3471] Fetching topic 6248
[2026-09-11 20:00:17] Topic 6248: missing 55 posts; fetching in batches...
[2026-09-11 20:00:19] Topic 6248: downloading 1 uploads
[2026-09-11 20:00:20] [3117/3471] Fetching topic 6343
[2026-09-11 20:00:21] [3118/3471] Fetching topic 6342
[2026-09-11 20:00:22] [3119/3471] Fetching topic 6340
[2026-09-11 20:00:23] [3120/3471] Fetching topic 6341
[2026-09-11 20:00:24] [3121/3471] Fetching topic 6241
[2026-09-11 20:00:26] [3122/3471] Fetching topic 6269
[2026-09-11 20:00:27] [3123/3471] Fetching topic 6330
[2026-09-11 20:00:28] [3124/3471] Fetching topic 6329
[2026-09-11 20:00:29] [3125/3471] Fetching topic 6317
[2026-09-11 20:00:30] [3126/3471] Fetching topic 6326
[2026-09-11 20:00:31] [3127/3471] Fetching topic 6256
[2026-09-11 20:00:32] [3128/3471] Fetching topic 6322
[2026-09-11 20:00:33] [3129/3471] Fetching topic 6179
[2026-09-11 20:00:35] [3130/3471] Fetching topic 6315
[2026-09-11 20:00:36] [3131/3471] Fetching topic 6312
[2026-09-11 20:00:37] [3132/3471] Fetching topic 6307
[2026-09-11 20:00:38] [3133/3471] Fetching topic 6300
[2026-09-11 20:00:39] [3134/3471] Fetching topic 6297
[2026-09-11 20:00:40] [3135/3471] Fetching topic 6262
[2026-09-11 20:00:41] [3136/3471] Fetching topic 6295
[2026-09-11 20:00:42] [3137/3471] Fetching topic 6206
[2026-09-11 20:00:44] Topic 6206: missing 4 posts; fetching in batches...
[2026-09-11 20:00:45] [3138/3471] Fetching topic 6102
[2026-09-11 20:00:46] Topic 6102: missing 10 posts; fetching in batches...
[2026-09-11 20:00:47] [3139/3471] Fetching topic 6301
[2026-09-11 20:00:48] [3140/3471] Fetching topic 6261
[2026-09-11 20:00:49] Topic 6261: missing 3 posts; fetching in batches...
[2026-09-11 20:00:50] [3141/3471] Fetching topic 6284
[2026-09-11 20:00:51] Topic 6284: missing 11 posts; fetching in batches...
[2026-09-11 20:00:52] [3142/3471] Fetching topic 6011
[2026-09-11 20:00:53] Topic 6011: missing 22 posts; fetching in batches...
[2026-09-11 20:00:54] [3143/3471] Fetching topic 5469
[2026-09-11 20:00:56] [3144/3471] Fetching topic 6278
[2026-09-11 20:00:57] Topic 6278: downloading 5 uploads
[2026-09-11 20:01:01] Upload failed 404: requested=https://forums.greaterthangames.com/uploads/default/optimized/2X/5/584e82342c7d2aac33a74ed00d98dc4f0a10fe48_2_626x499.jpeg, final=https://forums.greaterthangames.com/uploads/default/optimized/2X/5/584e82342c7d2aac33a74ed00d98dc4f0a10fe48_2_626x499.jpeg,
[2026-09-11 20:01:01] Response headers: {'Server': 'nginx', 'Date': 'Fri, 11 Sep 2026 20:01:01 GMT', 'Content-Type': 'text/html', 'Content-Length': '548', 'Connection': 'keep-alive'}
[2026-09-11 20:01:02] [3145/3471] Fetching topic 6267
[2026-09-11 20:01:03] [3146/3471] Fetching topic 5450
[2026-09-11 20:01:04] Topic 5450: missing 19 posts; fetching in batches...
[2026-09-11 20:01:05] [3147/3471] Fetching topic 6276
[2026-09-11 20:01:06] [3148/3471] Fetching topic 6252
[2026-09-11 20:01:07] [3149/3471] Fetching topic 6028
[2026-09-11 20:01:09] Topic 6028: missing 23 posts; fetching in batches...
[2026-09-11 20:01:10] [3150/3471] Fetching topic 5915
[2026-09-11 20:01:11] Topic 5915: missing 8 posts; fetching in batches...
[2026-09-11 20:01:12] Topic 5915: downloading 2 uploads
[2026-09-11 20:01:14] [3151/3471] Fetching topic 6121
[2026-09-11 20:01:15] [3152/3471] Fetching topic 6263
[2026-09-11 20:01:16] [3153/3471] Fetching topic 6170
[2026-09-11 20:01:17] [3154/3471] Fetching topic 6106
[2026-09-11 20:01:18] [3155/3471] Fetching topic 6122
[2026-09-11 20:01:20] [3156/3471] Fetching topic 5707
[2026-09-11 20:01:21] Topic 5707: downloading 2 uploads
[2026-09-11 20:01:23] [3157/3471] Fetching topic 5415
[2026-09-11 20:01:24] Topic 5415: downloading 5 uploads
[2026-09-11 20:01:28] Upload failed 404: requested=https://forums.greaterthangames.com/uploads/default/optimized/2X/b/b5352a193a4a2c9afdd3b15a90353da3bb94194a_2_690x388.jpeg, final=https://forums.greaterthangames.com/uploads/default/optimized/2X/b/b5352a193a4a2c9afdd3b15a90353da3bb94194a_2_690x388.jpeg,
[2026-09-11 20:01:28] Response headers: {'Server': 'nginx', 'Date': 'Fri, 11 Sep 2026 20:01:28 GMT', 'Content-Type': 'text/html', 'Content-Length': '548', 'Connection': 'keep-alive'}
[2026-09-11 20:01:29] [3158/3471] Fetching topic 5142
[2026-09-11 20:01:30] Topic 5142: missing 7 posts; fetching in batches...
[2026-09-11 20:01:31] Topic 5142: downloading 20 uploads
[2026-09-11 20:01:38] Upload failed 404: requested=https://forums.greaterthangames.com/uploads/default/optimized/2X/0/0872976cb65079a9385ba619f1853fe1448439a5_2_375x500.jpeg, final=https://forums.greaterthangames.com/uploads/default/optimized/2X/0/0872976cb65079a9385ba619f1853fe1448439a5_2_375x500.jpeg,
[2026-09-11 20:01:38] Response headers: {'Server': 'nginx', 'Date': 'Fri, 11 Sep 2026 20:01:38 GMT', 'Content-Type': 'text/html', 'Content-Length': '548', 'Connection': 'keep-alive'}
[2026-09-11 20:01:42] Upload failed 404: requested=https://forums.greaterthangames.com/uploads/default/optimized/2X/1/11c2963a611b13e5ebb1ebce9ee14624f8ead295_2_375x500.jpeg, final=https://forums.greaterthangames.com/uploads/default/optimized/2X/1/11c2963a611b13e5ebb1ebce9ee14624f8ead295_2_375x500.jpeg,
[2026-09-11 20:01:42] Response headers: {'Server': 'nginx', 'Date': 'Fri, 11 Sep 2026 20:01:42 GMT', 'Content-Type': 'text/html', 'Content-Length': '548', 'Connection': 'keep-alive'}
[2026-09-11 20:01:45] Upload failed 404: requested=https://forums.greaterthangames.com/uploads/default/optimized/2X/1/16866ada5477712ffbdd6484a283e87628e0012f_2_375x500.jpeg, final=https://forums.greaterthangames.com/uploads/default/optimized/2X/1/16866ada5477712ffbdd6484a283e87628e0012f_2_375x500.jpeg,
[2026-09-11 20:01:45] Response headers: {'Server': 'nginx', 'Date': 'Fri, 11 Sep 2026 20:01:45 GMT', 'Content-Type': 'text/html', 'Content-Length': '548', 'Connection': 'keep-alive'}
[2026-09-11 20:01:48] Upload failed 404: requested=https://forums.greaterthangames.com/uploads/default/optimized/2X/6/6d1147c9c740a72be5b8f7003c8230c77165ccc5_2_375x500.jpeg, final=https://forums.greaterthangames.com/uploads/default/optimized/2X/6/6d1147c9c740a72be5b8f7003c8230c77165ccc5_2_375x500.jpeg,
[2026-09-11 20:01:48] Response headers: {'Server': 'nginx', 'Date': 'Fri, 11 Sep 2026 20:01:48 GMT', 'Content-Type': 'text/html', 'Content-Length': '548', 'Connection': 'keep-alive'}
[2026-09-11 20:01:52] [3159/3471] Fetching topic 6180
[2026-09-11 20:01:53] [3160/3471] Fetching topic 6235
[2026-09-11 20:01:54] [3161/3471] Fetching topic 6228
[2026-09-11 20:01:56] [3162/3471] Fetching topic 6229
[2026-09-11 20:01:57] [3163/3471] Fetching topic 6222
[2026-09-11 20:01:58] [3164/3471] Fetching topic 6183
[2026-09-11 20:01:59] [3165/3471] Fetching topic 6213
[2026-09-11 20:02:00] [3166/3471] Fetching topic 6165
[2026-09-11 20:02:01] [3167/3471] Fetching topic 6200
[2026-09-11 20:02:02] [3168/3471] Fetching topic 6197
[2026-09-11 20:02:04] [3169/3471] Fetching topic 6164
[2026-09-11 20:02:05] [3170/3471] Fetching topic 6204
[2026-09-11 20:02:06] [3171/3471] Fetching topic 5817
[2026-09-11 20:02:07] Topic 5817: missing 7 posts; fetching in batches...
[2026-09-11 20:02:08] [3172/3471] Fetching topic 6168
[2026-09-11 20:02:09] Topic 6168: missing 10 posts; fetching in batches...
[2026-09-11 20:02:10] [3173/3471] Fetching topic 6167
[2026-09-11 20:02:11] [3174/3471] Fetching topic 6190
[2026-09-11 20:02:12] [3175/3471] Fetching topic 6189
[2026-09-11 20:02:13] [3176/3471] Fetching topic 6181
[2026-09-11 20:02:15] [3177/3471] Fetching topic 6187
[2026-09-11 20:02:16] [3178/3471] Fetching topic 6182
[2026-09-11 20:02:17] [3179/3471] Fetching topic 6166
[2026-09-11 20:02:18] [3180/3471] Fetching topic 6159
[2026-09-11 20:02:19] [3181/3471] Fetching topic 5583
[2026-09-11 20:02:20] [3182/3471] Fetching topic 6136
[2026-09-11 20:02:21] [3183/3471] Fetching topic 6162
[2026-09-11 20:02:22] [3184/3471] Fetching topic 6152
[2026-09-11 20:02:24] [3185/3471] Fetching topic 6158
[2026-09-11 20:02:25] [3186/3471] Fetching topic 6148
[2026-09-11 20:02:26] [3187/3471] Fetching topic 6157
[2026-09-11 20:02:27] [3188/3471] Fetching topic 6147
[2026-09-11 20:02:28] [3189/3471] Fetching topic 6131
[2026-09-11 20:02:29] [3190/3471] Fetching topic 6142
[2026-09-11 20:02:30] [3191/3471] Fetching topic 6128
[2026-09-11 20:02:31] Topic 6128: missing 14 posts; fetching in batches...
[2026-09-11 20:02:33] [3192/3471] Fetching topic 6133
[2026-09-11 20:02:34] [3193/3471] Fetching topic 6108
[2026-09-11 20:02:35] Topic 6108: missing 13 posts; fetching in batches...
[2026-09-11 20:02:36] [3194/3471] Fetching topic 6105
[2026-09-11 20:02:37] [3195/3471] Fetching topic 6114
[2026-09-11 20:02:38] [3196/3471] Fetching topic 6110
[2026-09-11 20:02:39] [3197/3471] Fetching topic 6116
[2026-09-11 20:02:40] [3198/3471] Fetching topic 6088
[2026-09-11 20:02:41] [3199/3471] Fetching topic 6080
[2026-09-11 20:02:43] [3200/3471] Fetching topic 6025
[2026-09-11 20:02:44] Topic 6025: missing 6 posts; fetching in batches...
[2026-09-11 20:02:45] [3201/3471] Fetching topic 5046
[2026-09-11 20:02:46] Topic 5046: missing 11 posts; fetching in batches...
[2026-09-11 20:02:47] [3202/3471] Fetching topic 6090
[2026-09-11 20:02:48] [3203/3471] Fetching topic 5633
[2026-09-11 20:02:49] [3204/3471] Fetching topic 6104
[2026-09-11 20:02:50] [3205/3471] Fetching topic 5580
[2026-09-11 20:02:51] [3206/3471] Fetching topic 6096
[2026-09-11 20:02:53] [3207/3471] Fetching topic 6077
[2026-09-11 20:02:54] Topic 6077: missing 7 posts; fetching in batches...
[2026-09-11 20:02:55] [3208/3471] Fetching topic 6101
[2026-09-11 20:02:56] [3209/3471] Fetching topic 5709
[2026-09-11 20:02:57] Topic 5709: missing 27 posts; fetching in batches...
[2026-09-11 20:02:58] [3210/3471] Fetching topic 6076
[2026-09-11 20:02:59] [3211/3471] Fetching topic 6038
[2026-09-11 20:03:00] [3212/3471] Fetching topic 6062
[2026-09-11 20:03:02] [3213/3471] Fetching topic 5993
[2026-09-11 20:03:03] [3214/3471] Fetching topic 6086
[2026-09-11 20:03:04] [3215/3471] Fetching topic 6070
[2026-09-11 20:03:05] [3216/3471] Fetching topic 6064
[2026-09-11 20:03:06] [3217/3471] Fetching topic 5206
[2026-09-11 20:03:07] Topic 5206: missing 31 posts; fetching in batches...
[2026-09-11 20:03:08] [3218/3471] Fetching topic 5974
[2026-09-11 20:03:10] [3219/3471] Fetching topic 6041
[2026-09-11 20:03:11] [3220/3471] Fetching topic 6044
[2026-09-11 20:03:12] Topic 6044: missing 17 posts; fetching in batches...
[2026-09-11 20:03:13] Topic 6044: downloading 5 uploads
[2026-09-11 20:03:17] Upload failed 404: requested=https://forums.greaterthangames.com/uploads/default/optimized/2X/a/a27a826dd84eb88c67ae9dfa1122284627043312_2_690x362.jpeg, final=https://forums.greaterthangames.com/uploads/default/optimized/2X/a/a27a826dd84eb88c67ae9dfa1122284627043312_2_690x362.jpeg,
[2026-09-11 20:03:17] Response headers: {'Server': 'nginx', 'Date': 'Fri, 11 Sep 2026 20:03:17 GMT', 'Content-Type': 'text/html', 'Content-Length': '548', 'Connection': 'keep-alive'}
[2026-09-11 20:03:18] [3221/3471] Fetching topic 6022
[2026-09-11 20:03:19] Topic 6022: missing 2 posts; fetching in batches...
[2026-09-11 20:03:20] [3222/3471] Fetching topic 6065
[2026-09-11 20:03:21] [3223/3471] Fetching topic 6009
[2026-09-11 20:03:22] Topic 6009: downloading 5 uploads
[2026-09-11 20:03:27] Upload failed 404: requested=https://forums.greaterthangames.com/uploads/default/optimized/2X/7/7f076a2f3069bf13c6b50c1f281c56c9baeebc52_2_690x388.jpeg, final=https://forums.greaterthangames.com/uploads/default/optimized/2X/7/7f076a2f3069bf13c6b50c1f281c56c9baeebc52_2_690x388.jpeg,
[2026-09-11 20:03:27] Response headers: {'Server': 'nginx', 'Date': 'Fri, 11 Sep 2026 20:03:27 GMT', 'Content-Type': 'text/html', 'Content-Length': '548', 'Connection': 'keep-alive'}
[2026-09-11 20:03:27] [3224/3471] Fetching topic 6036
[2026-09-11 20:03:29] [3225/3471] Fetching topic 6039
[2026-09-11 20:03:30] [3226/3471] Fetching topic 6023
[2026-09-11 20:03:31] [3227/3471] Fetching topic 6053
[2026-09-11 20:03:32] [3228/3471] Fetching topic 6052
[2026-09-11 20:03:33] [3229/3471] Fetching topic 6051
[2026-09-11 20:03:34] [3230/3471] Fetching topic 6043
[2026-09-11 20:03:35] [3231/3471] Fetching topic 6020
[2026-09-11 20:03:37] [3232/3471] Fetching topic 6031
[2026-09-11 20:03:38] [3233/3471] Fetching topic 6030
[2026-09-11 20:03:39] [3234/3471] Fetching topic 5948
[2026-09-11 20:03:40] Topic 5948: missing 18 posts; fetching in batches...
[2026-09-11 20:03:41] [3235/3471] Fetching topic 5995
[2026-09-11 20:03:42] Topic 5995: downloading 1 uploads
[2026-09-11 20:03:43] [3236/3471] Fetching topic 6007
[2026-09-11 20:03:44] [3237/3471] Fetching topic 5999
[2026-09-11 20:03:45] [3238/3471] Fetching topic 5839
[2026-09-11 20:03:47] [3239/3471] Fetching topic 6000
[2026-09-11 20:03:48] Topic 6000: downloading 2 uploads
[2026-09-11 20:03:50] [3240/3471] Fetching topic 5728
[2026-09-11 20:03:51] Topic 5728: missing 9 posts; fetching in batches...
[2026-09-11 20:03:52] [3241/3471] Fetching topic 5454
[2026-09-11 20:03:53] Topic 5454: missing 12 posts; fetching in batches...
[2026-09-11 20:03:54] [3242/3471] Fetching topic 5967
[2026-09-11 20:03:55] Topic 5967: missing 31 posts; fetching in batches...
[2026-09-11 20:03:56] [3243/3471] Fetching topic 5133
[2026-09-11 20:03:57] [3244/3471] Fetching topic 5763
[2026-09-11 20:03:59] Topic 5763: missing 18 posts; fetching in batches...
[2026-09-11 20:04:00] [3245/3471] Fetching topic 5970
[2026-09-11 20:04:01] [3246/3471] Fetching topic 5784
[2026-09-11 20:04:02] Topic 5784: missing 15 posts; fetching in batches...
[2026-09-11 20:04:03] [3247/3471] Fetching topic 5922
[2026-09-11 20:04:04] Topic 5922: missing 12 posts; fetching in batches...
[2026-09-11 20:04:05] [3248/3471] Fetching topic 5501
[2026-09-11 20:04:06] Topic 5501: missing 8 posts; fetching in batches...
[2026-09-11 20:04:07] [3249/3471] Fetching topic 5919
[2026-09-11 20:04:08] [3250/3471] Fetching topic 5774
[2026-09-11 20:04:09] Topic 5774: missing 9 posts; fetching in batches...
[2026-09-11 20:04:10] [3251/3471] Fetching topic 5779
[2026-09-11 20:04:12] [3252/3471] Fetching topic 5924
[2026-09-11 20:04:13] [3253/3471] Fetching topic 5690
[2026-09-11 20:04:14] Topic 5690: missing 35 posts; fetching in batches...
[2026-09-11 20:04:15] [3254/3471] Fetching topic 5626
[2026-09-11 20:04:16] Topic 5626: missing 407 posts; fetching in batches...
[2026-09-11 20:04:27] Topic 5626: downloading 7 uploads
[2026-09-11 20:04:31] Upload failed 404: requested=https://forums.greaterthangames.com/uploads/default/optimized/2X/a/a55cec0ae702c660a46edda00d6ceaf90fe1a57c_2_377x500.jpeg, final=https://forums.greaterthangames.com/uploads/default/optimized/2X/a/a55cec0ae702c660a46edda00d6ceaf90fe1a57c_2_377x500.jpeg,
[2026-09-11 20:04:31] Response headers: {'Server': 'nginx', 'Date': 'Fri, 11 Sep 2026 20:04:30 GMT', 'Content-Type': 'text/html', 'Content-Length': '548', 'Connection': 'keep-alive'}
[2026-09-11 20:04:34] [3255/3471] Fetching topic 5885
[2026-09-11 20:04:35] Topic 5885: missing 1 posts; fetching in batches...
[2026-09-11 20:04:36] [3256/3471] Fetching topic 5830
[2026-09-11 20:04:37] Topic 5830: missing 13 posts; fetching in batches...
[2026-09-11 20:04:38] [3257/3471] Fetching topic 5866
[2026-09-11 20:04:39] [3258/3471] Fetching topic 5874
[2026-09-11 20:04:40] [3259/3471] Fetching topic 5597
[2026-09-11 20:04:41] [3260/3471] Fetching topic 5837
[2026-09-11 20:04:43] Topic 5837: missing 14 posts; fetching in batches...
[2026-09-11 20:04:44] [3261/3471] Fetching topic 5841
[2026-09-11 20:04:45] Topic 5841: downloading 2 uploads
[2026-09-11 20:04:47] [3262/3471] Fetching topic 5736
[2026-09-11 20:04:48] Topic 5736: missing 29 posts; fetching in batches...
[2026-09-11 20:04:49] [3263/3471] Fetching topic 5716
[2026-09-11 20:04:50] Topic 5716: missing 14 posts; fetching in batches...
[2026-09-11 20:04:51] [3264/3471] Fetching topic 5781
[2026-09-11 20:04:52] [3265/3471] Fetching topic 5483
[2026-09-11 20:04:53] Topic 5483: missing 26 posts; fetching in batches...
[2026-09-11 20:04:54] [3266/3471] Fetching topic 5708
[2026-09-11 20:04:56] [3267/3471] Fetching topic 5693
[2026-09-11 20:04:57] [3268/3471] Fetching topic 5766
[2026-09-11 20:04:58] Topic 5766: downloading 6 uploads
[2026-09-11 20:05:02] Upload failed 404: requested=https://forums.greaterthangames.com/uploads/default/optimized/2X/4/41163d7511ee55959ac91feadb1ded31bd218773_2_500x500.png, final=https://forums.greaterthangames.com/uploads/default/optimized/2X/4/41163d7511ee55959ac91feadb1ded31bd218773_2_500x500.png,
[2026-09-11 20:05:02] Response headers: {'Server': 'nginx', 'Date': 'Fri, 11 Sep 2026 20:05:02 GMT', 'Content-Type': 'text/html', 'Content-Length': '548', 'Connection': 'keep-alive'}
[2026-09-11 20:05:04] [3269/3471] Fetching topic 5512
[2026-09-11 20:05:05] [3270/3471] Fetching topic 5734
[2026-09-11 20:05:06] [3271/3471] Fetching topic 5665
[2026-09-11 20:05:07] [3272/3471] Fetching topic 5723
[2026-09-11 20:05:08] Topic 5723: downloading 7 uploads
[2026-09-11 20:05:12] Upload failed 404: requested=https://forums.greaterthangames.com/uploads/default/optimized/2X/a/a90b7e796b619f8169ea8fc287b24223539063d9_2_690x362.jpeg, final=https://forums.greaterthangames.com/uploads/default/optimized/2X/a/a90b7e796b619f8169ea8fc287b24223539063d9_2_690x362.jpeg,
[2026-09-11 20:05:12] Response headers: {'Server': 'nginx', 'Date': 'Fri, 11 Sep 2026 20:05:12 GMT', 'Content-Type': 'text/html', 'Content-Length': '548', 'Connection': 'keep-alive'}
[2026-09-11 20:05:16] [3273/3471] Fetching topic 5742
[2026-09-11 20:05:17] Topic 5742: downloading 4 uploads
[2026-09-11 20:05:21] [3274/3471] Fetching topic 5731
[2026-09-11 20:05:22] [3275/3471] Fetching topic 5577
[2026-09-11 20:05:23] Topic 5577: missing 120 posts; fetching in batches...
[2026-09-11 20:05:27] Topic 5577: downloading 3 uploads
[2026-09-11 20:05:28] Upload failed 404: requested=https://forums.greaterthangames.com/uploads/2011/08/Smite-the-Transgressor.jpg final=https://forums.greaterthangames.com/uploads/2011/08/Smite-the-Transgressor.jpg
[2026-09-11 20:05:28] Response headers: {'Server': 'nginx', 'Date': 'Fri, 11 Sep 2026 20:05:28 GMT', 'Content-Type': 'text/html', 'Content-Length': '548', 'Connection': 'keep-alive'}
[2026-09-11 20:05:29] Upload failed 404: requested=https://forums.greaterthangames.com/uploads/2011/08/Smite-the-Transgressor.jpg</a final=https://forums.greaterthangames.com/uploads/2011/08/Smite-the-Transgressor.jpg%3C/a
[2026-09-11 20:05:29] Response headers: {'Server': 'nginx', 'Date': 'Fri, 11 Sep 2026 20:05:29 GMT', 'Content-Type': 'text/html; charset=utf-8', 'Transfer-Encoding': 'chunked', 'Connection': 'keep-alive', 'Vary': 'Accept-Encoding', 'Content-Security-Policy': "upgrade-insecure-requests; base-uri 'self'; object-src 'none'; script-src 'nonce-AbWNcIgQvAqTKzcabFY6JNa4I' 'strict-dynamic'; frame-ancestors 'self'; manifest-src 'self'", 'X-Request-Id': '727d9ae5-8d9a-415c-a93f-d34802436802', 'X-Runtime': '0.058744', 'Content-Encoding': 'gzip'}
[2026-09-11 20:05:30] [3276/3471] Fetching topic 5720
[2026-09-11 20:05:31] [3277/3471] Fetching topic 5628
[2026-09-11 20:05:32] Topic 5628: missing 211 posts; fetching in batches...
[2026-09-11 20:05:38] [3278/3471] Fetching topic 5704
[2026-09-11 20:05:39] [3279/3471] Fetching topic 5679
[2026-09-11 20:05:40] [3280/3471] Fetching topic 5671
[2026-09-11 20:05:41] [3281/3471] Fetching topic 5667
[2026-09-11 20:05:42] [3282/3471] Fetching topic 5673
[2026-09-11 20:05:44] [3283/3471] Fetching topic 5672
[2026-09-11 20:05:45] [3284/3471] Fetching topic 5494
[2026-09-11 20:05:46] Topic 5494: missing 14 posts; fetching in batches...
[2026-09-11 20:05:47] [3285/3471] Fetching topic 5661
[2026-09-11 20:05:48] [3286/3471] Fetching topic 5634
[2026-09-11 20:05:49] [3287/3471] Fetching topic 5613
[2026-09-11 20:05:50] [3288/3471] Fetching topic 5541
[2026-09-11 20:05:51] [3289/3471] Fetching topic 5443
[2026-09-11 20:05:52] Topic 5443: missing 7 posts; fetching in batches...
[2026-09-11 20:05:53] [3290/3471] Fetching topic 5574
[2026-09-11 20:05:55] Topic 5574: missing 3 posts; fetching in batches...
[2026-09-11 20:05:56] Topic 5574: downloading 1 uploads
[2026-09-11 20:05:57] [3291/3471] Fetching topic 5644
[2026-09-11 20:05:58] [3292/3471] Fetching topic 5637
[2026-09-11 20:05:59] [3293/3471] Fetching topic 5639
[2026-09-11 20:06:00] [3294/3471] Fetching topic 5208
[2026-09-11 20:06:01] Topic 5208: missing 15 posts; fetching in batches...
[2026-09-11 20:06:02] [3295/3471] Fetching topic 5625
[2026-09-11 20:06:03] Topic 5625: missing 1 posts; fetching in batches...
[2026-09-11 20:06:04] [3296/3471] Fetching topic 5641
[2026-09-11 20:06:05] Topic 5641: downloading 4 uploads
[2026-09-11 20:06:07] Upload failed 404: requested=https://forums.greaterthangames.com/uploads/default/optimized/2X/7/7a300761cf135016e3c6ea879d370d6f8aced515_2_339x500.jpeg, final=https://forums.greaterthangames.com/uploads/default/optimized/2X/7/7a300761cf135016e3c6ea879d370d6f8aced515_2_339x500.jpeg,
[2026-09-11 20:06:07] Response headers: {'Server': 'nginx', 'Date': 'Fri, 11 Sep 2026 20:06:07 GMT', 'Content-Type': 'text/html', 'Content-Length': '548', 'Connection': 'keep-alive'}
[2026-09-11 20:06:09] [3297/3471] Fetching topic 5632
[2026-09-11 20:06:10] [3298/3471] Fetching topic 5601
[2026-09-11 20:06:11] [3299/3471] Fetching topic 5606
[2026-09-11 20:06:12] [3300/3471] Fetching topic 5631
[2026-09-11 20:06:13] [3301/3471] Fetching topic 5609
[2026-09-11 20:06:14] [3302/3471] Fetching topic 5617
[2026-09-11 20:06:15] [3303/3471] Fetching topic 5611
[2026-09-11 20:06:16] [3304/3471] Fetching topic 5610
[2026-09-11 20:06:18] [3305/3471] Fetching topic 5599
[2026-09-11 20:06:19] [3306/3471] Fetching topic 5540
[2026-09-11 20:06:20] Topic 5540: missing 2 posts; fetching in batches...
[2026-09-11 20:06:21] [3307/3471] Fetching topic 5598
[2026-09-11 20:06:22] [3308/3471] Fetching topic 5588
[2026-09-11 20:06:23] [3309/3471] Fetching topic 5581
[2026-09-11 20:06:24] [3310/3471] Fetching topic 5491
[2026-09-11 20:06:25] [3311/3471] Fetching topic 5528
[2026-09-11 20:06:27] [3312/3471] Fetching topic 5261
[2026-09-11 20:06:28] Topic 5261: missing 186 posts; fetching in batches...
[2026-09-11 20:06:32] Topic 5261: downloading 6 uploads
[2026-09-11 20:06:37] Upload failed 404: requested=https://forums.greaterthangames.com/uploads/default/optimized/2X/7/7475d001c228868e851caa076eef81b9dc1cc53e_2_690x388.jpeg, final=https://forums.greaterthangames.com/uploads/default/optimized/2X/7/7475d001c228868e851caa076eef81b9dc1cc53e_2_690x388.jpeg,
[2026-09-11 20:06:37] Response headers: {'Server': 'nginx', 'Date': 'Fri, 11 Sep 2026 20:06:37 GMT', 'Content-Type': 'text/html', 'Content-Length': '548', 'Connection': 'keep-alive'}
[2026-09-11 20:06:39] [3313/3471] Fetching topic 5515
[2026-09-11 20:06:40] [3314/3471] Fetching topic 5560
[2026-09-11 20:06:41] Topic 5560: downloading 2 uploads
[2026-09-11 20:06:43] [3315/3471] Fetching topic 5527
[2026-09-11 20:06:44] [3316/3471] Fetching topic 5534
[2026-09-11 20:06:45] [3317/3471] Fetching topic 5558
[2026-09-11 20:06:46] [3318/3471] Fetching topic 5519
[2026-09-11 20:06:47] [3319/3471] Fetching topic 5533
[2026-09-11 20:06:48] [3320/3471] Fetching topic 5535
[2026-09-11 20:06:50] [3321/3471] Fetching topic 5524
[2026-09-11 20:06:51] [3322/3471] Fetching topic 5254
[2026-09-11 20:06:52] [3323/3471] Fetching topic 5526
[2026-09-11 20:06:53] [3324/3471] Fetching topic 5518
[2026-09-11 20:06:54] [3325/3471] Fetching topic 5522
[2026-09-11 20:06:55] [3326/3471] Fetching topic 5520
[2026-09-11 20:06:56] [3327/3471] Fetching topic 5513
[2026-09-11 20:06:57] [3328/3471] Fetching topic 5505
[2026-09-11 20:06:59] [3329/3471] Fetching topic 5507
[2026-09-11 20:07:00] [3330/3471] Fetching topic 5404
[2026-09-11 20:07:01] Topic 5404: missing 13 posts; fetching in batches...
[2026-09-11 20:07:02] Topic 5404: downloading 1 uploads
[2026-09-11 20:07:03] [3331/3471] Fetching topic 5502
[2026-09-11 20:07:04] [3332/3471] Fetching topic 5499
[2026-09-11 20:07:05] Topic 5499: downloading 1 uploads
[2026-09-11 20:07:06] [3333/3471] Fetching topic 5492
[2026-09-11 20:07:07] [3334/3471] Fetching topic 5038
[2026-09-11 20:07:08] Topic 5038: missing 24 posts; fetching in batches...
[2026-09-11 20:07:09] [3335/3471] Fetching topic 5484
[2026-09-11 20:07:11] [3336/3471] Fetching topic 5487
[2026-09-11 20:07:12] [3337/3471] Fetching topic 5471
[2026-09-11 20:07:13] [3338/3471] Fetching topic 5478
[2026-09-11 20:07:14] [3339/3471] Fetching topic 5456
[2026-09-11 20:07:15] Topic 5456: missing 4 posts; fetching in batches...
[2026-09-11 20:07:16] [3340/3471] Fetching topic 5462
[2026-09-11 20:07:17] Topic 5462: downloading 1 uploads
[2026-09-11 20:07:18] [3341/3471] Fetching topic 5455
[2026-09-11 20:07:20] Topic 5455: downloading 5 uploads
[2026-09-11 20:07:24] Upload failed 404: requested=https://forums.greaterthangames.com/uploads/default/optimized/2X/f/fdfdfb3a68689ea5f5adf6f6d28ce239008204ed_2_690x362.jpeg, final=https://forums.greaterthangames.com/uploads/default/optimized/2X/f/fdfdfb3a68689ea5f5adf6f6d28ce239008204ed_2_690x362.jpeg,
[2026-09-11 20:07:24] Response headers: {'Server': 'nginx', 'Date': 'Fri, 11 Sep 2026 20:07:23 GMT', 'Content-Type': 'text/html', 'Content-Length': '548', 'Connection': 'keep-alive'}
[2026-09-11 20:07:25] [3342/3471] Fetching topic 5317
[2026-09-11 20:07:26] Topic 5317: missing 8 posts; fetching in batches...
[2026-09-11 20:07:27] Topic 5317: downloading 9 uploads
[2026-09-11 20:07:32] Upload failed 404: requested=https://forums.greaterthangames.com/uploads/default/optimized/2X/5/5b899e3d889041ea1a7bb0b3aa7e9c14bfd3d328_2_690x425.jpeg, final=https://forums.greaterthangames.com/uploads/default/optimized/2X/5/5b899e3d889041ea1a7bb0b3aa7e9c14bfd3d328_2_690x425.jpeg,
[2026-09-11 20:07:32] Response headers: {'Server': 'nginx', 'Date': 'Fri, 11 Sep 2026 20:07:32 GMT', 'Content-Type': 'text/html', 'Content-Length': '548', 'Connection': 'keep-alive'}
[2026-09-11 20:07:36] [3343/3471] Fetching topic 5186
[2026-09-11 20:07:37] [3344/3471] Fetching topic 5451
[2026-09-11 20:07:38] [3345/3471] Fetching topic 5438
[2026-09-11 20:07:40] [3346/3471] Fetching topic 5453
[2026-09-11 20:07:41] [3347/3471] Fetching topic 5416
[2026-09-11 20:07:42] [3348/3471] Fetching topic 5367
[2026-09-11 20:07:43] Topic 5367: missing 26 posts; fetching in batches...
[2026-09-11 20:07:44] Topic 5367: downloading 1 uploads
[2026-09-11 20:07:45] [3349/3471] Fetching topic 5330
[2026-09-11 20:07:46] [3350/3471] Fetching topic 5423
[2026-09-11 20:07:47] [3351/3471] Fetching topic 5414
[2026-09-11 20:07:48] [3352/3471] Fetching topic 5298
[2026-09-11 20:07:50] [3353/3471] Fetching topic 5407
[2026-09-11 20:07:51] [3354/3471] Fetching topic 5406
[2026-09-11 20:07:52] [3355/3471] Fetching topic 5390
[2026-09-11 20:07:53] [3356/3471] Fetching topic 5393
[2026-09-11 20:07:54] [3357/3471] Fetching topic 5387
[2026-09-11 20:07:55] [3358/3471] Fetching topic 5332
[2026-09-11 20:07:56] [3359/3471] Fetching topic 5366
[2026-09-11 20:07:57] [3360/3471] Fetching topic 5362
[2026-09-11 20:07:59] [3361/3471] Fetching topic 5343
[2026-09-11 20:08:00] [3362/3471] Fetching topic 5301
[2026-09-11 20:08:01] [3363/3471] Fetching topic 5329
[2026-09-11 20:08:02] [3364/3471] Fetching topic 5331
[2026-09-11 20:08:03] [3365/3471] Fetching topic 5316
[2026-09-11 20:08:04] [3366/3471] Fetching topic 5327
[2026-09-11 20:08:05] [3367/3471] Fetching topic 5314
[2026-09-11 20:08:07] [3368/3471] Fetching topic 5325
[2026-09-11 20:08:08] [3369/3471] Fetching topic 5322
[2026-09-11 20:08:09] [3370/3471] Fetching topic 5320
[2026-09-11 20:08:10] [3371/3471] Fetching topic 5309
[2026-09-11 20:08:11] Topic 5309: missing 1 posts; fetching in batches...
[2026-09-11 20:08:12] [3372/3471] Fetching topic 5312
[2026-09-11 20:08:13] [3373/3471] Fetching topic 5236
[2026-09-11 20:08:14] [3374/3471] Fetching topic 5253
[2026-09-11 20:08:15] Topic 5253: missing 17 posts; fetching in batches...
[2026-09-11 20:08:16] [3375/3471] Fetching topic 5264
[2026-09-11 20:08:18] [3376/3471] Fetching topic 5297
[2026-09-11 20:08:19] [3377/3471] Fetching topic 5306
[2026-09-11 20:08:20] [3378/3471] Fetching topic 5163
[2026-09-11 20:08:21] Topic 5163: missing 102 posts; fetching in batches...
[2026-09-11 20:08:24] Topic 5163: downloading 1 uploads
[2026-09-11 20:08:25] Upload failed 404: requested=https://forums.greaterthangames.com/uploads/2007/10/harleybatgirl.thumbnail.jpg final=https://forums.greaterthangames.com/uploads/2007/10/harleybatgirl.thumbnail.jpg
[2026-09-11 20:08:25] Response headers: {'Server': 'nginx', 'Date': 'Fri, 11 Sep 2026 20:08:25 GMT', 'Content-Type': 'text/html', 'Content-Length': '548', 'Connection': 'keep-alive'}
[2026-09-11 20:08:25] [3379/3471] Fetching topic 5299
[2026-09-11 20:08:27] Topic 5299: downloading 5 uploads
[2026-09-11 20:08:28] Upload failed 404: requested=https://forums.greaterthangames.com/uploads/default/optimized/2X/f/fdfdfb3a68689ea5f5adf6f6d28ce239008204ed_2_690x362.jpeg, final=https://forums.greaterthangames.com/uploads/default/optimized/2X/f/fdfdfb3a68689ea5f5adf6f6d28ce239008204ed_2_690x362.jpeg,
[2026-09-11 20:08:28] Response headers: {'Server': 'nginx', 'Date': 'Fri, 11 Sep 2026 20:08:28 GMT', 'Content-Type': 'text/html', 'Content-Length': '548', 'Connection': 'keep-alive'}
[2026-09-11 20:08:28] [3380/3471] Fetching topic 5294
[2026-09-11 20:08:29] [3381/3471] Fetching topic 5292
[2026-09-11 20:08:30] [3382/3471] Fetching topic 5279
[2026-09-11 20:08:31] [3383/3471] Fetching topic 5283
[2026-09-11 20:08:32] Topic 5283: missing 9 posts; fetching in batches...
[2026-09-11 20:08:33] [3384/3471] Fetching topic 5284
[2026-09-11 20:08:34] [3385/3471] Fetching topic 5282
[2026-09-11 20:08:36] Topic 5282: downloading 2 uploads
[2026-09-11 20:08:36] Upload failed 404: requested=https://forums.greaterthangames.com/uploads/0/9490/221211-72648-huntress.jpg final=https://forums.greaterthangames.com/uploads/0/9490/221211-72648-huntress.jpg
[2026-09-11 20:08:36] Response headers: {'Server': 'nginx', 'Date': 'Fri, 11 Sep 2026 20:08:36 GMT', 'Content-Type': 'text/html', 'Content-Length': '548', 'Connection': 'keep-alive'}
[2026-09-11 20:08:38] Upload failed 404: requested=https://forums.greaterthangames.com/uploads/0/9490/221211-72648-huntress.jpg]motorcycle[/url]. final=https://forums.greaterthangames.com/uploads/0/9490/221211-72648-huntress.jpg%5Dmotorcycle%5B/url%5D.
[2026-09-11 20:08:38] Response headers: {'Server': 'nginx', 'Date': 'Fri, 11 Sep 2026 20:08:38 GMT', 'Content-Type': 'text/html; charset=utf-8', 'Transfer-Encoding': 'chunked', 'Connection': 'keep-alive', 'Vary': 'Accept-Encoding', 'Content-Security-Policy': "upgrade-insecure-requests; base-uri 'self'; object-src 'none'; script-src 'nonce-8g384ba8cracmeJFW0fRBtHqK' 'strict-dynamic'; frame-ancestors 'self'; manifest-src 'self'", 'X-Request-Id': '7e47c5a4-3f47-4bdc-b97e-4b5285fe02da', 'X-Runtime': '0.023224', 'Content-Encoding': 'gzip'}
[2026-09-11 20:08:38] [3386/3471] Fetching topic 5274
[2026-09-11 20:08:39] [3387/3471] Fetching topic 5224
[2026-09-11 20:08:40] Topic 5224: downloading 1 uploads
[2026-09-11 20:08:41] [3388/3471] Fetching topic 5273
[2026-09-11 20:08:42] [3389/3471] Fetching topic 5200
[2026-09-11 20:08:43] [3390/3471] Fetching topic 5244
[2026-09-11 20:08:44] [3391/3471] Fetching topic 5216
[2026-09-11 20:08:46] [3392/3471] Fetching topic 5229
[2026-09-11 20:08:47] [3393/3471] Fetching topic 5252
[2026-09-11 20:08:48] [3394/3471] Fetching topic 5256
[2026-09-11 20:08:49] Topic 5256: downloading 1 uploads
[2026-09-11 20:08:50] [3395/3471] Fetching topic 5250
[2026-09-11 20:08:51] [3396/3471] Fetching topic 5217
[2026-09-11 20:08:52] [3397/3471] Fetching topic 5241
[2026-09-11 20:08:53] Topic 5241: missing 4 posts; fetching in batches...
[2026-09-11 20:08:54] [3398/3471] Fetching topic 5242
[2026-09-11 20:08:56] Topic 5242: missing 8 posts; fetching in batches...
[2026-09-11 20:08:57] Topic 5242: downloading 1 uploads
[2026-09-11 20:08:58] [3399/3471] Fetching topic 5176
[2026-09-11 20:08:59] Topic 5176: missing 25 posts; fetching in batches...
[2026-09-11 20:09:00] [3400/3471] Fetching topic 5161
[2026-09-11 20:09:01] Topic 5161: downloading 5 uploads
[2026-09-11 20:09:06] [3401/3471] Fetching topic 5238
[2026-09-11 20:09:07] [3402/3471] Fetching topic 5235
[2026-09-11 20:09:08] [3403/3471] Fetching topic 5233
[2026-09-11 20:09:09] [3404/3471] Fetching topic 5203
[2026-09-11 20:09:10] [3405/3471] Fetching topic 5225
[2026-09-11 20:09:12] [3406/3471] Fetching topic 5223
[2026-09-11 20:09:13] [3407/3471] Fetching topic 5221
[2026-09-11 20:09:14] [3408/3471] Fetching topic 5171
[2026-09-11 20:09:15] [3409/3471] Fetching topic 5157
[2026-09-11 20:09:16] [3410/3471] Fetching topic 5212
[2026-09-11 20:09:17] [3411/3471] Fetching topic 5213
[2026-09-11 20:09:18] [3412/3471] Fetching topic 5210
[2026-09-11 20:09:20] [3413/3471] Fetching topic 5066
[2026-09-11 20:09:21] Topic 5066: missing 16 posts; fetching in batches...
[2026-09-11 20:09:22] [3414/3471] Fetching topic 5032
[2026-09-11 20:09:23] Topic 5032: missing 53 posts; fetching in batches...
[2026-09-11 20:09:25] Topic 5032: downloading 19 uploads
[2026-09-11 20:09:26] Upload failed 404: requested=https://forums.greaterthangames.com/UPLOADS/blog/wordpress/images/2011/01/swi5.jpg final=https://forums.greaterthangames.com/UPLOADS/blog/wordpress/images/2011/01/swi5.jpg
[2026-09-11 20:09:26] Response headers: {'Server': 'nginx', 'Date': 'Fri, 11 Sep 2026 20:09:26 GMT', 'Content-Type': 'text/html; charset=utf-8', 'Transfer-Encoding': 'chunked', 'Connection': 'keep-alive', 'Vary': 'Accept-Encoding', 'Content-Security-Policy': "upgrade-insecure-requests; base-uri 'self'; object-src 'none'; script-src 'nonce-W5y7loYcr5N39vlZ5vct26cYe' 'strict-dynamic'; frame-ancestors 'self'; manifest-src 'self'", 'X-Request-Id': '7aa2124f-ec07-4d3d-aa9e-f8feb71a10d7', 'X-Runtime': '0.022493', 'Content-Encoding': 'gzip'}
[2026-09-11 20:09:32] Upload failed 404: requested=https://forums.greaterthangames.com/uploads/default/optimized/2X/1/13641d1e625c2fa72655cceeb1fea032aaeae76d_2_280x500.jpeg, final=https://forums.greaterthangames.com/uploads/default/optimized/2X/1/13641d1e625c2fa72655cceeb1fea032aaeae76d_2_280x500.jpeg,
[2026-09-11 20:09:32] Response headers: {'Server': 'nginx', 'Date': 'Fri, 11 Sep 2026 20:09:32 GMT', 'Content-Type': 'text/html', 'Content-Length': '548', 'Connection': 'keep-alive'}
[2026-09-11 20:09:35] Upload failed 404: requested=https://forums.greaterthangames.com/uploads/default/optimized/2X/2/2be168e8ecadfc52e4fea56ab1ab6d56e5accf33_2_280x500.jpeg, final=https://forums.greaterthangames.com/uploads/default/optimized/2X/2/2be168e8ecadfc52e4fea56ab1ab6d56e5accf33_2_280x500.jpeg,
[2026-09-11 20:09:35] Response headers: {'Server': 'nginx', 'Date': 'Fri, 11 Sep 2026 20:09:35 GMT', 'Content-Type': 'text/html', 'Content-Length': '548', 'Connection': 'keep-alive'}
[2026-09-11 20:09:39] Upload failed 404: requested=https://forums.greaterthangames.com/uploads/default/optimized/2X/3/39e6cf51a03a57529daed8160041acbd96ea947a_2_690x387.jpeg, final=https://forums.greaterthangames.com/uploads/default/optimized/2X/3/39e6cf51a03a57529daed8160041acbd96ea947a_2_690x387.jpeg,
[2026-09-11 20:09:39] Response headers: {'Server': 'nginx', 'Date': 'Fri, 11 Sep 2026 20:09:39 GMT', 'Content-Type': 'text/html', 'Content-Length': '548', 'Connection': 'keep-alive'}
[2026-09-11 20:09:45] [3415/3471] Fetching topic 5204
[2026-09-11 20:09:46] [3416/3471] Fetching topic 5197
[2026-09-11 20:09:47] [3417/3471] Fetching topic 5196
[2026-09-11 20:09:48] [3418/3471] Fetching topic 5188
[2026-09-11 20:09:49] [3419/3471] Fetching topic 5045
[2026-09-11 20:09:51] Topic 5045: missing 13 posts; fetching in batches...
[2026-09-11 20:09:52] [3420/3471] Fetching topic 5189
[2026-09-11 20:09:53] [3421/3471] Fetching topic 5185
[2026-09-11 20:09:54] [3422/3471] Fetching topic 5040
[2026-09-11 20:09:55] [3423/3471] Fetching topic 5183
[2026-09-11 20:09:56] [3424/3471] Fetching topic 5160
[2026-09-11 20:09:57] [3425/3471] Fetching topic 5169
[2026-09-11 20:09:59] Topic 5169: missing 3 posts; fetching in batches...
[2026-09-11 20:10:00] [3426/3471] Fetching topic 5154
[2026-09-11 20:10:01] [3427/3471] Fetching topic 5114
[2026-09-11 20:10:02] Topic 5114: missing 4 posts; fetching in batches...
[2026-09-11 20:10:03] [3428/3471] Fetching topic 5156
[2026-09-11 20:10:04] [3429/3471] Fetching topic 5153
[2026-09-11 20:10:05] [3430/3471] Fetching topic 5151
[2026-09-11 20:10:06] [3431/3471] Fetching topic 5141
[2026-09-11 20:10:07] [3432/3471] Fetching topic 5134
[2026-09-11 20:10:09] [3433/3471] Fetching topic 5155
[2026-09-11 20:10:10] [3434/3471] Fetching topic 5147
[2026-09-11 20:10:11] [3435/3471] Fetching topic 5105
[2026-09-11 20:10:12] Topic 5105: missing 6 posts; fetching in batches...
[2026-09-11 20:10:13] [3436/3471] Fetching topic 5120
[2026-09-11 20:10:14] [3437/3471] Fetching topic 5033
[2026-09-11 20:10:15] Topic 5033: missing 54 posts; fetching in batches...
[2026-09-11 20:10:17] [3438/3471] Fetching topic 5135
[2026-09-11 20:10:19] [3439/3471] Fetching topic 5057
[2026-09-11 20:10:20] Topic 5057: missing 1 posts; fetching in batches...
[2026-09-11 20:10:21] [3440/3471] Fetching topic 5072
[2026-09-11 20:10:22] [3441/3471] Fetching topic 5095
[2026-09-11 20:10:23] [3442/3471] Fetching topic 5125
[2026-09-11 20:10:24] [3443/3471] Fetching topic 5091
[2026-09-11 20:10:25] [3444/3471] Fetching topic 5121
[2026-09-11 20:10:27] [3445/3471] Fetching topic 5087
[2026-09-11 20:10:28] [3446/3471] Fetching topic 5124
[2026-09-11 20:10:29] [3447/3471] Fetching topic 5126
[2026-09-11 20:10:30] [3448/3471] Fetching topic 5094
[2026-09-11 20:10:31] [3449/3471] Fetching topic 5115
[2026-09-11 20:10:32] [3450/3471] Fetching topic 5113
[2026-09-11 20:10:33] [3451/3471] Fetching topic 5117
[2026-09-11 20:10:35] [3452/3471] Fetching topic 5112
[2026-09-11 20:10:36] Topic 5112: downloading 1 uploads
[2026-09-11 20:10:37] [3453/3471] Fetching topic 5111
[2026-09-11 20:10:38] [3454/3471] Fetching topic 5109
[2026-09-11 20:10:39] [3455/3471] Fetching topic 5043
[2026-09-11 20:10:40] Topic 5043: missing 1 posts; fetching in batches...
[2026-09-11 20:10:41] [3456/3471] Fetching topic 5069
[2026-09-11 20:10:42] [3457/3471] Fetching topic 5083
[2026-09-11 20:10:43] [3458/3471] Fetching topic 5088
[2026-09-11 20:10:45] Topic 5088: downloading 1 uploads
[2026-09-11 20:10:46] [3459/3471] Fetching topic 5059
[2026-09-11 20:10:47] [3460/3471] Fetching topic 5079
[2026-09-11 20:10:48] Topic 5079: missing 7 posts; fetching in batches...
[2026-09-11 20:10:49] [3461/3471] Fetching topic 5063
[2026-09-11 20:10:50] [3462/3471] Fetching topic 5011
[2026-09-11 20:10:51] Topic 5011: missing 6 posts; fetching in batches...
[2026-09-11 20:10:52] [3463/3471] Fetching topic 5076
[2026-09-11 20:10:53] [3464/3471] Fetching topic 5031
[2026-09-11 20:10:54] Topic 5031: downloading 3 uploads
[2026-09-11 20:10:58] [3465/3471] Fetching topic 5018
[2026-09-11 20:10:59] Topic 5018: downloading 1 uploads
[2026-09-11 20:11:00] [3466/3471] Fetching topic 5044
[2026-09-11 20:11:01] Topic 5044: missing 1 posts; fetching in batches...
[2026-09-11 20:11:02] [3467/3471] Fetching topic 5060
[2026-09-11 20:11:03] [3468/3471] Fetching topic 5054
[2026-09-11 20:11:04] [3469/3471] Fetching topic 5028
[2026-09-11 20:11:05] [3470/3471] Fetching topic 5026
[2026-09-11 20:11:06] [3471/3471] Fetching topic 5014
[2026-09-11 20:11:07] Category backup completed.
[2026-09-14 04:19:38] [update] Rescanning category 72/general-gtg for changes
[2026-09-14 04:21:47] Category page 116: no topics; stopping.
[2026-09-14 04:21:47] [update] Live listing has 3471 topics for 72/general-gtg
[2026-09-14 04:21:48] [update] general-gtg: 0 new, 1 changed, 0 no longer listed live
[2026-09-14 04:21:48] [update] (1/1) refreshing topic 32583
