[2026-09-11 21:38:29] Backing up category: 73/games
[2026-09-11 21:40:22] Category page 99: no topics; stopping.
[2026-09-11 21:40:22] Collected 2954 unique topics from category 73/games.
[2026-09-11 21:40:22] [1/2954] Fetching topic 5006
[2026-09-11 21:40:23] [2/2954] Fetching topic 32328
[2026-09-11 21:40:25] Topic 32328: missing 111 posts; fetching in batches...
[2026-09-11 21:40:28] Topic 32328: downloading 71 uploads
[2026-09-11 21:41:04] Upload failed 404: requested=https://forums.greaterthangames.com/uploads/default/optimized/2X/0/08f08074418f77b1c5ecd7701625abe01c6642ab_2_637x500.jpeg, final=https://forums.greaterthangames.com/uploads/default/optimized/2X/0/08f08074418f77b1c5ecd7701625abe01c6642ab_2_637x500.jpeg,
[2026-09-11 21:41:04] Response headers: {'Server': 'nginx', 'Date': 'Fri, 11 Sep 2026 21:41:04 GMT', 'Content-Type': 'text/html', 'Content-Length': '548', 'Connection': 'keep-alive'}
[2026-09-11 21:41:06] Upload failed 404: requested=https://forums.greaterthangames.com/uploads/default/optimized/2X/7/7ab33e4930de8c7718fb96f60884107e6609d525_2_337x375.jpeg, final=https://forums.greaterthangames.com/uploads/default/optimized/2X/7/7ab33e4930de8c7718fb96f60884107e6609d525_2_337x375.jpeg,
[2026-09-11 21:41:06] Response headers: {'Server': 'nginx', 'Date': 'Fri, 11 Sep 2026 21:41:06 GMT', 'Content-Type': 'text/html', 'Content-Length': '548', 'Connection': 'keep-alive'}
[2026-09-11 21:41:41] [3/2954] Fetching topic 32035
[2026-09-11 21:41:42] Topic 32035: missing 2 posts; fetching in batches...
[2026-09-11 21:41:43] [4/2954] Fetching topic 32492
[2026-09-11 21:41:44] Topic 32492: downloading 10 uploads
[2026-09-11 21:41:48] Upload failed 404: requested=https://forums.greaterthangames.com/uploads/default/optimized/2X/3/3e948f4f2b63df2884178b997fffa538dc03cab7_2_371x500.jpeg, final=https://forums.greaterthangames.com/uploads/default/optimized/2X/3/3e948f4f2b63df2884178b997fffa538dc03cab7_2_371x500.jpeg,
[2026-09-11 21:41:48] Response headers: {'Server': 'nginx', 'Date': 'Fri, 11 Sep 2026 21:41:48 GMT', 'Content-Type': 'text/html', 'Content-Length': '548', 'Connection': 'keep-alive'}
[2026-09-11 21:41:51] Upload failed 404: requested=https://forums.greaterthangames.com/uploads/default/optimized/2X/4/4220f96a34c374312e1aa94cfd2025537fc6f555_2_465x500.jpeg, final=https://forums.greaterthangames.com/uploads/default/optimized/2X/4/4220f96a34c374312e1aa94cfd2025537fc6f555_2_465x500.jpeg,
[2026-09-11 21:41:51] Response headers: {'Server': 'nginx', 'Date': 'Fri, 11 Sep 2026 21:41:51 GMT', 'Content-Type': 'text/html', 'Content-Length': '548', 'Connection': 'keep-alive'}
[2026-09-11 21:41:55] [5/2954] Fetching topic 32563
[2026-09-11 21:41:56] [6/2954] Fetching topic 32103
[2026-09-11 21:41:57] [7/2954] Fetching topic 32395
[2026-09-11 21:41:58] [8/2954] Fetching topic 32278
[2026-09-11 21:41:59] [9/2954] Fetching topic 32382
[2026-09-11 21:42:01] [10/2954] Fetching topic 32336
[2026-09-11 21:42:02] Topic 32336: downloading 4 uploads
[2026-09-11 21:42:05] Upload failed 404: requested=https://forums.greaterthangames.com/uploads/default/optimized/2X/2/208dff9c7229cc3fa08275a3cca9ebab79ce9c3c_2_406x500.jpeg, final=https://forums.greaterthangames.com/uploads/default/optimized/2X/2/208dff9c7229cc3fa08275a3cca9ebab79ce9c3c_2_406x500.jpeg,
[2026-09-11 21:42:05] Response headers: {'Server': 'nginx', 'Date': 'Fri, 11 Sep 2026 21:42:05 GMT', 'Content-Type': 'text/html', 'Content-Length': '548', 'Connection': 'keep-alive'}
[2026-09-11 21:42:06] [11/2954] Fetching topic 18308
[2026-09-11 21:42:07] [12/2954] Fetching topic 32334
[2026-09-11 21:42:08] Topic 32334: downloading 6 uploads
[2026-09-11 21:42:11] Upload failed 404: requested=https://forums.greaterthangames.com/uploads/default/optimized/2X/f/fdd34c51a017339f0e1947ee77e175f614a32a0e_2_323x500.jpeg, final=https://forums.greaterthangames.com/uploads/default/optimized/2X/f/fdd34c51a017339f0e1947ee77e175f614a32a0e_2_323x500.jpeg,
[2026-09-11 21:42:11] Response headers: {'Server': 'nginx', 'Date': 'Fri, 11 Sep 2026 21:42:11 GMT', 'Content-Type': 'text/html', 'Content-Length': '548', 'Connection': 'keep-alive'}
[2026-09-11 21:42:15] [13/2954] Fetching topic 30349
[2026-09-11 21:42:16] Topic 30349: missing 1654 posts; fetching in batches...
[2026-09-11 21:42:59] Topic 30349: downloading 1775 uploads
[2026-09-11 21:49:05] Upload failed 404: requested=https://forums.greaterthangames.com/uploads/default/optimized/2X/0/002b6b5c26d9b9e88f1f23c9e76aa118476db8bc_2_260x375.png, final=https://forums.greaterthangames.com/uploads/default/optimized/2X/0/002b6b5c26d9b9e88f1f23c9e76aa118476db8bc_2_260x375.png,
[2026-09-11 21:49:05] Response headers: {'Server': 'nginx', 'Date': 'Fri, 11 Sep 2026 21:49:05 GMT', 'Content-Type': 'text/html', 'Content-Length': '548', 'Connection': 'keep-alive'}
[2026-09-11 21:49:08] Upload failed 404: requested=https://forums.greaterthangames.com/uploads/default/optimized/2X/0/009e5526799b9f8ecc9c1a84520c016b1bfcb230_2_260x375.png, final=https://forums.greaterthangames.com/uploads/default/optimized/2X/0/009e5526799b9f8ecc9c1a84520c016b1bfcb230_2_260x375.png,
[2026-09-11 21:49:08] Response headers: {'Server': 'nginx', 'Date': 'Fri, 11 Sep 2026 21:49:08 GMT', 'Content-Type': 'text/html', 'Content-Length': '548', 'Connection': 'keep-alive'}
[2026-09-11 21:49:12] Upload failed 404: requested=https://forums.greaterthangames.com/uploads/default/optimized/2X/0/0158cc65e7b1b8c1d50a700c4e8d2bd9d1299a25_2_347x500.png, final=https://forums.greaterthangames.com/uploads/default/optimized/2X/0/0158cc65e7b1b8c1d50a700c4e8d2bd9d1299a25_2_347x500.png,
[2026-09-11 21:49:12] Response headers: {'Server': 'nginx', 'Date': 'Fri, 11 Sep 2026 21:49:12 GMT', 'Content-Type': 'text/html', 'Content-Length': '548', 'Connection': 'keep-alive'}
[2026-09-11 21:49:15] Upload failed 404: requested=https://forums.greaterthangames.com/uploads/default/optimized/2X/0/01839d585bd589e5fd4137e59a9905adbc087d3d_2_260x375.png, final=https://forums.greaterthangames.com/uploads/default/optimized/2X/0/01839d585bd589e5fd4137e59a9905adbc087d3d_2_260x375.png,
[2026-09-11 21:49:15] Response headers: {'Server': 'nginx', 'Date': 'Fri, 11 Sep 2026 21:49:14 GMT', 'Content-Type': 'text/html', 'Content-Length': '548', 'Connection': 'keep-alive'}
[2026-09-11 21:49:19] Upload failed 404: requested=https://forums.greaterthangames.com/uploads/default/optimized/2X/0/01c8b0bd3dcccde7ab67b83b7af8cb3c9f190c37_2_347x500.png, final=https://forums.greaterthangames.com/uploads/default/optimized/2X/0/01c8b0bd3dcccde7ab67b83b7af8cb3c9f190c37_2_347x500.png,
[2026-09-11 21:49:19] Response headers: {'Server': 'nginx', 'Date': 'Fri, 11 Sep 2026 21:49:19 GMT', 'Content-Type': 'text/html', 'Content-Length': '548', 'Connection': 'keep-alive'}
[2026-09-11 21:49:22] Upload failed 404: requested=https://forums.greaterthangames.com/uploads/default/optimized/2X/0/0456c748463fe021b404681daf9f7b762c291682_2_312x500.png, final=https://forums.greaterthangames.com/uploads/default/optimized/2X/0/0456c748463fe021b404681daf9f7b762c291682_2_312x500.png,
[2026-09-11 21:49:22] Response headers: {'Server': 'nginx', 'Date': 'Fri, 11 Sep 2026 21:49:22 GMT', 'Content-Type': 'text/html', 'Content-Length': '548', 'Connection': 'keep-alive'}
[2026-09-11 21:49:26] Upload failed 404: requested=https://forums.greaterthangames.com/uploads/default/optimized/2X/0/04e04644003e95477a3f04b0d19a479354a805c0_2_347x500.png, final=https://forums.greaterthangames.com/uploads/default/optimized/2X/0/04e04644003e95477a3f04b0d19a479354a805c0_2_347x500.png,
[2026-09-11 21:49:26] Response headers: {'Server': 'nginx', 'Date': 'Fri, 11 Sep 2026 21:49:26 GMT', 'Content-Type': 'text/html', 'Content-Length': '548', 'Connection': 'keep-alive'}
[2026-09-11 21:49:29] Upload failed 404: requested=https://forums.greaterthangames.com/uploads/default/optimized/2X/0/05d723b8151a7c52cd9e2e9f218e61ede9abf3b1_2_347x500.png, final=https://forums.greaterthangames.com/uploads/default/optimized/2X/0/05d723b8151a7c52cd9e2e9f218e61ede9abf3b1_2_347x500.png,
[2026-09-11 21:49:29] Response headers: {'Server': 'nginx', 'Date': 'Fri, 11 Sep 2026 21:49:29 GMT', 'Content-Type': 'text/html', 'Content-Length': '548', 'Connection': 'keep-alive'}
[2026-09-11 21:49:31] Upload failed 404: requested=https://forums.greaterthangames.com/uploads/default/optimized/2X/0/064ca41ff055f81b27f66a62d3ecad8b38fdb9fe_2_347x500.png, final=https://forums.greaterthangames.com/uploads/default/optimized/2X/0/064ca41ff055f81b27f66a62d3ecad8b38fdb9fe_2_347x500.png,
[2026-09-11 21:49:31] Response headers: {'Server': 'nginx', 'Date': 'Fri, 11 Sep 2026 21:49:31 GMT', 'Content-Type': 'text/html', 'Content-Length': '548', 'Connection': 'keep-alive'}
[2026-09-11 21:49:33] Upload failed 404: requested=https://forums.greaterthangames.com/uploads/default/optimized/2X/0/06519da62f69e1c010b131f7f93f70c7a961c689_2_347x500.png, final=https://forums.greaterthangames.com/uploads/default/optimized/2X/0/06519da62f69e1c010b131f7f93f70c7a961c689_2_347x500.png,
[2026-09-11 21:49:33] Response headers: {'Server': 'nginx', 'Date': 'Fri, 11 Sep 2026 21:49:33 GMT', 'Content-Type': 'text/html', 'Content-Length': '548', 'Connection': 'keep-alive'}
[2026-09-11 21:49:37] Upload failed 404: requested=https://forums.greaterthangames.com/uploads/default/optimized/2X/0/06860ce3fa8f9efe7b8004ae8c12b814175c57fb_2_347x500.png, final=https://forums.greaterthangames.com/uploads/default/optimized/2X/0/06860ce3fa8f9efe7b8004ae8c12b814175c57fb_2_347x500.png,
[2026-09-11 21:49:37] Response headers: {'Server': 'nginx', 'Date': 'Fri, 11 Sep 2026 21:49:36 GMT', 'Content-Type': 'text/html', 'Content-Length': '548', 'Connection': 'keep-alive'}
[2026-09-11 21:49:40] Upload failed 404: requested=https://forums.greaterthangames.com/uploads/default/optimized/2X/0/069f079a17deabe0c004b91e78fbc76a6d9a929d_2_312x500.png, final=https://forums.greaterthangames.com/uploads/default/optimized/2X/0/069f079a17deabe0c004b91e78fbc76a6d9a929d_2_312x500.png,
[2026-09-11 21:49:40] Response headers: {'Server': 'nginx', 'Date': 'Fri, 11 Sep 2026 21:49:40 GMT', 'Content-Type': 'text/html', 'Content-Length': '548', 'Connection': 'keep-alive'}
[2026-09-11 21:49:43] Upload failed 404: requested=https://forums.greaterthangames.com/uploads/default/optimized/2X/0/06e6daa2bd3278177e3aad0b4da869f72e0d3493_2_347x500.png, final=https://forums.greaterthangames.com/uploads/default/optimized/2X/0/06e6daa2bd3278177e3aad0b4da869f72e0d3493_2_347x500.png,
[2026-09-11 21:49:43] Response headers: {'Server': 'nginx', 'Date': 'Fri, 11 Sep 2026 21:49:43 GMT', 'Content-Type': 'text/html', 'Content-Length': '548', 'Connection': 'keep-alive'}
[2026-09-11 21:49:46] Upload failed 404: requested=https://forums.greaterthangames.com/uploads/default/optimized/2X/0/07cb9de769fd06e89a794149c056a6364b0e588d_2_312x500.png, final=https://forums.greaterthangames.com/uploads/default/optimized/2X/0/07cb9de769fd06e89a794149c056a6364b0e588d_2_312x500.png,
[2026-09-11 21:49:46] Response headers: {'Server': 'nginx', 'Date': 'Fri, 11 Sep 2026 21:49:46 GMT', 'Content-Type': 'text/html', 'Content-Length': '548', 'Connection': 'keep-alive'}
[2026-09-11 21:49:50] Upload failed 404: requested=https://forums.greaterthangames.com/uploads/default/optimized/2X/0/083d20afc44839f8f2d918b9081fea47dcf030d2_2_346x500.png, final=https://forums.greaterthangames.com/uploads/default/optimized/2X/0/083d20afc44839f8f2d918b9081fea47dcf030d2_2_346x500.png,
[2026-09-11 21:49:50] Response headers: {'Server': 'nginx', 'Date': 'Fri, 11 Sep 2026 21:49:50 GMT', 'Content-Type': 'text/html', 'Content-Length': '548', 'Connection': 'keep-alive'}
[2026-09-11 21:49:52] Upload failed 404: requested=https://forums.greaterthangames.com/uploads/default/optimized/2X/0/088b1c7acf7fe58fc587a12fb4cce898f50aa528_2_260x375.png, final=https://forums.greaterthangames.com/uploads/default/optimized/2X/0/088b1c7acf7fe58fc587a12fb4cce898f50aa528_2_260x375.png,
[2026-09-11 21:49:52] Response headers: {'Server': 'nginx', 'Date': 'Fri, 11 Sep 2026 21:49:52 GMT', 'Content-Type': 'text/html', 'Content-Length': '548', 'Connection': 'keep-alive'}
[2026-09-11 21:49:56] Upload failed 404: requested=https://forums.greaterthangames.com/uploads/default/optimized/2X/0/0b22420270fceeceebf94cf1c24aa8a69299ad34_2_312x500.png, final=https://forums.greaterthangames.com/uploads/default/optimized/2X/0/0b22420270fceeceebf94cf1c24aa8a69299ad34_2_312x500.png,
[2026-09-11 21:49:56] Response headers: {'Server': 'nginx', 'Date': 'Fri, 11 Sep 2026 21:49:56 GMT', 'Content-Type': 'text/html', 'Content-Length': '548', 'Connection': 'keep-alive'}
[2026-09-11 21:50:01] Upload failed 404: requested=https://forums.greaterthangames.com/uploads/default/optimized/2X/0/0b53968e94619ac259bd89b6814f60c632ca7a28_2_347x500.png, final=https://forums.greaterthangames.com/uploads/default/optimized/2X/0/0b53968e94619ac259bd89b6814f60c632ca7a28_2_347x500.png,
[2026-09-11 21:50:01] Response headers: {'Server': 'nginx', 'Date': 'Fri, 11 Sep 2026 21:50:01 GMT', 'Content-Type': 'text/html', 'Content-Length': '548', 'Connection': 'keep-alive'}
[2026-09-11 21:50:03] Upload failed 404: requested=https://forums.greaterthangames.com/uploads/default/optimized/2X/0/0c103d6e648522c181db2212231e1622d2664b03_2_348x500.png, final=https://forums.greaterthangames.com/uploads/default/optimized/2X/0/0c103d6e648522c181db2212231e1622d2664b03_2_348x500.png,
[2026-09-11 21:50:03] Response headers: {'Server': 'nginx', 'Date': 'Fri, 11 Sep 2026 21:50:03 GMT', 'Content-Type': 'text/html', 'Content-Length': '548', 'Connection': 'keep-alive'}
[2026-09-11 21:50:06] Upload failed 404: requested=https://forums.greaterthangames.com/uploads/default/optimized/2X/0/0d394d38753151d400b33d2089927b20c1d7695e_2_312x500.png, final=https://forums.greaterthangames.com/uploads/default/optimized/2X/0/0d394d38753151d400b33d2089927b20c1d7695e_2_312x500.png,
[2026-09-11 21:50:06] Response headers: {'Server': 'nginx', 'Date': 'Fri, 11 Sep 2026 21:50:06 GMT', 'Content-Type': 'text/html', 'Content-Length': '548', 'Connection': 'keep-alive'}
[2026-09-11 21:50:09] Upload failed 404: requested=https://forums.greaterthangames.com/uploads/default/optimized/2X/0/0d6d1fafeaec293e569e0d9ab045988c4f25dcb8_2_260x375.png, final=https://forums.greaterthangames.com/uploads/default/optimized/2X/0/0d6d1fafeaec293e569e0d9ab045988c4f25dcb8_2_260x375.png,
[2026-09-11 21:50:09] Response headers: {'Server': 'nginx', 'Date': 'Fri, 11 Sep 2026 21:50:09 GMT', 'Content-Type': 'text/html', 'Content-Length': '548', 'Connection': 'keep-alive'}
[2026-09-11 21:50:13] Upload failed 404: requested=https://forums.greaterthangames.com/uploads/default/optimized/2X/0/0d9a34b58a48003f68cddd0ba54154297a6074ec_2_366x500.png, final=https://forums.greaterthangames.com/uploads/default/optimized/2X/0/0d9a34b58a48003f68cddd0ba54154297a6074ec_2_366x500.png,
[2026-09-11 21:50:13] Response headers: {'Server': 'nginx', 'Date': 'Fri, 11 Sep 2026 21:50:13 GMT', 'Content-Type': 'text/html', 'Content-Length': '548', 'Connection': 'keep-alive'}
[2026-09-11 21:50:17] Upload failed 404: requested=https://forums.greaterthangames.com/uploads/default/optimized/2X/0/0db57fcd17d0a3e87120490e8dc87ec85c061967_2_294x500.png, final=https://forums.greaterthangames.com/uploads/default/optimized/2X/0/0db57fcd17d0a3e87120490e8dc87ec85c061967_2_294x500.png,
[2026-09-11 21:50:17] Response headers: {'Server': 'nginx', 'Date': 'Fri, 11 Sep 2026 21:50:17 GMT', 'Content-Type': 'text/html', 'Content-Length': '548', 'Connection': 'keep-alive'}
[2026-09-11 21:50:20] Upload failed 404: requested=https://forums.greaterthangames.com/uploads/default/optimized/2X/0/0e1cae093a5899a686a9f968f6fde220c04bcb89_2_347x500.png, final=https://forums.greaterthangames.com/uploads/default/optimized/2X/0/0e1cae093a5899a686a9f968f6fde220c04bcb89_2_347x500.png,
[2026-09-11 21:50:20] Response headers: {'Server': 'nginx', 'Date': 'Fri, 11 Sep 2026 21:50:20 GMT', 'Content-Type': 'text/html', 'Content-Length': '548', 'Connection': 'keep-alive'}
[2026-09-11 21:50:23] Upload failed 404: requested=https://forums.greaterthangames.com/uploads/default/optimized/2X/0/0e2af5cdcc5b650fa36b07919ceefe451c247bd2_2_347x500.png, final=https://forums.greaterthangames.com/uploads/default/optimized/2X/0/0e2af5cdcc5b650fa36b07919ceefe451c247bd2_2_347x500.png,
[2026-09-11 21:50:23] Response headers: {'Server': 'nginx', 'Date': 'Fri, 11 Sep 2026 21:50:23 GMT', 'Content-Type': 'text/html', 'Content-Length': '548', 'Connection': 'keep-alive'}
[2026-09-11 21:50:27] Upload failed 404: requested=https://forums.greaterthangames.com/uploads/default/optimized/2X/0/0ea47143fa1b0481dfcd5837de44d25cb2fe7ab0_2_347x500.png, final=https://forums.greaterthangames.com/uploads/default/optimized/2X/0/0ea47143fa1b0481dfcd5837de44d25cb2fe7ab0_2_347x500.png,
[2026-09-11 21:50:27] Response headers: {'Server': 'nginx', 'Date': 'Fri, 11 Sep 2026 21:50:27 GMT', 'Content-Type': 'text/html', 'Content-Length': '548', 'Connection': 'keep-alive'}
[2026-09-11 21:50:29] Upload failed 404: requested=https://forums.greaterthangames.com/uploads/default/optimized/2X/0/0eb680b00169b6f779f537684931889f2097482d_2_347x500.png, final=https://forums.greaterthangames.com/uploads/default/optimized/2X/0/0eb680b00169b6f779f537684931889f2097482d_2_347x500.png,
[2026-09-11 21:50:29] Response headers: {'Server': 'nginx', 'Date': 'Fri, 11 Sep 2026 21:50:29 GMT', 'Content-Type': 'text/html', 'Content-Length': '548', 'Connection': 'keep-alive'}
[2026-09-11 21:50:32] Upload failed 404: requested=https://forums.greaterthangames.com/uploads/default/optimized/2X/0/0ec87c0eae16bfacf03786791e6d2b3162e21745_2_312x500.png, final=https://forums.greaterthangames.com/uploads/default/optimized/2X/0/0ec87c0eae16bfacf03786791e6d2b3162e21745_2_312x500.png,
[2026-09-11 21:50:32] Response headers: {'Server': 'nginx', 'Date': 'Fri, 11 Sep 2026 21:50:32 GMT', 'Content-Type': 'text/html', 'Content-Length': '548', 'Connection': 'keep-alive'}
[2026-09-11 21:50:35] Upload failed 404: requested=https://forums.greaterthangames.com/uploads/default/optimized/2X/0/0fe76c7380362cb8059b33d425f5d07d63ce69d5_2_347x500.png, final=https://forums.greaterthangames.com/uploads/default/optimized/2X/0/0fe76c7380362cb8059b33d425f5d07d63ce69d5_2_347x500.png,
[2026-09-11 21:50:35] Response headers: {'Server': 'nginx', 'Date': 'Fri, 11 Sep 2026 21:50:35 GMT', 'Content-Type': 'text/html', 'Content-Length': '548', 'Connection': 'keep-alive'}
[2026-09-11 21:50:38] Upload failed 404: requested=https://forums.greaterthangames.com/uploads/default/optimized/2X/1/11f073103b23136c8e01b1003a4d02a153229dce_2_347x500.png, final=https://forums.greaterthangames.com/uploads/default/optimized/2X/1/11f073103b23136c8e01b1003a4d02a153229dce_2_347x500.png,
[2026-09-11 21:50:38] Response headers: {'Server': 'nginx', 'Date': 'Fri, 11 Sep 2026 21:50:38 GMT', 'Content-Type': 'text/html', 'Content-Length': '548', 'Connection': 'keep-alive'}
[2026-09-11 21:50:41] Upload failed 404: requested=https://forums.greaterthangames.com/uploads/default/optimized/2X/1/1200da34a77450ad402a688c5ad4ba9077c594c5_2_347x500.png, final=https://forums.greaterthangames.com/uploads/default/optimized/2X/1/1200da34a77450ad402a688c5ad4ba9077c594c5_2_347x500.png,
[2026-09-11 21:50:41] Response headers: {'Server': 'nginx', 'Date': 'Fri, 11 Sep 2026 21:50:41 GMT', 'Content-Type': 'text/html', 'Content-Length': '548', 'Connection': 'keep-alive'}
[2026-09-11 21:50:45] Upload failed 404: requested=https://forums.greaterthangames.com/uploads/default/optimized/2X/1/12be4dcc6f69fd7eda46602ab8d8d36b4f9eb2ec_2_347x500.png, final=https://forums.greaterthangames.com/uploads/default/optimized/2X/1/12be4dcc6f69fd7eda46602ab8d8d36b4f9eb2ec_2_347x500.png,
[2026-09-11 21:50:45] Response headers: {'Server': 'nginx', 'Date': 'Fri, 11 Sep 2026 21:50:44 GMT', 'Content-Type': 'text/html', 'Content-Length': '548', 'Connection': 'keep-alive'}
[2026-09-11 21:50:48] Upload failed 404: requested=https://forums.greaterthangames.com/uploads/default/optimized/2X/1/14a528fc4e8fb0a983b125443c33db4e03244a20_2_351x500.png, final=https://forums.greaterthangames.com/uploads/default/optimized/2X/1/14a528fc4e8fb0a983b125443c33db4e03244a20_2_351x500.png,
[2026-09-11 21:50:48] Response headers: {'Server': 'nginx', 'Date': 'Fri, 11 Sep 2026 21:50:48 GMT', 'Content-Type': 'text/html', 'Content-Length': '548', 'Connection': 'keep-alive'}
[2026-09-11 21:50:51] Upload failed 404: requested=https://forums.greaterthangames.com/uploads/default/optimized/2X/1/154b852b031a05b735faac3ad942562fc71b5a34_2_347x500.png, final=https://forums.greaterthangames.com/uploads/default/optimized/2X/1/154b852b031a05b735faac3ad942562fc71b5a34_2_347x500.png,
[2026-09-11 21:50:51] Response headers: {'Server': 'nginx', 'Date': 'Fri, 11 Sep 2026 21:50:51 GMT', 'Content-Type': 'text/html', 'Content-Length': '548', 'Connection': 'keep-alive'}
[2026-09-11 21:50:54] Upload failed 404: requested=https://forums.greaterthangames.com/uploads/default/optimized/2X/1/16ce28bcfd4cafc5e90556a0e0452479388c9ec1_2_347x500.png, final=https://forums.greaterthangames.com/uploads/default/optimized/2X/1/16ce28bcfd4cafc5e90556a0e0452479388c9ec1_2_347x500.png,
[2026-09-11 21:50:54] Response headers: {'Server': 'nginx', 'Date': 'Fri, 11 Sep 2026 21:50:54 GMT', 'Content-Type': 'text/html', 'Content-Length': '548', 'Connection': 'keep-alive'}
[2026-09-11 21:50:56] Upload failed 404: requested=https://forums.greaterthangames.com/uploads/default/optimized/2X/1/16d2f400c7da3fb717e3116ffa72a8fe14ecee4b_2_349x500.png, final=https://forums.greaterthangames.com/uploads/default/optimized/2X/1/16d2f400c7da3fb717e3116ffa72a8fe14ecee4b_2_349x500.png,
[2026-09-11 21:50:56] Response headers: {'Server': 'nginx', 'Date': 'Fri, 11 Sep 2026 21:50:56 GMT', 'Content-Type': 'text/html', 'Content-Length': '548', 'Connection': 'keep-alive'}
[2026-09-11 21:50:58] Upload failed 404: requested=https://forums.greaterthangames.com/uploads/default/optimized/2X/1/1747fd66a163b0adfe0300be3a01642b184d75be_2_347x500.png, final=https://forums.greaterthangames.com/uploads/default/optimized/2X/1/1747fd66a163b0adfe0300be3a01642b184d75be_2_347x500.png,
[2026-09-11 21:50:58] Response headers: {'Server': 'nginx', 'Date': 'Fri, 11 Sep 2026 21:50:58 GMT', 'Content-Type': 'text/html', 'Content-Length': '548', 'Connection': 'keep-alive'}
[2026-09-11 21:51:00] Upload failed 404: requested=https://forums.greaterthangames.com/uploads/default/optimized/2X/1/187ccb773c1104a3a22a16858edd8a1847c01607_2_347x500.png, final=https://forums.greaterthangames.com/uploads/default/optimized/2X/1/187ccb773c1104a3a22a16858edd8a1847c01607_2_347x500.png,
[2026-09-11 21:51:00] Response headers: {'Server': 'nginx', 'Date': 'Fri, 11 Sep 2026 21:51:00 GMT', 'Content-Type': 'text/html', 'Content-Length': '548', 'Connection': 'keep-alive'}
[2026-09-11 21:51:03] Upload failed 404: requested=https://forums.greaterthangames.com/uploads/default/optimized/2X/1/18991626b08aab1bf01235fb96eff171635da4e6_2_347x500.png, final=https://forums.greaterthangames.com/uploads/default/optimized/2X/1/18991626b08aab1bf01235fb96eff171635da4e6_2_347x500.png,
[2026-09-11 21:51:03] Response headers: {'Server': 'nginx', 'Date': 'Fri, 11 Sep 2026 21:51:03 GMT', 'Content-Type': 'text/html', 'Content-Length': '548', 'Connection': 'keep-alive'}
[2026-09-11 21:51:06] Upload failed 404: requested=https://forums.greaterthangames.com/uploads/default/optimized/2X/1/190cb1cb35fe1362bd1d0dcfe13e3dcc41e8e9f2_2_350x500.png, final=https://forums.greaterthangames.com/uploads/default/optimized/2X/1/190cb1cb35fe1362bd1d0dcfe13e3dcc41e8e9f2_2_350x500.png,
[2026-09-11 21:51:06] Response headers: {'Server': 'nginx', 'Date': 'Fri, 11 Sep 2026 21:51:06 GMT', 'Content-Type': 'text/html', 'Content-Length': '548', 'Connection': 'keep-alive'}
[2026-09-11 21:51:09] Upload failed 404: requested=https://forums.greaterthangames.com/uploads/default/optimized/2X/1/19bff0d3612e730330e5f6404bfd8f4c77ef9669_2_312x500.png, final=https://forums.greaterthangames.com/uploads/default/optimized/2X/1/19bff0d3612e730330e5f6404bfd8f4c77ef9669_2_312x500.png,
[2026-09-11 21:51:09] Response headers: {'Server': 'nginx', 'Date': 'Fri, 11 Sep 2026 21:51:09 GMT', 'Content-Type': 'text/html', 'Content-Length': '548', 'Connection': 'keep-alive'}
[2026-09-11 21:51:13] Upload failed 404: requested=https://forums.greaterthangames.com/uploads/default/optimized/2X/1/1a08c6db84a024fe9bfef0dddf6fef1188a3ccc0_2_347x500.png, final=https://forums.greaterthangames.com/uploads/default/optimized/2X/1/1a08c6db84a024fe9bfef0dddf6fef1188a3ccc0_2_347x500.png,
[2026-09-11 21:51:13] Response headers: {'Server': 'nginx', 'Date': 'Fri, 11 Sep 2026 21:51:13 GMT', 'Content-Type': 'text/html', 'Content-Length': '548', 'Connection': 'keep-alive'}
[2026-09-11 21:51:15] Upload failed 404: requested=https://forums.greaterthangames.com/uploads/default/optimized/2X/1/1a2facdbe655bf4a4795e012807acd1e6961972c_2_348x500.png, final=https://forums.greaterthangames.com/uploads/default/optimized/2X/1/1a2facdbe655bf4a4795e012807acd1e6961972c_2_348x500.png,
[2026-09-11 21:51:15] Response headers: {'Server': 'nginx', 'Date': 'Fri, 11 Sep 2026 21:51:15 GMT', 'Content-Type': 'text/html', 'Content-Length': '548', 'Connection': 'keep-alive'}
[2026-09-11 21:51:18] Upload failed 404: requested=https://forums.greaterthangames.com/uploads/default/optimized/2X/1/1a61b6ec5031641290f020fa9002c5f33872ee69_2_347x500.png, final=https://forums.greaterthangames.com/uploads/default/optimized/2X/1/1a61b6ec5031641290f020fa9002c5f33872ee69_2_347x500.png,
[2026-09-11 21:51:18] Response headers: {'Server': 'nginx', 'Date': 'Fri, 11 Sep 2026 21:51:18 GMT', 'Content-Type': 'text/html', 'Content-Length': '548', 'Connection': 'keep-alive'}
[2026-09-11 21:51:20] Upload failed 404: requested=https://forums.greaterthangames.com/uploads/default/optimized/2X/1/1dc63d63c6b548e01c9650a24843c58529ed0bd8_2_347x500.png, final=https://forums.greaterthangames.com/uploads/default/optimized/2X/1/1dc63d63c6b548e01c9650a24843c58529ed0bd8_2_347x500.png,
[2026-09-11 21:51:20] Response headers: {'Server': 'nginx', 'Date': 'Fri, 11 Sep 2026 21:51:20 GMT', 'Content-Type': 'text/html', 'Content-Length': '548', 'Connection': 'keep-alive'}
[2026-09-11 21:51:24] Upload failed 404: requested=https://forums.greaterthangames.com/uploads/default/optimized/2X/1/1e51a3713d9ce8b6d121f2002cbfd2de1a6e9d93_2_312x500.png, final=https://forums.greaterthangames.com/uploads/default/optimized/2X/1/1e51a3713d9ce8b6d121f2002cbfd2de1a6e9d93_2_312x500.png,
[2026-09-11 21:51:24] Response headers: {'Server': 'nginx', 'Date': 'Fri, 11 Sep 2026 21:51:24 GMT', 'Content-Type': 'text/html', 'Content-Length': '548', 'Connection': 'keep-alive'}
[2026-09-11 21:51:27] Upload failed 404: requested=https://forums.greaterthangames.com/uploads/default/optimized/2X/1/1fabdfc9194451e549909f3dbe3df1ea76a33aca_2_260x375.png, final=https://forums.greaterthangames.com/uploads/default/optimized/2X/1/1fabdfc9194451e549909f3dbe3df1ea76a33aca_2_260x375.png,
[2026-09-11 21:51:27] Response headers: {'Server': 'nginx', 'Date': 'Fri, 11 Sep 2026 21:51:27 GMT', 'Content-Type': 'text/html', 'Content-Length': '548', 'Connection': 'keep-alive'}
[2026-09-11 21:51:31] Upload failed 404: requested=https://forums.greaterthangames.com/uploads/default/optimized/2X/1/1ff189a6bd6bcda27a08dc1f4dd2e8c507e957a6_2_347x500.png, final=https://forums.greaterthangames.com/uploads/default/optimized/2X/1/1ff189a6bd6bcda27a08dc1f4dd2e8c507e957a6_2_347x500.png,
[2026-09-11 21:51:31] Response headers: {'Server': 'nginx', 'Date': 'Fri, 11 Sep 2026 21:51:31 GMT', 'Content-Type': 'text/html', 'Content-Length': '548', 'Connection': 'keep-alive'}
[2026-09-11 21:51:34] Upload failed 404: requested=https://forums.greaterthangames.com/uploads/default/optimized/2X/2/2023e15a1d05ab26a56e6a34fb66bedfaef349d3_2_347x500.png, final=https://forums.greaterthangames.com/uploads/default/optimized/2X/2/2023e15a1d05ab26a56e6a34fb66bedfaef349d3_2_347x500.png,
[2026-09-11 21:51:34] Response headers: {'Server': 'nginx', 'Date': 'Fri, 11 Sep 2026 21:51:34 GMT', 'Content-Type': 'text/html', 'Content-Length': '548', 'Connection': 'keep-alive'}
[2026-09-11 21:51:37] Upload failed 404: requested=https://forums.greaterthangames.com/uploads/default/optimized/2X/2/205a988f3cac32ad6fde018f2ef3189a2327b1e1_2_347x500.png, final=https://forums.greaterthangames.com/uploads/default/optimized/2X/2/205a988f3cac32ad6fde018f2ef3189a2327b1e1_2_347x500.png,
[2026-09-11 21:51:37] Response headers: {'Server': 'nginx', 'Date': 'Fri, 11 Sep 2026 21:51:37 GMT', 'Content-Type': 'text/html', 'Content-Length': '548', 'Connection': 'keep-alive'}
[2026-09-11 21:51:40] Upload failed 404: requested=https://forums.greaterthangames.com/uploads/default/optimized/2X/2/20b5c221554bf8bd2520139982eb6b88ca51f95b_2_312x500.png, final=https://forums.greaterthangames.com/uploads/default/optimized/2X/2/20b5c221554bf8bd2520139982eb6b88ca51f95b_2_312x500.png,
[2026-09-11 21:51:40] Response headers: {'Server': 'nginx', 'Date': 'Fri, 11 Sep 2026 21:51:40 GMT', 'Content-Type': 'text/html', 'Content-Length': '548', 'Connection': 'keep-alive'}
[2026-09-11 21:51:43] Upload failed 404: requested=https://forums.greaterthangames.com/uploads/default/optimized/2X/2/21071a8cf813513aa823117134640b3368e980bb_2_347x500.png, final=https://forums.greaterthangames.com/uploads/default/optimized/2X/2/21071a8cf813513aa823117134640b3368e980bb_2_347x500.png,
[2026-09-11 21:51:43] Response headers: {'Server': 'nginx', 'Date': 'Fri, 11 Sep 2026 21:51:43 GMT', 'Content-Type': 'text/html', 'Content-Length': '548', 'Connection': 'keep-alive'}
[2026-09-11 21:51:47] Upload failed 404: requested=https://forums.greaterthangames.com/uploads/default/optimized/2X/2/214b185bdad25f298e97b585bbc964ba404a054a_2_373x499.png, final=https://forums.greaterthangames.com/uploads/default/optimized/2X/2/214b185bdad25f298e97b585bbc964ba404a054a_2_373x499.png,
[2026-09-11 21:51:47] Response headers: {'Server': 'nginx', 'Date': 'Fri, 11 Sep 2026 21:51:47 GMT', 'Content-Type': 'text/html', 'Content-Length': '548', 'Connection': 'keep-alive'}
[2026-09-11 21:51:51] Upload failed 404: requested=https://forums.greaterthangames.com/uploads/default/optimized/2X/2/21596eb91368fe3d3a2921d69aed2bace462263c_2_347x500.png, final=https://forums.greaterthangames.com/uploads/default/optimized/2X/2/21596eb91368fe3d3a2921d69aed2bace462263c_2_347x500.png,
[2026-09-11 21:51:51] Response headers: {'Server': 'nginx', 'Date': 'Fri, 11 Sep 2026 21:51:51 GMT', 'Content-Type': 'text/html', 'Content-Length': '548', 'Connection': 'keep-alive'}
[2026-09-11 21:51:53] Upload failed 404: requested=https://forums.greaterthangames.com/uploads/default/optimized/2X/2/2160b072b6344291ee30c687794023ffd5227c1c_2_347x500.png, final=https://forums.greaterthangames.com/uploads/default/optimized/2X/2/2160b072b6344291ee30c687794023ffd5227c1c_2_347x500.png,
[2026-09-11 21:51:53] Response headers: {'Server': 'nginx', 'Date': 'Fri, 11 Sep 2026 21:51:53 GMT', 'Content-Type': 'text/html', 'Content-Length': '548', 'Connection': 'keep-alive'}
[2026-09-11 21:51:55] Upload failed 404: requested=https://forums.greaterthangames.com/uploads/default/optimized/2X/2/225e62ad7bc923564262482ef5aa09f79cd88153_2_347x500.png, final=https://forums.greaterthangames.com/uploads/default/optimized/2X/2/225e62ad7bc923564262482ef5aa09f79cd88153_2_347x500.png,
[2026-09-11 21:51:55] Response headers: {'Server': 'nginx', 'Date': 'Fri, 11 Sep 2026 21:51:55 GMT', 'Content-Type': 'text/html', 'Content-Length': '548', 'Connection': 'keep-alive'}
[2026-09-11 21:51:57] Upload failed 404: requested=https://forums.greaterthangames.com/uploads/default/optimized/2X/2/2331c19bd0c93b80be294aba1dea1d4dd02ddecf_2_347x500.png, final=https://forums.greaterthangames.com/uploads/default/optimized/2X/2/2331c19bd0c93b80be294aba1dea1d4dd02ddecf_2_347x500.png,
[2026-09-11 21:51:57] Response headers: {'Server': 'nginx', 'Date': 'Fri, 11 Sep 2026 21:51:57 GMT', 'Content-Type': 'text/html', 'Content-Length': '548', 'Connection': 'keep-alive'}
[2026-09-11 21:52:00] Upload failed 404: requested=https://forums.greaterthangames.com/uploads/default/optimized/2X/2/2369141145d21d3383986d0b0f7b32e3cfe4960f_2_347x500.png, final=https://forums.greaterthangames.com/uploads/default/optimized/2X/2/2369141145d21d3383986d0b0f7b32e3cfe4960f_2_347x500.png,
[2026-09-11 21:52:00] Response headers: {'Server': 'nginx', 'Date': 'Fri, 11 Sep 2026 21:52:00 GMT', 'Content-Type': 'text/html', 'Content-Length': '548', 'Connection': 'keep-alive'}
[2026-09-11 21:52:02] Upload failed 404: requested=https://forums.greaterthangames.com/uploads/default/optimized/2X/2/24b4e0009f97b9015a04375e58fdf1b3df6edd1b_2_347x500.png, final=https://forums.greaterthangames.com/uploads/default/optimized/2X/2/24b4e0009f97b9015a04375e58fdf1b3df6edd1b_2_347x500.png,
[2026-09-11 21:52:02] Response headers: {'Server': 'nginx', 'Date': 'Fri, 11 Sep 2026 21:52:02 GMT', 'Content-Type': 'text/html', 'Content-Length': '548', 'Connection': 'keep-alive'}
[2026-09-11 21:52:05] Upload failed 404: requested=https://forums.greaterthangames.com/uploads/default/optimized/2X/2/24fc7d0db6026b7e7f27acb21d0be66eaaafe664_2_358x500.png, final=https://forums.greaterthangames.com/uploads/default/optimized/2X/2/24fc7d0db6026b7e7f27acb21d0be66eaaafe664_2_358x500.png,
[2026-09-11 21:52:05] Response headers: {'Server': 'nginx', 'Date': 'Fri, 11 Sep 2026 21:52:05 GMT', 'Content-Type': 'text/html', 'Content-Length': '548', 'Connection': 'keep-alive'}
[2026-09-11 21:52:08] Upload failed 404: requested=https://forums.greaterthangames.com/uploads/default/optimized/2X/2/250c2347b96c3c89190bea8272cc04d1b73e76d9_2_260x375.png, final=https://forums.greaterthangames.com/uploads/default/optimized/2X/2/250c2347b96c3c89190bea8272cc04d1b73e76d9_2_260x375.png,
[2026-09-11 21:52:08] Response headers: {'Server': 'nginx', 'Date': 'Fri, 11 Sep 2026 21:52:08 GMT', 'Content-Type': 'text/html', 'Content-Length': '548', 'Connection': 'keep-alive'}
[2026-09-11 21:52:12] Upload failed 404: requested=https://forums.greaterthangames.com/uploads/default/optimized/2X/2/25ab5a6fef754b587958683c32a698ab10267fc3_2_347x500.png, final=https://forums.greaterthangames.com/uploads/default/optimized/2X/2/25ab5a6fef754b587958683c32a698ab10267fc3_2_347x500.png,
[2026-09-11 21:52:12] Response headers: {'Server': 'nginx', 'Date': 'Fri, 11 Sep 2026 21:52:12 GMT', 'Content-Type': 'text/html', 'Content-Length': '548', 'Connection': 'keep-alive'}
[2026-09-11 21:52:15] Upload failed 404: requested=https://forums.greaterthangames.com/uploads/default/optimized/2X/2/26ef05b4e830ff48a716edea884ab51d3b8b2cc4_2_285x500.png, final=https://forums.greaterthangames.com/uploads/default/optimized/2X/2/26ef05b4e830ff48a716edea884ab51d3b8b2cc4_2_285x500.png,
[2026-09-11 21:52:15] Response headers: {'Server': 'nginx', 'Date': 'Fri, 11 Sep 2026 21:52:15 GMT', 'Content-Type': 'text/html', 'Content-Length': '548', 'Connection': 'keep-alive'}
[2026-09-11 21:52:17] Upload failed 404: requested=https://forums.greaterthangames.com/uploads/default/optimized/2X/2/29795fa8af79880ff21b8e967f49a6d11506a2bd_2_347x500.png, final=https://forums.greaterthangames.com/uploads/default/optimized/2X/2/29795fa8af79880ff21b8e967f49a6d11506a2bd_2_347x500.png,
[2026-09-11 21:52:17] Response headers: {'Server': 'nginx', 'Date': 'Fri, 11 Sep 2026 21:52:17 GMT', 'Content-Type': 'text/html', 'Content-Length': '548', 'Connection': 'keep-alive'}
[2026-09-11 21:52:19] Upload failed 404: requested=https://forums.greaterthangames.com/uploads/default/optimized/2X/2/2a2435f17637e86be07dcebb1881723eef94dead_2_347x500.png, final=https://forums.greaterthangames.com/uploads/default/optimized/2X/2/2a2435f17637e86be07dcebb1881723eef94dead_2_347x500.png,
[2026-09-11 21:52:19] Response headers: {'Server': 'nginx', 'Date': 'Fri, 11 Sep 2026 21:52:19 GMT', 'Content-Type': 'text/html', 'Content-Length': '548', 'Connection': 'keep-alive'}
[2026-09-11 21:52:21] Upload failed 404: requested=https://forums.greaterthangames.com/uploads/default/optimized/2X/2/2a5978c170841fa008b706b8128672ffdbada38c_2_347x500.png, final=https://forums.greaterthangames.com/uploads/default/optimized/2X/2/2a5978c170841fa008b706b8128672ffdbada38c_2_347x500.png,
[2026-09-11 21:52:21] Response headers: {'Server': 'nginx', 'Date': 'Fri, 11 Sep 2026 21:52:21 GMT', 'Content-Type': 'text/html', 'Content-Length': '548', 'Connection': 'keep-alive'}
[2026-09-11 21:52:25] Upload failed 404: requested=https://forums.greaterthangames.com/uploads/default/optimized/2X/2/2a7abc521b149d9956bd202c0673d9fd24e0d8ab_2_347x500.png, final=https://forums.greaterthangames.com/uploads/default/optimized/2X/2/2a7abc521b149d9956bd202c0673d9fd24e0d8ab_2_347x500.png,
[2026-09-11 21:52:25] Response headers: {'Server': 'nginx', 'Date': 'Fri, 11 Sep 2026 21:52:25 GMT', 'Content-Type': 'text/html', 'Content-Length': '548', 'Connection': 'keep-alive'}
[2026-09-11 21:52:27] Upload failed 404: requested=https://forums.greaterthangames.com/uploads/default/optimized/2X/2/2af073914407d055be1db5005b4157811b27093f_2_347x500.png, final=https://forums.greaterthangames.com/uploads/default/optimized/2X/2/2af073914407d055be1db5005b4157811b27093f_2_347x500.png,
[2026-09-11 21:52:27] Response headers: {'Server': 'nginx', 'Date': 'Fri, 11 Sep 2026 21:52:27 GMT', 'Content-Type': 'text/html', 'Content-Length': '548', 'Connection': 'keep-alive'}
[2026-09-11 21:52:30] Upload failed 404: requested=https://forums.greaterthangames.com/uploads/default/optimized/2X/2/2ba82cdfb7d65675c6c48e22bfe63ad05866bc2b_2_312x500.png, final=https://forums.greaterthangames.com/uploads/default/optimized/2X/2/2ba82cdfb7d65675c6c48e22bfe63ad05866bc2b_2_312x500.png,
[2026-09-11 21:52:30] Response headers: {'Server': 'nginx', 'Date': 'Fri, 11 Sep 2026 21:52:30 GMT', 'Content-Type': 'text/html', 'Content-Length': '548', 'Connection': 'keep-alive'}
[2026-09-11 21:52:34] Upload failed 404: requested=https://forums.greaterthangames.com/uploads/default/optimized/2X/2/2bf114bb2f6c68b7e0c0ea247045fb7b2b707ff0_2_312x500.png, final=https://forums.greaterthangames.com/uploads/default/optimized/2X/2/2bf114bb2f6c68b7e0c0ea247045fb7b2b707ff0_2_312x500.png,
[2026-09-11 21:52:34] Response headers: {'Server': 'nginx', 'Date': 'Fri, 11 Sep 2026 21:52:34 GMT', 'Content-Type': 'text/html', 'Content-Length': '548', 'Connection': 'keep-alive'}
[2026-09-11 21:52:37] Upload failed 404: requested=https://forums.greaterthangames.com/uploads/default/optimized/2X/2/2c2665ece722702d1ae0822b7b5681ef21048dfd_2_347x500.png, final=https://forums.greaterthangames.com/uploads/default/optimized/2X/2/2c2665ece722702d1ae0822b7b5681ef21048dfd_2_347x500.png,
[2026-09-11 21:52:37] Response headers: {'Server': 'nginx', 'Date': 'Fri, 11 Sep 2026 21:52:37 GMT', 'Content-Type': 'text/html', 'Content-Length': '548', 'Connection': 'keep-alive'}
[2026-09-11 21:52:39] Upload failed 404: requested=https://forums.greaterthangames.com/uploads/default/optimized/2X/2/2c6d2e39a4804c6d449151c2206ff3eb6ed82104_2_347x500.png, final=https://forums.greaterthangames.com/uploads/default/optimized/2X/2/2c6d2e39a4804c6d449151c2206ff3eb6ed82104_2_347x500.png,
[2026-09-11 21:52:39] Response headers: {'Server': 'nginx', 'Date': 'Fri, 11 Sep 2026 21:52:39 GMT', 'Content-Type': 'text/html', 'Content-Length': '548', 'Connection': 'keep-alive'}
[2026-09-11 21:52:41] Upload failed 404: requested=https://forums.greaterthangames.com/uploads/default/optimized/2X/2/2ce6c236c2da635bc1fcb01af065fb127b06ce37_2_347x500.png, final=https://forums.greaterthangames.com/uploads/default/optimized/2X/2/2ce6c236c2da635bc1fcb01af065fb127b06ce37_2_347x500.png,
[2026-09-11 21:52:41] Response headers: {'Server': 'nginx', 'Date': 'Fri, 11 Sep 2026 21:52:41 GMT', 'Content-Type': 'text/html', 'Content-Length': '548', 'Connection': 'keep-alive'}
[2026-09-11 21:52:45] Upload failed 404: requested=https://forums.greaterthangames.com/uploads/default/optimized/2X/2/2da47f581e6c0a825165fec40b1b8dabd85189cc_2_312x500.png, final=https://forums.greaterthangames.com/uploads/default/optimized/2X/2/2da47f581e6c0a825165fec40b1b8dabd85189cc_2_312x500.png,
[2026-09-11 21:52:45] Response headers: {'Server': 'nginx', 'Date': 'Fri, 11 Sep 2026 21:52:45 GMT', 'Content-Type': 'text/html', 'Content-Length': '548', 'Connection': 'keep-alive'}
[2026-09-11 21:52:49] Upload failed 404: requested=https://forums.greaterthangames.com/uploads/default/optimized/2X/2/2dfca7d980a169f8b1bee093ddcb25f4d0d76bf9_2_312x500.png, final=https://forums.greaterthangames.com/uploads/default/optimized/2X/2/2dfca7d980a169f8b1bee093ddcb25f4d0d76bf9_2_312x500.png,
[2026-09-11 21:52:49] Response headers: {'Server': 'nginx', 'Date': 'Fri, 11 Sep 2026 21:52:49 GMT', 'Content-Type': 'text/html', 'Content-Length': '548', 'Connection': 'keep-alive'}
[2026-09-11 21:52:53] Upload failed 404: requested=https://forums.greaterthangames.com/uploads/default/optimized/2X/2/2f3b7d865e8b082dc8bc0b6c0d96310c0cb05c7c_2_347x500.png, final=https://forums.greaterthangames.com/uploads/default/optimized/2X/2/2f3b7d865e8b082dc8bc0b6c0d96310c0cb05c7c_2_347x500.png,
[2026-09-11 21:52:53] Response headers: {'Server': 'nginx', 'Date': 'Fri, 11 Sep 2026 21:52:53 GMT', 'Content-Type': 'text/html', 'Content-Length': '548', 'Connection': 'keep-alive'}
[2026-09-11 21:52:56] Upload failed 404: requested=https://forums.greaterthangames.com/uploads/default/optimized/2X/2/2f9eb1240fa59e712746cd30d6d24911bf7a47d2_2_347x500.png, final=https://forums.greaterthangames.com/uploads/default/optimized/2X/2/2f9eb1240fa59e712746cd30d6d24911bf7a47d2_2_347x500.png,
[2026-09-11 21:52:56] Response headers: {'Server': 'nginx', 'Date': 'Fri, 11 Sep 2026 21:52:56 GMT', 'Content-Type': 'text/html', 'Content-Length': '548', 'Connection': 'keep-alive'}
[2026-09-11 21:52:58] Upload failed 404: requested=https://forums.greaterthangames.com/uploads/default/optimized/2X/3/312f5515e9e04274d25c1caaab56391e4187c177_2_261x374.png, final=https://forums.greaterthangames.com/uploads/default/optimized/2X/3/312f5515e9e04274d25c1caaab56391e4187c177_2_261x374.png,
[2026-09-11 21:52:58] Response headers: {'Server': 'nginx', 'Date': 'Fri, 11 Sep 2026 21:52:58 GMT', 'Content-Type': 'text/html', 'Content-Length': '548', 'Connection': 'keep-alive'}
[2026-09-11 21:53:02] Upload failed 404: requested=https://forums.greaterthangames.com/uploads/default/optimized/2X/3/31f5d355cba7c154b60f7adfada50d94d1e683c8_2_347x500.png, final=https://forums.greaterthangames.com/uploads/default/optimized/2X/3/31f5d355cba7c154b60f7adfada50d94d1e683c8_2_347x500.png,
[2026-09-11 21:53:02] Response headers: {'Server': 'nginx', 'Date': 'Fri, 11 Sep 2026 21:53:02 GMT', 'Content-Type': 'text/html', 'Content-Length': '548', 'Connection': 'keep-alive'}
[2026-09-11 21:53:05] Upload failed 404: requested=https://forums.greaterthangames.com/uploads/default/optimized/2X/3/3236217f0834638f68ae92dad93b8d17818a978f_2_347x500.png, final=https://forums.greaterthangames.com/uploads/default/optimized/2X/3/3236217f0834638f68ae92dad93b8d17818a978f_2_347x500.png,
[2026-09-11 21:53:05] Response headers: {'Server': 'nginx', 'Date': 'Fri, 11 Sep 2026 21:53:05 GMT', 'Content-Type': 'text/html', 'Content-Length': '548', 'Connection': 'keep-alive'}
[2026-09-11 21:53:08] Upload failed 404: requested=https://forums.greaterthangames.com/uploads/default/optimized/2X/3/32a54b5358f56a94ff04214675e1402cb1c75cf9_2_340x499.jpeg, final=https://forums.greaterthangames.com/uploads/default/optimized/2X/3/32a54b5358f56a94ff04214675e1402cb1c75cf9_2_340x499.jpeg,
[2026-09-11 21:53:08] Response headers: {'Server': 'nginx', 'Date': 'Fri, 11 Sep 2026 21:53:08 GMT', 'Content-Type': 'text/html', 'Content-Length': '548', 'Connection': 'keep-alive'}
[2026-09-11 21:53:13] Upload failed 404: requested=https://forums.greaterthangames.com/uploads/default/optimized/2X/3/33928ef09985d260c437548a86656f3e2985562f_2_294x500.png, final=https://forums.greaterthangames.com/uploads/default/optimized/2X/3/33928ef09985d260c437548a86656f3e2985562f_2_294x500.png,
[2026-09-11 21:53:13] Response headers: {'Server': 'nginx', 'Date': 'Fri, 11 Sep 2026 21:53:13 GMT', 'Content-Type': 'text/html', 'Content-Length': '548', 'Connection': 'keep-alive'}
[2026-09-11 21:53:18] Upload failed 404: requested=https://forums.greaterthangames.com/uploads/default/optimized/2X/3/33a7f99fb017b3b536250ef121739f8ad3e85af4_2_690x361.jpeg, final=https://forums.greaterthangames.com/uploads/default/optimized/2X/3/33a7f99fb017b3b536250ef121739f8ad3e85af4_2_690x361.jpeg,
[2026-09-11 21:53:18] Response headers: {'Server': 'nginx', 'Date': 'Fri, 11 Sep 2026 21:53:18 GMT', 'Content-Type': 'text/html', 'Content-Length': '548', 'Connection': 'keep-alive'}
[2026-09-11 21:53:21] Upload failed 404: requested=https://forums.greaterthangames.com/uploads/default/optimized/2X/3/3400d7934540f4a866d9e3b681e525b97064ec31_2_312x500.png, final=https://forums.greaterthangames.com/uploads/default/optimized/2X/3/3400d7934540f4a866d9e3b681e525b97064ec31_2_312x500.png,
[2026-09-11 21:53:21] Response headers: {'Server': 'nginx', 'Date': 'Fri, 11 Sep 2026 21:53:21 GMT', 'Content-Type': 'text/html', 'Content-Length': '548', 'Connection': 'keep-alive'}
[2026-09-11 21:53:25] Upload failed 404: requested=https://forums.greaterthangames.com/uploads/default/optimized/2X/3/35854e18ee4a8701e42067ad40a1c1b253b1f0a2_2_312x500.png, final=https://forums.greaterthangames.com/uploads/default/optimized/2X/3/35854e18ee4a8701e42067ad40a1c1b253b1f0a2_2_312x500.png,
[2026-09-11 21:53:25] Response headers: {'Server': 'nginx', 'Date': 'Fri, 11 Sep 2026 21:53:25 GMT', 'Content-Type': 'text/html', 'Content-Length': '548', 'Connection': 'keep-alive'}
[2026-09-11 21:53:27] Upload failed 404: requested=https://forums.greaterthangames.com/uploads/default/optimized/2X/3/35cd58dbdf14dedfd21b072d5a2358710de844bf_2_347x500.png, final=https://forums.greaterthangames.com/uploads/default/optimized/2X/3/35cd58dbdf14dedfd21b072d5a2358710de844bf_2_347x500.png,
[2026-09-11 21:53:27] Response headers: {'Server': 'nginx', 'Date': 'Fri, 11 Sep 2026 21:53:27 GMT', 'Content-Type': 'text/html', 'Content-Length': '548', 'Connection': 'keep-alive'}
[2026-09-11 21:53:29] Upload failed 404: requested=https://forums.greaterthangames.com/uploads/default/optimized/2X/3/375699b312be5d9e0dd5893e688b752de8dd38c8_2_347x500.png, final=https://forums.greaterthangames.com/uploads/default/optimized/2X/3/375699b312be5d9e0dd5893e688b752de8dd38c8_2_347x500.png,
[2026-09-11 21:53:29] Response headers: {'Server': 'nginx', 'Date': 'Fri, 11 Sep 2026 21:53:29 GMT', 'Content-Type': 'text/html', 'Content-Length': '548', 'Connection': 'keep-alive'}
[2026-09-11 21:53:32] Upload failed 404: requested=https://forums.greaterthangames.com/uploads/default/optimized/2X/3/3774902af4f9f715e2ddd68f19118f1890af36ab_2_340x500.png, final=https://forums.greaterthangames.com/uploads/default/optimized/2X/3/3774902af4f9f715e2ddd68f19118f1890af36ab_2_340x500.png,
[2026-09-11 21:53:32] Response headers: {'Server': 'nginx', 'Date': 'Fri, 11 Sep 2026 21:53:32 GMT', 'Content-Type': 'text/html', 'Content-Length': '548', 'Connection': 'keep-alive'}
[2026-09-11 21:53:34] Upload failed 404: requested=https://forums.greaterthangames.com/uploads/default/optimized/2X/3/37b7ce3cd3051ce73c946f877dc7e34742bc543d_2_347x500.png, final=https://forums.greaterthangames.com/uploads/default/optimized/2X/3/37b7ce3cd3051ce73c946f877dc7e34742bc543d_2_347x500.png,
[2026-09-11 21:53:34] Response headers: {'Server': 'nginx', 'Date': 'Fri, 11 Sep 2026 21:53:34 GMT', 'Content-Type': 'text/html', 'Content-Length': '548', 'Connection': 'keep-alive'}
[2026-09-11 21:53:36] Upload failed 404: requested=https://forums.greaterthangames.com/uploads/default/optimized/2X/3/3823de24c0f748f28eda9de1c6ebb679fa7c787e_2_347x500.png, final=https://forums.greaterthangames.com/uploads/default/optimized/2X/3/3823de24c0f748f28eda9de1c6ebb679fa7c787e_2_347x500.png,
[2026-09-11 21:53:36] Response headers: {'Server': 'nginx', 'Date': 'Fri, 11 Sep 2026 21:53:36 GMT', 'Content-Type': 'text/html', 'Content-Length': '548', 'Connection': 'keep-alive'}
[2026-09-11 21:53:38] Upload failed 404: requested=https://forums.greaterthangames.com/uploads/default/optimized/2X/3/38491581afb60b28b5c00551b47b0d0c54b0678e_2_347x500.png, final=https://forums.greaterthangames.com/uploads/default/optimized/2X/3/38491581afb60b28b5c00551b47b0d0c54b0678e_2_347x500.png,
[2026-09-11 21:53:38] Response headers: {'Server': 'nginx', 'Date': 'Fri, 11 Sep 2026 21:53:38 GMT', 'Content-Type': 'text/html', 'Content-Length': '548', 'Connection': 'keep-alive'}
[2026-09-11 21:53:41] Upload failed 404: requested=https://forums.greaterthangames.com/uploads/default/optimized/2X/3/38f85e44e177ffd8eb8b5de3867c191b18bbdb35_2_312x500.png, final=https://forums.greaterthangames.com/uploads/default/optimized/2X/3/38f85e44e177ffd8eb8b5de3867c191b18bbdb35_2_312x500.png,
[2026-09-11 21:53:41] Response headers: {'Server': 'nginx', 'Date': 'Fri, 11 Sep 2026 21:53:41 GMT', 'Content-Type': 'text/html', 'Content-Length': '548', 'Connection': 'keep-alive'}
[2026-09-11 21:53:44] Upload failed 404: requested=https://forums.greaterthangames.com/uploads/default/optimized/2X/3/39d3d7d6f821ced21756a3f27083205c50870e12_2_347x500.png, final=https://forums.greaterthangames.com/uploads/default/optimized/2X/3/39d3d7d6f821ced21756a3f27083205c50870e12_2_347x500.png,
[2026-09-11 21:53:44] Response headers: {'Server': 'nginx', 'Date': 'Fri, 11 Sep 2026 21:53:44 GMT', 'Content-Type': 'text/html', 'Content-Length': '548', 'Connection': 'keep-alive'}
[2026-09-11 21:53:48] Upload failed 404: requested=https://forums.greaterthangames.com/uploads/default/optimized/2X/3/3beaa7652c57d8a2db179096d31d2a78125b033b_2_347x500.png, final=https://forums.greaterthangames.com/uploads/default/optimized/2X/3/3beaa7652c57d8a2db179096d31d2a78125b033b_2_347x500.png,
[2026-09-11 21:53:48] Response headers: {'Server': 'nginx', 'Date': 'Fri, 11 Sep 2026 21:53:48 GMT', 'Content-Type': 'text/html', 'Content-Length': '548', 'Connection': 'keep-alive'}
[2026-09-11 21:53:51] Upload failed 404: requested=https://forums.greaterthangames.com/uploads/default/optimized/2X/3/3e2e8cd1c3327bfe03df010a35e25f44bced12d4_2_331x500.jpeg, final=https://forums.greaterthangames.com/uploads/default/optimized/2X/3/3e2e8cd1c3327bfe03df010a35e25f44bced12d4_2_331x500.jpeg,
[2026-09-11 21:53:51] Response headers: {'Server': 'nginx', 'Date': 'Fri, 11 Sep 2026 21:53:51 GMT', 'Content-Type': 'text/html', 'Content-Length': '548', 'Connection': 'keep-alive'}
[2026-09-11 21:53:55] Upload failed 404: requested=https://forums.greaterthangames.com/uploads/default/optimized/2X/3/3e3b5bb733b9b048943c457b0cc9cd2f6c7272e5_2_312x500.png, final=https://forums.greaterthangames.com/uploads/default/optimized/2X/3/3e3b5bb733b9b048943c457b0cc9cd2f6c7272e5_2_312x500.png,
[2026-09-11 21:53:55] Response headers: {'Server': 'nginx', 'Date': 'Fri, 11 Sep 2026 21:53:55 GMT', 'Content-Type': 'text/html', 'Content-Length': '548', 'Connection': 'keep-alive'}
[2026-09-11 21:53:59] Upload failed 404: requested=https://forums.greaterthangames.com/uploads/default/optimized/2X/3/3ec39a273b798a0977b130d69fc0ba6a899d28a2_2_314x500.png, final=https://forums.greaterthangames.com/uploads/default/optimized/2X/3/3ec39a273b798a0977b130d69fc0ba6a899d28a2_2_314x500.png,
[2026-09-11 21:53:59] Response headers: {'Server': 'nginx', 'Date': 'Fri, 11 Sep 2026 21:53:59 GMT', 'Content-Type': 'text/html', 'Content-Length': '548', 'Connection': 'keep-alive'}
[2026-09-11 21:54:03] Upload failed 404: requested=https://forums.greaterthangames.com/uploads/default/optimized/2X/4/40f8023cd4806735c544728f63ad75e95e62981f_2_347x500.png, final=https://forums.greaterthangames.com/uploads/default/optimized/2X/4/40f8023cd4806735c544728f63ad75e95e62981f_2_347x500.png,
[2026-09-11 21:54:03] Response headers: {'Server': 'nginx', 'Date': 'Fri, 11 Sep 2026 21:54:03 GMT', 'Content-Type': 'text/html', 'Content-Length': '548', 'Connection': 'keep-alive'}
[2026-09-11 21:54:06] Upload failed 404: requested=https://forums.greaterthangames.com/uploads/default/optimized/2X/4/4190c562bfe1bfae94d29317a004ab7b8e2ce05f_2_347x500.png, final=https://forums.greaterthangames.com/uploads/default/optimized/2X/4/4190c562bfe1bfae94d29317a004ab7b8e2ce05f_2_347x500.png,
[2026-09-11 21:54:06] Response headers: {'Server': 'nginx', 'Date': 'Fri, 11 Sep 2026 21:54:06 GMT', 'Content-Type': 'text/html', 'Content-Length': '548', 'Connection': 'keep-alive'}
[2026-09-11 21:54:09] Upload failed 404: requested=https://forums.greaterthangames.com/uploads/default/optimized/2X/4/42c3f8c31df81264cddbf6d457378fe8fd06a6b3_2_347x500.png, final=https://forums.greaterthangames.com/uploads/default/optimized/2X/4/42c3f8c31df81264cddbf6d457378fe8fd06a6b3_2_347x500.png,
[2026-09-11 21:54:09] Response headers: {'Server': 'nginx', 'Date': 'Fri, 11 Sep 2026 21:54:09 GMT', 'Content-Type': 'text/html', 'Content-Length': '548', 'Connection': 'keep-alive'}
[2026-09-11 21:54:12] Upload failed 404: requested=https://forums.greaterthangames.com/uploads/default/optimized/2X/4/433f06bbf7d4e56c9a7b6cc6778e03c107089615_2_347x500.png, final=https://forums.greaterthangames.com/uploads/default/optimized/2X/4/433f06bbf7d4e56c9a7b6cc6778e03c107089615_2_347x500.png,
[2026-09-11 21:54:12] Response headers: {'Server': 'nginx', 'Date': 'Fri, 11 Sep 2026 21:54:12 GMT', 'Content-Type': 'text/html', 'Content-Length': '548', 'Connection': 'keep-alive'}
[2026-09-11 21:54:16] Upload failed 404: requested=https://forums.greaterthangames.com/uploads/default/optimized/2X/4/43c59a33159970c216210f5a3a5453322e49a678_2_347x500.png, final=https://forums.greaterthangames.com/uploads/default/optimized/2X/4/43c59a33159970c216210f5a3a5453322e49a678_2_347x500.png,
[2026-09-11 21:54:16] Response headers: {'Server': 'nginx', 'Date': 'Fri, 11 Sep 2026 21:54:16 GMT', 'Content-Type': 'text/html', 'Content-Length': '548', 'Connection': 'keep-alive'}
[2026-09-11 21:54:18] Upload failed 404: requested=https://forums.greaterthangames.com/uploads/default/optimized/2X/4/446ac556219474f78a05fa192a28980b8f464736_2_347x500.png, final=https://forums.greaterthangames.com/uploads/default/optimized/2X/4/446ac556219474f78a05fa192a28980b8f464736_2_347x500.png,
[2026-09-11 21:54:18] Response headers: {'Server': 'nginx', 'Date': 'Fri, 11 Sep 2026 21:54:18 GMT', 'Content-Type': 'text/html', 'Content-Length': '548', 'Connection': 'keep-alive'}
[2026-09-11 21:54:20] Upload failed 404: requested=https://forums.greaterthangames.com/uploads/default/optimized/2X/4/468d116342818aca99defe92d1d4624414451492_2_260x375.png, final=https://forums.greaterthangames.com/uploads/default/optimized/2X/4/468d116342818aca99defe92d1d4624414451492_2_260x375.png,
[2026-09-11 21:54:20] Response headers: {'Server': 'nginx', 'Date': 'Fri, 11 Sep 2026 21:54:20 GMT', 'Content-Type': 'text/html', 'Content-Length': '548', 'Connection': 'keep-alive'}
[2026-09-11 21:54:23] Upload failed 404: requested=https://forums.greaterthangames.com/uploads/default/optimized/2X/4/4762d4bf72b62182e06071dcd1e012158777c313_2_347x500.png, final=https://forums.greaterthangames.com/uploads/default/optimized/2X/4/4762d4bf72b62182e06071dcd1e012158777c313_2_347x500.png,
[2026-09-11 21:54:23] Response headers: {'Server': 'nginx', 'Date': 'Fri, 11 Sep 2026 21:54:23 GMT', 'Content-Type': 'text/html', 'Content-Length': '548', 'Connection': 'keep-alive'}
[2026-09-11 21:54:26] Upload failed 404: requested=https://forums.greaterthangames.com/uploads/default/optimized/2X/4/4808b994db8f405d97442795451d5f862809bb36_2_312x500.png, final=https://forums.greaterthangames.com/uploads/default/optimized/2X/4/4808b994db8f405d97442795451d5f862809bb36_2_312x500.png,
[2026-09-11 21:54:26] Response headers: {'Server': 'nginx', 'Date': 'Fri, 11 Sep 2026 21:54:26 GMT', 'Content-Type': 'text/html', 'Content-Length': '548', 'Connection': 'keep-alive'}
[2026-09-11 21:54:29] Upload failed 404: requested=https://forums.greaterthangames.com/uploads/default/optimized/2X/4/48ac31391a509e881b16237608629fdc91a6871d_2_347x500.png, final=https://forums.greaterthangames.com/uploads/default/optimized/2X/4/48ac31391a509e881b16237608629fdc91a6871d_2_347x500.png,
[2026-09-11 21:54:29] Response headers: {'Server': 'nginx', 'Date': 'Fri, 11 Sep 2026 21:54:29 GMT', 'Content-Type': 'text/html', 'Content-Length': '548', 'Connection': 'keep-alive'}
[2026-09-11 21:54:32] Upload failed 404: requested=https://forums.greaterthangames.com/uploads/default/optimized/2X/4/48bda26f762cef2a7d3c32da025c155076009547_2_347x500.png, final=https://forums.greaterthangames.com/uploads/default/optimized/2X/4/48bda26f762cef2a7d3c32da025c155076009547_2_347x500.png,
[2026-09-11 21:54:32] Response headers: {'Server': 'nginx', 'Date': 'Fri, 11 Sep 2026 21:54:32 GMT', 'Content-Type': 'text/html', 'Content-Length': '548', 'Connection': 'keep-alive'}
[2026-09-11 21:54:35] Upload failed 404: requested=https://forums.greaterthangames.com/uploads/default/optimized/2X/4/48c98ef194b2ff62e2038b38c6ea8f7737c69128_2_260x375.png, final=https://forums.greaterthangames.com/uploads/default/optimized/2X/4/48c98ef194b2ff62e2038b38c6ea8f7737c69128_2_260x375.png,
[2026-09-11 21:54:35] Response headers: {'Server': 'nginx', 'Date': 'Fri, 11 Sep 2026 21:54:35 GMT', 'Content-Type': 'text/html', 'Content-Length': '548', 'Connection': 'keep-alive'}
[2026-09-11 21:54:39] Upload failed 404: requested=https://forums.greaterthangames.com/uploads/default/optimized/2X/4/4910118e53f9189616fd760813067afe3ea49629_2_305x500.png, final=https://forums.greaterthangames.com/uploads/default/optimized/2X/4/4910118e53f9189616fd760813067afe3ea49629_2_305x500.png,
[2026-09-11 21:54:39] Response headers: {'Server': 'nginx', 'Date': 'Fri, 11 Sep 2026 21:54:39 GMT', 'Content-Type': 'text/html', 'Content-Length': '548', 'Connection': 'keep-alive'}
[2026-09-11 21:54:43] Upload failed 404: requested=https://forums.greaterthangames.com/uploads/default/optimized/2X/4/49648e4fe31ff55ca103ad50ae65ef1617f30a25_2_347x500.png, final=https://forums.greaterthangames.com/uploads/default/optimized/2X/4/49648e4fe31ff55ca103ad50ae65ef1617f30a25_2_347x500.png,
[2026-09-11 21:54:43] Response headers: {'Server': 'nginx', 'Date': 'Fri, 11 Sep 2026 21:54:43 GMT', 'Content-Type': 'text/html', 'Content-Length': '548', 'Connection': 'keep-alive'}
[2026-09-11 21:54:45] Upload failed 404: requested=https://forums.greaterthangames.com/uploads/default/optimized/2X/4/49c54b676d57621c4debc7abd6dec6fe7c820759_2_347x500.png, final=https://forums.greaterthangames.com/uploads/default/optimized/2X/4/49c54b676d57621c4debc7abd6dec6fe7c820759_2_347x500.png,
[2026-09-11 21:54:45] Response headers: {'Server': 'nginx', 'Date': 'Fri, 11 Sep 2026 21:54:45 GMT', 'Content-Type': 'text/html', 'Content-Length': '548', 'Connection': 'keep-alive'}
[2026-09-11 21:54:48] Upload failed 404: requested=https://forums.greaterthangames.com/uploads/default/optimized/2X/4/4a71ec811306b17528371b0d7638aa73d9932da8_2_347x500.png, final=https://forums.greaterthangames.com/uploads/default/optimized/2X/4/4a71ec811306b17528371b0d7638aa73d9932da8_2_347x500.png,
[2026-09-11 21:54:48] Response headers: {'Server': 'nginx', 'Date': 'Fri, 11 Sep 2026 21:54:48 GMT', 'Content-Type': 'text/html', 'Content-Length': '548', 'Connection': 'keep-alive'}
[2026-09-11 21:54:51] Upload failed 404: requested=https://forums.greaterthangames.com/uploads/default/optimized/2X/4/4a9277508cb61519a863b3b1af4dd96fd86f1ff2_2_347x500.png, final=https://forums.greaterthangames.com/uploads/default/optimized/2X/4/4a9277508cb61519a863b3b1af4dd96fd86f1ff2_2_347x500.png,
[2026-09-11 21:54:51] Response headers: {'Server': 'nginx', 'Date': 'Fri, 11 Sep 2026 21:54:51 GMT', 'Content-Type': 'text/html', 'Content-Length': '548', 'Connection': 'keep-alive'}
[2026-09-11 21:54:54] Upload failed 404: requested=https://forums.greaterthangames.com/uploads/default/optimized/2X/4/4bc04eab03965c902e924b77f39a0cd6f06a17d5_2_347x500.png, final=https://forums.greaterthangames.com/uploads/default/optimized/2X/4/4bc04eab03965c902e924b77f39a0cd6f06a17d5_2_347x500.png,
[2026-09-11 21:54:54] Response headers: {'Server': 'nginx', 'Date': 'Fri, 11 Sep 2026 21:54:54 GMT', 'Content-Type': 'text/html', 'Content-Length': '548', 'Connection': 'keep-alive'}
[2026-09-11 21:54:57] Upload failed 404: requested=https://forums.greaterthangames.com/uploads/default/optimized/2X/4/4be54ac13a6db4ec819bceab22b3ccbfb8343fe5_2_260x375.png, final=https://forums.greaterthangames.com/uploads/default/optimized/2X/4/4be54ac13a6db4ec819bceab22b3ccbfb8343fe5_2_260x375.png,
[2026-09-11 21:54:57] Response headers: {'Server': 'nginx', 'Date': 'Fri, 11 Sep 2026 21:54:57 GMT', 'Content-Type': 'text/html', 'Content-Length': '548', 'Connection': 'keep-alive'}
[2026-09-11 21:55:00] Upload failed 404: requested=https://forums.greaterthangames.com/uploads/default/optimized/2X/4/4c31e645d35f577c6ebd6632955e1d7b7bd35cda_2_347x500.png, final=https://forums.greaterthangames.com/uploads/default/optimized/2X/4/4c31e645d35f577c6ebd6632955e1d7b7bd35cda_2_347x500.png,
[2026-09-11 21:55:00] Response headers: {'Server': 'nginx', 'Date': 'Fri, 11 Sep 2026 21:55:00 GMT', 'Content-Type': 'text/html', 'Content-Length': '548', 'Connection': 'keep-alive'}
[2026-09-11 21:55:03] Upload failed 404: requested=https://forums.greaterthangames.com/uploads/default/optimized/2X/4/4cd4546e6708e48a5f6d2f6b2aade688e8d3be4e_2_312x500.png, final=https://forums.greaterthangames.com/uploads/default/optimized/2X/4/4cd4546e6708e48a5f6d2f6b2aade688e8d3be4e_2_312x500.png,
[2026-09-11 21:55:03] Response headers: {'Server': 'nginx', 'Date': 'Fri, 11 Sep 2026 21:55:03 GMT', 'Content-Type': 'text/html', 'Content-Length': '548', 'Connection': 'keep-alive'}
[2026-09-11 21:55:07] Upload failed 404: requested=https://forums.greaterthangames.com/uploads/default/optimized/2X/4/4cd73c5591f338063a8bf32cac9730e140d0ff13_2_294x500.png, final=https://forums.greaterthangames.com/uploads/default/optimized/2X/4/4cd73c5591f338063a8bf32cac9730e140d0ff13_2_294x500.png,
[2026-09-11 21:55:07] Response headers: {'Server': 'nginx', 'Date': 'Fri, 11 Sep 2026 21:55:07 GMT', 'Content-Type': 'text/html', 'Content-Length': '548', 'Connection': 'keep-alive'}
[2026-09-11 21:55:10] Upload failed 404: requested=https://forums.greaterthangames.com/uploads/default/optimized/2X/4/4ff50f0ca027255b5eb522215485c4eaf8d0e49c_2_349x500.png, final=https://forums.greaterthangames.com/uploads/default/optimized/2X/4/4ff50f0ca027255b5eb522215485c4eaf8d0e49c_2_349x500.png,
[2026-09-11 21:55:10] Response headers: {'Server': 'nginx', 'Date': 'Fri, 11 Sep 2026 21:55:10 GMT', 'Content-Type': 'text/html', 'Content-Length': '548', 'Connection': 'keep-alive'}
[2026-09-11 21:55:12] Upload failed 404: requested=https://forums.greaterthangames.com/uploads/default/optimized/2X/5/5073135216b79753b119eadb27d435ddba8f29b0_2_431x500.png, final=https://forums.greaterthangames.com/uploads/default/optimized/2X/5/5073135216b79753b119eadb27d435ddba8f29b0_2_431x500.png,
[2026-09-11 21:55:12] Response headers: {'Server': 'nginx', 'Date': 'Fri, 11 Sep 2026 21:55:12 GMT', 'Content-Type': 'text/html', 'Content-Length': '548', 'Connection': 'keep-alive'}
[2026-09-11 21:55:16] Upload failed 404: requested=https://forums.greaterthangames.com/uploads/default/optimized/2X/5/5103d01e18011feecec754cfa00042f0b8cfc1e9_2_347x500.png, final=https://forums.greaterthangames.com/uploads/default/optimized/2X/5/5103d01e18011feecec754cfa00042f0b8cfc1e9_2_347x500.png,
[2026-09-11 21:55:16] Response headers: {'Server': 'nginx', 'Date': 'Fri, 11 Sep 2026 21:55:15 GMT', 'Content-Type': 'text/html', 'Content-Length': '548', 'Connection': 'keep-alive'}
[2026-09-11 21:55:19] Upload failed 404: requested=https://forums.greaterthangames.com/uploads/default/optimized/2X/5/5361d6f385d41e4f7ce129694c03f755310ed40a_2_347x500.png, final=https://forums.greaterthangames.com/uploads/default/optimized/2X/5/5361d6f385d41e4f7ce129694c03f755310ed40a_2_347x500.png,
[2026-09-11 21:55:19] Response headers: {'Server': 'nginx', 'Date': 'Fri, 11 Sep 2026 21:55:19 GMT', 'Content-Type': 'text/html', 'Content-Length': '548', 'Connection': 'keep-alive'}
[2026-09-11 21:55:21] Upload failed 404: requested=https://forums.greaterthangames.com/uploads/default/optimized/2X/5/5469bd9aa97ccfc63f07bdf9745e41c7de1c040a_2_312x500.png, final=https://forums.greaterthangames.com/uploads/default/optimized/2X/5/5469bd9aa97ccfc63f07bdf9745e41c7de1c040a_2_312x500.png,
[2026-09-11 21:55:21] Response headers: {'Server': 'nginx', 'Date': 'Fri, 11 Sep 2026 21:55:21 GMT', 'Content-Type': 'text/html', 'Content-Length': '548', 'Connection': 'keep-alive'}
[2026-09-11 21:55:25] Upload failed 404: requested=https://forums.greaterthangames.com/uploads/default/optimized/2X/5/54903bfd5b6f5e30d5275727c486dff424592407_2_347x500.png, final=https://forums.greaterthangames.com/uploads/default/optimized/2X/5/54903bfd5b6f5e30d5275727c486dff424592407_2_347x500.png,
[2026-09-11 21:55:25] Response headers: {'Server': 'nginx', 'Date': 'Fri, 11 Sep 2026 21:55:25 GMT', 'Content-Type': 'text/html', 'Content-Length': '548', 'Connection': 'keep-alive'}
[2026-09-11 21:55:27] Upload failed 404: requested=https://forums.greaterthangames.com/uploads/default/optimized/2X/5/54dec4e2dc469eb8bf12d5b46bb2eb7c335a0d84_2_347x500.png, final=https://forums.greaterthangames.com/uploads/default/optimized/2X/5/54dec4e2dc469eb8bf12d5b46bb2eb7c335a0d84_2_347x500.png,
[2026-09-11 21:55:27] Response headers: {'Server': 'nginx', 'Date': 'Fri, 11 Sep 2026 21:55:27 GMT', 'Content-Type': 'text/html', 'Content-Length': '548', 'Connection': 'keep-alive'}
[2026-09-11 21:55:29] Upload failed 404: requested=https://forums.greaterthangames.com/uploads/default/optimized/2X/5/56965ba5b6349c094a2999715c5218fbb481e345_2_347x500.png, final=https://forums.greaterthangames.com/uploads/default/optimized/2X/5/56965ba5b6349c094a2999715c5218fbb481e345_2_347x500.png,
[2026-09-11 21:55:29] Response headers: {'Server': 'nginx', 'Date': 'Fri, 11 Sep 2026 21:55:29 GMT', 'Content-Type': 'text/html', 'Content-Length': '548', 'Connection': 'keep-alive'}
[2026-09-11 21:55:32] Upload failed 404: requested=https://forums.greaterthangames.com/uploads/default/optimized/2X/5/56cafd9f22bef87f6d497f02dbf6905dea11d23c_2_347x500.png, final=https://forums.greaterthangames.com/uploads/default/optimized/2X/5/56cafd9f22bef87f6d497f02dbf6905dea11d23c_2_347x500.png,
[2026-09-11 21:55:32] Response headers: {'Server': 'nginx', 'Date': 'Fri, 11 Sep 2026 21:55:32 GMT', 'Content-Type': 'text/html', 'Content-Length': '548', 'Connection': 'keep-alive'}
[2026-09-11 21:55:36] Upload failed 404: requested=https://forums.greaterthangames.com/uploads/default/optimized/2X/5/5707fff14ad55653d1473bfdd59cc13a9ee3a652_2_500x500.jpeg, final=https://forums.greaterthangames.com/uploads/default/optimized/2X/5/5707fff14ad55653d1473bfdd59cc13a9ee3a652_2_500x500.jpeg,
[2026-09-11 21:55:36] Response headers: {'Server': 'nginx', 'Date': 'Fri, 11 Sep 2026 21:55:35 GMT', 'Content-Type': 'text/html', 'Content-Length': '548', 'Connection': 'keep-alive'}
[2026-09-11 21:55:38] Upload failed 404: requested=https://forums.greaterthangames.com/uploads/default/optimized/2X/5/57e42cc5db17f3ed8921f961ff7b2944839d1480_2_347x500.png, final=https://forums.greaterthangames.com/uploads/default/optimized/2X/5/57e42cc5db17f3ed8921f961ff7b2944839d1480_2_347x500.png,
[2026-09-11 21:55:38] Response headers: {'Server': 'nginx', 'Date': 'Fri, 11 Sep 2026 21:55:38 GMT', 'Content-Type': 'text/html', 'Content-Length': '548', 'Connection': 'keep-alive'}
[2026-09-11 21:55:41] Upload failed 404: requested=https://forums.greaterthangames.com/uploads/default/optimized/2X/5/58bdb5006f427e9556abeff04058e1a22e99f752_2_347x500.png, final=https://forums.greaterthangames.com/uploads/default/optimized/2X/5/58bdb5006f427e9556abeff04058e1a22e99f752_2_347x500.png,
[2026-09-11 21:55:41] Response headers: {'Server': 'nginx', 'Date': 'Fri, 11 Sep 2026 21:55:41 GMT', 'Content-Type': 'text/html', 'Content-Length': '548', 'Connection': 'keep-alive'}
[2026-09-11 21:55:44] Upload failed 404: requested=https://forums.greaterthangames.com/uploads/default/optimized/2X/5/58ec4b5d6893475bdf14a9707ebd63aad0925e59_2_312x500.png, final=https://forums.greaterthangames.com/uploads/default/optimized/2X/5/58ec4b5d6893475bdf14a9707ebd63aad0925e59_2_312x500.png,
[2026-09-11 21:55:44] Response headers: {'Server': 'nginx', 'Date': 'Fri, 11 Sep 2026 21:55:44 GMT', 'Content-Type': 'text/html', 'Content-Length': '548', 'Connection': 'keep-alive'}
[2026-09-11 21:55:48] Upload failed 404: requested=https://forums.greaterthangames.com/uploads/default/optimized/2X/5/58f46f92e98573d15e1453c90b7df18aa5450934_2_312x500.png, final=https://forums.greaterthangames.com/uploads/default/optimized/2X/5/58f46f92e98573d15e1453c90b7df18aa5450934_2_312x500.png,
[2026-09-11 21:55:48] Response headers: {'Server': 'nginx', 'Date': 'Fri, 11 Sep 2026 21:55:48 GMT', 'Content-Type': 'text/html', 'Content-Length': '548', 'Connection': 'keep-alive'}
[2026-09-11 21:55:51] Upload failed 404: requested=https://forums.greaterthangames.com/uploads/default/optimized/2X/5/5978b003a98ccdd7e7eff41bee3feb1e108e439d_2_348x500.png, final=https://forums.greaterthangames.com/uploads/default/optimized/2X/5/5978b003a98ccdd7e7eff41bee3feb1e108e439d_2_348x500.png,
[2026-09-11 21:55:51] Response headers: {'Server': 'nginx', 'Date': 'Fri, 11 Sep 2026 21:55:51 GMT', 'Content-Type': 'text/html', 'Content-Length': '548', 'Connection': 'keep-alive'}
[2026-09-11 21:55:53] Upload failed 404: requested=https://forums.greaterthangames.com/uploads/default/optimized/2X/5/59f3a1e8e975d095420b4def1a44693565e61a2d_2_347x500.png, final=https://forums.greaterthangames.com/uploads/default/optimized/2X/5/59f3a1e8e975d095420b4def1a44693565e61a2d_2_347x500.png,
[2026-09-11 21:55:53] Response headers: {'Server': 'nginx', 'Date': 'Fri, 11 Sep 2026 21:55:53 GMT', 'Content-Type': 'text/html', 'Content-Length': '548', 'Connection': 'keep-alive'}
[2026-09-11 21:55:55] Upload failed 404: requested=https://forums.greaterthangames.com/uploads/default/optimized/2X/5/5a25f8415a1dba370f5e6527e5d5abcff13b463b_2_347x500.png, final=https://forums.greaterthangames.com/uploads/default/optimized/2X/5/5a25f8415a1dba370f5e6527e5d5abcff13b463b_2_347x500.png,
[2026-09-11 21:55:55] Response headers: {'Server': 'nginx', 'Date': 'Fri, 11 Sep 2026 21:55:55 GMT', 'Content-Type': 'text/html', 'Content-Length': '548', 'Connection': 'keep-alive'}
[2026-09-11 21:55:59] Upload failed 404: requested=https://forums.greaterthangames.com/uploads/default/optimized/2X/5/5b5cdb952442ebe3fc226f004eecd6e3ae404d83_2_347x500.png, final=https://forums.greaterthangames.com/uploads/default/optimized/2X/5/5b5cdb952442ebe3fc226f004eecd6e3ae404d83_2_347x500.png,
[2026-09-11 21:55:59] Response headers: {'Server': 'nginx', 'Date': 'Fri, 11 Sep 2026 21:55:59 GMT', 'Content-Type': 'text/html', 'Content-Length': '548', 'Connection': 'keep-alive'}
[2026-09-11 21:56:01] Upload failed 404: requested=https://forums.greaterthangames.com/uploads/default/optimized/2X/5/5c7a21298e3070635c43cc85ed652ec87185567b_2_347x500.png, final=https://forums.greaterthangames.com/uploads/default/optimized/2X/5/5c7a21298e3070635c43cc85ed652ec87185567b_2_347x500.png,
[2026-09-11 21:56:01] Response headers: {'Server': 'nginx', 'Date': 'Fri, 11 Sep 2026 21:56:01 GMT', 'Content-Type': 'text/html', 'Content-Length': '548', 'Connection': 'keep-alive'}
[2026-09-11 21:56:03] Upload failed 404: requested=https://forums.greaterthangames.com/uploads/default/optimized/2X/5/5dd0bbbc8a053985ab67d77ffe3f36df7c2040aa_2_348x500.png, final=https://forums.greaterthangames.com/uploads/default/optimized/2X/5/5dd0bbbc8a053985ab67d77ffe3f36df7c2040aa_2_348x500.png,
[2026-09-11 21:56:03] Response headers: {'Server': 'nginx', 'Date': 'Fri, 11 Sep 2026 21:56:03 GMT', 'Content-Type': 'text/html', 'Content-Length': '548', 'Connection': 'keep-alive'}
[2026-09-11 21:56:05] Upload failed 404: requested=https://forums.greaterthangames.com/uploads/default/optimized/2X/5/5df297f63c775e65758879034c1ae77189022e2c_2_260x375.png, final=https://forums.greaterthangames.com/uploads/default/optimized/2X/5/5df297f63c775e65758879034c1ae77189022e2c_2_260x375.png,
[2026-09-11 21:56:05] Response headers: {'Server': 'nginx', 'Date': 'Fri, 11 Sep 2026 21:56:05 GMT', 'Content-Type': 'text/html', 'Content-Length': '548', 'Connection': 'keep-alive'}
[2026-09-11 21:56:08] Upload failed 404: requested=https://forums.greaterthangames.com/uploads/default/optimized/2X/5/5e41eefaa542a1cdba93c29b07cc4cf7cb247067_2_347x500.png, final=https://forums.greaterthangames.com/uploads/default/optimized/2X/5/5e41eefaa542a1cdba93c29b07cc4cf7cb247067_2_347x500.png,
[2026-09-11 21:56:08] Response headers: {'Server': 'nginx', 'Date': 'Fri, 11 Sep 2026 21:56:08 GMT', 'Content-Type': 'text/html', 'Content-Length': '548', 'Connection': 'keep-alive'}
[2026-09-11 21:56:10] Upload failed 404: requested=https://forums.greaterthangames.com/uploads/default/optimized/2X/5/5fc7abec0977c61db6ec1e983a9b9eb1c619e1d4_2_347x500.png, final=https://forums.greaterthangames.com/uploads/default/optimized/2X/5/5fc7abec0977c61db6ec1e983a9b9eb1c619e1d4_2_347x500.png,
[2026-09-11 21:56:10] Response headers: {'Server': 'nginx', 'Date': 'Fri, 11 Sep 2026 21:56:10 GMT', 'Content-Type': 'text/html', 'Content-Length': '548', 'Connection': 'keep-alive'}
[2026-09-11 21:56:13] Upload failed 404: requested=https://forums.greaterthangames.com/uploads/default/optimized/2X/6/624c76de7d2d23dabcc683b229905930a0b830ca_2_391x500.png, final=https://forums.greaterthangames.com/uploads/default/optimized/2X/6/624c76de7d2d23dabcc683b229905930a0b830ca_2_391x500.png,
[2026-09-11 21:56:13] Response headers: {'Server': 'nginx', 'Date': 'Fri, 11 Sep 2026 21:56:13 GMT', 'Content-Type': 'text/html', 'Content-Length': '548', 'Connection': 'keep-alive'}
[2026-09-11 21:56:16] Upload failed 404: requested=https://forums.greaterthangames.com/uploads/default/optimized/2X/6/62f9f28c1250a69287ac0284fada4a40696e6209_2_347x500.png, final=https://forums.greaterthangames.com/uploads/default/optimized/2X/6/62f9f28c1250a69287ac0284fada4a40696e6209_2_347x500.png,
[2026-09-11 21:56:16] Response headers: {'Server': 'nginx', 'Date': 'Fri, 11 Sep 2026 21:56:16 GMT', 'Content-Type': 'text/html', 'Content-Length': '548', 'Connection': 'keep-alive'}
[2026-09-11 21:56:19] Upload failed 404: requested=https://forums.greaterthangames.com/uploads/default/optimized/2X/6/6360c88cf076aaab712224ed8d088116dd939049_2_347x500.png, final=https://forums.greaterthangames.com/uploads/default/optimized/2X/6/6360c88cf076aaab712224ed8d088116dd939049_2_347x500.png,
[2026-09-11 21:56:19] Response headers: {'Server': 'nginx', 'Date': 'Fri, 11 Sep 2026 21:56:19 GMT', 'Content-Type': 'text/html', 'Content-Length': '548', 'Connection': 'keep-alive'}
[2026-09-11 21:56:22] Upload failed 404: requested=https://forums.greaterthangames.com/uploads/default/optimized/2X/6/6404a1e26551fea390f87d4e92afb9e4b4904da7_2_347x500.png, final=https://forums.greaterthangames.com/uploads/default/optimized/2X/6/6404a1e26551fea390f87d4e92afb9e4b4904da7_2_347x500.png,
[2026-09-11 21:56:22] Response headers: {'Server': 'nginx', 'Date': 'Fri, 11 Sep 2026 21:56:22 GMT', 'Content-Type': 'text/html', 'Content-Length': '548', 'Connection': 'keep-alive'}
[2026-09-11 21:56:25] Upload failed 404: requested=https://forums.greaterthangames.com/uploads/default/optimized/2X/6/64e463b3118249dff7c9ea13090e264d74890544_2_347x500.png, final=https://forums.greaterthangames.com/uploads/default/optimized/2X/6/64e463b3118249dff7c9ea13090e264d74890544_2_347x500.png,
[2026-09-11 21:56:25] Response headers: {'Server': 'nginx', 'Date': 'Fri, 11 Sep 2026 21:56:25 GMT', 'Content-Type': 'text/html', 'Content-Length': '548', 'Connection': 'keep-alive'}
[2026-09-11 21:56:27] Upload failed 404: requested=https://forums.greaterthangames.com/uploads/default/optimized/2X/6/64f8cc6af26ff6ac2c2041523e11cfdd2d87d7ba_2_349x500.png, final=https://forums.greaterthangames.com/uploads/default/optimized/2X/6/64f8cc6af26ff6ac2c2041523e11cfdd2d87d7ba_2_349x500.png,
[2026-09-11 21:56:27] Response headers: {'Server': 'nginx', 'Date': 'Fri, 11 Sep 2026 21:56:27 GMT', 'Content-Type': 'text/html', 'Content-Length': '548', 'Connection': 'keep-alive'}
[2026-09-11 21:56:29] Upload failed 404: requested=https://forums.greaterthangames.com/uploads/default/optimized/2X/6/64fc4fe9166f235ea542348b1e830a9256cebf7a_2_347x500.png, final=https://forums.greaterthangames.com/uploads/default/optimized/2X/6/64fc4fe9166f235ea542348b1e830a9256cebf7a_2_347x500.png,
[2026-09-11 21:56:29] Response headers: {'Server': 'nginx', 'Date': 'Fri, 11 Sep 2026 21:56:29 GMT', 'Content-Type': 'text/html', 'Content-Length': '548', 'Connection': 'keep-alive'}
[2026-09-11 21:56:32] Upload failed 404: requested=https://forums.greaterthangames.com/uploads/default/optimized/2X/6/660a07d0eadda7b3cb81142cf4689d66a7db96cc_2_348x500.png, final=https://forums.greaterthangames.com/uploads/default/optimized/2X/6/660a07d0eadda7b3cb81142cf4689d66a7db96cc_2_348x500.png,
[2026-09-11 21:56:32] Response headers: {'Server': 'nginx', 'Date': 'Fri, 11 Sep 2026 21:56:32 GMT', 'Content-Type': 'text/html', 'Content-Length': '548', 'Connection': 'keep-alive'}
[2026-09-11 21:56:35] Upload failed 404: requested=https://forums.greaterthangames.com/uploads/default/optimized/2X/6/668e44d30d72ab72165212cc60155e475a2ab1c2_2_347x500.png, final=https://forums.greaterthangames.com/uploads/default/optimized/2X/6/668e44d30d72ab72165212cc60155e475a2ab1c2_2_347x500.png,
[2026-09-11 21:56:35] Response headers: {'Server': 'nginx', 'Date': 'Fri, 11 Sep 2026 21:56:35 GMT', 'Content-Type': 'text/html', 'Content-Length': '548', 'Connection': 'keep-alive'}
[2026-09-11 21:56:38] Upload failed 404: requested=https://forums.greaterthangames.com/uploads/default/optimized/2X/6/6789be108b68e26331d175567aabdca84757db00_2_347x500.png, final=https://forums.greaterthangames.com/uploads/default/optimized/2X/6/6789be108b68e26331d175567aabdca84757db00_2_347x500.png,
[2026-09-11 21:56:38] Response headers: {'Server': 'nginx', 'Date': 'Fri, 11 Sep 2026 21:56:38 GMT', 'Content-Type': 'text/html', 'Content-Length': '548', 'Connection': 'keep-alive'}
[2026-09-11 21:56:40] Upload failed 404: requested=https://forums.greaterthangames.com/uploads/default/optimized/2X/6/6802f3ca56b6dae2dc91303175aff08dc8a90f8f_2_333x500.jpeg, final=https://forums.greaterthangames.com/uploads/default/optimized/2X/6/6802f3ca56b6dae2dc91303175aff08dc8a90f8f_2_333x500.jpeg,
[2026-09-11 21:56:40] Response headers: {'Server': 'nginx', 'Date': 'Fri, 11 Sep 2026 21:56:40 GMT', 'Content-Type': 'text/html', 'Content-Length': '548', 'Connection': 'keep-alive'}
[2026-09-11 21:56:45] Upload failed 404: requested=https://forums.greaterthangames.com/uploads/default/optimized/2X/6/6920070a1fee8eb37b882127fc48a4dedb54aede_2_312x500.png, final=https://forums.greaterthangames.com/uploads/default/optimized/2X/6/6920070a1fee8eb37b882127fc48a4dedb54aede_2_312x500.png,
[2026-09-11 21:56:45] Response headers: {'Server': 'nginx', 'Date': 'Fri, 11 Sep 2026 21:56:45 GMT', 'Content-Type': 'text/html', 'Content-Length': '548', 'Connection': 'keep-alive'}
[2026-09-11 21:56:48] Upload failed 404: requested=https://forums.greaterthangames.com/uploads/default/optimized/2X/6/6962b7d69201b8ffc084fdef9bf97dfc8e14c8d0_2_347x500.png, final=https://forums.greaterthangames.com/uploads/default/optimized/2X/6/6962b7d69201b8ffc084fdef9bf97dfc8e14c8d0_2_347x500.png,
[2026-09-11 21:56:48] Response headers: {'Server': 'nginx', 'Date': 'Fri, 11 Sep 2026 21:56:48 GMT', 'Content-Type': 'text/html', 'Content-Length': '548', 'Connection': 'keep-alive'}
[2026-09-11 21:56:50] Upload failed 404: requested=https://forums.greaterthangames.com/uploads/default/optimized/2X/6/6a9b2d0ae1151bb1eb4da790c90b13c3fd02f19d_2_347x500.png, final=https://forums.greaterthangames.com/uploads/default/optimized/2X/6/6a9b2d0ae1151bb1eb4da790c90b13c3fd02f19d_2_347x500.png,
[2026-09-11 21:56:50] Response headers: {'Server': 'nginx', 'Date': 'Fri, 11 Sep 2026 21:56:50 GMT', 'Content-Type': 'text/html', 'Content-Length': '548', 'Connection': 'keep-alive'}
[2026-09-11 21:56:54] Upload failed 404: requested=https://forums.greaterthangames.com/uploads/default/optimized/2X/6/6e274aff853e99439a627b292368d55e77816c83_2_312x500.png, final=https://forums.greaterthangames.com/uploads/default/optimized/2X/6/6e274aff853e99439a627b292368d55e77816c83_2_312x500.png,
[2026-09-11 21:56:54] Response headers: {'Server': 'nginx', 'Date': 'Fri, 11 Sep 2026 21:56:53 GMT', 'Content-Type': 'text/html', 'Content-Length': '548', 'Connection': 'keep-alive'}
[2026-09-11 21:56:57] Upload failed 404: requested=https://forums.greaterthangames.com/uploads/default/optimized/2X/6/6e8d72e18eb99fda093bf05123a6dd7090553ce2_2_347x500.png, final=https://forums.greaterthangames.com/uploads/default/optimized/2X/6/6e8d72e18eb99fda093bf05123a6dd7090553ce2_2_347x500.png,
[2026-09-11 21:56:57] Response headers: {'Server': 'nginx', 'Date': 'Fri, 11 Sep 2026 21:56:57 GMT', 'Content-Type': 'text/html', 'Content-Length': '548', 'Connection': 'keep-alive'}
[2026-09-11 21:57:00] Upload failed 404: requested=https://forums.greaterthangames.com/uploads/default/optimized/2X/6/6e9eed39da69686e424a65811e3e4ffcd198deb5_2_312x500.png, final=https://forums.greaterthangames.com/uploads/default/optimized/2X/6/6e9eed39da69686e424a65811e3e4ffcd198deb5_2_312x500.png,
[2026-09-11 21:57:00] Response headers: {'Server': 'nginx', 'Date': 'Fri, 11 Sep 2026 21:57:00 GMT', 'Content-Type': 'text/html', 'Content-Length': '548', 'Connection': 'keep-alive'}
[2026-09-11 21:57:04] Upload failed 404: requested=https://forums.greaterthangames.com/uploads/default/optimized/2X/6/6ebd937e8dcd2a9a98ab0bbe63317f5f5c4706af_2_312x500.png, final=https://forums.greaterthangames.com/uploads/default/optimized/2X/6/6ebd937e8dcd2a9a98ab0bbe63317f5f5c4706af_2_312x500.png,
[2026-09-11 21:57:04] Response headers: {'Server': 'nginx', 'Date': 'Fri, 11 Sep 2026 21:57:04 GMT', 'Content-Type': 'text/html', 'Content-Length': '548', 'Connection': 'keep-alive'}
[2026-09-11 21:57:07] Upload failed 404: requested=https://forums.greaterthangames.com/uploads/default/optimized/2X/6/6ff5833dad88a22b7d09ad6ee47b6a4c665b55ab_2_260x375.png, final=https://forums.greaterthangames.com/uploads/default/optimized/2X/6/6ff5833dad88a22b7d09ad6ee47b6a4c665b55ab_2_260x375.png,
[2026-09-11 21:57:07] Response headers: {'Server': 'nginx', 'Date': 'Fri, 11 Sep 2026 21:57:07 GMT', 'Content-Type': 'text/html', 'Content-Length': '548', 'Connection': 'keep-alive'}
[2026-09-11 21:57:11] Upload failed 404: requested=https://forums.greaterthangames.com/uploads/default/optimized/2X/7/70cb3fdec81cc236178d3646bb1eb2c46190dd32_2_312x500.png, final=https://forums.greaterthangames.com/uploads/default/optimized/2X/7/70cb3fdec81cc236178d3646bb1eb2c46190dd32_2_312x500.png,
[2026-09-11 21:57:11] Response headers: {'Server': 'nginx', 'Date': 'Fri, 11 Sep 2026 21:57:11 GMT', 'Content-Type': 'text/html', 'Content-Length': '548', 'Connection': 'keep-alive'}
[2026-09-11 21:57:14] Upload failed 404: requested=https://forums.greaterthangames.com/uploads/default/optimized/2X/7/715e2f803b560637954668ec465bcfe7658b887e_2_348x500.png, final=https://forums.greaterthangames.com/uploads/default/optimized/2X/7/715e2f803b560637954668ec465bcfe7658b887e_2_348x500.png,
[2026-09-11 21:57:14] Response headers: {'Server': 'nginx', 'Date': 'Fri, 11 Sep 2026 21:57:14 GMT', 'Content-Type': 'text/html', 'Content-Length': '548', 'Connection': 'keep-alive'}
[2026-09-11 21:57:17] Upload failed 404: requested=https://forums.greaterthangames.com/uploads/default/optimized/2X/7/71abe5d060d80aae3cf6a96dae711589a78c5fb7_2_312x500.png, final=https://forums.greaterthangames.com/uploads/default/optimized/2X/7/71abe5d060d80aae3cf6a96dae711589a78c5fb7_2_312x500.png,
[2026-09-11 21:57:17] Response headers: {'Server': 'nginx', 'Date': 'Fri, 11 Sep 2026 21:57:17 GMT', 'Content-Type': 'text/html', 'Content-Length': '548', 'Connection': 'keep-alive'}
[2026-09-11 21:57:21] Upload failed 404: requested=https://forums.greaterthangames.com/uploads/default/optimized/2X/7/71ddbb026731949910d6f5fbdfddc50cf5d981cb_2_347x500.png, final=https://forums.greaterthangames.com/uploads/default/optimized/2X/7/71ddbb026731949910d6f5fbdfddc50cf5d981cb_2_347x500.png,
[2026-09-11 21:57:21] Response headers: {'Server': 'nginx', 'Date': 'Fri, 11 Sep 2026 21:57:21 GMT', 'Content-Type': 'text/html', 'Content-Length': '548', 'Connection': 'keep-alive'}
[2026-09-11 21:57:24] Upload failed 404: requested=https://forums.greaterthangames.com/uploads/default/optimized/2X/7/729cc64fa6adfb7a6649dafd64848f0536b80a25_2_347x500.png, final=https://forums.greaterthangames.com/uploads/default/optimized/2X/7/729cc64fa6adfb7a6649dafd64848f0536b80a25_2_347x500.png,
[2026-09-11 21:57:24] Response headers: {'Server': 'nginx', 'Date': 'Fri, 11 Sep 2026 21:57:24 GMT', 'Content-Type': 'text/html', 'Content-Length': '548', 'Connection': 'keep-alive'}
[2026-09-11 21:57:26] Upload failed 404: requested=https://forums.greaterthangames.com/uploads/default/optimized/2X/7/73712badee930f4ea1f9c6ee6990ff39ff4f90a9_2_348x500.png, final=https://forums.greaterthangames.com/uploads/default/optimized/2X/7/73712badee930f4ea1f9c6ee6990ff39ff4f90a9_2_348x500.png,
[2026-09-11 21:57:26] Response headers: {'Server': 'nginx', 'Date': 'Fri, 11 Sep 2026 21:57:26 GMT', 'Content-Type': 'text/html', 'Content-Length': '548', 'Connection': 'keep-alive'}
[2026-09-11 21:57:29] Upload failed 404: requested=https://forums.greaterthangames.com/uploads/default/optimized/2X/7/738f65ad1b43933e661a8940fa32efcbf457af66_2_312x500.png, final=https://forums.greaterthangames.com/uploads/default/optimized/2X/7/738f65ad1b43933e661a8940fa32efcbf457af66_2_312x500.png,
[2026-09-11 21:57:29] Response headers: {'Server': 'nginx', 'Date': 'Fri, 11 Sep 2026 21:57:29 GMT', 'Content-Type': 'text/html', 'Content-Length': '548', 'Connection': 'keep-alive'}
[2026-09-11 21:57:32] Upload failed 404: requested=https://forums.greaterthangames.com/uploads/default/optimized/2X/7/73ad5566bc73f2de222e8738a96636de2c4e5209_2_347x500.png, final=https://forums.greaterthangames.com/uploads/default/optimized/2X/7/73ad5566bc73f2de222e8738a96636de2c4e5209_2_347x500.png,
[2026-09-11 21:57:32] Response headers: {'Server': 'nginx', 'Date': 'Fri, 11 Sep 2026 21:57:32 GMT', 'Content-Type': 'text/html', 'Content-Length': '548', 'Connection': 'keep-alive'}
[2026-09-11 21:57:35] Upload failed 404: requested=https://forums.greaterthangames.com/uploads/default/optimized/2X/7/741848af7d3380cf815091b99ac7b41a5d4cd379_2_312x500.png, final=https://forums.greaterthangames.com/uploads/default/optimized/2X/7/741848af7d3380cf815091b99ac7b41a5d4cd379_2_312x500.png,
[2026-09-11 21:57:35] Response headers: {'Server': 'nginx', 'Date': 'Fri, 11 Sep 2026 21:57:35 GMT', 'Content-Type': 'text/html', 'Content-Length': '548', 'Connection': 'keep-alive'}
[2026-09-11 21:57:39] Upload failed 404: requested=https://forums.greaterthangames.com/uploads/default/optimized/2X/7/75856b29c6664e9f31c6ddd121473d7f590b1a98_2_347x500.png, final=https://forums.greaterthangames.com/uploads/default/optimized/2X/7/75856b29c6664e9f31c6ddd121473d7f590b1a98_2_347x500.png,
[2026-09-11 21:57:39] Response headers: {'Server': 'nginx', 'Date': 'Fri, 11 Sep 2026 21:57:39 GMT', 'Content-Type': 'text/html', 'Content-Length': '548', 'Connection': 'keep-alive'}
[2026-09-11 21:57:43] Upload failed 404: requested=https://forums.greaterthangames.com/uploads/default/optimized/2X/7/75d5bf00385e8cce5e72bbdcdced70983fdc42ca_2_347x500.png, final=https://forums.greaterthangames.com/uploads/default/optimized/2X/7/75d5bf00385e8cce5e72bbdcdced70983fdc42ca_2_347x500.png,
[2026-09-11 21:57:43] Response headers: {'Server': 'nginx', 'Date': 'Fri, 11 Sep 2026 21:57:43 GMT', 'Content-Type': 'text/html', 'Content-Length': '548', 'Connection': 'keep-alive'}
[2026-09-11 21:57:46] Upload failed 404: requested=https://forums.greaterthangames.com/uploads/default/optimized/2X/7/764a1ccc75ab120d06d068caf7509e8748daf30f_2_347x500.png, final=https://forums.greaterthangames.com/uploads/default/optimized/2X/7/764a1ccc75ab120d06d068caf7509e8748daf30f_2_347x500.png,
[2026-09-11 21:57:46] Response headers: {'Server': 'nginx', 'Date': 'Fri, 11 Sep 2026 21:57:46 GMT', 'Content-Type': 'text/html', 'Content-Length': '548', 'Connection': 'keep-alive'}
[2026-09-11 21:57:49] Upload failed 404: requested=https://forums.greaterthangames.com/uploads/default/optimized/2X/7/76dc03565448988a1fdb9de3b720c8e7360997a6_2_365x499.jpeg, final=https://forums.greaterthangames.com/uploads/default/optimized/2X/7/76dc03565448988a1fdb9de3b720c8e7360997a6_2_365x499.jpeg,
[2026-09-11 21:57:49] Response headers: {'Server': 'nginx', 'Date': 'Fri, 11 Sep 2026 21:57:49 GMT', 'Content-Type': 'text/html', 'Content-Length': '548', 'Connection': 'keep-alive'}
[2026-09-11 21:57:53] Upload failed 404: requested=https://forums.greaterthangames.com/uploads/default/optimized/2X/7/77d9c15a5b3ad41008844369c705362937445633_2_349x499.png, final=https://forums.greaterthangames.com/uploads/default/optimized/2X/7/77d9c15a5b3ad41008844369c705362937445633_2_349x499.png,
[2026-09-11 21:57:53] Response headers: {'Server': 'nginx', 'Date': 'Fri, 11 Sep 2026 21:57:53 GMT', 'Content-Type': 'text/html', 'Content-Length': '548', 'Connection': 'keep-alive'}
[2026-09-11 21:57:55] Upload failed 404: requested=https://forums.greaterthangames.com/uploads/default/optimized/2X/7/77dbd45ee6bac1ffbe07df8f9acce17bba7f5a39_2_260x375.png, final=https://forums.greaterthangames.com/uploads/default/optimized/2X/7/77dbd45ee6bac1ffbe07df8f9acce17bba7f5a39_2_260x375.png,
[2026-09-11 21:57:55] Response headers: {'Server': 'nginx', 'Date': 'Fri, 11 Sep 2026 21:57:55 GMT', 'Content-Type': 'text/html', 'Content-Length': '548', 'Connection': 'keep-alive'}
[2026-09-11 21:57:58] Upload failed 404: requested=https://forums.greaterthangames.com/uploads/default/optimized/2X/7/77f63ef019bc3ece572d255ca3e73b2bf2e59640_2_347x500.png, final=https://forums.greaterthangames.com/uploads/default/optimized/2X/7/77f63ef019bc3ece572d255ca3e73b2bf2e59640_2_347x500.png,
[2026-09-11 21:57:58] Response headers: {'Server': 'nginx', 'Date': 'Fri, 11 Sep 2026 21:57:58 GMT', 'Content-Type': 'text/html', 'Content-Length': '548', 'Connection': 'keep-alive'}
[2026-09-11 21:58:00] Upload failed 404: requested=https://forums.greaterthangames.com/uploads/default/optimized/2X/7/7849754c14a4ff76a26237f5aa35316369517035_2_347x500.png, final=https://forums.greaterthangames.com/uploads/default/optimized/2X/7/7849754c14a4ff76a26237f5aa35316369517035_2_347x500.png,
[2026-09-11 21:58:00] Response headers: {'Server': 'nginx', 'Date': 'Fri, 11 Sep 2026 21:58:00 GMT', 'Content-Type': 'text/html', 'Content-Length': '548', 'Connection': 'keep-alive'}
[2026-09-11 21:58:04] Upload failed 404: requested=https://forums.greaterthangames.com/uploads/default/optimized/2X/7/7905302e9c9a163682cfd1394722f3109abd37e7_2_312x500.png, final=https://forums.greaterthangames.com/uploads/default/optimized/2X/7/7905302e9c9a163682cfd1394722f3109abd37e7_2_312x500.png,
[2026-09-11 21:58:04] Response headers: {'Server': 'nginx', 'Date': 'Fri, 11 Sep 2026 21:58:04 GMT', 'Content-Type': 'text/html', 'Content-Length': '548', 'Connection': 'keep-alive'}
[2026-09-11 21:58:08] Upload failed 404: requested=https://forums.greaterthangames.com/uploads/default/optimized/2X/7/7d735b9e0c0725a6653a3f1771e4fe567c5987af_2_312x500.png, final=https://forums.greaterthangames.com/uploads/default/optimized/2X/7/7d735b9e0c0725a6653a3f1771e4fe567c5987af_2_312x500.png,
[2026-09-11 21:58:08] Response headers: {'Server': 'nginx', 'Date': 'Fri, 11 Sep 2026 21:58:08 GMT', 'Content-Type': 'text/html', 'Content-Length': '548', 'Connection': 'keep-alive'}
[2026-09-11 21:58:11] Upload failed 404: requested=https://forums.greaterthangames.com/uploads/default/optimized/2X/7/7e16f680603bbfb572849b2acebc8944e22a726f_2_347x500.png, final=https://forums.greaterthangames.com/uploads/default/optimized/2X/7/7e16f680603bbfb572849b2acebc8944e22a726f_2_347x500.png,
[2026-09-11 21:58:11] Response headers: {'Server': 'nginx', 'Date': 'Fri, 11 Sep 2026 21:58:11 GMT', 'Content-Type': 'text/html', 'Content-Length': '548', 'Connection': 'keep-alive'}
[2026-09-11 21:58:14] Upload failed 404: requested=https://forums.greaterthangames.com/uploads/default/optimized/2X/7/7fed7b9f03794631945163cf07617699faccf58e_2_347x500.png, final=https://forums.greaterthangames.com/uploads/default/optimized/2X/7/7fed7b9f03794631945163cf07617699faccf58e_2_347x500.png,
[2026-09-11 21:58:14] Response headers: {'Server': 'nginx', 'Date': 'Fri, 11 Sep 2026 21:58:14 GMT', 'Content-Type': 'text/html', 'Content-Length': '548', 'Connection': 'keep-alive'}
[2026-09-11 21:58:16] Upload failed 404: requested=https://forums.greaterthangames.com/uploads/default/optimized/2X/8/80e268f481203e6df5e8384584cb9954912578a0_2_347x500.png, final=https://forums.greaterthangames.com/uploads/default/optimized/2X/8/80e268f481203e6df5e8384584cb9954912578a0_2_347x500.png,
[2026-09-11 21:58:16] Response headers: {'Server': 'nginx', 'Date': 'Fri, 11 Sep 2026 21:58:16 GMT', 'Content-Type': 'text/html', 'Content-Length': '548', 'Connection': 'keep-alive'}
[2026-09-11 21:58:19] Upload failed 404: requested=https://forums.greaterthangames.com/uploads/default/optimized/2X/8/82491caf3454ec3417341f654eefa4dcddfe4e47_2_301x500.png, final=https://forums.greaterthangames.com/uploads/default/optimized/2X/8/82491caf3454ec3417341f654eefa4dcddfe4e47_2_301x500.png,
[2026-09-11 21:58:19] Response headers: {'Server': 'nginx', 'Date': 'Fri, 11 Sep 2026 21:58:19 GMT', 'Content-Type': 'text/html', 'Content-Length': '548', 'Connection': 'keep-alive'}
[2026-09-11 21:58:23] Upload failed 404: requested=https://forums.greaterthangames.com/uploads/default/optimized/2X/8/833327583f3388dfb5c4b550e06c56d89e84561b_2_347x500.png, final=https://forums.greaterthangames.com/uploads/default/optimized/2X/8/833327583f3388dfb5c4b550e06c56d89e84561b_2_347x500.png,
[2026-09-11 21:58:23] Response headers: {'Server': 'nginx', 'Date': 'Fri, 11 Sep 2026 21:58:23 GMT', 'Content-Type': 'text/html', 'Content-Length': '548', 'Connection': 'keep-alive'}
[2026-09-11 21:58:27] Upload failed 404: requested=https://forums.greaterthangames.com/uploads/default/optimized/2X/8/83ae3afb50fb34dfea9a529ef184d7beb9451a89_2_416x500.png, final=https://forums.greaterthangames.com/uploads/default/optimized/2X/8/83ae3afb50fb34dfea9a529ef184d7beb9451a89_2_416x500.png,
[2026-09-11 21:58:27] Response headers: {'Server': 'nginx', 'Date': 'Fri, 11 Sep 2026 21:58:27 GMT', 'Content-Type': 'text/html', 'Content-Length': '548', 'Connection': 'keep-alive'}
[2026-09-11 21:58:30] Upload failed 404: requested=https://forums.greaterthangames.com/uploads/default/optimized/2X/8/845c62ac303e1980850556c1d5f7ce68e84079a4_2_317x500.png, final=https://forums.greaterthangames.com/uploads/default/optimized/2X/8/845c62ac303e1980850556c1d5f7ce68e84079a4_2_317x500.png,
[2026-09-11 21:58:30] Response headers: {'Server': 'nginx', 'Date': 'Fri, 11 Sep 2026 21:58:30 GMT', 'Content-Type': 'text/html', 'Content-Length': '548', 'Connection': 'keep-alive'}
[2026-09-11 21:58:33] Upload failed 404: requested=https://forums.greaterthangames.com/uploads/default/optimized/2X/8/847cba3ced165bbe5b5ba81ddc6315e8700ad16a_2_347x500.png, final=https://forums.greaterthangames.com/uploads/default/optimized/2X/8/847cba3ced165bbe5b5ba81ddc6315e8700ad16a_2_347x500.png,
[2026-09-11 21:58:33] Response headers: {'Server': 'nginx', 'Date': 'Fri, 11 Sep 2026 21:58:33 GMT', 'Content-Type': 'text/html', 'Content-Length': '548', 'Connection': 'keep-alive'}
[2026-09-11 21:58:36] Upload failed 404: requested=https://forums.greaterthangames.com/uploads/default/optimized/2X/8/8561132acb460f4e162dfb110bf5d0111c0856e4_2_347x500.png, final=https://forums.greaterthangames.com/uploads/default/optimized/2X/8/8561132acb460f4e162dfb110bf5d0111c0856e4_2_347x500.png,
[2026-09-11 21:58:36] Response headers: {'Server': 'nginx', 'Date': 'Fri, 11 Sep 2026 21:58:36 GMT', 'Content-Type': 'text/html', 'Content-Length': '548', 'Connection': 'keep-alive'}
[2026-09-11 21:58:39] Upload failed 404: requested=https://forums.greaterthangames.com/uploads/default/optimized/2X/8/865d07368bc074f2ae413794cace8cd706fc6117_2_347x500.png, final=https://forums.greaterthangames.com/uploads/default/optimized/2X/8/865d07368bc074f2ae413794cace8cd706fc6117_2_347x500.png,
[2026-09-11 21:58:39] Response headers: {'Server': 'nginx', 'Date': 'Fri, 11 Sep 2026 21:58:39 GMT', 'Content-Type': 'text/html', 'Content-Length': '548', 'Connection': 'keep-alive'}
[2026-09-11 21:58:42] Upload failed 404: requested=https://forums.greaterthangames.com/uploads/default/optimized/2X/8/867e06fb0149aee1b0d8bd61d82b2f655f575bad_2_312x500.png, final=https://forums.greaterthangames.com/uploads/default/optimized/2X/8/867e06fb0149aee1b0d8bd61d82b2f655f575bad_2_312x500.png,
[2026-09-11 21:58:42] Response headers: {'Server': 'nginx', 'Date': 'Fri, 11 Sep 2026 21:58:42 GMT', 'Content-Type': 'text/html', 'Content-Length': '548', 'Connection': 'keep-alive'}
[2026-09-11 21:58:45] Upload failed 404: requested=https://forums.greaterthangames.com/uploads/default/optimized/2X/8/87a53921ea7b7028f3e49ec93af9a9fcf58f1785_2_345x186.png, final=https://forums.greaterthangames.com/uploads/default/optimized/2X/8/87a53921ea7b7028f3e49ec93af9a9fcf58f1785_2_345x186.png,
[2026-09-11 21:58:45] Response headers: {'Server': 'nginx', 'Date': 'Fri, 11 Sep 2026 21:58:45 GMT', 'Content-Type': 'text/html', 'Content-Length': '548', 'Connection': 'keep-alive'}
[2026-09-11 21:58:50] Upload failed 404: requested=https://forums.greaterthangames.com/uploads/default/optimized/2X/8/87cc9fb6362a2bc5bde8daee3246523f7df68f50_2_348x500.png, final=https://forums.greaterthangames.com/uploads/default/optimized/2X/8/87cc9fb6362a2bc5bde8daee3246523f7df68f50_2_348x500.png,
[2026-09-11 21:58:50] Response headers: {'Server': 'nginx', 'Date': 'Fri, 11 Sep 2026 21:58:50 GMT', 'Content-Type': 'text/html', 'Content-Length': '548', 'Connection': 'keep-alive'}
[2026-09-11 21:58:53] Upload failed 404: requested=https://forums.greaterthangames.com/uploads/default/optimized/2X/8/88f715a70c1a7ea3cdf048f82514eb2e0305e95d_2_347x500.png, final=https://forums.greaterthangames.com/uploads/default/optimized/2X/8/88f715a70c1a7ea3cdf048f82514eb2e0305e95d_2_347x500.png,
[2026-09-11 21:58:53] Response headers: {'Server': 'nginx', 'Date': 'Fri, 11 Sep 2026 21:58:53 GMT', 'Content-Type': 'text/html', 'Content-Length': '548', 'Connection': 'keep-alive'}
[2026-09-11 21:58:56] Upload failed 404: requested=https://forums.greaterthangames.com/uploads/default/optimized/2X/8/890a0bb03e3738c3fe4c3615be2c269a861aa592_2_312x500.png, final=https://forums.greaterthangames.com/uploads/default/optimized/2X/8/890a0bb03e3738c3fe4c3615be2c269a861aa592_2_312x500.png,
[2026-09-11 21:58:56] Response headers: {'Server': 'nginx', 'Date': 'Fri, 11 Sep 2026 21:58:56 GMT', 'Content-Type': 'text/html', 'Content-Length': '548', 'Connection': 'keep-alive'}
[2026-09-11 21:58:59] Upload failed 404: requested=https://forums.greaterthangames.com/uploads/default/optimized/2X/8/8abed6ed8b8485dd26e2ebfcc4d52f65d44466b2_2_347x500.png, final=https://forums.greaterthangames.com/uploads/default/optimized/2X/8/8abed6ed8b8485dd26e2ebfcc4d52f65d44466b2_2_347x500.png,
[2026-09-11 21:58:59] Response headers: {'Server': 'nginx', 'Date': 'Fri, 11 Sep 2026 21:58:59 GMT', 'Content-Type': 'text/html', 'Content-Length': '548', 'Connection': 'keep-alive'}
[2026-09-11 21:59:01] Upload failed 404: requested=https://forums.greaterthangames.com/uploads/default/optimized/2X/8/8b0028cc551d33aef7aae144cb659b621c0c5724_2_347x500.png, final=https://forums.greaterthangames.com/uploads/default/optimized/2X/8/8b0028cc551d33aef7aae144cb659b621c0c5724_2_347x500.png,
[2026-09-11 21:59:01] Response headers: {'Server': 'nginx', 'Date': 'Fri, 11 Sep 2026 21:59:01 GMT', 'Content-Type': 'text/html', 'Content-Length': '548', 'Connection': 'keep-alive'}
[2026-09-11 21:59:04] Upload failed 404: requested=https://forums.greaterthangames.com/uploads/default/optimized/2X/8/8b928c9db61b544fd99477ff6f8183ba9bf67871_2_323x500.png, final=https://forums.greaterthangames.com/uploads/default/optimized/2X/8/8b928c9db61b544fd99477ff6f8183ba9bf67871_2_323x500.png,
[2026-09-11 21:59:04] Response headers: {'Server': 'nginx', 'Date': 'Fri, 11 Sep 2026 21:59:04 GMT', 'Content-Type': 'text/html', 'Content-Length': '548', 'Connection': 'keep-alive'}
[2026-09-11 21:59:07] Upload failed 404: requested=https://forums.greaterthangames.com/uploads/default/optimized/2X/8/8ca4a12216e7362cc7354df7204404dba277b321_2_347x500.png, final=https://forums.greaterthangames.com/uploads/default/optimized/2X/8/8ca4a12216e7362cc7354df7204404dba277b321_2_347x500.png,
[2026-09-11 21:59:07] Response headers: {'Server': 'nginx', 'Date': 'Fri, 11 Sep 2026 21:59:07 GMT', 'Content-Type': 'text/html', 'Content-Length': '548', 'Connection': 'keep-alive'}
[2026-09-11 21:59:11] Upload failed 404: requested=https://forums.greaterthangames.com/uploads/default/optimized/2X/8/8e63f16312d543915e2287b7c12bf566883d36d0_2_363x500.png, final=https://forums.greaterthangames.com/uploads/default/optimized/2X/8/8e63f16312d543915e2287b7c12bf566883d36d0_2_363x500.png,
[2026-09-11 21:59:11] Response headers: {'Server': 'nginx', 'Date': 'Fri, 11 Sep 2026 21:59:11 GMT', 'Content-Type': 'text/html', 'Content-Length': '548', 'Connection': 'keep-alive'}
[2026-09-11 21:59:13] Upload failed 404: requested=https://forums.greaterthangames.com/uploads/default/optimized/2X/8/8f4524e6514b2d8c136bee947bbb825260592852_2_347x500.png, final=https://forums.greaterthangames.com/uploads/default/optimized/2X/8/8f4524e6514b2d8c136bee947bbb825260592852_2_347x500.png,
[2026-09-11 21:59:13] Response headers: {'Server': 'nginx', 'Date': 'Fri, 11 Sep 2026 21:59:13 GMT', 'Content-Type': 'text/html', 'Content-Length': '548', 'Connection': 'keep-alive'}
[2026-09-11 21:59:15] Upload failed 404: requested=https://forums.greaterthangames.com/uploads/default/optimized/2X/9/9283aaabc91c7ea8d3cf7f847420a5bb6e3dad2a_2_383x500.png, final=https://forums.greaterthangames.com/uploads/default/optimized/2X/9/9283aaabc91c7ea8d3cf7f847420a5bb6e3dad2a_2_383x500.png,
[2026-09-11 21:59:15] Response headers: {'Server': 'nginx', 'Date': 'Fri, 11 Sep 2026 21:59:15 GMT', 'Content-Type': 'text/html', 'Content-Length': '548', 'Connection': 'keep-alive'}
[2026-09-11 21:59:18] Upload failed 404: requested=https://forums.greaterthangames.com/uploads/default/optimized/2X/9/93336ec7c36aa5eef2469e95e08d09081feebb29_2_347x500.png, final=https://forums.greaterthangames.com/uploads/default/optimized/2X/9/93336ec7c36aa5eef2469e95e08d09081feebb29_2_347x500.png,
[2026-09-11 21:59:18] Response headers: {'Server': 'nginx', 'Date': 'Fri, 11 Sep 2026 21:59:18 GMT', 'Content-Type': 'text/html', 'Content-Length': '548', 'Connection': 'keep-alive'}
[2026-09-11 21:59:20] Upload failed 404: requested=https://forums.greaterthangames.com/uploads/default/optimized/2X/9/9356132716984d4bad88d51f2ac2c3e1cf33fff8_2_260x375.png, final=https://forums.greaterthangames.com/uploads/default/optimized/2X/9/9356132716984d4bad88d51f2ac2c3e1cf33fff8_2_260x375.png,
[2026-09-11 21:59:20] Response headers: {'Server': 'nginx', 'Date': 'Fri, 11 Sep 2026 21:59:20 GMT', 'Content-Type': 'text/html', 'Content-Length': '548', 'Connection': 'keep-alive'}
[2026-09-11 21:59:23] Upload failed 404: requested=https://forums.greaterthangames.com/uploads/default/optimized/2X/9/93a7c28d76b9b47eaef0248a35f8f3134cc95a7e_2_260x375.png, final=https://forums.greaterthangames.com/uploads/default/optimized/2X/9/93a7c28d76b9b47eaef0248a35f8f3134cc95a7e_2_260x375.png,
[2026-09-11 21:59:23] Response headers: {'Server': 'nginx', 'Date': 'Fri, 11 Sep 2026 21:59:23 GMT', 'Content-Type': 'text/html', 'Content-Length': '548', 'Connection': 'keep-alive'}
[2026-09-11 21:59:27] Upload failed 404: requested=https://forums.greaterthangames.com/uploads/default/optimized/2X/9/93d65c916f561e76a447c3dc43cb116082ed45c0_2_690x387.jpeg, final=https://forums.greaterthangames.com/uploads/default/optimized/2X/9/93d65c916f561e76a447c3dc43cb116082ed45c0_2_690x387.jpeg,
[2026-09-11 21:59:27] Response headers: {'Server': 'nginx', 'Date': 'Fri, 11 Sep 2026 21:59:27 GMT', 'Content-Type': 'text/html', 'Content-Length': '548', 'Connection': 'keep-alive'}
[2026-09-11 21:59:30] Upload failed 404: requested=https://forums.greaterthangames.com/uploads/default/optimized/2X/9/948cdf1dd3cd7b6f5ca7ea2a9192a1201e93ac69_2_347x500.png, final=https://forums.greaterthangames.com/uploads/default/optimized/2X/9/948cdf1dd3cd7b6f5ca7ea2a9192a1201e93ac69_2_347x500.png,
[2026-09-11 21:59:30] Response headers: {'Server': 'nginx', 'Date': 'Fri, 11 Sep 2026 21:59:30 GMT', 'Content-Type': 'text/html', 'Content-Length': '548', 'Connection': 'keep-alive'}
[2026-09-11 21:59:32] Upload failed 404: requested=https://forums.greaterthangames.com/uploads/default/optimized/2X/9/951d07991ee8a7f63aead07153eb5498764871cb_2_347x500.png, final=https://forums.greaterthangames.com/uploads/default/optimized/2X/9/951d07991ee8a7f63aead07153eb5498764871cb_2_347x500.png,
[2026-09-11 21:59:32] Response headers: {'Server': 'nginx', 'Date': 'Fri, 11 Sep 2026 21:59:32 GMT', 'Content-Type': 'text/html', 'Content-Length': '548', 'Connection': 'keep-alive'}
[2026-09-11 21:59:35] Upload failed 404: requested=https://forums.greaterthangames.com/uploads/default/optimized/2X/9/962cbed9695359aff178edea9b7ef4ce99bb50ee_2_347x500.png, final=https://forums.greaterthangames.com/uploads/default/optimized/2X/9/962cbed9695359aff178edea9b7ef4ce99bb50ee_2_347x500.png,
[2026-09-11 21:59:35] Response headers: {'Server': 'nginx', 'Date': 'Fri, 11 Sep 2026 21:59:35 GMT', 'Content-Type': 'text/html', 'Content-Length': '548', 'Connection': 'keep-alive'}
[2026-09-11 21:59:37] Upload failed 404: requested=https://forums.greaterthangames.com/uploads/default/optimized/2X/9/969301863971d75e35e213eba3e26e0a1040c189_2_347x500.png, final=https://forums.greaterthangames.com/uploads/default/optimized/2X/9/969301863971d75e35e213eba3e26e0a1040c189_2_347x500.png,
[2026-09-11 21:59:37] Response headers: {'Server': 'nginx', 'Date': 'Fri, 11 Sep 2026 21:59:37 GMT', 'Content-Type': 'text/html', 'Content-Length': '548', 'Connection': 'keep-alive'}
[2026-09-11 21:59:39] Upload failed 404: requested=https://forums.greaterthangames.com/uploads/default/optimized/2X/9/97fafbe8e1615d0785ce5cd872d92b7a9ff065fd_2_347x500.png, final=https://forums.greaterthangames.com/uploads/default/optimized/2X/9/97fafbe8e1615d0785ce5cd872d92b7a9ff065fd_2_347x500.png,
[2026-09-11 21:59:39] Response headers: {'Server': 'nginx', 'Date': 'Fri, 11 Sep 2026 21:59:39 GMT', 'Content-Type': 'text/html', 'Content-Length': '548', 'Connection': 'keep-alive'}
[2026-09-11 21:59:41] Upload failed 404: requested=https://forums.greaterthangames.com/uploads/default/optimized/2X/9/987c2751585457ac3174d9c3b856bdaa07eba1f6_2_312x500.png, final=https://forums.greaterthangames.com/uploads/default/optimized/2X/9/987c2751585457ac3174d9c3b856bdaa07eba1f6_2_312x500.png,
[2026-09-11 21:59:41] Response headers: {'Server': 'nginx', 'Date': 'Fri, 11 Sep 2026 21:59:41 GMT', 'Content-Type': 'text/html', 'Content-Length': '548', 'Connection': 'keep-alive'}
[2026-09-11 21:59:45] Upload failed 404: requested=https://forums.greaterthangames.com/uploads/default/optimized/2X/9/98c165431f0436d524fbf297a3f704df1d55ad4b_2_347x500.png, final=https://forums.greaterthangames.com/uploads/default/optimized/2X/9/98c165431f0436d524fbf297a3f704df1d55ad4b_2_347x500.png,
[2026-09-11 21:59:45] Response headers: {'Server': 'nginx', 'Date': 'Fri, 11 Sep 2026 21:59:45 GMT', 'Content-Type': 'text/html', 'Content-Length': '548', 'Connection': 'keep-alive'}
[2026-09-11 21:59:48] Upload failed 404: requested=https://forums.greaterthangames.com/uploads/default/optimized/2X/9/99e801426e9f7e08948719999a515a29b35043eb_2_347x500.png, final=https://forums.greaterthangames.com/uploads/default/optimized/2X/9/99e801426e9f7e08948719999a515a29b35043eb_2_347x500.png,
[2026-09-11 21:59:48] Response headers: {'Server': 'nginx', 'Date': 'Fri, 11 Sep 2026 21:59:48 GMT', 'Content-Type': 'text/html', 'Content-Length': '548', 'Connection': 'keep-alive'}
[2026-09-11 21:59:50] Upload failed 404: requested=https://forums.greaterthangames.com/uploads/default/optimized/2X/9/9ba53015a9a23ca4853ee34098d6ade02567ed15_2_347x500.png, final=https://forums.greaterthangames.com/uploads/default/optimized/2X/9/9ba53015a9a23ca4853ee34098d6ade02567ed15_2_347x500.png,
[2026-09-11 21:59:50] Response headers: {'Server': 'nginx', 'Date': 'Fri, 11 Sep 2026 21:59:50 GMT', 'Content-Type': 'text/html', 'Content-Length': '548', 'Connection': 'keep-alive'}
[2026-09-11 21:59:54] Upload failed 404: requested=https://forums.greaterthangames.com/uploads/default/optimized/2X/9/9ee661546f5e875753c9dd6afbbbc2175d287f09_2_301x499.png, final=https://forums.greaterthangames.com/uploads/default/optimized/2X/9/9ee661546f5e875753c9dd6afbbbc2175d287f09_2_301x499.png,
[2026-09-11 21:59:54] Response headers: {'Server': 'nginx', 'Date': 'Fri, 11 Sep 2026 21:59:54 GMT', 'Content-Type': 'text/html', 'Content-Length': '548', 'Connection': 'keep-alive'}
[2026-09-11 21:59:57] Upload failed 404: requested=https://forums.greaterthangames.com/uploads/default/optimized/2X/9/9f0ec778088afeeaf5deb8c593c5f9a9ed0bb2a4_2_312x500.png, final=https://forums.greaterthangames.com/uploads/default/optimized/2X/9/9f0ec778088afeeaf5deb8c593c5f9a9ed0bb2a4_2_312x500.png,
[2026-09-11 21:59:57] Response headers: {'Server': 'nginx', 'Date': 'Fri, 11 Sep 2026 21:59:57 GMT', 'Content-Type': 'text/html', 'Content-Length': '548', 'Connection': 'keep-alive'}
[2026-09-11 22:00:01] Upload failed 404: requested=https://forums.greaterthangames.com/uploads/default/optimized/2X/9/9f6762c6ea751e028e9313e2cccb6deee924c7eb_2_347x500.png, final=https://forums.greaterthangames.com/uploads/default/optimized/2X/9/9f6762c6ea751e028e9313e2cccb6deee924c7eb_2_347x500.png,
[2026-09-11 22:00:01] Response headers: {'Server': 'nginx', 'Date': 'Fri, 11 Sep 2026 22:00:01 GMT', 'Content-Type': 'text/html', 'Content-Length': '548', 'Connection': 'keep-alive'}
[2026-09-11 22:00:03] Upload failed 404: requested=https://forums.greaterthangames.com/uploads/default/optimized/2X/a/a02ccffc968a76a1f521d0dd05bbf5c566b3f96c_2_348x500.png, final=https://forums.greaterthangames.com/uploads/default/optimized/2X/a/a02ccffc968a76a1f521d0dd05bbf5c566b3f96c_2_348x500.png,
[2026-09-11 22:00:03] Response headers: {'Server': 'nginx', 'Date': 'Fri, 11 Sep 2026 22:00:03 GMT', 'Content-Type': 'text/html', 'Content-Length': '548', 'Connection': 'keep-alive'}
[2026-09-11 22:00:07] Upload failed 404: requested=https://forums.greaterthangames.com/uploads/default/optimized/2X/a/a0537f6cdab850181d81289fabeafef144a04382_2_347x500.png, final=https://forums.greaterthangames.com/uploads/default/optimized/2X/a/a0537f6cdab850181d81289fabeafef144a04382_2_347x500.png,
[2026-09-11 22:00:07] Response headers: {'Server': 'nginx', 'Date': 'Fri, 11 Sep 2026 22:00:07 GMT', 'Content-Type': 'text/html', 'Content-Length': '548', 'Connection': 'keep-alive'}
[2026-09-11 22:00:10] Upload failed 404: requested=https://forums.greaterthangames.com/uploads/default/optimized/2X/a/a0cf99ad30d169449f649f91d346bcc8c8243510_2_347x500.png, final=https://forums.greaterthangames.com/uploads/default/optimized/2X/a/a0cf99ad30d169449f649f91d346bcc8c8243510_2_347x500.png,
[2026-09-11 22:00:10] Response headers: {'Server': 'nginx', 'Date': 'Fri, 11 Sep 2026 22:00:10 GMT', 'Content-Type': 'text/html', 'Content-Length': '548', 'Connection': 'keep-alive'}
[2026-09-11 22:00:12] Upload failed 404: requested=https://forums.greaterthangames.com/uploads/default/optimized/2X/a/a0ed26bebc7a126bc20a1df0979a7ebf3b5a353c_2_258x375.png, final=https://forums.greaterthangames.com/uploads/default/optimized/2X/a/a0ed26bebc7a126bc20a1df0979a7ebf3b5a353c_2_258x375.png,
[2026-09-11 22:00:12] Response headers: {'Server': 'nginx', 'Date': 'Fri, 11 Sep 2026 22:00:12 GMT', 'Content-Type': 'text/html', 'Content-Length': '548', 'Connection': 'keep-alive'}
[2026-09-11 22:00:16] Upload failed 404: requested=https://forums.greaterthangames.com/uploads/default/optimized/2X/a/a2061a5f17041fdaacc5c820165311b91902123c_2_544x500.png, final=https://forums.greaterthangames.com/uploads/default/optimized/2X/a/a2061a5f17041fdaacc5c820165311b91902123c_2_544x500.png,
[2026-09-11 22:00:16] Response headers: {'Server': 'nginx', 'Date': 'Fri, 11 Sep 2026 22:00:16 GMT', 'Content-Type': 'text/html', 'Content-Length': '548', 'Connection': 'keep-alive'}
[2026-09-11 22:00:19] Upload failed 404: requested=https://forums.greaterthangames.com/uploads/default/optimized/2X/a/a314c6857e8456bb42e364fecc78026d9d658ea7_2_347x500.png, final=https://forums.greaterthangames.com/uploads/default/optimized/2X/a/a314c6857e8456bb42e364fecc78026d9d658ea7_2_347x500.png,
[2026-09-11 22:00:19] Response headers: {'Server': 'nginx', 'Date': 'Fri, 11 Sep 2026 22:00:19 GMT', 'Content-Type': 'text/html', 'Content-Length': '548', 'Connection': 'keep-alive'}
[2026-09-11 22:00:22] Upload failed 404: requested=https://forums.greaterthangames.com/uploads/default/optimized/2X/a/a3943566d4ca5c1fb2cd74f4558c058a86a921ab_2_347x500.png, final=https://forums.greaterthangames.com/uploads/default/optimized/2X/a/a3943566d4ca5c1fb2cd74f4558c058a86a921ab_2_347x500.png,
[2026-09-11 22:00:22] Response headers: {'Server': 'nginx', 'Date': 'Fri, 11 Sep 2026 22:00:22 GMT', 'Content-Type': 'text/html', 'Content-Length': '548', 'Connection': 'keep-alive'}
[2026-09-11 22:00:25] Upload failed 404: requested=https://forums.greaterthangames.com/uploads/default/optimized/2X/a/a4632f7ac19d7f9bc98af2127dc5814643723a30_2_299x499.png, final=https://forums.greaterthangames.com/uploads/default/optimized/2X/a/a4632f7ac19d7f9bc98af2127dc5814643723a30_2_299x499.png,
[2026-09-11 22:00:25] Response headers: {'Server': 'nginx', 'Date': 'Fri, 11 Sep 2026 22:00:25 GMT', 'Content-Type': 'text/html', 'Content-Length': '548', 'Connection': 'keep-alive'}
[2026-09-11 22:00:29] Upload failed 404: requested=https://forums.greaterthangames.com/uploads/default/optimized/2X/a/a4c25ef25a59c9a57f6bf33ad86b3eb347a143a3_2_347x500.png, final=https://forums.greaterthangames.com/uploads/default/optimized/2X/a/a4c25ef25a59c9a57f6bf33ad86b3eb347a143a3_2_347x500.png,
[2026-09-11 22:00:29] Response headers: {'Server': 'nginx', 'Date': 'Fri, 11 Sep 2026 22:00:29 GMT', 'Content-Type': 'text/html', 'Content-Length': '548', 'Connection': 'keep-alive'}
[2026-09-11 22:00:31] Upload failed 404: requested=https://forums.greaterthangames.com/uploads/default/optimized/2X/a/a5880f8f36a08acfb0037e7439fff4b4cb21ae2d_2_243x375.jpeg, final=https://forums.greaterthangames.com/uploads/default/optimized/2X/a/a5880f8f36a08acfb0037e7439fff4b4cb21ae2d_2_243x375.jpeg,
[2026-09-11 22:00:31] Response headers: {'Server': 'nginx', 'Date': 'Fri, 11 Sep 2026 22:00:31 GMT', 'Content-Type': 'text/html', 'Content-Length': '548', 'Connection': 'keep-alive'}
[2026-09-11 22:00:35] Upload failed 404: requested=https://forums.greaterthangames.com/uploads/default/optimized/2X/a/a65f0164217d5bcccba3f2ced3ec8438fd6b9199_2_517x217.jpeg, final=https://forums.greaterthangames.com/uploads/default/optimized/2X/a/a65f0164217d5bcccba3f2ced3ec8438fd6b9199_2_517x217.jpeg,
[2026-09-11 22:00:35] Response headers: {'Server': 'nginx', 'Date': 'Fri, 11 Sep 2026 22:00:35 GMT', 'Content-Type': 'text/html', 'Content-Length': '548', 'Connection': 'keep-alive'}
[2026-09-11 22:00:38] Upload failed 404: requested=https://forums.greaterthangames.com/uploads/default/optimized/2X/a/a6921fd7bc19867f50d0ca09bc899c2e87d3c56c_2_348x500.png, final=https://forums.greaterthangames.com/uploads/default/optimized/2X/a/a6921fd7bc19867f50d0ca09bc899c2e87d3c56c_2_348x500.png,
[2026-09-11 22:00:38] Response headers: {'Server': 'nginx', 'Date': 'Fri, 11 Sep 2026 22:00:38 GMT', 'Content-Type': 'text/html', 'Content-Length': '548', 'Connection': 'keep-alive'}
[2026-09-11 22:00:41] Upload failed 404: requested=https://forums.greaterthangames.com/uploads/default/optimized/2X/a/a6f58eebc398d86695a111c55cd560a0ba4eb1ec_2_312x500.png, final=https://forums.greaterthangames.com/uploads/default/optimized/2X/a/a6f58eebc398d86695a111c55cd560a0ba4eb1ec_2_312x500.png,
[2026-09-11 22:00:41] Response headers: {'Server': 'nginx', 'Date': 'Fri, 11 Sep 2026 22:00:41 GMT', 'Content-Type': 'text/html', 'Content-Length': '548', 'Connection': 'keep-alive'}
[2026-09-11 22:00:45] Upload failed 404: requested=https://forums.greaterthangames.com/uploads/default/optimized/2X/a/a71396267dd06dd831ae2fad137d589882ae6b90_2_363x500.png, final=https://forums.greaterthangames.com/uploads/default/optimized/2X/a/a71396267dd06dd831ae2fad137d589882ae6b90_2_363x500.png,
[2026-09-11 22:00:45] Response headers: {'Server': 'nginx', 'Date': 'Fri, 11 Sep 2026 22:00:45 GMT', 'Content-Type': 'text/html', 'Content-Length': '548', 'Connection': 'keep-alive'}
[2026-09-11 22:00:47] Upload failed 404: requested=https://forums.greaterthangames.com/uploads/default/optimized/2X/a/a9bec16f8267bb4d83acfd4cc87dc6297c9c8657_2_347x500.png, final=https://forums.greaterthangames.com/uploads/default/optimized/2X/a/a9bec16f8267bb4d83acfd4cc87dc6297c9c8657_2_347x500.png,
[2026-09-11 22:00:47] Response headers: {'Server': 'nginx', 'Date': 'Fri, 11 Sep 2026 22:00:47 GMT', 'Content-Type': 'text/html', 'Content-Length': '548', 'Connection': 'keep-alive'}
[2026-09-11 22:00:51] Upload failed 404: requested=https://forums.greaterthangames.com/uploads/default/optimized/2X/a/a9cf5a5c4b7d917595fc00c52162478239cd0a82_2_312x500.png, final=https://forums.greaterthangames.com/uploads/default/optimized/2X/a/a9cf5a5c4b7d917595fc00c52162478239cd0a82_2_312x500.png,
[2026-09-11 22:00:51] Response headers: {'Server': 'nginx', 'Date': 'Fri, 11 Sep 2026 22:00:51 GMT', 'Content-Type': 'text/html', 'Content-Length': '548', 'Connection': 'keep-alive'}
[2026-09-11 22:00:55] Upload failed 404: requested=https://forums.greaterthangames.com/uploads/default/optimized/2X/a/ab50761ff2e52628f8217b2bc2fd93bf01630538_2_312x500.png, final=https://forums.greaterthangames.com/uploads/default/optimized/2X/a/ab50761ff2e52628f8217b2bc2fd93bf01630538_2_312x500.png,
[2026-09-11 22:00:55] Response headers: {'Server': 'nginx', 'Date': 'Fri, 11 Sep 2026 22:00:55 GMT', 'Content-Type': 'text/html', 'Content-Length': '548', 'Connection': 'keep-alive'}
[2026-09-11 22:00:59] Upload failed 404: requested=https://forums.greaterthangames.com/uploads/default/optimized/2X/a/abde7df34609cf947488a6d8ab3826a11c1c428d_2_347x500.png, final=https://forums.greaterthangames.com/uploads/default/optimized/2X/a/abde7df34609cf947488a6d8ab3826a11c1c428d_2_347x500.png,
[2026-09-11 22:00:59] Response headers: {'Server': 'nginx', 'Date': 'Fri, 11 Sep 2026 22:00:59 GMT', 'Content-Type': 'text/html', 'Content-Length': '548', 'Connection': 'keep-alive'}
[2026-09-11 22:01:02] Upload failed 404: requested=https://forums.greaterthangames.com/uploads/default/optimized/2X/a/ad60a89a101571007a0f128737f23cc2bef0c202_2_312x500.png, final=https://forums.greaterthangames.com/uploads/default/optimized/2X/a/ad60a89a101571007a0f128737f23cc2bef0c202_2_312x500.png,
[2026-09-11 22:01:02] Response headers: {'Server': 'nginx', 'Date': 'Fri, 11 Sep 2026 22:01:02 GMT', 'Content-Type': 'text/html', 'Content-Length': '548', 'Connection': 'keep-alive'}
[2026-09-11 22:01:06] Upload failed 404: requested=https://forums.greaterthangames.com/uploads/default/optimized/2X/a/ae3691eda5a8350c83809b5539df8b71d88114d9_2_347x500.png, final=https://forums.greaterthangames.com/uploads/default/optimized/2X/a/ae3691eda5a8350c83809b5539df8b71d88114d9_2_347x500.png,
[2026-09-11 22:01:06] Response headers: {'Server': 'nginx', 'Date': 'Fri, 11 Sep 2026 22:01:06 GMT', 'Content-Type': 'text/html', 'Content-Length': '548', 'Connection': 'keep-alive'}
[2026-09-11 22:01:08] Upload failed 404: requested=https://forums.greaterthangames.com/uploads/default/optimized/2X/a/af781a34eec9153fe1158b749082938d85c95f0d_2_348x500.png, final=https://forums.greaterthangames.com/uploads/default/optimized/2X/a/af781a34eec9153fe1158b749082938d85c95f0d_2_348x500.png,
[2026-09-11 22:01:08] Response headers: {'Server': 'nginx', 'Date': 'Fri, 11 Sep 2026 22:01:08 GMT', 'Content-Type': 'text/html', 'Content-Length': '548', 'Connection': 'keep-alive'}
[2026-09-11 22:01:11] Upload failed 404: requested=https://forums.greaterthangames.com/uploads/default/optimized/2X/a/af97750461f8a6ae424ec8089cab53c48c346ffe_2_347x500.png, final=https://forums.greaterthangames.com/uploads/default/optimized/2X/a/af97750461f8a6ae424ec8089cab53c48c346ffe_2_347x500.png,
[2026-09-11 22:01:11] Response headers: {'Server': 'nginx', 'Date': 'Fri, 11 Sep 2026 22:01:10 GMT', 'Content-Type': 'text/html', 'Content-Length': '548', 'Connection': 'keep-alive'}
[2026-09-11 22:01:14] Upload failed 404: requested=https://forums.greaterthangames.com/uploads/default/optimized/2X/b/b07d826a31127e2f153e56059720030d353c55f8_2_347x500.png, final=https://forums.greaterthangames.com/uploads/default/optimized/2X/b/b07d826a31127e2f153e56059720030d353c55f8_2_347x500.png,
[2026-09-11 22:01:14] Response headers: {'Server': 'nginx', 'Date': 'Fri, 11 Sep 2026 22:01:14 GMT', 'Content-Type': 'text/html', 'Content-Length': '548', 'Connection': 'keep-alive'}
[2026-09-11 22:01:16] Upload failed 404: requested=https://forums.greaterthangames.com/uploads/default/optimized/2X/b/b0885b80b2d354773d8555c92a9010697e085d3b_2_347x500.png, final=https://forums.greaterthangames.com/uploads/default/optimized/2X/b/b0885b80b2d354773d8555c92a9010697e085d3b_2_347x500.png,
[2026-09-11 22:01:16] Response headers: {'Server': 'nginx', 'Date': 'Fri, 11 Sep 2026 22:01:16 GMT', 'Content-Type': 'text/html', 'Content-Length': '548', 'Connection': 'keep-alive'}
[2026-09-11 22:01:19] Upload failed 404: requested=https://forums.greaterthangames.com/uploads/default/optimized/2X/b/b15a9cb5b065b961faa61b5ba1d51ef709e47f0c_2_298x499.png, final=https://forums.greaterthangames.com/uploads/default/optimized/2X/b/b15a9cb5b065b961faa61b5ba1d51ef709e47f0c_2_298x499.png,
[2026-09-11 22:01:19] Response headers: {'Server': 'nginx', 'Date': 'Fri, 11 Sep 2026 22:01:19 GMT', 'Content-Type': 'text/html', 'Content-Length': '548', 'Connection': 'keep-alive'}
[2026-09-11 22:01:23] Upload failed 404: requested=https://forums.greaterthangames.com/uploads/default/optimized/2X/b/b161518e110ab2bebcfce3a416da309bad792b40_2_312x500.png, final=https://forums.greaterthangames.com/uploads/default/optimized/2X/b/b161518e110ab2bebcfce3a416da309bad792b40_2_312x500.png,
[2026-09-11 22:01:23] Response headers: {'Server': 'nginx', 'Date': 'Fri, 11 Sep 2026 22:01:23 GMT', 'Content-Type': 'text/html', 'Content-Length': '548', 'Connection': 'keep-alive'}
[2026-09-11 22:01:26] Upload failed 404: requested=https://forums.greaterthangames.com/uploads/default/optimized/2X/b/b1661f27cdd2feb85efd19a8c4196c014a8c0357_2_357x500.png, final=https://forums.greaterthangames.com/uploads/default/optimized/2X/b/b1661f27cdd2feb85efd19a8c4196c014a8c0357_2_357x500.png,
[2026-09-11 22:01:26] Response headers: {'Server': 'nginx', 'Date': 'Fri, 11 Sep 2026 22:01:26 GMT', 'Content-Type': 'text/html', 'Content-Length': '548', 'Connection': 'keep-alive'}
[2026-09-11 22:01:28] Upload failed 404: requested=https://forums.greaterthangames.com/uploads/default/optimized/2X/b/b38be15ded3b4c59402e66c02ea16ee41c39219c_2_348x499.png, final=https://forums.greaterthangames.com/uploads/default/optimized/2X/b/b38be15ded3b4c59402e66c02ea16ee41c39219c_2_348x499.png,
[2026-09-11 22:01:28] Response headers: {'Server': 'nginx', 'Date': 'Fri, 11 Sep 2026 22:01:28 GMT', 'Content-Type': 'text/html', 'Content-Length': '548', 'Connection': 'keep-alive'}
[2026-09-11 22:01:31] Upload failed 404: requested=https://forums.greaterthangames.com/uploads/default/optimized/2X/b/b3acaade5e00bc177e51a2eaf93959236c6c92ff_2_347x500.png, final=https://forums.greaterthangames.com/uploads/default/optimized/2X/b/b3acaade5e00bc177e51a2eaf93959236c6c92ff_2_347x500.png,
[2026-09-11 22:01:31] Response headers: {'Server': 'nginx', 'Date': 'Fri, 11 Sep 2026 22:01:31 GMT', 'Content-Type': 'text/html', 'Content-Length': '548', 'Connection': 'keep-alive'}
[2026-09-11 22:01:34] Upload failed 404: requested=https://forums.greaterthangames.com/uploads/default/optimized/2X/b/b46ea39bfd06a588852d411697ffe84edefdc40c_2_312x500.png, final=https://forums.greaterthangames.com/uploads/default/optimized/2X/b/b46ea39bfd06a588852d411697ffe84edefdc40c_2_312x500.png,
[2026-09-11 22:01:34] Response headers: {'Server': 'nginx', 'Date': 'Fri, 11 Sep 2026 22:01:34 GMT', 'Content-Type': 'text/html', 'Content-Length': '548', 'Connection': 'keep-alive'}
[2026-09-11 22:01:37] Upload failed 404: requested=https://forums.greaterthangames.com/uploads/default/optimized/2X/b/b5540b8b17dafec22c3892c96049175df23c35ef_2_347x500.png, final=https://forums.greaterthangames.com/uploads/default/optimized/2X/b/b5540b8b17dafec22c3892c96049175df23c35ef_2_347x500.png,
[2026-09-11 22:01:37] Response headers: {'Server': 'nginx', 'Date': 'Fri, 11 Sep 2026 22:01:37 GMT', 'Content-Type': 'text/html', 'Content-Length': '548', 'Connection': 'keep-alive'}
[2026-09-11 22:01:39] Upload failed 404: requested=https://forums.greaterthangames.com/uploads/default/optimized/2X/b/b5fa040bac5cc0146eb5a2f63eee16359404c540_2_347x500.png, final=https://forums.greaterthangames.com/uploads/default/optimized/2X/b/b5fa040bac5cc0146eb5a2f63eee16359404c540_2_347x500.png,
[2026-09-11 22:01:39] Response headers: {'Server': 'nginx', 'Date': 'Fri, 11 Sep 2026 22:01:39 GMT', 'Content-Type': 'text/html', 'Content-Length': '548', 'Connection': 'keep-alive'}
[2026-09-11 22:01:42] Upload failed 404: requested=https://forums.greaterthangames.com/uploads/default/optimized/2X/b/b6cb5403d2ea5472bdd342bb6c796142f8b22f5d_2_347x500.png, final=https://forums.greaterthangames.com/uploads/default/optimized/2X/b/b6cb5403d2ea5472bdd342bb6c796142f8b22f5d_2_347x500.png,
[2026-09-11 22:01:42] Response headers: {'Server': 'nginx', 'Date': 'Fri, 11 Sep 2026 22:01:42 GMT', 'Content-Type': 'text/html', 'Content-Length': '548', 'Connection': 'keep-alive'}
[2026-09-11 22:01:44] Upload failed 404: requested=https://forums.greaterthangames.com/uploads/default/optimized/2X/b/b7f8f54139a832955567de3ec8603d6a13cb6c86_2_347x500.png, final=https://forums.greaterthangames.com/uploads/default/optimized/2X/b/b7f8f54139a832955567de3ec8603d6a13cb6c86_2_347x500.png,
[2026-09-11 22:01:44] Response headers: {'Server': 'nginx', 'Date': 'Fri, 11 Sep 2026 22:01:44 GMT', 'Content-Type': 'text/html', 'Content-Length': '548', 'Connection': 'keep-alive'}
[2026-09-11 22:01:47] Upload failed 404: requested=https://forums.greaterthangames.com/uploads/default/optimized/2X/b/b838bd46414f94993d932e1d13fa8cb0ba4e9eb1_2_347x500.png, final=https://forums.greaterthangames.com/uploads/default/optimized/2X/b/b838bd46414f94993d932e1d13fa8cb0ba4e9eb1_2_347x500.png,
[2026-09-11 22:01:47] Response headers: {'Server': 'nginx', 'Date': 'Fri, 11 Sep 2026 22:01:47 GMT', 'Content-Type': 'text/html', 'Content-Length': '548', 'Connection': 'keep-alive'}
[2026-09-11 22:01:51] Upload failed 404: requested=https://forums.greaterthangames.com/uploads/default/optimized/2X/b/b855d6fa1188b2eccf2beb85024a929cab455120_2_347x500.png, final=https://forums.greaterthangames.com/uploads/default/optimized/2X/b/b855d6fa1188b2eccf2beb85024a929cab455120_2_347x500.png,
[2026-09-11 22:01:51] Response headers: {'Server': 'nginx', 'Date': 'Fri, 11 Sep 2026 22:01:50 GMT', 'Content-Type': 'text/html', 'Content-Length': '548', 'Connection': 'keep-alive'}
[2026-09-11 22:01:53] Upload failed 404: requested=https://forums.greaterthangames.com/uploads/default/optimized/2X/b/b86b65fd0670fe8f8373c84e8d4aa0911382c190_2_261x375.png, final=https://forums.greaterthangames.com/uploads/default/optimized/2X/b/b86b65fd0670fe8f8373c84e8d4aa0911382c190_2_261x375.png,
[2026-09-11 22:01:53] Response headers: {'Server': 'nginx', 'Date': 'Fri, 11 Sep 2026 22:01:53 GMT', 'Content-Type': 'text/html', 'Content-Length': '548', 'Connection': 'keep-alive'}
[2026-09-11 22:01:57] Upload failed 404: requested=https://forums.greaterthangames.com/uploads/default/optimized/2X/b/b909b2d87171a7a1feb5141b73834d449767f3b9_2_347x500.png, final=https://forums.greaterthangames.com/uploads/default/optimized/2X/b/b909b2d87171a7a1feb5141b73834d449767f3b9_2_347x500.png,
[2026-09-11 22:01:57] Response headers: {'Server': 'nginx', 'Date': 'Fri, 11 Sep 2026 22:01:57 GMT', 'Content-Type': 'text/html', 'Content-Length': '548', 'Connection': 'keep-alive'}
[2026-09-11 22:01:59] Upload failed 404: requested=https://forums.greaterthangames.com/uploads/default/optimized/2X/b/b9628b80054554e2d724ea26bff426d5aad754f6_2_347x500.png, final=https://forums.greaterthangames.com/uploads/default/optimized/2X/b/b9628b80054554e2d724ea26bff426d5aad754f6_2_347x500.png,
[2026-09-11 22:01:59] Response headers: {'Server': 'nginx', 'Date': 'Fri, 11 Sep 2026 22:01:59 GMT', 'Content-Type': 'text/html', 'Content-Length': '548', 'Connection': 'keep-alive'}
[2026-09-11 22:02:03] Upload failed 404: requested=https://forums.greaterthangames.com/uploads/default/optimized/2X/b/b9ba90d2f443b3f1189347f062e543a75e367217_2_347x500.png, final=https://forums.greaterthangames.com/uploads/default/optimized/2X/b/b9ba90d2f443b3f1189347f062e543a75e367217_2_347x500.png,
[2026-09-11 22:02:03] Response headers: {'Server': 'nginx', 'Date': 'Fri, 11 Sep 2026 22:02:03 GMT', 'Content-Type': 'text/html', 'Content-Length': '548', 'Connection': 'keep-alive'}
[2026-09-11 22:02:05] Upload failed 404: requested=https://forums.greaterthangames.com/uploads/default/optimized/2X/b/bae0cabe3196b2c63fa130ed7f63283d075bb6aa_2_347x500.png, final=https://forums.greaterthangames.com/uploads/default/optimized/2X/b/bae0cabe3196b2c63fa130ed7f63283d075bb6aa_2_347x500.png,
[2026-09-11 22:02:05] Response headers: {'Server': 'nginx', 'Date': 'Fri, 11 Sep 2026 22:02:05 GMT', 'Content-Type': 'text/html', 'Content-Length': '548', 'Connection': 'keep-alive'}
[2026-09-11 22:02:08] Upload failed 404: requested=https://forums.greaterthangames.com/uploads/default/optimized/2X/b/baeb8e39deb032a9323afb8a92626225e86bc06d_2_347x500.png, final=https://forums.greaterthangames.com/uploads/default/optimized/2X/b/baeb8e39deb032a9323afb8a92626225e86bc06d_2_347x500.png,
[2026-09-11 22:02:08] Response headers: {'Server': 'nginx', 'Date': 'Fri, 11 Sep 2026 22:02:08 GMT', 'Content-Type': 'text/html', 'Content-Length': '548', 'Connection': 'keep-alive'}
[2026-09-11 22:02:11] Upload failed 404: requested=https://forums.greaterthangames.com/uploads/default/optimized/2X/b/bd1749e3d3ae351322a3a9556e717432f69de816_2_375x500.jpeg, final=https://forums.greaterthangames.com/uploads/default/optimized/2X/b/bd1749e3d3ae351322a3a9556e717432f69de816_2_375x500.jpeg,
[2026-09-11 22:02:11] Response headers: {'Server': 'nginx', 'Date': 'Fri, 11 Sep 2026 22:02:11 GMT', 'Content-Type': 'text/html', 'Content-Length': '548', 'Connection': 'keep-alive'}
[2026-09-11 22:02:16] Upload failed 404: requested=https://forums.greaterthangames.com/uploads/default/optimized/2X/b/bd3989199ec2bf59ab32ba7bfcc9bd0965d0476e_2_347x500.png, final=https://forums.greaterthangames.com/uploads/default/optimized/2X/b/bd3989199ec2bf59ab32ba7bfcc9bd0965d0476e_2_347x500.png,
[2026-09-11 22:02:16] Response headers: {'Server': 'nginx', 'Date': 'Fri, 11 Sep 2026 22:02:16 GMT', 'Content-Type': 'text/html', 'Content-Length': '548', 'Connection': 'keep-alive'}
[2026-09-11 22:02:19] Upload failed 404: requested=https://forums.greaterthangames.com/uploads/default/optimized/2X/b/bd7636ddc4f5094cbdcc57abc7ce4ee177c73c9d_2_347x500.png, final=https://forums.greaterthangames.com/uploads/default/optimized/2X/b/bd7636ddc4f5094cbdcc57abc7ce4ee177c73c9d_2_347x500.png,
[2026-09-11 22:02:19] Response headers: {'Server': 'nginx', 'Date': 'Fri, 11 Sep 2026 22:02:19 GMT', 'Content-Type': 'text/html', 'Content-Length': '548', 'Connection': 'keep-alive'}
[2026-09-11 22:02:22] Upload failed 404: requested=https://forums.greaterthangames.com/uploads/default/optimized/2X/b/bd80196e29e48b5dfd12da5fe04ea3f151ae9b88_2_398x500.png, final=https://forums.greaterthangames.com/uploads/default/optimized/2X/b/bd80196e29e48b5dfd12da5fe04ea3f151ae9b88_2_398x500.png,
[2026-09-11 22:02:22] Response headers: {'Server': 'nginx', 'Date': 'Fri, 11 Sep 2026 22:02:22 GMT', 'Content-Type': 'text/html', 'Content-Length': '548', 'Connection': 'keep-alive'}
[2026-09-11 22:02:24] Upload failed 404: requested=https://forums.greaterthangames.com/uploads/default/optimized/2X/b/befdf97a1132b6276cddedee8dbd9ab3aa9a3077_2_349x500.png, final=https://forums.greaterthangames.com/uploads/default/optimized/2X/b/befdf97a1132b6276cddedee8dbd9ab3aa9a3077_2_349x500.png,
[2026-09-11 22:02:24] Response headers: {'Server': 'nginx', 'Date': 'Fri, 11 Sep 2026 22:02:24 GMT', 'Content-Type': 'text/html', 'Content-Length': '548', 'Connection': 'keep-alive'}
[2026-09-11 22:02:26] Upload failed 404: requested=https://forums.greaterthangames.com/uploads/default/optimized/2X/b/bfbaed381043f3eee2520f3e8c282332a3fcc1f9_2_260x375.png, final=https://forums.greaterthangames.com/uploads/default/optimized/2X/b/bfbaed381043f3eee2520f3e8c282332a3fcc1f9_2_260x375.png,
[2026-09-11 22:02:26] Response headers: {'Server': 'nginx', 'Date': 'Fri, 11 Sep 2026 22:02:26 GMT', 'Content-Type': 'text/html', 'Content-Length': '548', 'Connection': 'keep-alive'}
[2026-09-11 22:02:30] Upload failed 404: requested=https://forums.greaterthangames.com/uploads/default/optimized/2X/c/c0ee73d0f3cd467732d1b009a55303314c43048f_2_347x500.png, final=https://forums.greaterthangames.com/uploads/default/optimized/2X/c/c0ee73d0f3cd467732d1b009a55303314c43048f_2_347x500.png,
[2026-09-11 22:02:30] Response headers: {'Server': 'nginx', 'Date': 'Fri, 11 Sep 2026 22:02:30 GMT', 'Content-Type': 'text/html', 'Content-Length': '548', 'Connection': 'keep-alive'}
[2026-09-11 22:02:34] Upload failed 404: requested=https://forums.greaterthangames.com/uploads/default/optimized/2X/c/c211cad1b1c8126c8a1a56bc0e444b0874ce5cb6_2_347x500.png, final=https://forums.greaterthangames.com/uploads/default/optimized/2X/c/c211cad1b1c8126c8a1a56bc0e444b0874ce5cb6_2_347x500.png,
[2026-09-11 22:02:34] Response headers: {'Server': 'nginx', 'Date': 'Fri, 11 Sep 2026 22:02:33 GMT', 'Content-Type': 'text/html', 'Content-Length': '548', 'Connection': 'keep-alive'}
[2026-09-11 22:02:37] Upload failed 404: requested=https://forums.greaterthangames.com/uploads/default/optimized/2X/c/c280e3c7bd212eccb0164965ee03686444414c18_2_308x500.png, final=https://forums.greaterthangames.com/uploads/default/optimized/2X/c/c280e3c7bd212eccb0164965ee03686444414c18_2_308x500.png,
[2026-09-11 22:02:37] Response headers: {'Server': 'nginx', 'Date': 'Fri, 11 Sep 2026 22:02:37 GMT', 'Content-Type': 'text/html', 'Content-Length': '548', 'Connection': 'keep-alive'}
[2026-09-11 22:02:41] Upload failed 404: requested=https://forums.greaterthangames.com/uploads/default/optimized/2X/c/c499d8fe0c618bde8554fa718f138b71ddd377c8_2_347x500.png, final=https://forums.greaterthangames.com/uploads/default/optimized/2X/c/c499d8fe0c618bde8554fa718f138b71ddd377c8_2_347x500.png,
[2026-09-11 22:02:41] Response headers: {'Server': 'nginx', 'Date': 'Fri, 11 Sep 2026 22:02:41 GMT', 'Content-Type': 'text/html', 'Content-Length': '548', 'Connection': 'keep-alive'}
[2026-09-11 22:02:43] Upload failed 404: requested=https://forums.greaterthangames.com/uploads/default/optimized/2X/c/c67f211b36a415b426591500309ead76d1daaf57_2_312x500.png, final=https://forums.greaterthangames.com/uploads/default/optimized/2X/c/c67f211b36a415b426591500309ead76d1daaf57_2_312x500.png,
[2026-09-11 22:02:43] Response headers: {'Server': 'nginx', 'Date': 'Fri, 11 Sep 2026 22:02:43 GMT', 'Content-Type': 'text/html', 'Content-Length': '548', 'Connection': 'keep-alive'}
[2026-09-11 22:02:47] Upload failed 404: requested=https://forums.greaterthangames.com/uploads/default/optimized/2X/c/c74584619fc1ee83da18c06862b3bba5625ab53e_2_347x500.png, final=https://forums.greaterthangames.com/uploads/default/optimized/2X/c/c74584619fc1ee83da18c06862b3bba5625ab53e_2_347x500.png,
[2026-09-11 22:02:47] Response headers: {'Server': 'nginx', 'Date': 'Fri, 11 Sep 2026 22:02:47 GMT', 'Content-Type': 'text/html', 'Content-Length': '548', 'Connection': 'keep-alive'}
[2026-09-11 22:02:49] Upload failed 404: requested=https://forums.greaterthangames.com/uploads/default/optimized/2X/c/c7acf6f4eb76a6afa8db8f8b8244a2c860058f1a_2_347x500.png, final=https://forums.greaterthangames.com/uploads/default/optimized/2X/c/c7acf6f4eb76a6afa8db8f8b8244a2c860058f1a_2_347x500.png,
[2026-09-11 22:02:49] Response headers: {'Server': 'nginx', 'Date': 'Fri, 11 Sep 2026 22:02:49 GMT', 'Content-Type': 'text/html', 'Content-Length': '548', 'Connection': 'keep-alive'}
[2026-09-11 22:02:52] Upload failed 404: requested=https://forums.greaterthangames.com/uploads/default/optimized/2X/c/c93876c8d7e0ef5b9ac4a465ea53ccc2706e2be4_2_333x500.png, final=https://forums.greaterthangames.com/uploads/default/optimized/2X/c/c93876c8d7e0ef5b9ac4a465ea53ccc2706e2be4_2_333x500.png,
[2026-09-11 22:02:52] Response headers: {'Server': 'nginx', 'Date': 'Fri, 11 Sep 2026 22:02:52 GMT', 'Content-Type': 'text/html', 'Content-Length': '548', 'Connection': 'keep-alive'}
[2026-09-11 22:02:57] Upload failed 404: requested=https://forums.greaterthangames.com/uploads/default/optimized/2X/c/c9c7770a436bcc34e5c2ddd285a6e2653a2345da_2_433x499.png, final=https://forums.greaterthangames.com/uploads/default/optimized/2X/c/c9c7770a436bcc34e5c2ddd285a6e2653a2345da_2_433x499.png,
[2026-09-11 22:02:57] Response headers: {'Server': 'nginx', 'Date': 'Fri, 11 Sep 2026 22:02:56 GMT', 'Content-Type': 'text/html', 'Content-Length': '548', 'Connection': 'keep-alive'}
[2026-09-11 22:03:00] Upload failed 404: requested=https://forums.greaterthangames.com/uploads/default/optimized/2X/c/c9d434b79de77637faf11bbbe4c10cfa4ea6cf4b_2_312x500.png, final=https://forums.greaterthangames.com/uploads/default/optimized/2X/c/c9d434b79de77637faf11bbbe4c10cfa4ea6cf4b_2_312x500.png,
[2026-09-11 22:03:00] Response headers: {'Server': 'nginx', 'Date': 'Fri, 11 Sep 2026 22:03:00 GMT', 'Content-Type': 'text/html', 'Content-Length': '548', 'Connection': 'keep-alive'}
[2026-09-11 22:03:04] Upload failed 404: requested=https://forums.greaterthangames.com/uploads/default/optimized/2X/c/ca0286c52b71c737e621f5f4f9a05f421772f614_2_347x500.png, final=https://forums.greaterthangames.com/uploads/default/optimized/2X/c/ca0286c52b71c737e621f5f4f9a05f421772f614_2_347x500.png,
[2026-09-11 22:03:04] Response headers: {'Server': 'nginx', 'Date': 'Fri, 11 Sep 2026 22:03:04 GMT', 'Content-Type': 'text/html', 'Content-Length': '548', 'Connection': 'keep-alive'}
[2026-09-11 22:03:07] Upload failed 404: requested=https://forums.greaterthangames.com/uploads/default/optimized/2X/c/ca0bd55ffa171a74e0954eed65532c29ff40ed48_2_347x500.png, final=https://forums.greaterthangames.com/uploads/default/optimized/2X/c/ca0bd55ffa171a74e0954eed65532c29ff40ed48_2_347x500.png,
[2026-09-11 22:03:07] Response headers: {'Server': 'nginx', 'Date': 'Fri, 11 Sep 2026 22:03:07 GMT', 'Content-Type': 'text/html', 'Content-Length': '548', 'Connection': 'keep-alive'}
[2026-09-11 22:03:10] Upload failed 404: requested=https://forums.greaterthangames.com/uploads/default/optimized/2X/c/ca24540dc8b926af5b28709e3bd34fc4942dfaac_2_312x500.png, final=https://forums.greaterthangames.com/uploads/default/optimized/2X/c/ca24540dc8b926af5b28709e3bd34fc4942dfaac_2_312x500.png,
[2026-09-11 22:03:10] Response headers: {'Server': 'nginx', 'Date': 'Fri, 11 Sep 2026 22:03:10 GMT', 'Content-Type': 'text/html', 'Content-Length': '548', 'Connection': 'keep-alive'}
[2026-09-11 22:03:13] Upload failed 404: requested=https://forums.greaterthangames.com/uploads/default/optimized/2X/c/ca5ea8b3047cc3d86b8cfda4825840d2e8854244_2_347x500.png, final=https://forums.greaterthangames.com/uploads/default/optimized/2X/c/ca5ea8b3047cc3d86b8cfda4825840d2e8854244_2_347x500.png,
[2026-09-11 22:03:13] Response headers: {'Server': 'nginx', 'Date': 'Fri, 11 Sep 2026 22:03:13 GMT', 'Content-Type': 'text/html', 'Content-Length': '548', 'Connection': 'keep-alive'}
[2026-09-11 22:03:16] Upload failed 404: requested=https://forums.greaterthangames.com/uploads/default/optimized/2X/c/ca6202d6b9253e10b0486b1caa22a285374e2da3_2_339x500.png, final=https://forums.greaterthangames.com/uploads/default/optimized/2X/c/ca6202d6b9253e10b0486b1caa22a285374e2da3_2_339x500.png,
[2026-09-11 22:03:16] Response headers: {'Server': 'nginx', 'Date': 'Fri, 11 Sep 2026 22:03:16 GMT', 'Content-Type': 'text/html', 'Content-Length': '548', 'Connection': 'keep-alive'}
[2026-09-11 22:03:18] Upload failed 404: requested=https://forums.greaterthangames.com/uploads/default/optimized/2X/c/cc410afd3938ac3c295268c574bd65b764f6fe9d_2_260x375.png, final=https://forums.greaterthangames.com/uploads/default/optimized/2X/c/cc410afd3938ac3c295268c574bd65b764f6fe9d_2_260x375.png,
[2026-09-11 22:03:18] Response headers: {'Server': 'nginx', 'Date': 'Fri, 11 Sep 2026 22:03:18 GMT', 'Content-Type': 'text/html', 'Content-Length': '548', 'Connection': 'keep-alive'}
[2026-09-11 22:03:22] Upload failed 404: requested=https://forums.greaterthangames.com/uploads/default/optimized/2X/c/cc817e4e7fae1b5b35f347773093e78fc063aa28_2_347x500.png, final=https://forums.greaterthangames.com/uploads/default/optimized/2X/c/cc817e4e7fae1b5b35f347773093e78fc063aa28_2_347x500.png,
[2026-09-11 22:03:22] Response headers: {'Server': 'nginx', 'Date': 'Fri, 11 Sep 2026 22:03:22 GMT', 'Content-Type': 'text/html', 'Content-Length': '548', 'Connection': 'keep-alive'}
[2026-09-11 22:03:24] Upload failed 404: requested=https://forums.greaterthangames.com/uploads/default/optimized/2X/c/cdb215a0b97753ab2bf1780f3f74257f6de1d66b_2_347x500.png, final=https://forums.greaterthangames.com/uploads/default/optimized/2X/c/cdb215a0b97753ab2bf1780f3f74257f6de1d66b_2_347x500.png,
[2026-09-11 22:03:24] Response headers: {'Server': 'nginx', 'Date': 'Fri, 11 Sep 2026 22:03:24 GMT', 'Content-Type': 'text/html', 'Content-Length': '548', 'Connection': 'keep-alive'}
[2026-09-11 22:03:26] Upload failed 404: requested=https://forums.greaterthangames.com/uploads/default/optimized/2X/c/ce06daf011fbd1a3f9d5ec2c453df447f794e049_2_260x375.png, final=https://forums.greaterthangames.com/uploads/default/optimized/2X/c/ce06daf011fbd1a3f9d5ec2c453df447f794e049_2_260x375.png,
[2026-09-11 22:03:26] Response headers: {'Server': 'nginx', 'Date': 'Fri, 11 Sep 2026 22:03:26 GMT', 'Content-Type': 'text/html', 'Content-Length': '548', 'Connection': 'keep-alive'}
[2026-09-11 22:03:29] Upload failed 404: requested=https://forums.greaterthangames.com/uploads/default/optimized/2X/c/cec0e6d8c5c979e46405d1ba1ba748094c41ea2e_2_347x500.png, final=https://forums.greaterthangames.com/uploads/default/optimized/2X/c/cec0e6d8c5c979e46405d1ba1ba748094c41ea2e_2_347x500.png,
[2026-09-11 22:03:29] Response headers: {'Server': 'nginx', 'Date': 'Fri, 11 Sep 2026 22:03:29 GMT', 'Content-Type': 'text/html', 'Content-Length': '548', 'Connection': 'keep-alive'}
[2026-09-11 22:03:31] Upload failed 404: requested=https://forums.greaterthangames.com/uploads/default/optimized/2X/c/cfaef2bbd864a6af53353b9af2d34dcdf2c90001_2_347x500.png, final=https://forums.greaterthangames.com/uploads/default/optimized/2X/c/cfaef2bbd864a6af53353b9af2d34dcdf2c90001_2_347x500.png,
[2026-09-11 22:03:31] Response headers: {'Server': 'nginx', 'Date': 'Fri, 11 Sep 2026 22:03:31 GMT', 'Content-Type': 'text/html', 'Content-Length': '548', 'Connection': 'keep-alive'}
[2026-09-11 22:03:33] Upload failed 404: requested=https://forums.greaterthangames.com/uploads/default/optimized/2X/d/d04d419e311d2e52666d7e5bdc80d94abcf22e6f_2_347x500.png, final=https://forums.greaterthangames.com/uploads/default/optimized/2X/d/d04d419e311d2e52666d7e5bdc80d94abcf22e6f_2_347x500.png,
[2026-09-11 22:03:33] Response headers: {'Server': 'nginx', 'Date': 'Fri, 11 Sep 2026 22:03:33 GMT', 'Content-Type': 'text/html', 'Content-Length': '548', 'Connection': 'keep-alive'}
[2026-09-11 22:03:37] Upload failed 404: requested=https://forums.greaterthangames.com/uploads/default/optimized/2X/d/d07bd249252f68acd0da782080fbd2aa13b75a70_2_312x500.png, final=https://forums.greaterthangames.com/uploads/default/optimized/2X/d/d07bd249252f68acd0da782080fbd2aa13b75a70_2_312x500.png,
[2026-09-11 22:03:37] Response headers: {'Server': 'nginx', 'Date': 'Fri, 11 Sep 2026 22:03:37 GMT', 'Content-Type': 'text/html', 'Content-Length': '548', 'Connection': 'keep-alive'}
[2026-09-11 22:03:41] Upload failed 404: requested=https://forums.greaterthangames.com/uploads/default/optimized/2X/d/d0d92fd66682c1c589b56ac280549c492c11ab1d_2_347x500.png, final=https://forums.greaterthangames.com/uploads/default/optimized/2X/d/d0d92fd66682c1c589b56ac280549c492c11ab1d_2_347x500.png,
[2026-09-11 22:03:41] Response headers: {'Server': 'nginx', 'Date': 'Fri, 11 Sep 2026 22:03:41 GMT', 'Content-Type': 'text/html', 'Content-Length': '548', 'Connection': 'keep-alive'}
[2026-09-11 22:03:44] Upload failed 404: requested=https://forums.greaterthangames.com/uploads/default/optimized/2X/d/d29b73b57ede69b2c54602a9d02e7fa52ebad787_2_347x500.png, final=https://forums.greaterthangames.com/uploads/default/optimized/2X/d/d29b73b57ede69b2c54602a9d02e7fa52ebad787_2_347x500.png,
[2026-09-11 22:03:44] Response headers: {'Server': 'nginx', 'Date': 'Fri, 11 Sep 2026 22:03:44 GMT', 'Content-Type': 'text/html', 'Content-Length': '548', 'Connection': 'keep-alive'}
[2026-09-11 22:03:46] Upload failed 404: requested=https://forums.greaterthangames.com/uploads/default/optimized/2X/d/d2b67c83833790082a5f20d922f9367098ee10a2_2_347x500.png, final=https://forums.greaterthangames.com/uploads/default/optimized/2X/d/d2b67c83833790082a5f20d922f9367098ee10a2_2_347x500.png,
[2026-09-11 22:03:46] Response headers: {'Server': 'nginx', 'Date': 'Fri, 11 Sep 2026 22:03:46 GMT', 'Content-Type': 'text/html', 'Content-Length': '548', 'Connection': 'keep-alive'}
[2026-09-11 22:03:48] Upload failed 404: requested=https://forums.greaterthangames.com/uploads/default/optimized/2X/d/d5d9563563b74d2451f967f04d02eb944e4c954f_2_347x500.png, final=https://forums.greaterthangames.com/uploads/default/optimized/2X/d/d5d9563563b74d2451f967f04d02eb944e4c954f_2_347x500.png,
[2026-09-11 22:03:48] Response headers: {'Server': 'nginx', 'Date': 'Fri, 11 Sep 2026 22:03:48 GMT', 'Content-Type': 'text/html', 'Content-Length': '548', 'Connection': 'keep-alive'}
[2026-09-11 22:03:51] Upload failed 404: requested=https://forums.greaterthangames.com/uploads/default/optimized/2X/d/d63fee1eeb827066ac0a0646bb0a19c2de0319c5_2_308x499.png, final=https://forums.greaterthangames.com/uploads/default/optimized/2X/d/d63fee1eeb827066ac0a0646bb0a19c2de0319c5_2_308x499.png,
[2026-09-11 22:03:51] Response headers: {'Server': 'nginx', 'Date': 'Fri, 11 Sep 2026 22:03:51 GMT', 'Content-Type': 'text/html', 'Content-Length': '548', 'Connection': 'keep-alive'}
[2026-09-11 22:03:56] Upload failed 404: requested=https://forums.greaterthangames.com/uploads/default/optimized/2X/d/d6c7baffbd14ffa5923b07158311a7ea8dfc81fd_2_272x500.png, final=https://forums.greaterthangames.com/uploads/default/optimized/2X/d/d6c7baffbd14ffa5923b07158311a7ea8dfc81fd_2_272x500.png,
[2026-09-11 22:03:56] Response headers: {'Server': 'nginx', 'Date': 'Fri, 11 Sep 2026 22:03:55 GMT', 'Content-Type': 'text/html', 'Content-Length': '548', 'Connection': 'keep-alive'}
[2026-09-11 22:03:58] Upload failed 404: requested=https://forums.greaterthangames.com/uploads/default/optimized/2X/d/d71a8b6c91243eaa295601fe7fc189d6947857c9_2_347x500.png, final=https://forums.greaterthangames.com/uploads/default/optimized/2X/d/d71a8b6c91243eaa295601fe7fc189d6947857c9_2_347x500.png,
[2026-09-11 22:03:58] Response headers: {'Server': 'nginx', 'Date': 'Fri, 11 Sep 2026 22:03:58 GMT', 'Content-Type': 'text/html', 'Content-Length': '548', 'Connection': 'keep-alive'}
[2026-09-11 22:04:01] Upload failed 404: requested=https://forums.greaterthangames.com/uploads/default/optimized/2X/d/d756a95592b9c52d6e9838cdf2bfd07e55f34078_2_347x500.png, final=https://forums.greaterthangames.com/uploads/default/optimized/2X/d/d756a95592b9c52d6e9838cdf2bfd07e55f34078_2_347x500.png,
[2026-09-11 22:04:01] Response headers: {'Server': 'nginx', 'Date': 'Fri, 11 Sep 2026 22:04:01 GMT', 'Content-Type': 'text/html', 'Content-Length': '548', 'Connection': 'keep-alive'}
[2026-09-11 22:04:03] Upload failed 404: requested=https://forums.greaterthangames.com/uploads/default/optimized/2X/d/d79359ffb3adbf30abb362b7449f1ecc394d23cb_2_347x500.png, final=https://forums.greaterthangames.com/uploads/default/optimized/2X/d/d79359ffb3adbf30abb362b7449f1ecc394d23cb_2_347x500.png,
[2026-09-11 22:04:03] Response headers: {'Server': 'nginx', 'Date': 'Fri, 11 Sep 2026 22:04:03 GMT', 'Content-Type': 'text/html', 'Content-Length': '548', 'Connection': 'keep-alive'}
[2026-09-11 22:04:06] Upload failed 404: requested=https://forums.greaterthangames.com/uploads/default/optimized/2X/d/d8f0f4414ff27884f41b4a3970f479673e49d966_2_312x500.png, final=https://forums.greaterthangames.com/uploads/default/optimized/2X/d/d8f0f4414ff27884f41b4a3970f479673e49d966_2_312x500.png,
[2026-09-11 22:04:06] Response headers: {'Server': 'nginx', 'Date': 'Fri, 11 Sep 2026 22:04:06 GMT', 'Content-Type': 'text/html', 'Content-Length': '548', 'Connection': 'keep-alive'}
[2026-09-11 22:04:10] Upload failed 404: requested=https://forums.greaterthangames.com/uploads/default/optimized/2X/d/d97efe2b15238c6a44a9209876d3ad2de5e56b8f_2_312x500.png, final=https://forums.greaterthangames.com/uploads/default/optimized/2X/d/d97efe2b15238c6a44a9209876d3ad2de5e56b8f_2_312x500.png,
[2026-09-11 22:04:10] Response headers: {'Server': 'nginx', 'Date': 'Fri, 11 Sep 2026 22:04:10 GMT', 'Content-Type': 'text/html', 'Content-Length': '548', 'Connection': 'keep-alive'}
[2026-09-11 22:04:14] Upload failed 404: requested=https://forums.greaterthangames.com/uploads/default/optimized/2X/d/da18562f756f8e658a8fc28fcf76fcd36f35ca53_2_347x500.png, final=https://forums.greaterthangames.com/uploads/default/optimized/2X/d/da18562f756f8e658a8fc28fcf76fcd36f35ca53_2_347x500.png,
[2026-09-11 22:04:14] Response headers: {'Server': 'nginx', 'Date': 'Fri, 11 Sep 2026 22:04:14 GMT', 'Content-Type': 'text/html', 'Content-Length': '548', 'Connection': 'keep-alive'}
[2026-09-11 22:04:17] Upload failed 404: requested=https://forums.greaterthangames.com/uploads/default/optimized/2X/d/dbe144b6e1a220aea7ba89e341c212a838158b5f_2_347x500.png, final=https://forums.greaterthangames.com/uploads/default/optimized/2X/d/dbe144b6e1a220aea7ba89e341c212a838158b5f_2_347x500.png,
[2026-09-11 22:04:17] Response headers: {'Server': 'nginx', 'Date': 'Fri, 11 Sep 2026 22:04:17 GMT', 'Content-Type': 'text/html', 'Content-Length': '548', 'Connection': 'keep-alive'}
[2026-09-11 22:04:20] Upload failed 404: requested=https://forums.greaterthangames.com/uploads/default/optimized/2X/d/dbe996e830f8a733c3c95ea11a1e0ee836d279f8_2_312x500.png, final=https://forums.greaterthangames.com/uploads/default/optimized/2X/d/dbe996e830f8a733c3c95ea11a1e0ee836d279f8_2_312x500.png,
[2026-09-11 22:04:20] Response headers: {'Server': 'nginx', 'Date': 'Fri, 11 Sep 2026 22:04:20 GMT', 'Content-Type': 'text/html', 'Content-Length': '548', 'Connection': 'keep-alive'}
[2026-09-11 22:04:24] Upload failed 404: requested=https://forums.greaterthangames.com/uploads/default/optimized/2X/d/dedcb649dd61e2e331da7a9b98bc76ff05839bc9_2_312x500.png, final=https://forums.greaterthangames.com/uploads/default/optimized/2X/d/dedcb649dd61e2e331da7a9b98bc76ff05839bc9_2_312x500.png,
[2026-09-11 22:04:24] Response headers: {'Server': 'nginx', 'Date': 'Fri, 11 Sep 2026 22:04:24 GMT', 'Content-Type': 'text/html', 'Content-Length': '548', 'Connection': 'keep-alive'}
[2026-09-11 22:04:27] Upload failed 404: requested=https://forums.greaterthangames.com/uploads/default/optimized/2X/d/df1bd812563f8973c9951d9df916aae1ab813536_2_260x375.png, final=https://forums.greaterthangames.com/uploads/default/optimized/2X/d/df1bd812563f8973c9951d9df916aae1ab813536_2_260x375.png,
[2026-09-11 22:04:27] Response headers: {'Server': 'nginx', 'Date': 'Fri, 11 Sep 2026 22:04:27 GMT', 'Content-Type': 'text/html', 'Content-Length': '548', 'Connection': 'keep-alive'}
[2026-09-11 22:04:30] Upload failed 404: requested=https://forums.greaterthangames.com/uploads/default/optimized/2X/d/df6f706d7fe100159cc9561829d165656ba4859c_2_294x500.png, final=https://forums.greaterthangames.com/uploads/default/optimized/2X/d/df6f706d7fe100159cc9561829d165656ba4859c_2_294x500.png,
[2026-09-11 22:04:30] Response headers: {'Server': 'nginx', 'Date': 'Fri, 11 Sep 2026 22:04:30 GMT', 'Content-Type': 'text/html', 'Content-Length': '548', 'Connection': 'keep-alive'}
[2026-09-11 22:04:34] Upload failed 404: requested=https://forums.greaterthangames.com/uploads/default/optimized/2X/e/e12fd9a21300df74dc37820bcf7391310c80d78a_2_347x500.png, final=https://forums.greaterthangames.com/uploads/default/optimized/2X/e/e12fd9a21300df74dc37820bcf7391310c80d78a_2_347x500.png,
[2026-09-11 22:04:34] Response headers: {'Server': 'nginx', 'Date': 'Fri, 11 Sep 2026 22:04:34 GMT', 'Content-Type': 'text/html', 'Content-Length': '548', 'Connection': 'keep-alive'}
[2026-09-11 22:04:37] Upload failed 404: requested=https://forums.greaterthangames.com/uploads/default/optimized/2X/e/e1654ab6435f28d3fe688a23d41d5e872c0cee94_2_347x500.png, final=https://forums.greaterthangames.com/uploads/default/optimized/2X/e/e1654ab6435f28d3fe688a23d41d5e872c0cee94_2_347x500.png,
[2026-09-11 22:04:37] Response headers: {'Server': 'nginx', 'Date': 'Fri, 11 Sep 2026 22:04:37 GMT', 'Content-Type': 'text/html', 'Content-Length': '548', 'Connection': 'keep-alive'}
[2026-09-11 22:04:40] Upload failed 404: requested=https://forums.greaterthangames.com/uploads/default/optimized/2X/e/e180a8504a5cb6d2a9796ad6fb7e0d2720277838_2_347x500.png, final=https://forums.greaterthangames.com/uploads/default/optimized/2X/e/e180a8504a5cb6d2a9796ad6fb7e0d2720277838_2_347x500.png,
[2026-09-11 22:04:40] Response headers: {'Server': 'nginx', 'Date': 'Fri, 11 Sep 2026 22:04:40 GMT', 'Content-Type': 'text/html', 'Content-Length': '548', 'Connection': 'keep-alive'}
[2026-09-11 22:04:43] Upload failed 404: requested=https://forums.greaterthangames.com/uploads/default/optimized/2X/e/e22f5fd2d8565e9f9aa1fe34c8fd61a44bb9fdfc_2_347x500.png, final=https://forums.greaterthangames.com/uploads/default/optimized/2X/e/e22f5fd2d8565e9f9aa1fe34c8fd61a44bb9fdfc_2_347x500.png,
[2026-09-11 22:04:43] Response headers: {'Server': 'nginx', 'Date': 'Fri, 11 Sep 2026 22:04:43 GMT', 'Content-Type': 'text/html', 'Content-Length': '548', 'Connection': 'keep-alive'}
[2026-09-11 22:04:45] Upload failed 404: requested=https://forums.greaterthangames.com/uploads/default/optimized/2X/e/e25ab5c945d5cfb5744165e673b9a2f0071ddce4_2_347x500.png, final=https://forums.greaterthangames.com/uploads/default/optimized/2X/e/e25ab5c945d5cfb5744165e673b9a2f0071ddce4_2_347x500.png,
[2026-09-11 22:04:45] Response headers: {'Server': 'nginx', 'Date': 'Fri, 11 Sep 2026 22:04:45 GMT', 'Content-Type': 'text/html', 'Content-Length': '548', 'Connection': 'keep-alive'}
[2026-09-11 22:04:48] Upload failed 404: requested=https://forums.greaterthangames.com/uploads/default/optimized/2X/e/e282a850bc718c9ba8c0943491e3d868c1b35c38_2_312x500.png, final=https://forums.greaterthangames.com/uploads/default/optimized/2X/e/e282a850bc718c9ba8c0943491e3d868c1b35c38_2_312x500.png,
[2026-09-11 22:04:48] Response headers: {'Server': 'nginx', 'Date': 'Fri, 11 Sep 2026 22:04:48 GMT', 'Content-Type': 'text/html', 'Content-Length': '548', 'Connection': 'keep-alive'}
[2026-09-11 22:04:52] Upload failed 404: requested=https://forums.greaterthangames.com/uploads/default/optimized/2X/e/e4fa5de168b099a553a8faf36ab5fc0b7d6978f6_2_347x500.png, final=https://forums.greaterthangames.com/uploads/default/optimized/2X/e/e4fa5de168b099a553a8faf36ab5fc0b7d6978f6_2_347x500.png,
[2026-09-11 22:04:52] Response headers: {'Server': 'nginx', 'Date': 'Fri, 11 Sep 2026 22:04:52 GMT', 'Content-Type': 'text/html', 'Content-Length': '548', 'Connection': 'keep-alive'}
[2026-09-11 22:04:54] Upload failed 404: requested=https://forums.greaterthangames.com/uploads/default/optimized/2X/e/e5ff14d1b27604acc8d47c99efe0c0ea5ea6820e_2_260x375.png, final=https://forums.greaterthangames.com/uploads/default/optimized/2X/e/e5ff14d1b27604acc8d47c99efe0c0ea5ea6820e_2_260x375.png,
[2026-09-11 22:04:54] Response headers: {'Server': 'nginx', 'Date': 'Fri, 11 Sep 2026 22:04:54 GMT', 'Content-Type': 'text/html', 'Content-Length': '548', 'Connection': 'keep-alive'}
[2026-09-11 22:04:58] Upload failed 404: requested=https://forums.greaterthangames.com/uploads/default/optimized/2X/e/e7ac063332d8ed23d8d6aea202035bef811b963d_2_347x500.png, final=https://forums.greaterthangames.com/uploads/default/optimized/2X/e/e7ac063332d8ed23d8d6aea202035bef811b963d_2_347x500.png,
[2026-09-11 22:04:58] Response headers: {'Server': 'nginx', 'Date': 'Fri, 11 Sep 2026 22:04:58 GMT', 'Content-Type': 'text/html', 'Content-Length': '548', 'Connection': 'keep-alive'}
[2026-09-11 22:05:01] Upload failed 404: requested=https://forums.greaterthangames.com/uploads/default/optimized/2X/e/e7df41d189cc46c8b9fdc1c3da638bcffa00e82f_2_347x500.png, final=https://forums.greaterthangames.com/uploads/default/optimized/2X/e/e7df41d189cc46c8b9fdc1c3da638bcffa00e82f_2_347x500.png,
[2026-09-11 22:05:01] Response headers: {'Server': 'nginx', 'Date': 'Fri, 11 Sep 2026 22:05:01 GMT', 'Content-Type': 'text/html', 'Content-Length': '548', 'Connection': 'keep-alive'}
[2026-09-11 22:05:04] Upload failed 404: requested=https://forums.greaterthangames.com/uploads/default/optimized/2X/e/e83bbd9ab7a3ab85c75cd3cced1146509f39dd37_2_456x500.png, final=https://forums.greaterthangames.com/uploads/default/optimized/2X/e/e83bbd9ab7a3ab85c75cd3cced1146509f39dd37_2_456x500.png,
[2026-09-11 22:05:04] Response headers: {'Server': 'nginx', 'Date': 'Fri, 11 Sep 2026 22:05:04 GMT', 'Content-Type': 'text/html', 'Content-Length': '548', 'Connection': 'keep-alive'}
[2026-09-11 22:05:07] Upload failed 404: requested=https://forums.greaterthangames.com/uploads/default/optimized/2X/e/e859d79aea7bf4c33984f3f789b206f48b4cbc2f_2_347x500.png, final=https://forums.greaterthangames.com/uploads/default/optimized/2X/e/e859d79aea7bf4c33984f3f789b206f48b4cbc2f_2_347x500.png,
[2026-09-11 22:05:07] Response headers: {'Server': 'nginx', 'Date': 'Fri, 11 Sep 2026 22:05:07 GMT', 'Content-Type': 'text/html', 'Content-Length': '548', 'Connection': 'keep-alive'}
[2026-09-11 22:05:10] Upload failed 404: requested=https://forums.greaterthangames.com/uploads/default/optimized/2X/e/e88d4d647132557e5f8d3283b559923413ad6715_2_347x500.png, final=https://forums.greaterthangames.com/uploads/default/optimized/2X/e/e88d4d647132557e5f8d3283b559923413ad6715_2_347x500.png,
[2026-09-11 22:05:10] Response headers: {'Server': 'nginx', 'Date': 'Fri, 11 Sep 2026 22:05:10 GMT', 'Content-Type': 'text/html', 'Content-Length': '548', 'Connection': 'keep-alive'}
[2026-09-11 22:05:12] Upload failed 404: requested=https://forums.greaterthangames.com/uploads/default/optimized/2X/e/eb0573f2d40268182392514cc0eef765ccd16016_2_348x499.png, final=https://forums.greaterthangames.com/uploads/default/optimized/2X/e/eb0573f2d40268182392514cc0eef765ccd16016_2_348x499.png,
[2026-09-11 22:05:12] Response headers: {'Server': 'nginx', 'Date': 'Fri, 11 Sep 2026 22:05:12 GMT', 'Content-Type': 'text/html', 'Content-Length': '548', 'Connection': 'keep-alive'}
[2026-09-11 22:05:15] Upload failed 404: requested=https://forums.greaterthangames.com/uploads/default/optimized/2X/e/eb2139f77c24efa9be1db0085aac56a29960a647_2_312x500.png, final=https://forums.greaterthangames.com/uploads/default/optimized/2X/e/eb2139f77c24efa9be1db0085aac56a29960a647_2_312x500.png,
[2026-09-11 22:05:15] Response headers: {'Server': 'nginx', 'Date': 'Fri, 11 Sep 2026 22:05:15 GMT', 'Content-Type': 'text/html', 'Content-Length': '548', 'Connection': 'keep-alive'}
[2026-09-11 22:05:18] Upload failed 404: requested=https://forums.greaterthangames.com/uploads/default/optimized/2X/e/eb63f8b12402c4d9bd9a26f36644946c99e32779_2_347x500.png, final=https://forums.greaterthangames.com/uploads/default/optimized/2X/e/eb63f8b12402c4d9bd9a26f36644946c99e32779_2_347x500.png,
[2026-09-11 22:05:18] Response headers: {'Server': 'nginx', 'Date': 'Fri, 11 Sep 2026 22:05:18 GMT', 'Content-Type': 'text/html', 'Content-Length': '548', 'Connection': 'keep-alive'}
[2026-09-11 22:05:22] Upload failed 404: requested=https://forums.greaterthangames.com/uploads/default/optimized/2X/e/eba31b060c2942900f2e1482ead37834853003e7_2_347x500.png, final=https://forums.greaterthangames.com/uploads/default/optimized/2X/e/eba31b060c2942900f2e1482ead37834853003e7_2_347x500.png,
[2026-09-11 22:05:22] Response headers: {'Server': 'nginx', 'Date': 'Fri, 11 Sep 2026 22:05:22 GMT', 'Content-Type': 'text/html', 'Content-Length': '548', 'Connection': 'keep-alive'}
[2026-09-11 22:05:25] Upload failed 404: requested=https://forums.greaterthangames.com/uploads/default/optimized/2X/e/ecd9ad336c9d83cbdba1c84e2176dec6ab4b3249_2_347x500.png, final=https://forums.greaterthangames.com/uploads/default/optimized/2X/e/ecd9ad336c9d83cbdba1c84e2176dec6ab4b3249_2_347x500.png,
[2026-09-11 22:05:25] Response headers: {'Server': 'nginx', 'Date': 'Fri, 11 Sep 2026 22:05:25 GMT', 'Content-Type': 'text/html', 'Content-Length': '548', 'Connection': 'keep-alive'}
[2026-09-11 22:05:27] Upload failed 404: requested=https://forums.greaterthangames.com/uploads/default/optimized/2X/e/ed41c889c953df8450363580343179f4c7731c55_2_347x500.png, final=https://forums.greaterthangames.com/uploads/default/optimized/2X/e/ed41c889c953df8450363580343179f4c7731c55_2_347x500.png,
[2026-09-11 22:05:27] Response headers: {'Server': 'nginx', 'Date': 'Fri, 11 Sep 2026 22:05:27 GMT', 'Content-Type': 'text/html', 'Content-Length': '548', 'Connection': 'keep-alive'}
[2026-09-11 22:05:29] Upload failed 404: requested=https://forums.greaterthangames.com/uploads/default/optimized/2X/e/ed95ee09c4180e29de92e4df6d9c5cb373ee4af9_2_347x500.png, final=https://forums.greaterthangames.com/uploads/default/optimized/2X/e/ed95ee09c4180e29de92e4df6d9c5cb373ee4af9_2_347x500.png,
[2026-09-11 22:05:29] Response headers: {'Server': 'nginx', 'Date': 'Fri, 11 Sep 2026 22:05:29 GMT', 'Content-Type': 'text/html', 'Content-Length': '548', 'Connection': 'keep-alive'}
[2026-09-11 22:05:32] Upload failed 404: requested=https://forums.greaterthangames.com/uploads/default/optimized/2X/e/ee89d20470b3f105f49c92dc8e2ad555b94bc98d_2_347x500.png, final=https://forums.greaterthangames.com/uploads/default/optimized/2X/e/ee89d20470b3f105f49c92dc8e2ad555b94bc98d_2_347x500.png,
[2026-09-11 22:05:32] Response headers: {'Server': 'nginx', 'Date': 'Fri, 11 Sep 2026 22:05:32 GMT', 'Content-Type': 'text/html', 'Content-Length': '548', 'Connection': 'keep-alive'}
[2026-09-11 22:05:35] Upload failed 404: requested=https://forums.greaterthangames.com/uploads/default/optimized/2X/e/efb69c37c752f2d14c627131589baf20d44631ab_2_312x500.png, final=https://forums.greaterthangames.com/uploads/default/optimized/2X/e/efb69c37c752f2d14c627131589baf20d44631ab_2_312x500.png,
[2026-09-11 22:05:35] Response headers: {'Server': 'nginx', 'Date': 'Fri, 11 Sep 2026 22:05:35 GMT', 'Content-Type': 'text/html', 'Content-Length': '548', 'Connection': 'keep-alive'}
[2026-09-11 22:05:38] Upload failed 404: requested=https://forums.greaterthangames.com/uploads/default/optimized/2X/e/eff27a15a1844372365211515a0b9e2beae13ff5_2_347x500.png, final=https://forums.greaterthangames.com/uploads/default/optimized/2X/e/eff27a15a1844372365211515a0b9e2beae13ff5_2_347x500.png,
[2026-09-11 22:05:38] Response headers: {'Server': 'nginx', 'Date': 'Fri, 11 Sep 2026 22:05:38 GMT', 'Content-Type': 'text/html', 'Content-Length': '548', 'Connection': 'keep-alive'}
[2026-09-11 22:05:42] Upload failed 404: requested=https://forums.greaterthangames.com/uploads/default/optimized/2X/f/f0f280e36f47ffcd63c8073267db4d4c0ce13386_2_312x500.png, final=https://forums.greaterthangames.com/uploads/default/optimized/2X/f/f0f280e36f47ffcd63c8073267db4d4c0ce13386_2_312x500.png,
[2026-09-11 22:05:42] Response headers: {'Server': 'nginx', 'Date': 'Fri, 11 Sep 2026 22:05:42 GMT', 'Content-Type': 'text/html', 'Content-Length': '548', 'Connection': 'keep-alive'}
[2026-09-11 22:05:46] Upload failed 404: requested=https://forums.greaterthangames.com/uploads/default/optimized/2X/f/f10ce233f6e1efa231aa53483b87254051cab1c1_2_347x500.png, final=https://forums.greaterthangames.com/uploads/default/optimized/2X/f/f10ce233f6e1efa231aa53483b87254051cab1c1_2_347x500.png,
[2026-09-11 22:05:46] Response headers: {'Server': 'nginx', 'Date': 'Fri, 11 Sep 2026 22:05:46 GMT', 'Content-Type': 'text/html', 'Content-Length': '548', 'Connection': 'keep-alive'}
[2026-09-11 22:05:48] Upload failed 404: requested=https://forums.greaterthangames.com/uploads/default/optimized/2X/f/f24fb1902a0dd2ebb2d18d2c34f1b725555b353a_2_347x500.png, final=https://forums.greaterthangames.com/uploads/default/optimized/2X/f/f24fb1902a0dd2ebb2d18d2c34f1b725555b353a_2_347x500.png,
[2026-09-11 22:05:48] Response headers: {'Server': 'nginx', 'Date': 'Fri, 11 Sep 2026 22:05:48 GMT', 'Content-Type': 'text/html', 'Content-Length': '548', 'Connection': 'keep-alive'}
[2026-09-11 22:05:50] Upload failed 404: requested=https://forums.greaterthangames.com/uploads/default/optimized/2X/f/f4bd43d6da7961a51aa1883022f02cb93794de3c_2_347x500.png, final=https://forums.greaterthangames.com/uploads/default/optimized/2X/f/f4bd43d6da7961a51aa1883022f02cb93794de3c_2_347x500.png,
[2026-09-11 22:05:50] Response headers: {'Server': 'nginx', 'Date': 'Fri, 11 Sep 2026 22:05:50 GMT', 'Content-Type': 'text/html', 'Content-Length': '548', 'Connection': 'keep-alive'}
[2026-09-11 22:05:53] Upload failed 404: requested=https://forums.greaterthangames.com/uploads/default/optimized/2X/f/f6ad34ff686a584a1f8e1dbe8e87ac43ac6eb67c_2_347x500.png, final=https://forums.greaterthangames.com/uploads/default/optimized/2X/f/f6ad34ff686a584a1f8e1dbe8e87ac43ac6eb67c_2_347x500.png,
[2026-09-11 22:05:53] Response headers: {'Server': 'nginx', 'Date': 'Fri, 11 Sep 2026 22:05:53 GMT', 'Content-Type': 'text/html', 'Content-Length': '548', 'Connection': 'keep-alive'}
[2026-09-11 22:05:55] Upload failed 404: requested=https://forums.greaterthangames.com/uploads/default/optimized/2X/f/f7d4831f9ebcd70f4f4e4310954b326ca5087f14_2_347x500.png, final=https://forums.greaterthangames.com/uploads/default/optimized/2X/f/f7d4831f9ebcd70f4f4e4310954b326ca5087f14_2_347x500.png,
[2026-09-11 22:05:55] Response headers: {'Server': 'nginx', 'Date': 'Fri, 11 Sep 2026 22:05:55 GMT', 'Content-Type': 'text/html', 'Content-Length': '548', 'Connection': 'keep-alive'}
[2026-09-11 22:05:58] Upload failed 404: requested=https://forums.greaterthangames.com/uploads/default/optimized/2X/f/f941e3aad3ce2f4d6892f7b7546133ad1418a0e5_2_347x500.png, final=https://forums.greaterthangames.com/uploads/default/optimized/2X/f/f941e3aad3ce2f4d6892f7b7546133ad1418a0e5_2_347x500.png,
[2026-09-11 22:05:58] Response headers: {'Server': 'nginx', 'Date': 'Fri, 11 Sep 2026 22:05:58 GMT', 'Content-Type': 'text/html', 'Content-Length': '548', 'Connection': 'keep-alive'}
[2026-09-11 22:06:02] Upload failed 404: requested=https://forums.greaterthangames.com/uploads/default/optimized/2X/f/f968488f5200d8e2d6f6f9c5fb3258253738b89a_2_302x499.png, final=https://forums.greaterthangames.com/uploads/default/optimized/2X/f/f968488f5200d8e2d6f6f9c5fb3258253738b89a_2_302x499.png,
[2026-09-11 22:06:02] Response headers: {'Server': 'nginx', 'Date': 'Fri, 11 Sep 2026 22:06:02 GMT', 'Content-Type': 'text/html', 'Content-Length': '548', 'Connection': 'keep-alive'}
[2026-09-11 22:06:05] Upload failed 404: requested=https://forums.greaterthangames.com/uploads/default/optimized/2X/f/f9ef5819dba86a07d294128908ab7c0f9d134653_2_347x500.png, final=https://forums.greaterthangames.com/uploads/default/optimized/2X/f/f9ef5819dba86a07d294128908ab7c0f9d134653_2_347x500.png,
[2026-09-11 22:06:05] Response headers: {'Server': 'nginx', 'Date': 'Fri, 11 Sep 2026 22:06:05 GMT', 'Content-Type': 'text/html', 'Content-Length': '548', 'Connection': 'keep-alive'}
[2026-09-11 22:06:07] Upload failed 404: requested=https://forums.greaterthangames.com/uploads/default/optimized/2X/f/faca8669d3b7f55fc32c6d56348e7125d8dcdd61_2_348x500.png, final=https://forums.greaterthangames.com/uploads/default/optimized/2X/f/faca8669d3b7f55fc32c6d56348e7125d8dcdd61_2_348x500.png,
[2026-09-11 22:06:07] Response headers: {'Server': 'nginx', 'Date': 'Fri, 11 Sep 2026 22:06:07 GMT', 'Content-Type': 'text/html', 'Content-Length': '548', 'Connection': 'keep-alive'}
[2026-09-11 22:06:09] Upload failed 404: requested=https://forums.greaterthangames.com/uploads/default/optimized/2X/f/faf6ab8a85adb0ae5e7d8b17f54a996621a45a69_2_347x500.png, final=https://forums.greaterthangames.com/uploads/default/optimized/2X/f/faf6ab8a85adb0ae5e7d8b17f54a996621a45a69_2_347x500.png,
[2026-09-11 22:06:09] Response headers: {'Server': 'nginx', 'Date': 'Fri, 11 Sep 2026 22:06:09 GMT', 'Content-Type': 'text/html', 'Content-Length': '548', 'Connection': 'keep-alive'}
[2026-09-11 22:06:12] Upload failed 404: requested=https://forums.greaterthangames.com/uploads/default/optimized/2X/f/fb55aec49ee227bbf911ca5fcc0cb21a403316e3_2_347x500.png, final=https://forums.greaterthangames.com/uploads/default/optimized/2X/f/fb55aec49ee227bbf911ca5fcc0cb21a403316e3_2_347x500.png,
[2026-09-11 22:06:12] Response headers: {'Server': 'nginx', 'Date': 'Fri, 11 Sep 2026 22:06:12 GMT', 'Content-Type': 'text/html', 'Content-Length': '548', 'Connection': 'keep-alive'}
[2026-09-11 22:06:14] Upload failed 404: requested=https://forums.greaterthangames.com/uploads/default/optimized/2X/f/fb70375b78fe6b99e0fbf581bbce1e8c4b212c44_2_335x500.png, final=https://forums.greaterthangames.com/uploads/default/optimized/2X/f/fb70375b78fe6b99e0fbf581bbce1e8c4b212c44_2_335x500.png,
[2026-09-11 22:06:14] Response headers: {'Server': 'nginx', 'Date': 'Fri, 11 Sep 2026 22:06:14 GMT', 'Content-Type': 'text/html', 'Content-Length': '548', 'Connection': 'keep-alive'}
[2026-09-11 22:06:17] Upload failed 404: requested=https://forums.greaterthangames.com/uploads/default/optimized/2X/f/fb7e4c0a776967865fd94f48a19a0704b535646e_2_347x500.png, final=https://forums.greaterthangames.com/uploads/default/optimized/2X/f/fb7e4c0a776967865fd94f48a19a0704b535646e_2_347x500.png,
[2026-09-11 22:06:17] Response headers: {'Server': 'nginx', 'Date': 'Fri, 11 Sep 2026 22:06:17 GMT', 'Content-Type': 'text/html', 'Content-Length': '548', 'Connection': 'keep-alive'}
[2026-09-11 22:06:21] Upload failed 404: requested=https://forums.greaterthangames.com/uploads/default/optimized/2X/f/fd2d53c7dd426029939f69ed5f4fedda36901beb_2_347x500.png, final=https://forums.greaterthangames.com/uploads/default/optimized/2X/f/fd2d53c7dd426029939f69ed5f4fedda36901beb_2_347x500.png,
[2026-09-11 22:06:21] Response headers: {'Server': 'nginx', 'Date': 'Fri, 11 Sep 2026 22:06:21 GMT', 'Content-Type': 'text/html', 'Content-Length': '548', 'Connection': 'keep-alive'}
[2026-09-11 22:06:24] Upload failed 404: requested=https://forums.greaterthangames.com/uploads/default/optimized/2X/f/fd5e2d9fdf04096d9e92653c17006f19f57ef0b1_2_347x500.png, final=https://forums.greaterthangames.com/uploads/default/optimized/2X/f/fd5e2d9fdf04096d9e92653c17006f19f57ef0b1_2_347x500.png,
[2026-09-11 22:06:24] Response headers: {'Server': 'nginx', 'Date': 'Fri, 11 Sep 2026 22:06:24 GMT', 'Content-Type': 'text/html', 'Content-Length': '548', 'Connection': 'keep-alive'}
[2026-09-11 22:06:26] Upload failed 404: requested=https://forums.greaterthangames.com/uploads/default/optimized/2X/f/fd67133a09adffe6866ec32bdb9301ba805293bc_2_347x500.png, final=https://forums.greaterthangames.com/uploads/default/optimized/2X/f/fd67133a09adffe6866ec32bdb9301ba805293bc_2_347x500.png,
[2026-09-11 22:06:26] Response headers: {'Server': 'nginx', 'Date': 'Fri, 11 Sep 2026 22:06:26 GMT', 'Content-Type': 'text/html', 'Content-Length': '548', 'Connection': 'keep-alive'}
[2026-09-11 22:06:28] Upload failed 404: requested=https://forums.greaterthangames.com/uploads/default/optimized/2X/f/fe2c6c059de117ffa99c49c967519210ac324a9f_2_347x500.png, final=https://forums.greaterthangames.com/uploads/default/optimized/2X/f/fe2c6c059de117ffa99c49c967519210ac324a9f_2_347x500.png,
[2026-09-11 22:06:28] Response headers: {'Server': 'nginx', 'Date': 'Fri, 11 Sep 2026 22:06:28 GMT', 'Content-Type': 'text/html', 'Content-Length': '548', 'Connection': 'keep-alive'}
[2026-09-11 22:06:30] Upload failed 404: requested=https://forums.greaterthangames.com/uploads/default/optimized/2X/f/fe477a333407bad0d3edbef6e78f16616b627272_2_260x375.png, final=https://forums.greaterthangames.com/uploads/default/optimized/2X/f/fe477a333407bad0d3edbef6e78f16616b627272_2_260x375.png,
[2026-09-11 22:06:30] Response headers: {'Server': 'nginx', 'Date': 'Fri, 11 Sep 2026 22:06:30 GMT', 'Content-Type': 'text/html', 'Content-Length': '548', 'Connection': 'keep-alive'}
[2026-09-11 22:06:33] Upload failed 404: requested=https://forums.greaterthangames.com/uploads/default/optimized/2X/f/fe6d3704861ab301ff14944baf66bf6bd75dfb07_2_347x500.png, final=https://forums.greaterthangames.com/uploads/default/optimized/2X/f/fe6d3704861ab301ff14944baf66bf6bd75dfb07_2_347x500.png,
[2026-09-11 22:06:33] Response headers: {'Server': 'nginx', 'Date': 'Fri, 11 Sep 2026 22:06:33 GMT', 'Content-Type': 'text/html', 'Content-Length': '548', 'Connection': 'keep-alive'}
[2026-09-11 22:06:37] Upload failed 404: requested=https://forums.greaterthangames.com/uploads/default/optimized/2X/f/fe71f7bfeaf9f6c4f4f638cc7a34635097b0f242_2_347x500.png, final=https://forums.greaterthangames.com/uploads/default/optimized/2X/f/fe71f7bfeaf9f6c4f4f638cc7a34635097b0f242_2_347x500.png,
[2026-09-11 22:06:37] Response headers: {'Server': 'nginx', 'Date': 'Fri, 11 Sep 2026 22:06:37 GMT', 'Content-Type': 'text/html', 'Content-Length': '548', 'Connection': 'keep-alive'}
[2026-09-11 22:06:40] Upload failed 404: requested=https://forums.greaterthangames.com/uploads/default/optimized/2X/f/fed2edaf9221ea0489d0dcca3592a0b2b6a1146f_2_347x500.png, final=https://forums.greaterthangames.com/uploads/default/optimized/2X/f/fed2edaf9221ea0489d0dcca3592a0b2b6a1146f_2_347x500.png,
[2026-09-11 22:06:40] Response headers: {'Server': 'nginx', 'Date': 'Fri, 11 Sep 2026 22:06:40 GMT', 'Content-Type': 'text/html', 'Content-Length': '548', 'Connection': 'keep-alive'}
[2026-09-11 22:13:09] [14/2954] Fetching topic 30167
[2026-09-11 22:13:11] Topic 30167: downloading 68 uploads
[2026-09-11 22:13:26] Upload failed 404: requested=https://forums.greaterthangames.com/uploads/default/optimized/2X/0/03d4f9da2c913777dac3bd2488f8716233f8f5c6_2_666x500.jpeg, final=https://forums.greaterthangames.com/uploads/default/optimized/2X/0/03d4f9da2c913777dac3bd2488f8716233f8f5c6_2_666x500.jpeg,
[2026-09-11 22:13:26] Response headers: {'Server': 'nginx', 'Date': 'Fri, 11 Sep 2026 22:13:26 GMT', 'Content-Type': 'text/html', 'Content-Length': '548', 'Connection': 'keep-alive'}
[2026-09-11 22:13:32] Upload failed 404: requested=https://forums.greaterthangames.com/uploads/default/optimized/2X/0/0e7563d192a0c809f956486a09452be35f25886d_2_666x500.jpeg, final=https://forums.greaterthangames.com/uploads/default/optimized/2X/0/0e7563d192a0c809f956486a09452be35f25886d_2_666x500.jpeg,
[2026-09-11 22:13:32] Response headers: {'Server': 'nginx', 'Date': 'Fri, 11 Sep 2026 22:13:32 GMT', 'Content-Type': 'text/html', 'Content-Length': '548', 'Connection': 'keep-alive'}
[2026-09-11 22:13:35] Upload failed 404: requested=https://forums.greaterthangames.com/uploads/default/optimized/2X/1/1a74e9903fc5a88ec6d356f65d47df69bcf250b6_2_375x500.jpeg, final=https://forums.greaterthangames.com/uploads/default/optimized/2X/1/1a74e9903fc5a88ec6d356f65d47df69bcf250b6_2_375x500.jpeg,
[2026-09-11 22:13:35] Response headers: {'Server': 'nginx', 'Date': 'Fri, 11 Sep 2026 22:13:35 GMT', 'Content-Type': 'text/html', 'Content-Length': '548', 'Connection': 'keep-alive'}
[2026-09-11 22:13:39] Upload failed 404: requested=https://forums.greaterthangames.com/uploads/default/optimized/2X/2/203a9d93f8d33e0c6c8f9c03175a0703e5e7ca36_2_375x500.jpeg, final=https://forums.greaterthangames.com/uploads/default/optimized/2X/2/203a9d93f8d33e0c6c8f9c03175a0703e5e7ca36_2_375x500.jpeg,
[2026-09-11 22:13:39] Response headers: {'Server': 'nginx', 'Date': 'Fri, 11 Sep 2026 22:13:39 GMT', 'Content-Type': 'text/html', 'Content-Length': '548', 'Connection': 'keep-alive'}
[2026-09-11 22:13:45] Upload failed 404: requested=https://forums.greaterthangames.com/uploads/default/optimized/2X/2/2aae2737c221ba923f9556e00cb971b4f7b4ec0a_2_666x500.jpeg, final=https://forums.greaterthangames.com/uploads/default/optimized/2X/2/2aae2737c221ba923f9556e00cb971b4f7b4ec0a_2_666x500.jpeg,
[2026-09-11 22:13:45] Response headers: {'Server': 'nginx', 'Date': 'Fri, 11 Sep 2026 22:13:45 GMT', 'Content-Type': 'text/html', 'Content-Length': '548', 'Connection': 'keep-alive'}
[2026-09-11 22:13:50] Upload failed 404: requested=https://forums.greaterthangames.com/uploads/default/optimized/2X/4/4e2376d1e73bd8d1797dbf373cec8b54283690d9_2_666x500.jpeg, final=https://forums.greaterthangames.com/uploads/default/optimized/2X/4/4e2376d1e73bd8d1797dbf373cec8b54283690d9_2_666x500.jpeg,
[2026-09-11 22:13:50] Response headers: {'Server': 'nginx', 'Date': 'Fri, 11 Sep 2026 22:13:50 GMT', 'Content-Type': 'text/html', 'Content-Length': '548', 'Connection': 'keep-alive'}
[2026-09-11 22:13:53] Upload failed 404: requested=https://forums.greaterthangames.com/uploads/default/optimized/2X/7/77e2350faba1bef356683c01ad7cf8e6ef1ea3a6_2_344x78.jpeg, final=https://forums.greaterthangames.com/uploads/default/optimized/2X/7/77e2350faba1bef356683c01ad7cf8e6ef1ea3a6_2_344x78.jpeg,
[2026-09-11 22:13:53] Response headers: {'Server': 'nginx', 'Date': 'Fri, 11 Sep 2026 22:13:53 GMT', 'Content-Type': 'text/html', 'Content-Length': '548', 'Connection': 'keep-alive'}
[2026-09-11 22:13:59] Upload failed 404: requested=https://forums.greaterthangames.com/uploads/default/optimized/2X/8/86e080e22fdb3c3526e213fd6bcde1afcf3f6124_2_666x500.jpeg, final=https://forums.greaterthangames.com/uploads/default/optimized/2X/8/86e080e22fdb3c3526e213fd6bcde1afcf3f6124_2_666x500.jpeg,
[2026-09-11 22:13:59] Response headers: {'Server': 'nginx', 'Date': 'Fri, 11 Sep 2026 22:13:59 GMT', 'Content-Type': 'text/html', 'Content-Length': '548', 'Connection': 'keep-alive'}
[2026-09-11 22:14:02] Upload failed 404: requested=https://forums.greaterthangames.com/uploads/default/optimized/2X/c/c319aa697b14a60cda8a99fc0e0d0e11bc195d65_2_375x500.jpeg, final=https://forums.greaterthangames.com/uploads/default/optimized/2X/c/c319aa697b14a60cda8a99fc0e0d0e11bc195d65_2_375x500.jpeg,
[2026-09-11 22:14:02] Response headers: {'Server': 'nginx', 'Date': 'Fri, 11 Sep 2026 22:14:02 GMT', 'Content-Type': 'text/html', 'Content-Length': '548', 'Connection': 'keep-alive'}
[2026-09-11 22:14:20] [15/2954] Fetching topic 28258
[2026-09-11 22:14:21] Topic 28258: missing 8 posts; fetching in batches...
[2026-09-11 22:14:22] [16/2954] Fetching topic 15289
[2026-09-11 22:14:23] Topic 15289: missing 184 posts; fetching in batches...
[2026-09-11 22:14:27] [17/2954] Fetching topic 32227
[2026-09-11 22:14:28] [18/2954] Fetching topic 29623
[2026-09-11 22:14:30] Topic 29623: downloading 8 uploads
[2026-09-11 22:14:35] Upload failed 404: requested=https://forums.greaterthangames.com/uploads/default/optimized/2X/2/2e41826f8b3ee8fa2d34b8eed2bdabfe745c9bd1_2_340x500.jpeg, final=https://forums.greaterthangames.com/uploads/default/optimized/2X/2/2e41826f8b3ee8fa2d34b8eed2bdabfe745c9bd1_2_340x500.jpeg,
[2026-09-11 22:14:35] Response headers: {'Server': 'nginx', 'Date': 'Fri, 11 Sep 2026 22:14:35 GMT', 'Content-Type': 'text/html', 'Content-Length': '548', 'Connection': 'keep-alive'}
[2026-09-11 22:14:38] [19/2954] Fetching topic 29584
[2026-09-11 22:14:39] Topic 29584: missing 385 posts; fetching in batches...
[2026-09-11 22:14:49] Topic 29584: downloading 80 uploads
[2026-09-11 22:14:53] Upload failed 404: requested=https://forums.greaterthangames.com/uploads/default/optimized/2X/0/0ae61550029545ebe207db90ce61cd1bb35dd8e3_2_445x500.jpeg, final=https://forums.greaterthangames.com/uploads/default/optimized/2X/0/0ae61550029545ebe207db90ce61cd1bb35dd8e3_2_445x500.jpeg,
[2026-09-11 22:14:53] Response headers: {'Server': 'nginx', 'Date': 'Fri, 11 Sep 2026 22:14:53 GMT', 'Content-Type': 'text/html', 'Content-Length': '548', 'Connection': 'keep-alive'}
[2026-09-11 22:14:57] Upload failed 404: requested=https://forums.greaterthangames.com/uploads/default/optimized/2X/5/5974b28796619e2ab5d6fef2035453fcd6168ec0_2_690x362.jpeg, final=https://forums.greaterthangames.com/uploads/default/optimized/2X/5/5974b28796619e2ab5d6fef2035453fcd6168ec0_2_690x362.jpeg,
[2026-09-11 22:14:57] Response headers: {'Server': 'nginx', 'Date': 'Fri, 11 Sep 2026 22:14:57 GMT', 'Content-Type': 'text/html', 'Content-Length': '548', 'Connection': 'keep-alive'}
[2026-09-11 22:15:01] Upload failed 404: requested=https://forums.greaterthangames.com/uploads/default/optimized/2X/c/c8e78e2d41b486745b6d40b48f8741b1ded1311f_2_374x500.jpeg, final=https://forums.greaterthangames.com/uploads/default/optimized/2X/c/c8e78e2d41b486745b6d40b48f8741b1ded1311f_2_374x500.jpeg,
[2026-09-11 22:15:01] Response headers: {'Server': 'nginx', 'Date': 'Fri, 11 Sep 2026 22:15:01 GMT', 'Content-Type': 'text/html', 'Content-Length': '548', 'Connection': 'keep-alive'}
[2026-09-11 22:16:07] [20/2954] Fetching topic 32180
[2026-09-11 22:16:08] [21/2954] Fetching topic 29756
[2026-09-11 22:16:10] Topic 29756: missing 348 posts; fetching in batches...
[2026-09-11 22:16:18] Topic 29756: downloading 77 uploads
[2026-09-11 22:16:38] Upload failed 404: requested=https://forums.greaterthangames.com/uploads/default/optimized/2X/1/19d947879cfd2d23fb41ab6f50eb8fb0660a06a8_2_373x500.png, final=https://forums.greaterthangames.com/uploads/default/optimized/2X/1/19d947879cfd2d23fb41ab6f50eb8fb0660a06a8_2_373x500.png,
[2026-09-11 22:16:38] Response headers: {'Server': 'nginx', 'Date': 'Fri, 11 Sep 2026 22:16:38 GMT', 'Content-Type': 'text/html', 'Content-Length': '548', 'Connection': 'keep-alive'}
[2026-09-11 22:16:42] Upload failed 404: requested=https://forums.greaterthangames.com/uploads/default/optimized/2X/3/3f5779d9fb42e102a797dcccaaa559cf3bd70717_2_358x500.jpeg, final=https://forums.greaterthangames.com/uploads/default/optimized/2X/3/3f5779d9fb42e102a797dcccaaa559cf3bd70717_2_358x500.jpeg,
[2026-09-11 22:16:42] Response headers: {'Server': 'nginx', 'Date': 'Fri, 11 Sep 2026 22:16:42 GMT', 'Content-Type': 'text/html', 'Content-Length': '548', 'Connection': 'keep-alive'}
[2026-09-11 22:16:46] Upload failed 404: requested=https://forums.greaterthangames.com/uploads/default/optimized/2X/5/51980a8f620b26750245a398eea7f362ff4488e5_2_690x249.jpeg, final=https://forums.greaterthangames.com/uploads/default/optimized/2X/5/51980a8f620b26750245a398eea7f362ff4488e5_2_690x249.jpeg,
[2026-09-11 22:16:46] Response headers: {'Server': 'nginx', 'Date': 'Fri, 11 Sep 2026 22:16:46 GMT', 'Content-Type': 'text/html', 'Content-Length': '548', 'Connection': 'keep-alive'}
[2026-09-11 22:16:49] Upload failed 404: requested=https://forums.greaterthangames.com/uploads/default/optimized/2X/6/67dd11eb2cf168508d41a81f383f838920137704_2_690x334.jpeg, final=https://forums.greaterthangames.com/uploads/default/optimized/2X/6/67dd11eb2cf168508d41a81f383f838920137704_2_690x334.jpeg,
[2026-09-11 22:16:49] Response headers: {'Server': 'nginx', 'Date': 'Fri, 11 Sep 2026 22:16:49 GMT', 'Content-Type': 'text/html', 'Content-Length': '548', 'Connection': 'keep-alive'}
[2026-09-11 22:16:52] Upload failed 404: requested=https://forums.greaterthangames.com/uploads/default/optimized/2X/9/9a7142e63ecdfa23438b748f2eb4d3e745a0841b_2_690x345.png, final=https://forums.greaterthangames.com/uploads/default/optimized/2X/9/9a7142e63ecdfa23438b748f2eb4d3e745a0841b_2_690x345.png,
[2026-09-11 22:16:52] Response headers: {'Server': 'nginx', 'Date': 'Fri, 11 Sep 2026 22:16:52 GMT', 'Content-Type': 'text/html', 'Content-Length': '548', 'Connection': 'keep-alive'}
[2026-09-11 22:16:55] Upload failed 404: requested=https://forums.greaterthangames.com/uploads/default/optimized/2X/9/9b02c027d33a031bc9846a6877778fc680b480ae_2_421x499.jpeg, final=https://forums.greaterthangames.com/uploads/default/optimized/2X/9/9b02c027d33a031bc9846a6877778fc680b480ae_2_421x499.jpeg,
[2026-09-11 22:16:55] Response headers: {'Server': 'nginx', 'Date': 'Fri, 11 Sep 2026 22:16:55 GMT', 'Content-Type': 'text/html', 'Content-Length': '548', 'Connection': 'keep-alive'}
[2026-09-11 22:16:59] Upload failed 404: requested=https://forums.greaterthangames.com/uploads/default/optimized/2X/a/a038b780e9c2a5f3081584b779e072ca37bb31a5_2_432x500.png, final=https://forums.greaterthangames.com/uploads/default/optimized/2X/a/a038b780e9c2a5f3081584b779e072ca37bb31a5_2_432x500.png,
[2026-09-11 22:16:59] Response headers: {'Server': 'nginx', 'Date': 'Fri, 11 Sep 2026 22:16:59 GMT', 'Content-Type': 'text/html', 'Content-Length': '548', 'Connection': 'keep-alive'}
[2026-09-11 22:17:02] Upload failed 404: requested=https://forums.greaterthangames.com/uploads/default/optimized/2X/a/a19642d0a5c621e9e5c8f20cfe87b18b9b368b6b_2_260x375.jpeg, final=https://forums.greaterthangames.com/uploads/default/optimized/2X/a/a19642d0a5c621e9e5c8f20cfe87b18b9b368b6b_2_260x375.jpeg,
[2026-09-11 22:17:02] Response headers: {'Server': 'nginx', 'Date': 'Fri, 11 Sep 2026 22:17:02 GMT', 'Content-Type': 'text/html', 'Content-Length': '548', 'Connection': 'keep-alive'}
[2026-09-11 22:17:11] Upload failed 404: requested=https://forums.greaterthangames.com/uploads/default/optimized/2X/e/ed28e378a7c53f3d2d63218783c6b1ec935b562e_2_689x292.png, final=https://forums.greaterthangames.com/uploads/default/optimized/2X/e/ed28e378a7c53f3d2d63218783c6b1ec935b562e_2_689x292.png,
[2026-09-11 22:17:11] Response headers: {'Server': 'nginx', 'Date': 'Fri, 11 Sep 2026 22:17:11 GMT', 'Content-Type': 'text/html', 'Content-Length': '548', 'Connection': 'keep-alive'}
[2026-09-11 22:17:16] Upload failed 404: requested=https://forums.greaterthangames.com/uploads/default/optimized/2X/f/f08a085f00a4224dee05a09ba24a842c5d08c726_2_690x197.jpeg, final=https://forums.greaterthangames.com/uploads/default/optimized/2X/f/f08a085f00a4224dee05a09ba24a842c5d08c726_2_690x197.jpeg,
[2026-09-11 22:17:16] Response headers: {'Server': 'nginx', 'Date': 'Fri, 11 Sep 2026 22:17:16 GMT', 'Content-Type': 'text/html', 'Content-Length': '548', 'Connection': 'keep-alive'}
[2026-09-11 22:17:37] [22/2954] Fetching topic 32165
[2026-09-11 22:17:38] [23/2954] Fetching topic 29635
[2026-09-11 22:17:39] Topic 29635: missing 55 posts; fetching in batches...
[2026-09-11 22:17:41] Topic 29635: downloading 10 uploads
[2026-09-11 22:17:49] [24/2954] Fetching topic 30291
[2026-09-11 22:17:50] [25/2954] Fetching topic 32131
[2026-09-11 22:17:51] [26/2954] Fetching topic 17617
[2026-09-11 22:17:52] [27/2954] Fetching topic 31477
[2026-09-11 22:17:54] Topic 31477: downloading 1 uploads
[2026-09-11 22:17:55] [28/2954] Fetching topic 31900
[2026-09-11 22:17:56] [29/2954] Fetching topic 32102
[2026-09-11 22:17:57] Topic 32102: downloading 2 uploads
[2026-09-11 22:17:59] [30/2954] Fetching topic 28624
[2026-09-11 22:18:00] [31/2954] Fetching topic 28633
[2026-09-11 22:18:01] Topic 28633: missing 62 posts; fetching in batches...
[2026-09-11 22:18:03] Topic 28633: downloading 18 uploads
[2026-09-11 22:18:10] Upload failed 404: requested=https://forums.greaterthangames.com/uploads/default/optimized/2X/2/2ce188c4508c65f32ebedecca1806fce97f509e3_2_690x362.png, final=https://forums.greaterthangames.com/uploads/default/optimized/2X/2/2ce188c4508c65f32ebedecca1806fce97f509e3_2_690x362.png,
[2026-09-11 22:18:10] Response headers: {'Server': 'nginx', 'Date': 'Fri, 11 Sep 2026 22:18:10 GMT', 'Content-Type': 'text/html', 'Content-Length': '548', 'Connection': 'keep-alive'}
[2026-09-11 22:18:14] Upload failed 404: requested=https://forums.greaterthangames.com/uploads/default/optimized/2X/e/e11f294a474442f778ec122a2d46ca5b8a744363_2_388x500.jpeg, final=https://forums.greaterthangames.com/uploads/default/optimized/2X/e/e11f294a474442f778ec122a2d46ca5b8a744363_2_388x500.jpeg,
[2026-09-11 22:18:14] Response headers: {'Server': 'nginx', 'Date': 'Fri, 11 Sep 2026 22:18:14 GMT', 'Content-Type': 'text/html', 'Content-Length': '548', 'Connection': 'keep-alive'}
[2026-09-11 22:18:23] [32/2954] Fetching topic 19122
[2026-09-11 22:18:23] Topic 19122: missing 14 posts; fetching in batches...
[2026-09-11 22:18:24] [33/2954] Fetching topic 32030
[2026-09-11 22:18:26] [34/2954] Fetching topic 18908
[2026-09-11 22:18:27] [35/2954] Fetching topic 31913
[2026-09-11 22:18:28] [36/2954] Fetching topic 31833
[2026-09-11 22:18:29] Topic 31833: downloading 2 uploads
[2026-09-11 22:18:31] [37/2954] Fetching topic 31844
[2026-09-11 22:18:32] [38/2954] Fetching topic 31821
[2026-09-11 22:18:33] [39/2954] Fetching topic 30147
[2026-09-11 22:18:34] [40/2954] Fetching topic 17113
[2026-09-11 22:18:36] Topic 17113: missing 80 posts; fetching in batches...
[2026-09-11 22:18:38] Topic 17113: downloading 2 uploads
[2026-09-11 22:18:40] [41/2954] Fetching topic 31775
[2026-09-11 22:18:41] [42/2954] Fetching topic 31771
[2026-09-11 22:18:42] [43/2954] Fetching topic 29749
[2026-09-11 22:18:43] Topic 29749: downloading 1 uploads
[2026-09-11 22:18:44] [44/2954] Fetching topic 31719
[2026-09-11 22:18:45] Topic 31719: downloading 2 uploads
[2026-09-11 22:18:47] [45/2954] Fetching topic 31417
[2026-09-11 22:18:48] [46/2954] Fetching topic 31644
[2026-09-11 22:18:50] [47/2954] Fetching topic 18685
[2026-09-11 22:18:51] Topic 18685: missing 1 posts; fetching in batches...
[2026-09-11 22:18:52] [48/2954] Fetching topic 30916
[2026-09-11 22:18:53] Topic 30916: downloading 1 uploads
[2026-09-11 22:18:54] [49/2954] Fetching topic 31551
[2026-09-11 22:18:55] [50/2954] Fetching topic 14773
[2026-09-11 22:18:56] Topic 14773: missing 17 posts; fetching in batches...
[2026-09-11 22:18:57] Topic 14773: downloading 1 uploads
[2026-09-11 22:18:58] [51/2954] Fetching topic 30803
[2026-09-11 22:18:59] Topic 30803: downloading 1 uploads
[2026-09-11 22:19:00] [52/2954] Fetching topic 14312
[2026-09-11 22:19:01] [53/2954] Fetching topic 15132
[2026-09-11 22:19:02] [54/2954] Fetching topic 31411
[2026-09-11 22:19:04] [55/2954] Fetching topic 28500
[2026-09-11 22:19:05] [56/2954] Fetching topic 31360
[2026-09-11 22:19:06] [57/2954] Fetching topic 31304
[2026-09-11 22:19:07] [58/2954] Fetching topic 31307
[2026-09-11 22:19:08] [59/2954] Fetching topic 31260
[2026-09-11 22:19:09] [60/2954] Fetching topic 30263
[2026-09-11 22:19:10] Topic 30263: downloading 4 uploads
[2026-09-11 22:19:10] [61/2954] Fetching topic 31235
[2026-09-11 22:19:12] [62/2954] Fetching topic 31227
[2026-09-11 22:19:13] [63/2954] Fetching topic 31199
[2026-09-11 22:19:14] Topic 31199: downloading 14 uploads
[2026-09-11 22:19:19] Upload failed 404: requested=https://forums.greaterthangames.com/uploads/default/optimized/2X/9/92c058fc401604bd652fd7c08520b2b62ced7a51_2_359x500.jpeg, final=https://forums.greaterthangames.com/uploads/default/optimized/2X/9/92c058fc401604bd652fd7c08520b2b62ced7a51_2_359x500.jpeg,
[2026-09-11 22:19:19] Response headers: {'Server': 'nginx', 'Date': 'Fri, 11 Sep 2026 22:19:19 GMT', 'Content-Type': 'text/html', 'Content-Length': '548', 'Connection': 'keep-alive'}
[2026-09-11 22:19:24] Upload failed 404: requested=https://forums.greaterthangames.com/uploads/default/optimized/2X/9/99ce4b527d0c8184bfe486da95a0df40f706da8f_2_358x500.jpeg, final=https://forums.greaterthangames.com/uploads/default/optimized/2X/9/99ce4b527d0c8184bfe486da95a0df40f706da8f_2_358x500.jpeg,
[2026-09-11 22:19:24] Response headers: {'Server': 'nginx', 'Date': 'Fri, 11 Sep 2026 22:19:24 GMT', 'Content-Type': 'text/html', 'Content-Length': '548', 'Connection': 'keep-alive'}
[2026-09-11 22:19:28] [64/2954] Fetching topic 31190
[2026-09-11 22:19:29] [65/2954] Fetching topic 31187
[2026-09-11 22:19:30] [66/2954] Fetching topic 31177
[2026-09-11 22:19:31] [67/2954] Fetching topic 31161
[2026-09-11 22:19:32] [68/2954] Fetching topic 31154
[2026-09-11 22:19:34] [69/2954] Fetching topic 31153
[2026-09-11 22:19:35] Topic 31153: downloading 1 uploads
[2026-09-11 22:19:36] [70/2954] Fetching topic 31087
[2026-09-11 22:19:37] [71/2954] Fetching topic 31074
[2026-09-11 22:19:38] [72/2954] Fetching topic 30187
[2026-09-11 22:19:39] [73/2954] Fetching topic 31015
[2026-09-11 22:19:40] [74/2954] Fetching topic 30398
[2026-09-11 22:19:41] Topic 30398: downloading 6 uploads
[2026-09-11 22:19:46] Upload failed 404: requested=https://forums.greaterthangames.com/uploads/default/optimized/2X/c/cfa90d9ffae1d56fbb8fa82bd6c4fd37aef1c88b_2_690x388.jpeg, final=https://forums.greaterthangames.com/uploads/default/optimized/2X/c/cfa90d9ffae1d56fbb8fa82bd6c4fd37aef1c88b_2_690x388.jpeg,
[2026-09-11 22:19:46] Response headers: {'Server': 'nginx', 'Date': 'Fri, 11 Sep 2026 22:19:46 GMT', 'Content-Type': 'text/html', 'Content-Length': '548', 'Connection': 'keep-alive'}
[2026-09-11 22:19:48] [75/2954] Fetching topic 31040
[2026-09-11 22:19:49] [76/2954] Fetching topic 31022
[2026-09-11 22:19:50] [77/2954] Fetching topic 30600
[2026-09-11 22:19:51] [78/2954] Fetching topic 30252
[2026-09-11 22:19:52] [79/2954] Fetching topic 30931
[2026-09-11 22:19:53] [80/2954] Fetching topic 30932
[2026-09-11 22:19:54] Topic 30932: downloading 6 uploads
[2026-09-11 22:19:57] Upload failed 404: requested=https://forums.greaterthangames.com/uploads/default/optimized/2X/f/f7a65a431847fbda7e0df2c9b7834794c0c3ef28_2_690x227.jpeg, final=https://forums.greaterthangames.com/uploads/default/optimized/2X/f/f7a65a431847fbda7e0df2c9b7834794c0c3ef28_2_690x227.jpeg,
[2026-09-11 22:19:57] Response headers: {'Server': 'nginx', 'Date': 'Fri, 11 Sep 2026 22:19:57 GMT', 'Content-Type': 'text/html', 'Content-Length': '548', 'Connection': 'keep-alive'}
[2026-09-11 22:20:00] [81/2954] Fetching topic 30897
[2026-09-11 22:20:01] Topic 30897: downloading 3 uploads
[2026-09-11 22:20:04] [82/2954] Fetching topic 30918
[2026-09-11 22:20:06] Topic 30918: downloading 7 uploads
[2026-09-11 22:20:11] Upload failed 404: requested=https://forums.greaterthangames.com/uploads/default/optimized/2X/8/87f0c5ade9b825200ccba4eaf5ef5c973ffd1cfd_2_500x500.jpeg, final=https://forums.greaterthangames.com/uploads/default/optimized/2X/8/87f0c5ade9b825200ccba4eaf5ef5c973ffd1cfd_2_500x500.jpeg,
[2026-09-11 22:20:11] Response headers: {'Server': 'nginx', 'Date': 'Fri, 11 Sep 2026 22:20:11 GMT', 'Content-Type': 'text/html', 'Content-Length': '548', 'Connection': 'keep-alive'}
[2026-09-11 22:20:13] [83/2954] Fetching topic 30924
[2026-09-11 22:20:14] [84/2954] Fetching topic 30919
[2026-09-11 22:20:15] [85/2954] Fetching topic 30457
[2026-09-11 22:20:16] Topic 30457: downloading 5 uploads
[2026-09-11 22:20:19] Upload failed 404: requested=https://forums.greaterthangames.com/uploads/default/optimized/2X/7/7412ae50a09dc67da1870878d84d344352d19bee_2_374x500.jpeg, final=https://forums.greaterthangames.com/uploads/default/optimized/2X/7/7412ae50a09dc67da1870878d84d344352d19bee_2_374x500.jpeg,
[2026-09-11 22:20:19] Response headers: {'Server': 'nginx', 'Date': 'Fri, 11 Sep 2026 22:20:19 GMT', 'Content-Type': 'text/html', 'Content-Length': '548', 'Connection': 'keep-alive'}
[2026-09-11 22:20:21] [86/2954] Fetching topic 30808
[2026-09-11 22:20:22] [87/2954] Fetching topic 30814
[2026-09-11 22:20:23] [88/2954] Fetching topic 30784
[2026-09-11 22:20:25] Topic 30784: missing 6 posts; fetching in batches...
[2026-09-11 22:20:26] Topic 30784: downloading 1 uploads
[2026-09-11 22:20:27] [89/2954] Fetching topic 30805
[2026-09-11 22:20:28] Topic 30805: downloading 1 uploads
[2026-09-11 22:20:29] [90/2954] Fetching topic 20327
[2026-09-11 22:20:30] [91/2954] Fetching topic 30727
[2026-09-11 22:20:31] Topic 30727: downloading 7 uploads
[2026-09-11 22:20:37] Upload failed 404: requested=https://forums.greaterthangames.com/uploads/default/optimized/2X/1/1f2d0479bbda59ca8a314a7bd487152b512a024a_2_690x222.jpeg, final=https://forums.greaterthangames.com/uploads/default/optimized/2X/1/1f2d0479bbda59ca8a314a7bd487152b512a024a_2_690x222.jpeg,
[2026-09-11 22:20:37] Response headers: {'Server': 'nginx', 'Date': 'Fri, 11 Sep 2026 22:20:37 GMT', 'Content-Type': 'text/html', 'Content-Length': '548', 'Connection': 'keep-alive'}
[2026-09-11 22:20:38] [92/2954] Fetching topic 29065
[2026-09-11 22:20:39] Topic 29065: missing 72 posts; fetching in batches...
[2026-09-11 22:20:42] Topic 29065: downloading 14 uploads
[2026-09-11 22:20:43] Upload failed 404: requested=https://forums.greaterthangames.com/uploads/2022/01/SOTM_rules_web.pdf final=https://forums.greaterthangames.com/uploads/2022/01/SOTM_rules_web.pdf
[2026-09-11 22:20:43] Response headers: {'Server': 'nginx', 'Date': 'Fri, 11 Sep 2026 22:20:43 GMT', 'Content-Type': 'text/html; charset=utf-8', 'Transfer-Encoding': 'chunked', 'Connection': 'keep-alive', 'Vary': 'Accept-Encoding', 'Content-Security-Policy': "upgrade-insecure-requests; base-uri 'self'; object-src 'none'; script-src 'nonce-yUeSctAeBRZvjPfWHMPKdXGWH' 'strict-dynamic'; frame-ancestors 'self'; manifest-src 'self'", 'X-Request-Id': '194b8be8-5729-47c7-92df-9e94d737c88a', 'X-Runtime': '0.023477', 'Content-Encoding': 'gzip'}
[2026-09-11 22:20:49] Upload failed 404: requested=https://forums.greaterthangames.com/uploads/default/optimized/2X/6/6aa705fe46082f11fcf4f30550d4a94df4e2536e_2_690x228.png, final=https://forums.greaterthangames.com/uploads/default/optimized/2X/6/6aa705fe46082f11fcf4f30550d4a94df4e2536e_2_690x228.png,
[2026-09-11 22:20:49] Response headers: {'Server': 'nginx', 'Date': 'Fri, 11 Sep 2026 22:20:49 GMT', 'Content-Type': 'text/html', 'Content-Length': '548', 'Connection': 'keep-alive'}
[2026-09-11 22:20:55] [93/2954] Fetching topic 30677
[2026-09-11 22:20:56] [94/2954] Fetching topic 30671
[2026-09-11 22:20:57] Topic 30671: downloading 1 uploads
[2026-09-11 22:20:57] [95/2954] Fetching topic 30117
[2026-09-11 22:20:58] Topic 30117: downloading 14 uploads
[2026-09-11 22:21:04] Upload failed 404: requested=https://forums.greaterthangames.com/uploads/default/optimized/2X/0/01479056c66f0a03b1a3c0175a5addaf7e47ac5e_2_655x499.jpeg, final=https://forums.greaterthangames.com/uploads/default/optimized/2X/0/01479056c66f0a03b1a3c0175a5addaf7e47ac5e_2_655x499.jpeg,
[2026-09-11 22:21:04] Response headers: {'Server': 'nginx', 'Date': 'Fri, 11 Sep 2026 22:21:04 GMT', 'Content-Type': 'text/html', 'Content-Length': '548', 'Connection': 'keep-alive'}
[2026-09-11 22:21:10] Upload failed 404: requested=https://forums.greaterthangames.com/uploads/default/optimized/2X/5/5f28304605d524704a214366d125c2521a04f432_2_690x225.jpeg, final=https://forums.greaterthangames.com/uploads/default/optimized/2X/5/5f28304605d524704a214366d125c2521a04f432_2_690x225.jpeg,
[2026-09-11 22:21:10] Response headers: {'Server': 'nginx', 'Date': 'Fri, 11 Sep 2026 22:21:10 GMT', 'Content-Type': 'text/html', 'Content-Length': '548', 'Connection': 'keep-alive'}
[2026-09-11 22:21:13] [96/2954] Fetching topic 30601
[2026-09-11 22:21:14] [97/2954] Fetching topic 30575
[2026-09-11 22:21:15] Topic 30575: downloading 47 uploads
[2026-09-11 22:21:27] Upload failed 404: requested=https://forums.greaterthangames.com/uploads/default/optimized/2X/0/02d68a0702dd8f06c3eb383a97f6d5ae793512af_2_690x340.jpeg, final=https://forums.greaterthangames.com/uploads/default/optimized/2X/0/02d68a0702dd8f06c3eb383a97f6d5ae793512af_2_690x340.jpeg,
[2026-09-11 22:21:27] Response headers: {'Server': 'nginx', 'Date': 'Fri, 11 Sep 2026 22:21:27 GMT', 'Content-Type': 'text/html', 'Content-Length': '548', 'Connection': 'keep-alive'}
[2026-09-11 22:21:31] Upload failed 404: requested=https://forums.greaterthangames.com/uploads/default/optimized/2X/0/02e8c46b41db7fc8b06de1eaaa9045bc0d9541e5_2_690x388.jpeg, final=https://forums.greaterthangames.com/uploads/default/optimized/2X/0/02e8c46b41db7fc8b06de1eaaa9045bc0d9541e5_2_690x388.jpeg,
[2026-09-11 22:21:31] Response headers: {'Server': 'nginx', 'Date': 'Fri, 11 Sep 2026 22:21:31 GMT', 'Content-Type': 'text/html', 'Content-Length': '548', 'Connection': 'keep-alive'}
[2026-09-11 22:21:35] Upload failed 404: requested=https://forums.greaterthangames.com/uploads/default/optimized/2X/1/12acc09e6bc377dab1c5ef7cf576c88b277a1194_2_690x388.jpeg, final=https://forums.greaterthangames.com/uploads/default/optimized/2X/1/12acc09e6bc377dab1c5ef7cf576c88b277a1194_2_690x388.jpeg,
[2026-09-11 22:21:35] Response headers: {'Server': 'nginx', 'Date': 'Fri, 11 Sep 2026 22:21:35 GMT', 'Content-Type': 'text/html', 'Content-Length': '548', 'Connection': 'keep-alive'}
[2026-09-11 22:21:38] Upload failed 404: requested=https://forums.greaterthangames.com/uploads/default/optimized/2X/3/31ee432421ae4e836036bc2a9a743f42ee604563_2_690x437.jpeg, final=https://forums.greaterthangames.com/uploads/default/optimized/2X/3/31ee432421ae4e836036bc2a9a743f42ee604563_2_690x437.jpeg,
[2026-09-11 22:21:38] Response headers: {'Server': 'nginx', 'Date': 'Fri, 11 Sep 2026 22:21:38 GMT', 'Content-Type': 'text/html', 'Content-Length': '548', 'Connection': 'keep-alive'}
[2026-09-11 22:21:44] Upload failed 404: requested=https://forums.greaterthangames.com/uploads/default/optimized/2X/7/786e31ac6a5dabb958441842780abcf0361a5b9b_2_690x230.jpeg, final=https://forums.greaterthangames.com/uploads/default/optimized/2X/7/786e31ac6a5dabb958441842780abcf0361a5b9b_2_690x230.jpeg,
[2026-09-11 22:21:44] Response headers: {'Server': 'nginx', 'Date': 'Fri, 11 Sep 2026 22:21:44 GMT', 'Content-Type': 'text/html', 'Content-Length': '548', 'Connection': 'keep-alive'}
[2026-09-11 22:21:48] Upload failed 404: requested=https://forums.greaterthangames.com/uploads/default/optimized/2X/8/8393c59f8833ac336d6036f032a6fb5fc995c014_2_690x388.jpeg, final=https://forums.greaterthangames.com/uploads/default/optimized/2X/8/8393c59f8833ac336d6036f032a6fb5fc995c014_2_690x388.jpeg,
[2026-09-11 22:21:48] Response headers: {'Server': 'nginx', 'Date': 'Fri, 11 Sep 2026 22:21:48 GMT', 'Content-Type': 'text/html', 'Content-Length': '548', 'Connection': 'keep-alive'}
[2026-09-11 22:21:52] Upload failed 404: requested=https://forums.greaterthangames.com/uploads/default/optimized/2X/e/e52d77af925e0694ea3980dc9fa6faca646ec0a1_2_690x388.png, final=https://forums.greaterthangames.com/uploads/default/optimized/2X/e/e52d77af925e0694ea3980dc9fa6faca646ec0a1_2_690x388.png,
[2026-09-11 22:21:52] Response headers: {'Server': 'nginx', 'Date': 'Fri, 11 Sep 2026 22:21:52 GMT', 'Content-Type': 'text/html', 'Content-Length': '548', 'Connection': 'keep-alive'}
[2026-09-11 22:22:03] [98/2954] Fetching topic 30501
[2026-09-11 22:22:04] [99/2954] Fetching topic 30220
[2026-09-11 22:22:05] Topic 30220: missing 41 posts; fetching in batches...
[2026-09-11 22:22:07] Topic 30220: downloading 18 uploads
[2026-09-11 22:22:11] Upload failed 404: requested=https://forums.greaterthangames.com/uploads/default/optimized/2X/1/116293c58df8bbf15cca842dd252efd8c6d1e264_2_500x500.jpeg, final=https://forums.greaterthangames.com/uploads/default/optimized/2X/1/116293c58df8bbf15cca842dd252efd8c6d1e264_2_500x500.jpeg,
[2026-09-11 22:22:11] Response headers: {'Server': 'nginx', 'Date': 'Fri, 11 Sep 2026 22:22:11 GMT', 'Content-Type': 'text/html', 'Content-Length': '548', 'Connection': 'keep-alive'}
[2026-09-11 22:22:19] [100/2954] Fetching topic 19943
[2026-09-11 22:22:20] [101/2954] Fetching topic 30458
[2026-09-11 22:22:21] [102/2954] Fetching topic 30158
[2026-09-11 22:22:22] Topic 30158: missing 5 posts; fetching in batches...
[2026-09-11 22:22:23] Topic 30158: downloading 1 uploads
[2026-09-11 22:22:23] [103/2954] Fetching topic 30434
[2026-09-11 22:22:25] Topic 30434: downloading 1 uploads
[2026-09-11 22:22:26] [104/2954] Fetching topic 17640
[2026-09-11 22:22:27] Topic 17640: missing 604 posts; fetching in batches...
[2026-09-11 22:22:43] Topic 17640: downloading 14 uploads
[2026-09-11 22:22:49] Upload failed 404: requested=https://forums.greaterthangames.com/uploads/default/optimized/2X/2/2f75c1d3719cf1ea5285029bd48f74a1ecee268f_2_666x500.png, final=https://forums.greaterthangames.com/uploads/default/optimized/2X/2/2f75c1d3719cf1ea5285029bd48f74a1ecee268f_2_666x500.png,
[2026-09-11 22:22:49] Response headers: {'Server': 'nginx', 'Date': 'Fri, 11 Sep 2026 22:22:49 GMT', 'Content-Type': 'text/html', 'Content-Length': '548', 'Connection': 'keep-alive'}
[2026-09-11 22:22:54] Upload failed 404: requested=https://forums.greaterthangames.com/uploads/default/optimized/2X/f/f45e993be13daeb632111716af8854d4258e8d58_2_666x500.jpeg, final=https://forums.greaterthangames.com/uploads/default/optimized/2X/f/f45e993be13daeb632111716af8854d4258e8d58_2_666x500.jpeg,
[2026-09-11 22:22:54] Response headers: {'Server': 'nginx', 'Date': 'Fri, 11 Sep 2026 22:22:54 GMT', 'Content-Type': 'text/html', 'Content-Length': '548', 'Connection': 'keep-alive'}
[2026-09-11 22:22:57] [105/2954] Fetching topic 30215
[2026-09-11 22:22:58] [106/2954] Fetching topic 30406
[2026-09-11 22:23:00] [107/2954] Fetching topic 30401
[2026-09-11 22:23:01] [108/2954] Fetching topic 30385
[2026-09-11 22:23:02] [109/2954] Fetching topic 30360
[2026-09-11 22:23:03] [110/2954] Fetching topic 30353
[2026-09-11 22:23:04] Topic 30353: downloading 1 uploads
[2026-09-11 22:23:05] [111/2954] Fetching topic 30340
[2026-09-11 22:23:06] [112/2954] Fetching topic 30334
[2026-09-11 22:23:07] Topic 30334: downloading 5 uploads
[2026-09-11 22:23:10] Upload failed 404: requested=https://forums.greaterthangames.com/uploads/default/optimized/2X/a/aa307992c3513b16947ac8e33efcc123cf900863_2_690x388.jpeg, final=https://forums.greaterthangames.com/uploads/default/optimized/2X/a/aa307992c3513b16947ac8e33efcc123cf900863_2_690x388.jpeg,
[2026-09-11 22:23:10] Response headers: {'Server': 'nginx', 'Date': 'Fri, 11 Sep 2026 22:23:10 GMT', 'Content-Type': 'text/html', 'Content-Length': '548', 'Connection': 'keep-alive'}
[2026-09-11 22:23:12] [113/2954] Fetching topic 30190
[2026-09-11 22:23:13] Topic 30190: downloading 2 uploads
[2026-09-11 22:23:14] Upload failed 404: requested=https://forums.greaterthangames.com/uploads/2021/04/SOTM-DE_Rulebook.pdf final=https://forums.greaterthangames.com/uploads/2021/04/SOTM-DE_Rulebook.pdf
[2026-09-11 22:23:14] Response headers: {'Server': 'nginx', 'Date': 'Fri, 11 Sep 2026 22:23:14 GMT', 'Content-Type': 'text/html; charset=utf-8', 'Transfer-Encoding': 'chunked', 'Connection': 'keep-alive', 'Vary': 'Accept-Encoding', 'Content-Security-Policy': "upgrade-insecure-requests; base-uri 'self'; object-src 'none'; script-src 'nonce-ouTBOHxDFVlsFfTkxziZpDWVM' 'strict-dynamic'; frame-ancestors 'self'; manifest-src 'self'", 'X-Request-Id': '9fc4f7a7-7725-4d08-bd57-01b936141a44', 'X-Runtime': '0.057454', 'Content-Encoding': 'gzip'}
[2026-09-11 22:23:14] [114/2954] Fetching topic 30314
[2026-09-11 22:23:15] [115/2954] Fetching topic 30296
[2026-09-11 22:23:16] [116/2954] Fetching topic 30298
[2026-09-11 22:23:17] [117/2954] Fetching topic 30293
[2026-09-11 22:23:18] Topic 30293: downloading 2 uploads
[2026-09-11 22:23:18] [118/2954] Fetching topic 29716
[2026-09-11 22:23:20] [119/2954] Fetching topic 30277
[2026-09-11 22:23:21] Topic 30277: missing 2 posts; fetching in batches...
[2026-09-11 22:23:22] [120/2954] Fetching topic 30279
[2026-09-11 22:23:23] [121/2954] Fetching topic 30268
[2026-09-11 22:23:24] [122/2954] Fetching topic 30267
[2026-09-11 22:23:25] Topic 30267: downloading 2 uploads
[2026-09-11 22:23:25] [123/2954] Fetching topic 30250
[2026-09-11 22:23:26] [124/2954] Fetching topic 28682
[2026-09-11 22:23:27] Topic 28682: downloading 22 uploads
[2026-09-11 22:23:27] [125/2954] Fetching topic 30226
[2026-09-11 22:23:28] [126/2954] Fetching topic 30151
[2026-09-11 22:23:30] [127/2954] Fetching topic 19846
[2026-09-11 22:23:31] [128/2954] Fetching topic 30189
[2026-09-11 22:23:32] [129/2954] Fetching topic 16099
[2026-09-11 22:23:33] Topic 16099: missing 98 posts; fetching in batches...
[2026-09-11 22:23:35] [130/2954] Fetching topic 16199
[2026-09-11 22:23:37] Topic 16199: missing 29 posts; fetching in batches...
[2026-09-11 22:23:38] [131/2954] Fetching topic 30177
[2026-09-11 22:23:39] Topic 30177: downloading 14 uploads
[2026-09-11 22:23:44] Upload failed 404: requested=https://forums.greaterthangames.com/uploads/default/optimized/2X/5/5f453e7e69da6fc166416239f0bb595bdf8f81b1_2_219x500.jpeg, final=https://forums.greaterthangames.com/uploads/default/optimized/2X/5/5f453e7e69da6fc166416239f0bb595bdf8f81b1_2_219x500.jpeg,
[2026-09-11 22:23:44] Response headers: {'Server': 'nginx', 'Date': 'Fri, 11 Sep 2026 22:23:44 GMT', 'Content-Type': 'text/html', 'Content-Length': '548', 'Connection': 'keep-alive'}
[2026-09-11 22:23:50] Upload failed 404: requested=https://forums.greaterthangames.com/uploads/default/optimized/2X/9/9343aef2585b102ca5c0d297a732e117e248cd59_2_666x500.jpeg, final=https://forums.greaterthangames.com/uploads/default/optimized/2X/9/9343aef2585b102ca5c0d297a732e117e248cd59_2_666x500.jpeg,
[2026-09-11 22:23:50] Response headers: {'Server': 'nginx', 'Date': 'Fri, 11 Sep 2026 22:23:50 GMT', 'Content-Type': 'text/html', 'Content-Length': '548', 'Connection': 'keep-alive'}
[2026-09-11 22:23:53] [132/2954] Fetching topic 30157
[2026-09-11 22:23:54] [133/2954] Fetching topic 17372
[2026-09-11 22:23:55] Topic 17372: missing 7 posts; fetching in batches...
[2026-09-11 22:23:56] [134/2954] Fetching topic 30180
[2026-09-11 22:23:57] Topic 30180: downloading 2 uploads
[2026-09-11 22:23:59] [135/2954] Fetching topic 17539
[2026-09-11 22:24:01] Topic 17539: missing 15 posts; fetching in batches...
[2026-09-11 22:24:02] [136/2954] Fetching topic 19009
[2026-09-11 22:24:03] [137/2954] Fetching topic 29714
[2026-09-11 22:24:04] [138/2954] Fetching topic 29958
[2026-09-11 22:24:05] Topic 29958: downloading 21 uploads
[2026-09-11 22:24:13] Upload failed 404: requested=https://forums.greaterthangames.com/uploads/default/optimized/2X/2/20ae2d0d1f352885ea963147be49885bba5509bb_2_690x451.jpeg, final=https://forums.greaterthangames.com/uploads/default/optimized/2X/2/20ae2d0d1f352885ea963147be49885bba5509bb_2_690x451.jpeg,
[2026-09-11 22:24:13] Response headers: {'Server': 'nginx', 'Date': 'Fri, 11 Sep 2026 22:24:13 GMT', 'Content-Type': 'text/html', 'Content-Length': '548', 'Connection': 'keep-alive'}
[2026-09-11 22:24:18] Upload failed 404: requested=https://forums.greaterthangames.com/uploads/default/optimized/2X/5/5003901256311133d90bbe9bbc2045b3b57bd785_2_690x388.jpeg, final=https://forums.greaterthangames.com/uploads/default/optimized/2X/5/5003901256311133d90bbe9bbc2045b3b57bd785_2_690x388.jpeg,
[2026-09-11 22:24:18] Response headers: {'Server': 'nginx', 'Date': 'Fri, 11 Sep 2026 22:24:18 GMT', 'Content-Type': 'text/html', 'Content-Length': '548', 'Connection': 'keep-alive'}
[2026-09-11 22:24:21] Upload failed 404: requested=https://forums.greaterthangames.com/uploads/default/optimized/2X/b/b1a96ff5582233aaada7144be7eb0d836dde28b8_2_231x500.jpeg, final=https://forums.greaterthangames.com/uploads/default/optimized/2X/b/b1a96ff5582233aaada7144be7eb0d836dde28b8_2_231x500.jpeg,
[2026-09-11 22:24:21] Response headers: {'Server': 'nginx', 'Date': 'Fri, 11 Sep 2026 22:24:21 GMT', 'Content-Type': 'text/html', 'Content-Length': '548', 'Connection': 'keep-alive'}
[2026-09-11 22:24:27] [139/2954] Fetching topic 12038
[2026-09-11 22:24:28] Topic 12038: missing 34 posts; fetching in batches...
[2026-09-11 22:24:29] [140/2954] Fetching topic 19288
[2026-09-11 22:24:30] [141/2954] Fetching topic 29849
[2026-09-11 22:24:31] Topic 29849: downloading 15 uploads
[2026-09-11 22:24:36] Upload failed 404: requested=https://forums.greaterthangames.com/uploads/default/optimized/2X/6/6900db3296f150e5b3cc258b637c7baf40a2c8f5_2_225x500.jpeg, final=https://forums.greaterthangames.com/uploads/default/optimized/2X/6/6900db3296f150e5b3cc258b637c7baf40a2c8f5_2_225x500.jpeg,
[2026-09-11 22:24:36] Response headers: {'Server': 'nginx', 'Date': 'Fri, 11 Sep 2026 22:24:36 GMT', 'Content-Type': 'text/html', 'Content-Length': '548', 'Connection': 'keep-alive'}
[2026-09-11 22:24:41] Upload failed 404: requested=https://forums.greaterthangames.com/uploads/default/optimized/2X/8/8fec309ff537271bd6fab0027f585bac36f4a5b8_2_231x500.jpeg, final=https://forums.greaterthangames.com/uploads/default/optimized/2X/8/8fec309ff537271bd6fab0027f585bac36f4a5b8_2_231x500.jpeg,
[2026-09-11 22:24:41] Response headers: {'Server': 'nginx', 'Date': 'Fri, 11 Sep 2026 22:24:41 GMT', 'Content-Type': 'text/html', 'Content-Length': '548', 'Connection': 'keep-alive'}
[2026-09-11 22:24:46] [142/2954] Fetching topic 29930
[2026-09-11 22:24:47] Topic 29930: downloading 1 uploads
[2026-09-11 22:24:48] [143/2954] Fetching topic 12469
[2026-09-11 22:24:49] Topic 12469: missing 95 posts; fetching in batches...
[2026-09-11 22:24:51] Topic 12469: downloading 2 uploads
[2026-09-11 22:24:53] [144/2954] Fetching topic 28446
[2026-09-11 22:24:55] Topic 28446: downloading 4 uploads
[2026-09-11 22:24:57] Upload failed 404: requested=https://forums.greaterthangames.com/uploads/default/optimized/2X/0/0ded1199bfa629396089c207449c4752b90e9f59_2_500x500.png, final=https://forums.greaterthangames.com/uploads/default/optimized/2X/0/0ded1199bfa629396089c207449c4752b90e9f59_2_500x500.png,
[2026-09-11 22:24:57] Response headers: {'Server': 'nginx', 'Date': 'Fri, 11 Sep 2026 22:24:57 GMT', 'Content-Type': 'text/html', 'Content-Length': '548', 'Connection': 'keep-alive'}
[2026-09-11 22:24:59] [145/2954] Fetching topic 30131
[2026-09-11 22:25:00] [146/2954] Fetching topic 29945
[2026-09-11 22:25:01] [147/2954] Fetching topic 30113
[2026-09-11 22:25:02] Topic 30113: downloading 7 uploads
[2026-09-11 22:25:06] Upload failed 404: requested=https://forums.greaterthangames.com/uploads/default/optimized/2X/4/4814996510bfd5c71a0cb6afd87211ad336690bc_2_231x500.jpeg, final=https://forums.greaterthangames.com/uploads/default/optimized/2X/4/4814996510bfd5c71a0cb6afd87211ad336690bc_2_231x500.jpeg,
[2026-09-11 22:25:06] Response headers: {'Server': 'nginx', 'Date': 'Fri, 11 Sep 2026 22:25:06 GMT', 'Content-Type': 'text/html', 'Content-Length': '548', 'Connection': 'keep-alive'}
[2026-09-11 22:25:09] [148/2954] Fetching topic 30108
[2026-09-11 22:25:10] Topic 30108: downloading 20 uploads
[2026-09-11 22:25:17] Upload failed 404: requested=https://forums.greaterthangames.com/uploads/default/optimized/2X/3/39673d8f0cc36f2cd7b96541a79970ea7c44b4e8_2_690x387.jpeg, final=https://forums.greaterthangames.com/uploads/default/optimized/2X/3/39673d8f0cc36f2cd7b96541a79970ea7c44b4e8_2_690x387.jpeg,
[2026-09-11 22:25:17] Response headers: {'Server': 'nginx', 'Date': 'Fri, 11 Sep 2026 22:25:17 GMT', 'Content-Type': 'text/html', 'Content-Length': '548', 'Connection': 'keep-alive'}
[2026-09-11 22:25:20] Upload failed 404: requested=https://forums.greaterthangames.com/uploads/default/optimized/2X/4/43837255732b96a65c219760657de5b7c837cc36_2_231x500.jpeg, final=https://forums.greaterthangames.com/uploads/default/optimized/2X/4/43837255732b96a65c219760657de5b7c837cc36_2_231x500.jpeg,
[2026-09-11 22:25:20] Response headers: {'Server': 'nginx', 'Date': 'Fri, 11 Sep 2026 22:25:20 GMT', 'Content-Type': 'text/html', 'Content-Length': '548', 'Connection': 'keep-alive'}
[2026-09-11 22:25:26] Upload failed 404: requested=https://forums.greaterthangames.com/uploads/default/optimized/2X/8/880b4a4d26e82ac5a610d9068dd12f879a4cafe8_2_219x500.jpeg, final=https://forums.greaterthangames.com/uploads/default/optimized/2X/8/880b4a4d26e82ac5a610d9068dd12f879a4cafe8_2_219x500.jpeg,
[2026-09-11 22:25:26] Response headers: {'Server': 'nginx', 'Date': 'Fri, 11 Sep 2026 22:25:26 GMT', 'Content-Type': 'text/html', 'Content-Length': '548', 'Connection': 'keep-alive'}
[2026-09-11 22:25:31] [149/2954] Fetching topic 30105
[2026-09-11 22:25:32] [150/2954] Fetching topic 30103
[2026-09-11 22:25:33] [151/2954] Fetching topic 30098
[2026-09-11 22:25:34] Topic 30098: downloading 6 uploads
[2026-09-11 22:25:38] Upload failed 404: requested=https://forums.greaterthangames.com/uploads/default/optimized/2X/b/bdb204980fffe60469182970c02dbb3e24ade189_2_690x362.png, final=https://forums.greaterthangames.com/uploads/default/optimized/2X/b/bdb204980fffe60469182970c02dbb3e24ade189_2_690x362.png,
[2026-09-11 22:25:38] Response headers: {'Server': 'nginx', 'Date': 'Fri, 11 Sep 2026 22:25:38 GMT', 'Content-Type': 'text/html', 'Content-Length': '548', 'Connection': 'keep-alive'}
[2026-09-11 22:25:40] [152/2954] Fetching topic 30096
[2026-09-11 22:25:41] Topic 30096: downloading 7 uploads
[2026-09-11 22:25:45] Upload failed 404: requested=https://forums.greaterthangames.com/uploads/default/optimized/2X/e/e7d65fe93d7c7107802bdd07648f41cd73a900db_2_231x500.jpeg, final=https://forums.greaterthangames.com/uploads/default/optimized/2X/e/e7d65fe93d7c7107802bdd07648f41cd73a900db_2_231x500.jpeg,
[2026-09-11 22:25:45] Response headers: {'Server': 'nginx', 'Date': 'Fri, 11 Sep 2026 22:25:45 GMT', 'Content-Type': 'text/html', 'Content-Length': '548', 'Connection': 'keep-alive'}
[2026-09-11 22:25:49] [153/2954] Fetching topic 30095
[2026-09-11 22:25:50] Topic 30095: downloading 7 uploads
[2026-09-11 22:25:54] Upload failed 404: requested=https://forums.greaterthangames.com/uploads/default/optimized/2X/1/19006e5a1dad3f388a332a83f9c6c7686cb094d2_2_231x500.jpeg, final=https://forums.greaterthangames.com/uploads/default/optimized/2X/1/19006e5a1dad3f388a332a83f9c6c7686cb094d2_2_231x500.jpeg,
[2026-09-11 22:25:54] Response headers: {'Server': 'nginx', 'Date': 'Fri, 11 Sep 2026 22:25:54 GMT', 'Content-Type': 'text/html', 'Content-Length': '548', 'Connection': 'keep-alive'}
[2026-09-11 22:25:57] [154/2954] Fetching topic 30083
[2026-09-11 22:25:58] Topic 30083: downloading 20 uploads
[2026-09-11 22:26:04] Upload failed 404: requested=https://forums.greaterthangames.com/uploads/default/optimized/2X/7/783162ccf206bf8e2ec447de0fe5e40073200e99_2_231x500.jpeg, final=https://forums.greaterthangames.com/uploads/default/optimized/2X/7/783162ccf206bf8e2ec447de0fe5e40073200e99_2_231x500.jpeg,
[2026-09-11 22:26:04] Response headers: {'Server': 'nginx', 'Date': 'Fri, 11 Sep 2026 22:26:04 GMT', 'Content-Type': 'text/html', 'Content-Length': '548', 'Connection': 'keep-alive'}
[2026-09-11 22:26:11] Upload failed 404: requested=https://forums.greaterthangames.com/uploads/default/optimized/2X/c/c6f31b44dee2b966facd5a28f55e81d97c6d73f2_2_690x388.jpeg, final=https://forums.greaterthangames.com/uploads/default/optimized/2X/c/c6f31b44dee2b966facd5a28f55e81d97c6d73f2_2_690x388.jpeg,
[2026-09-11 22:26:11] Response headers: {'Server': 'nginx', 'Date': 'Fri, 11 Sep 2026 22:26:11 GMT', 'Content-Type': 'text/html', 'Content-Length': '548', 'Connection': 'keep-alive'}
[2026-09-11 22:26:14] Upload failed 404: requested=https://forums.greaterthangames.com/uploads/default/optimized/2X/e/e125821499cc8070b5086052270533c9ef93c8a7_2_231x500.jpeg, final=https://forums.greaterthangames.com/uploads/default/optimized/2X/e/e125821499cc8070b5086052270533c9ef93c8a7_2_231x500.jpeg,
[2026-09-11 22:26:14] Response headers: {'Server': 'nginx', 'Date': 'Fri, 11 Sep 2026 22:26:14 GMT', 'Content-Type': 'text/html', 'Content-Length': '548', 'Connection': 'keep-alive'}
[2026-09-11 22:26:19] [155/2954] Fetching topic 30085
[2026-09-11 22:26:20] Topic 30085: downloading 6 uploads
[2026-09-11 22:26:25] Upload failed 404: requested=https://forums.greaterthangames.com/uploads/default/optimized/2X/4/4bdd8fabaf5cf78a9c87c29d0e0759513016a769_2_690x139.png, final=https://forums.greaterthangames.com/uploads/default/optimized/2X/4/4bdd8fabaf5cf78a9c87c29d0e0759513016a769_2_690x139.png,
[2026-09-11 22:26:25] Response headers: {'Server': 'nginx', 'Date': 'Fri, 11 Sep 2026 22:26:25 GMT', 'Content-Type': 'text/html', 'Content-Length': '548', 'Connection': 'keep-alive'}
[2026-09-11 22:26:26] [156/2954] Fetching topic 30084
[2026-09-11 22:26:27] Topic 30084: downloading 14 uploads
[2026-09-11 22:26:32] Upload failed 404: requested=https://forums.greaterthangames.com/uploads/default/optimized/2X/8/8035490f4d2a7279cf303bb9c1dccfe7900e0cde_2_281x499.jpeg, final=https://forums.greaterthangames.com/uploads/default/optimized/2X/8/8035490f4d2a7279cf303bb9c1dccfe7900e0cde_2_281x499.jpeg,
[2026-09-11 22:26:32] Response headers: {'Server': 'nginx', 'Date': 'Fri, 11 Sep 2026 22:26:32 GMT', 'Content-Type': 'text/html', 'Content-Length': '548', 'Connection': 'keep-alive'}
[2026-09-11 22:26:38] Upload failed 404: requested=https://forums.greaterthangames.com/uploads/default/optimized/2X/e/e013f950a3713dff042f05ba8244a064b88b0519_2_281x499.jpeg, final=https://forums.greaterthangames.com/uploads/default/optimized/2X/e/e013f950a3713dff042f05ba8244a064b88b0519_2_281x499.jpeg,
[2026-09-11 22:26:38] Response headers: {'Server': 'nginx', 'Date': 'Fri, 11 Sep 2026 22:26:38 GMT', 'Content-Type': 'text/html', 'Content-Length': '548', 'Connection': 'keep-alive'}
[2026-09-11 22:26:42] [157/2954] Fetching topic 30076
[2026-09-11 22:26:43] Topic 30076: downloading 21 uploads
[2026-09-11 22:26:49] Upload failed 404: requested=https://forums.greaterthangames.com/uploads/default/optimized/2X/9/9b46c3d0728cacfdc5add3d350f8cbcbe6e04418_2_231x500.jpeg, final=https://forums.greaterthangames.com/uploads/default/optimized/2X/9/9b46c3d0728cacfdc5add3d350f8cbcbe6e04418_2_231x500.jpeg,
[2026-09-11 22:26:49] Response headers: {'Server': 'nginx', 'Date': 'Fri, 11 Sep 2026 22:26:49 GMT', 'Content-Type': 'text/html', 'Content-Length': '548', 'Connection': 'keep-alive'}
[2026-09-11 22:26:56] Upload failed 404: requested=https://forums.greaterthangames.com/uploads/default/optimized/2X/d/d0d324064e792e45952fab101ca16b81a5c651c9_2_690x431.jpeg, final=https://forums.greaterthangames.com/uploads/default/optimized/2X/d/d0d324064e792e45952fab101ca16b81a5c651c9_2_690x431.jpeg,
[2026-09-11 22:26:56] Response headers: {'Server': 'nginx', 'Date': 'Fri, 11 Sep 2026 22:26:56 GMT', 'Content-Type': 'text/html', 'Content-Length': '548', 'Connection': 'keep-alive'}
[2026-09-11 22:26:59] Upload failed 404: requested=https://forums.greaterthangames.com/uploads/default/optimized/2X/e/e2380f6013816e393d146c8b360b1da9d58478f5_2_231x500.jpeg, final=https://forums.greaterthangames.com/uploads/default/optimized/2X/e/e2380f6013816e393d146c8b360b1da9d58478f5_2_231x500.jpeg,
[2026-09-11 22:26:59] Response headers: {'Server': 'nginx', 'Date': 'Fri, 11 Sep 2026 22:26:59 GMT', 'Content-Type': 'text/html', 'Content-Length': '548', 'Connection': 'keep-alive'}
[2026-09-11 22:27:05] [158/2954] Fetching topic 30071
[2026-09-11 22:27:06] [159/2954] Fetching topic 30065
[2026-09-11 22:27:07] [160/2954] Fetching topic 30062
[2026-09-11 22:27:08] Topic 30062: downloading 7 uploads
[2026-09-11 22:27:12] Upload failed 404: requested=https://forums.greaterthangames.com/uploads/default/optimized/2X/6/6855b45e6bfdc7ec6fc6fdf14197f9e17d6398aa_2_231x500.jpeg, final=https://forums.greaterthangames.com/uploads/default/optimized/2X/6/6855b45e6bfdc7ec6fc6fdf14197f9e17d6398aa_2_231x500.jpeg,
[2026-09-11 22:27:12] Response headers: {'Server': 'nginx', 'Date': 'Fri, 11 Sep 2026 22:27:12 GMT', 'Content-Type': 'text/html', 'Content-Length': '548', 'Connection': 'keep-alive'}
[2026-09-11 22:27:15] [161/2954] Fetching topic 6981
[2026-09-11 22:27:16] Topic 6981: missing 477 posts; fetching in batches...
[2026-09-11 22:27:28] Topic 6981: downloading 33 uploads
[2026-09-11 22:28:01] [162/2954] Fetching topic 30056
[2026-09-11 22:28:02] Topic 30056: downloading 14 uploads
[2026-09-11 22:28:07] Upload failed 404: requested=https://forums.greaterthangames.com/uploads/default/optimized/2X/6/6c769236af83b350dff881f820fdd682d0ec43df_2_231x500.jpeg, final=https://forums.greaterthangames.com/uploads/default/optimized/2X/6/6c769236af83b350dff881f820fdd682d0ec43df_2_231x500.jpeg,
[2026-09-11 22:28:07] Response headers: {'Server': 'nginx', 'Date': 'Fri, 11 Sep 2026 22:28:07 GMT', 'Content-Type': 'text/html', 'Content-Length': '548', 'Connection': 'keep-alive'}
[2026-09-11 22:28:12] Upload failed 404: requested=https://forums.greaterthangames.com/uploads/default/optimized/2X/b/be50719dcd0bb6fd48e7fd8294438894084a866d_2_231x500.jpeg, final=https://forums.greaterthangames.com/uploads/default/optimized/2X/b/be50719dcd0bb6fd48e7fd8294438894084a866d_2_231x500.jpeg,
[2026-09-11 22:28:12] Response headers: {'Server': 'nginx', 'Date': 'Fri, 11 Sep 2026 22:28:12 GMT', 'Content-Type': 'text/html', 'Content-Length': '548', 'Connection': 'keep-alive'}
[2026-09-11 22:28:16] [163/2954] Fetching topic 30059
[2026-09-11 22:28:17] [164/2954] Fetching topic 30057
[2026-09-11 22:28:19] [165/2954] Fetching topic 30036
[2026-09-11 22:28:20] Topic 30036: downloading 2 uploads
[2026-09-11 22:28:22] [166/2954] Fetching topic 30047
[2026-09-11 22:28:23] Topic 30047: downloading 7 uploads
[2026-09-11 22:28:27] Upload failed 404: requested=https://forums.greaterthangames.com/uploads/default/optimized/2X/2/224f627e1897693e18ae1f19915cad3a8d2a78a7_2_281x499.jpeg, final=https://forums.greaterthangames.com/uploads/default/optimized/2X/2/224f627e1897693e18ae1f19915cad3a8d2a78a7_2_281x499.jpeg,
[2026-09-11 22:28:27] Response headers: {'Server': 'nginx', 'Date': 'Fri, 11 Sep 2026 22:28:27 GMT', 'Content-Type': 'text/html', 'Content-Length': '548', 'Connection': 'keep-alive'}
[2026-09-11 22:28:30] [167/2954] Fetching topic 30046
[2026-09-11 22:28:31] Topic 30046: downloading 21 uploads
[2026-09-11 22:28:37] Upload failed 404: requested=https://forums.greaterthangames.com/uploads/default/optimized/2X/2/2548a343e8cb372122f45c6b3a52e358b373702a_2_281x499.jpeg, final=https://forums.greaterthangames.com/uploads/default/optimized/2X/2/2548a343e8cb372122f45c6b3a52e358b373702a_2_281x499.jpeg,
[2026-09-11 22:28:37] Response headers: {'Server': 'nginx', 'Date': 'Fri, 11 Sep 2026 22:28:37 GMT', 'Content-Type': 'text/html', 'Content-Length': '548', 'Connection': 'keep-alive'}
[2026-09-11 22:28:42] Upload failed 404: requested=https://forums.greaterthangames.com/uploads/default/optimized/2X/d/d36c39be5da3383cb922b1e79b189b600c380866_2_231x500.jpeg, final=https://forums.greaterthangames.com/uploads/default/optimized/2X/d/d36c39be5da3383cb922b1e79b189b600c380866_2_231x500.jpeg,
[2026-09-11 22:28:42] Response headers: {'Server': 'nginx', 'Date': 'Fri, 11 Sep 2026 22:28:42 GMT', 'Content-Type': 'text/html', 'Content-Length': '548', 'Connection': 'keep-alive'}
[2026-09-11 22:28:48] Upload failed 404: requested=https://forums.greaterthangames.com/uploads/default/optimized/2X/d/d573cc936146eecd2d7cdb6280a8d63d1f9e2e8e_2_231x500.jpeg, final=https://forums.greaterthangames.com/uploads/default/optimized/2X/d/d573cc936146eecd2d7cdb6280a8d63d1f9e2e8e_2_231x500.jpeg,
[2026-09-11 22:28:48] Response headers: {'Server': 'nginx', 'Date': 'Fri, 11 Sep 2026 22:28:48 GMT', 'Content-Type': 'text/html', 'Content-Length': '548', 'Connection': 'keep-alive'}
[2026-09-11 22:28:53] [168/2954] Fetching topic 29923
[2026-09-11 22:28:54] [169/2954] Fetching topic 30035
[2026-09-11 22:28:55] [170/2954] Fetching topic 30034
[2026-09-11 22:28:56] Topic 30034: downloading 14 uploads
[2026-09-11 22:29:01] Upload failed 404: requested=https://forums.greaterthangames.com/uploads/default/optimized/2X/9/99173bea8e82ca5af8cd215f1cffbbf4ef029afc_2_231x500.jpeg, final=https://forums.greaterthangames.com/uploads/default/optimized/2X/9/99173bea8e82ca5af8cd215f1cffbbf4ef029afc_2_231x500.jpeg,
[2026-09-11 22:29:01] Response headers: {'Server': 'nginx', 'Date': 'Fri, 11 Sep 2026 22:29:01 GMT', 'Content-Type': 'text/html', 'Content-Length': '548', 'Connection': 'keep-alive'}
[2026-09-11 22:29:06] Upload failed 404: requested=https://forums.greaterthangames.com/uploads/default/optimized/2X/f/f703a98057f4c5503a9ca18938a5156911e53630_2_231x500.jpeg, final=https://forums.greaterthangames.com/uploads/default/optimized/2X/f/f703a98057f4c5503a9ca18938a5156911e53630_2_231x500.jpeg,
[2026-09-11 22:29:06] Response headers: {'Server': 'nginx', 'Date': 'Fri, 11 Sep 2026 22:29:06 GMT', 'Content-Type': 'text/html', 'Content-Length': '548', 'Connection': 'keep-alive'}
[2026-09-11 22:29:11] [171/2954] Fetching topic 30030
[2026-09-11 22:29:12] Topic 30030: downloading 7 uploads
[2026-09-11 22:29:16] Upload failed 404: requested=https://forums.greaterthangames.com/uploads/default/optimized/2X/d/d215b6471bfb79978af4a4096c99be9fd27e5a96_2_231x500.jpeg, final=https://forums.greaterthangames.com/uploads/default/optimized/2X/d/d215b6471bfb79978af4a4096c99be9fd27e5a96_2_231x500.jpeg,
[2026-09-11 22:29:16] Response headers: {'Server': 'nginx', 'Date': 'Fri, 11 Sep 2026 22:29:16 GMT', 'Content-Type': 'text/html', 'Content-Length': '548', 'Connection': 'keep-alive'}
[2026-09-11 22:29:19] [172/2954] Fetching topic 29955
[2026-09-11 22:29:20] [173/2954] Fetching topic 30015
[2026-09-11 22:29:21] [174/2954] Fetching topic 30008
[2026-09-11 22:29:22] Topic 30008: downloading 14 uploads
[2026-09-11 22:29:27] Upload failed 404: requested=https://forums.greaterthangames.com/uploads/default/optimized/2X/2/2bc444b1a09a24a741ca738553f27d9a7c0c0907_2_231x500.jpeg, final=https://forums.greaterthangames.com/uploads/default/optimized/2X/2/2bc444b1a09a24a741ca738553f27d9a7c0c0907_2_231x500.jpeg,
[2026-09-11 22:29:27] Response headers: {'Server': 'nginx', 'Date': 'Fri, 11 Sep 2026 22:29:27 GMT', 'Content-Type': 'text/html', 'Content-Length': '548', 'Connection': 'keep-alive'}
[2026-09-11 22:29:33] Upload failed 404: requested=https://forums.greaterthangames.com/uploads/default/optimized/2X/5/5a2b6d4e3128c1a36031fcfa8869bcbf8fb336d7_2_231x500.jpeg, final=https://forums.greaterthangames.com/uploads/default/optimized/2X/5/5a2b6d4e3128c1a36031fcfa8869bcbf8fb336d7_2_231x500.jpeg,
[2026-09-11 22:29:33] Response headers: {'Server': 'nginx', 'Date': 'Fri, 11 Sep 2026 22:29:33 GMT', 'Content-Type': 'text/html', 'Content-Length': '548', 'Connection': 'keep-alive'}
[2026-09-11 22:29:37] [175/2954] Fetching topic 29998
[2026-09-11 22:29:38] [176/2954] Fetching topic 29996
[2026-09-11 22:29:39] [177/2954] Fetching topic 29957
[2026-09-11 22:29:40] [178/2954] Fetching topic 29440
[2026-09-11 22:29:41] [179/2954] Fetching topic 29949
[2026-09-11 22:29:42] Topic 29949: downloading 21 uploads
[2026-09-11 22:29:49] Upload failed 404: requested=https://forums.greaterthangames.com/uploads/default/optimized/2X/2/23ef84f50816d62b69033db5143594d7469551f8_2_231x500.jpeg, final=https://forums.greaterthangames.com/uploads/default/optimized/2X/2/23ef84f50816d62b69033db5143594d7469551f8_2_231x500.jpeg,
[2026-09-11 22:29:49] Response headers: {'Server': 'nginx', 'Date': 'Fri, 11 Sep 2026 22:29:49 GMT', 'Content-Type': 'text/html', 'Content-Length': '548', 'Connection': 'keep-alive'}
[2026-09-11 22:29:54] Upload failed 404: requested=https://forums.greaterthangames.com/uploads/default/optimized/2X/9/9b319d6354b3f60f393f23b555cc7caf7295adfc_2_453x500.jpeg, final=https://forums.greaterthangames.com/uploads/default/optimized/2X/9/9b319d6354b3f60f393f23b555cc7caf7295adfc_2_453x500.jpeg,
[2026-09-11 22:29:54] Response headers: {'Server': 'nginx', 'Date': 'Fri, 11 Sep 2026 22:29:54 GMT', 'Content-Type': 'text/html', 'Content-Length': '548', 'Connection': 'keep-alive'}
[2026-09-11 22:29:59] Upload failed 404: requested=https://forums.greaterthangames.com/uploads/default/optimized/2X/d/d9ed1cb691627dfa712064916178e1e9305413fe_2_219x500.jpeg, final=https://forums.greaterthangames.com/uploads/default/optimized/2X/d/d9ed1cb691627dfa712064916178e1e9305413fe_2_219x500.jpeg,
[2026-09-11 22:29:59] Response headers: {'Server': 'nginx', 'Date': 'Fri, 11 Sep 2026 22:29:59 GMT', 'Content-Type': 'text/html', 'Content-Length': '548', 'Connection': 'keep-alive'}
[2026-09-11 22:30:04] [180/2954] Fetching topic 29942
[2026-09-11 22:30:05] Topic 29942: downloading 28 uploads
[2026-09-11 22:30:14] Upload failed 404: requested=https://forums.greaterthangames.com/uploads/default/optimized/2X/0/048e7212724b4a73dad1a298dc4da0470bd4c4f7_2_690x388.jpeg, final=https://forums.greaterthangames.com/uploads/default/optimized/2X/0/048e7212724b4a73dad1a298dc4da0470bd4c4f7_2_690x388.jpeg,
[2026-09-11 22:30:14] Response headers: {'Server': 'nginx', 'Date': 'Fri, 11 Sep 2026 22:30:14 GMT', 'Content-Type': 'text/html', 'Content-Length': '548', 'Connection': 'keep-alive'}
[2026-09-11 22:30:17] Upload failed 404: requested=https://forums.greaterthangames.com/uploads/default/optimized/2X/9/972a83bad94fb9f75f58ead001325fc6aba761fd_2_231x500.jpeg, final=https://forums.greaterthangames.com/uploads/default/optimized/2X/9/972a83bad94fb9f75f58ead001325fc6aba761fd_2_231x500.jpeg,
[2026-09-11 22:30:17] Response headers: {'Server': 'nginx', 'Date': 'Fri, 11 Sep 2026 22:30:17 GMT', 'Content-Type': 'text/html', 'Content-Length': '548', 'Connection': 'keep-alive'}
[2026-09-11 22:30:25] Upload failed 404: requested=https://forums.greaterthangames.com/uploads/default/optimized/2X/c/cc4b848315a5d7edbde43afd9972be9e96fe6b86_2_690x388.jpeg, final=https://forums.greaterthangames.com/uploads/default/optimized/2X/c/cc4b848315a5d7edbde43afd9972be9e96fe6b86_2_690x388.jpeg,
[2026-09-11 22:30:25] Response headers: {'Server': 'nginx', 'Date': 'Fri, 11 Sep 2026 22:30:25 GMT', 'Content-Type': 'text/html', 'Content-Length': '548', 'Connection': 'keep-alive'}
[2026-09-11 22:30:28] Upload failed 404: requested=https://forums.greaterthangames.com/uploads/default/optimized/2X/e/ea5aee9b92d50068db2c6cbe6e5ec358d5bde71e_2_219x500.jpeg, final=https://forums.greaterthangames.com/uploads/default/optimized/2X/e/ea5aee9b92d50068db2c6cbe6e5ec358d5bde71e_2_219x500.jpeg,
[2026-09-11 22:30:28] Response headers: {'Server': 'nginx', 'Date': 'Fri, 11 Sep 2026 22:30:28 GMT', 'Content-Type': 'text/html', 'Content-Length': '548', 'Connection': 'keep-alive'}
[2026-09-11 22:30:34] [181/2954] Fetching topic 29936
[2026-09-11 22:30:35] Topic 29936: downloading 21 uploads
[2026-09-11 22:30:41] Upload failed 404: requested=https://forums.greaterthangames.com/uploads/default/optimized/2X/0/00ee3f3a1399fc2a6af81addbf853165e6c01bc5_2_450x500.jpeg, final=https://forums.greaterthangames.com/uploads/default/optimized/2X/0/00ee3f3a1399fc2a6af81addbf853165e6c01bc5_2_450x500.jpeg,
[2026-09-11 22:30:41] Response headers: {'Server': 'nginx', 'Date': 'Fri, 11 Sep 2026 22:30:41 GMT', 'Content-Type': 'text/html', 'Content-Length': '548', 'Connection': 'keep-alive'}
[2026-09-11 22:30:46] Upload failed 404: requested=https://forums.greaterthangames.com/uploads/default/optimized/2X/a/a4e0c3c9326f800fec7a6bbae053ecccf04b0e09_2_231x500.jpeg, final=https://forums.greaterthangames.com/uploads/default/optimized/2X/a/a4e0c3c9326f800fec7a6bbae053ecccf04b0e09_2_231x500.jpeg,
[2026-09-11 22:30:46] Response headers: {'Server': 'nginx', 'Date': 'Fri, 11 Sep 2026 22:30:46 GMT', 'Content-Type': 'text/html', 'Content-Length': '548', 'Connection': 'keep-alive'}
[2026-09-11 22:30:51] Upload failed 404: requested=https://forums.greaterthangames.com/uploads/default/optimized/2X/f/f5642824783e52da579b2f1352e9192d6dd97e9e_2_231x500.jpeg, final=https://forums.greaterthangames.com/uploads/default/optimized/2X/f/f5642824783e52da579b2f1352e9192d6dd97e9e_2_231x500.jpeg,
[2026-09-11 22:30:51] Response headers: {'Server': 'nginx', 'Date': 'Fri, 11 Sep 2026 22:30:51 GMT', 'Content-Type': 'text/html', 'Content-Length': '548', 'Connection': 'keep-alive'}
[2026-09-11 22:30:57] [182/2954] Fetching topic 29842
[2026-09-11 22:30:58] Topic 29842: missing 44 posts; fetching in batches...
[2026-09-11 22:30:59] Topic 29842: downloading 14 uploads
[2026-09-11 22:31:05] Upload failed 404: requested=https://forums.greaterthangames.com/uploads/default/optimized/2X/3/3772ae38580fcd0c262e060f3a1ab148bbe68f16_2_666x500.jpeg, final=https://forums.greaterthangames.com/uploads/default/optimized/2X/3/3772ae38580fcd0c262e060f3a1ab148bbe68f16_2_666x500.jpeg,
[2026-09-11 22:31:05] Response headers: {'Server': 'nginx', 'Date': 'Fri, 11 Sep 2026 22:31:05 GMT', 'Content-Type': 'text/html', 'Content-Length': '548', 'Connection': 'keep-alive'}
[2026-09-11 22:31:10] Upload failed 404: requested=https://forums.greaterthangames.com/uploads/default/optimized/2X/c/c3223259427bb6fa8be4c5cbaa480d4bd3948f51_2_666x500.jpeg, final=https://forums.greaterthangames.com/uploads/default/optimized/2X/c/c3223259427bb6fa8be4c5cbaa480d4bd3948f51_2_666x500.jpeg,
[2026-09-11 22:31:10] Response headers: {'Server': 'nginx', 'Date': 'Fri, 11 Sep 2026 22:31:10 GMT', 'Content-Type': 'text/html', 'Content-Length': '548', 'Connection': 'keep-alive'}
[2026-09-11 22:31:13] [183/2954] Fetching topic 29922
[2026-09-11 22:31:14] Topic 29922: downloading 42 uploads
[2026-09-11 22:31:23] Upload failed 404: requested=https://forums.greaterthangames.com/uploads/default/optimized/2X/4/46e9e09facdfe836b50592d454296ab45496b8aa_2_231x500.jpeg, final=https://forums.greaterthangames.com/uploads/default/optimized/2X/4/46e9e09facdfe836b50592d454296ab45496b8aa_2_231x500.jpeg,
[2026-09-11 22:31:23] Response headers: {'Server': 'nginx', 'Date': 'Fri, 11 Sep 2026 22:31:23 GMT', 'Content-Type': 'text/html', 'Content-Length': '548', 'Connection': 'keep-alive'}
[2026-09-11 22:31:29] Upload failed 404: requested=https://forums.greaterthangames.com/uploads/default/optimized/2X/6/68b78000ec5b4d71d9dfd0cc266683498a1d3da2_2_231x500.jpeg, final=https://forums.greaterthangames.com/uploads/default/optimized/2X/6/68b78000ec5b4d71d9dfd0cc266683498a1d3da2_2_231x500.jpeg,
[2026-09-11 22:31:29] Response headers: {'Server': 'nginx', 'Date': 'Fri, 11 Sep 2026 22:31:29 GMT', 'Content-Type': 'text/html', 'Content-Length': '548', 'Connection': 'keep-alive'}
[2026-09-11 22:31:34] Upload failed 404: requested=https://forums.greaterthangames.com/uploads/default/optimized/2X/7/71dbda85a65385cb776dbe2a2d092ecf904ffa3b_2_231x500.jpeg, final=https://forums.greaterthangames.com/uploads/default/optimized/2X/7/71dbda85a65385cb776dbe2a2d092ecf904ffa3b_2_231x500.jpeg,
[2026-09-11 22:31:34] Response headers: {'Server': 'nginx', 'Date': 'Fri, 11 Sep 2026 22:31:34 GMT', 'Content-Type': 'text/html', 'Content-Length': '548', 'Connection': 'keep-alive'}
[2026-09-11 22:31:39] Upload failed 404: requested=https://forums.greaterthangames.com/uploads/default/optimized/2X/b/b167b0d9056f886d1fb2c21263a3a721293a583a_2_219x500.jpeg, final=https://forums.greaterthangames.com/uploads/default/optimized/2X/b/b167b0d9056f886d1fb2c21263a3a721293a583a_2_219x500.jpeg,
[2026-09-11 22:31:39] Response headers: {'Server': 'nginx', 'Date': 'Fri, 11 Sep 2026 22:31:39 GMT', 'Content-Type': 'text/html', 'Content-Length': '548', 'Connection': 'keep-alive'}
[2026-09-11 22:31:44] Upload failed 404: requested=https://forums.greaterthangames.com/uploads/default/optimized/2X/d/db1bfc8c122b5cd5f8f743d9db42315cb2e2e6db_2_231x500.jpeg, final=https://forums.greaterthangames.com/uploads/default/optimized/2X/d/db1bfc8c122b5cd5f8f743d9db42315cb2e2e6db_2_231x500.jpeg,
[2026-09-11 22:31:44] Response headers: {'Server': 'nginx', 'Date': 'Fri, 11 Sep 2026 22:31:44 GMT', 'Content-Type': 'text/html', 'Content-Length': '548', 'Connection': 'keep-alive'}
[2026-09-11 22:31:51] Upload failed 404: requested=https://forums.greaterthangames.com/uploads/default/optimized/2X/d/df45d58ea8486ddeecd3b9a3df5bbcd74eaaf74e_2_690x388.jpeg, final=https://forums.greaterthangames.com/uploads/default/optimized/2X/d/df45d58ea8486ddeecd3b9a3df5bbcd74eaaf74e_2_690x388.jpeg,
[2026-09-11 22:31:51] Response headers: {'Server': 'nginx', 'Date': 'Fri, 11 Sep 2026 22:31:51 GMT', 'Content-Type': 'text/html', 'Content-Length': '548', 'Connection': 'keep-alive'}
[2026-09-11 22:31:58] [184/2954] Fetching topic 29927
[2026-09-11 22:31:59] [185/2954] Fetching topic 29917
[2026-09-11 22:32:00] Topic 29917: downloading 6 uploads
[2026-09-11 22:32:03] [186/2954] Fetching topic 29910
[2026-09-11 22:32:04] Topic 29910: downloading 27 uploads
[2026-09-11 22:32:13] Upload failed 404: requested=https://forums.greaterthangames.com/uploads/default/optimized/2X/2/254e6e24698f74e98ca56f6b09061a49f3d9519b_2_219x500.jpeg, final=https://forums.greaterthangames.com/uploads/default/optimized/2X/2/254e6e24698f74e98ca56f6b09061a49f3d9519b_2_219x500.jpeg,
[2026-09-11 22:32:13] Response headers: {'Server': 'nginx', 'Date': 'Fri, 11 Sep 2026 22:32:13 GMT', 'Content-Type': 'text/html', 'Content-Length': '548', 'Connection': 'keep-alive'}
[2026-09-11 22:32:19] Upload failed 404: requested=https://forums.greaterthangames.com/uploads/default/optimized/2X/6/6c480f8c47c79dbcc5f6802de397e44956f77466_2_231x500.jpeg, final=https://forums.greaterthangames.com/uploads/default/optimized/2X/6/6c480f8c47c79dbcc5f6802de397e44956f77466_2_231x500.jpeg,
[2026-09-11 22:32:19] Response headers: {'Server': 'nginx', 'Date': 'Fri, 11 Sep 2026 22:32:19 GMT', 'Content-Type': 'text/html', 'Content-Length': '548', 'Connection': 'keep-alive'}
[2026-09-11 22:32:24] Upload failed 404: requested=https://forums.greaterthangames.com/uploads/default/optimized/2X/f/ff1f9faf02dcfed3f7a3cdcc2a4e2c748597b324_2_231x500.jpeg, final=https://forums.greaterthangames.com/uploads/default/optimized/2X/f/ff1f9faf02dcfed3f7a3cdcc2a4e2c748597b324_2_231x500.jpeg,
[2026-09-11 22:32:24] Response headers: {'Server': 'nginx', 'Date': 'Fri, 11 Sep 2026 22:32:24 GMT', 'Content-Type': 'text/html', 'Content-Length': '548', 'Connection': 'keep-alive'}
[2026-09-11 22:32:32] [187/2954] Fetching topic 29468
[2026-09-11 22:32:33] Topic 29468: missing 12 posts; fetching in batches...
[2026-09-11 22:32:34] Topic 29468: downloading 7 uploads
[2026-09-11 22:32:38] Upload failed 404: requested=https://forums.greaterthangames.com/uploads/default/optimized/2X/9/9a5214a6dd306393805e68f2487f97ab34b57134_2_500x500.png, final=https://forums.greaterthangames.com/uploads/default/optimized/2X/9/9a5214a6dd306393805e68f2487f97ab34b57134_2_500x500.png,
[2026-09-11 22:32:38] Response headers: {'Server': 'nginx', 'Date': 'Fri, 11 Sep 2026 22:32:38 GMT', 'Content-Type': 'text/html', 'Content-Length': '548', 'Connection': 'keep-alive'}
[2026-09-11 22:32:41] [188/2954] Fetching topic 29907
[2026-09-11 22:32:42] Topic 29907: downloading 14 uploads
[2026-09-11 22:32:47] Upload failed 404: requested=https://forums.greaterthangames.com/uploads/default/optimized/2X/0/005e414e6dd5584a356698ac28cd907c376061d9_2_225x500.jpeg, final=https://forums.greaterthangames.com/uploads/default/optimized/2X/0/005e414e6dd5584a356698ac28cd907c376061d9_2_225x500.jpeg,
[2026-09-11 22:32:47] Response headers: {'Server': 'nginx', 'Date': 'Fri, 11 Sep 2026 22:32:47 GMT', 'Content-Type': 'text/html', 'Content-Length': '548', 'Connection': 'keep-alive'}
[2026-09-11 22:32:52] Upload failed 404: requested=https://forums.greaterthangames.com/uploads/default/optimized/2X/9/936caa63514a62acf8463303886d7ef600b8f04e_2_225x500.jpeg, final=https://forums.greaterthangames.com/uploads/default/optimized/2X/9/936caa63514a62acf8463303886d7ef600b8f04e_2_225x500.jpeg,
[2026-09-11 22:32:52] Response headers: {'Server': 'nginx', 'Date': 'Fri, 11 Sep 2026 22:32:52 GMT', 'Content-Type': 'text/html', 'Content-Length': '548', 'Connection': 'keep-alive'}
[2026-09-11 22:32:57] [189/2954] Fetching topic 29901
[2026-09-11 22:32:58] Topic 29901: downloading 35 uploads
[2026-09-11 22:33:06] Upload failed 404: requested=https://forums.greaterthangames.com/uploads/default/optimized/2X/1/170477bb375f70aa69890c2a8cea3618728eb117_2_225x500.jpeg, final=https://forums.greaterthangames.com/uploads/default/optimized/2X/1/170477bb375f70aa69890c2a8cea3618728eb117_2_225x500.jpeg,
[2026-09-11 22:33:06] Response headers: {'Server': 'nginx', 'Date': 'Fri, 11 Sep 2026 22:33:05 GMT', 'Content-Type': 'text/html', 'Content-Length': '548', 'Connection': 'keep-alive'}
[2026-09-11 22:33:11] Upload failed 404: requested=https://forums.greaterthangames.com/uploads/default/optimized/2X/5/544ec3cbb090c1c305603084eca33a9c742ad12f_2_231x500.jpeg, final=https://forums.greaterthangames.com/uploads/default/optimized/2X/5/544ec3cbb090c1c305603084eca33a9c742ad12f_2_231x500.jpeg,
[2026-09-11 22:33:11] Response headers: {'Server': 'nginx', 'Date': 'Fri, 11 Sep 2026 22:33:11 GMT', 'Content-Type': 'text/html', 'Content-Length': '548', 'Connection': 'keep-alive'}
[2026-09-11 22:33:16] Upload failed 404: requested=https://forums.greaterthangames.com/uploads/default/optimized/2X/6/6fd93c18e8508e6339551afe70752d3aaa854a40_2_219x500.jpeg, final=https://forums.greaterthangames.com/uploads/default/optimized/2X/6/6fd93c18e8508e6339551afe70752d3aaa854a40_2_219x500.jpeg,
[2026-09-11 22:33:16] Response headers: {'Server': 'nginx', 'Date': 'Fri, 11 Sep 2026 22:33:16 GMT', 'Content-Type': 'text/html', 'Content-Length': '548', 'Connection': 'keep-alive'}
[2026-09-11 22:33:21] Upload failed 404: requested=https://forums.greaterthangames.com/uploads/default/optimized/2X/7/70e5a518f5cc0a4c524bc167e83bcfdfd821f243_2_231x500.jpeg, final=https://forums.greaterthangames.com/uploads/default/optimized/2X/7/70e5a518f5cc0a4c524bc167e83bcfdfd821f243_2_231x500.jpeg,
[2026-09-11 22:33:21] Response headers: {'Server': 'nginx', 'Date': 'Fri, 11 Sep 2026 22:33:21 GMT', 'Content-Type': 'text/html', 'Content-Length': '548', 'Connection': 'keep-alive'}
[2026-09-11 22:33:26] Upload failed 404: requested=https://forums.greaterthangames.com/uploads/default/optimized/2X/c/c68fc6e65f785728aae082233f34a0b58ed13622_2_225x500.jpeg, final=https://forums.greaterthangames.com/uploads/default/optimized/2X/c/c68fc6e65f785728aae082233f34a0b58ed13622_2_225x500.jpeg,
[2026-09-11 22:33:26] Response headers: {'Server': 'nginx', 'Date': 'Fri, 11 Sep 2026 22:33:26 GMT', 'Content-Type': 'text/html', 'Content-Length': '548', 'Connection': 'keep-alive'}
[2026-09-11 22:33:34] [190/2954] Fetching topic 29890
[2026-09-11 22:33:35] Topic 29890: downloading 21 uploads
[2026-09-11 22:33:41] Upload failed 404: requested=https://forums.greaterthangames.com/uploads/default/optimized/2X/2/233e7675ba77a546ac2758ec575cf5c2faa4f0d7_2_231x500.jpeg, final=https://forums.greaterthangames.com/uploads/default/optimized/2X/2/233e7675ba77a546ac2758ec575cf5c2faa4f0d7_2_231x500.jpeg,
[2026-09-11 22:33:41] Response headers: {'Server': 'nginx', 'Date': 'Fri, 11 Sep 2026 22:33:41 GMT', 'Content-Type': 'text/html', 'Content-Length': '548', 'Connection': 'keep-alive'}
[2026-09-11 22:33:46] Upload failed 404: requested=https://forums.greaterthangames.com/uploads/default/optimized/2X/4/4f668a7b8bfab30c8f0aedc8ac2174b6e597a978_2_231x500.jpeg, final=https://forums.greaterthangames.com/uploads/default/optimized/2X/4/4f668a7b8bfab30c8f0aedc8ac2174b6e597a978_2_231x500.jpeg,
[2026-09-11 22:33:46] Response headers: {'Server': 'nginx', 'Date': 'Fri, 11 Sep 2026 22:33:46 GMT', 'Content-Type': 'text/html', 'Content-Length': '548', 'Connection': 'keep-alive'}
[2026-09-11 22:33:51] Upload failed 404: requested=https://forums.greaterthangames.com/uploads/default/optimized/2X/5/51278085cf74987d4cde781876055f179e0f2e01_2_225x500.jpeg, final=https://forums.greaterthangames.com/uploads/default/optimized/2X/5/51278085cf74987d4cde781876055f179e0f2e01_2_225x500.jpeg,
[2026-09-11 22:33:51] Response headers: {'Server': 'nginx', 'Date': 'Fri, 11 Sep 2026 22:33:51 GMT', 'Content-Type': 'text/html', 'Content-Length': '548', 'Connection': 'keep-alive'}
[2026-09-11 22:33:56] [191/2954] Fetching topic 29897
[2026-09-11 22:33:57] [192/2954] Fetching topic 29869
[2026-09-11 22:33:59] Topic 29869: downloading 14 uploads
[2026-09-11 22:34:04] Upload failed 404: requested=https://forums.greaterthangames.com/uploads/default/optimized/2X/5/5c953d3fb00e3588af889a6c7dd697fb6ef9f06e_2_219x500.jpeg, final=https://forums.greaterthangames.com/uploads/default/optimized/2X/5/5c953d3fb00e3588af889a6c7dd697fb6ef9f06e_2_219x500.jpeg,
[2026-09-11 22:34:04] Response headers: {'Server': 'nginx', 'Date': 'Fri, 11 Sep 2026 22:34:04 GMT', 'Content-Type': 'text/html', 'Content-Length': '548', 'Connection': 'keep-alive'}
[2026-09-11 22:34:09] Upload failed 404: requested=https://forums.greaterthangames.com/uploads/default/optimized/2X/f/fb491913678632ad9286cd15f5c4f435c8d3809d_2_231x500.jpeg, final=https://forums.greaterthangames.com/uploads/default/optimized/2X/f/fb491913678632ad9286cd15f5c4f435c8d3809d_2_231x500.jpeg,
[2026-09-11 22:34:09] Response headers: {'Server': 'nginx', 'Date': 'Fri, 11 Sep 2026 22:34:09 GMT', 'Content-Type': 'text/html', 'Content-Length': '548', 'Connection': 'keep-alive'}
[2026-09-11 22:34:13] [193/2954] Fetching topic 29003
[2026-09-11 22:34:14] Topic 29003: missing 80 posts; fetching in batches...
[2026-09-11 22:34:16] Topic 29003: downloading 1 uploads
[2026-09-11 22:34:16] [194/2954] Fetching topic 29856
[2026-09-11 22:34:17] [195/2954] Fetching topic 29843
[2026-09-11 22:34:19] Topic 29843: downloading 35 uploads
[2026-09-11 22:34:27] Upload failed 404: requested=https://forums.greaterthangames.com/uploads/default/optimized/2X/6/6335e5aa6b2c627ccd635e2dad02519b7e8fd790_2_219x500.jpeg, final=https://forums.greaterthangames.com/uploads/default/optimized/2X/6/6335e5aa6b2c627ccd635e2dad02519b7e8fd790_2_219x500.jpeg,
[2026-09-11 22:34:27] Response headers: {'Server': 'nginx', 'Date': 'Fri, 11 Sep 2026 22:34:27 GMT', 'Content-Type': 'text/html', 'Content-Length': '548', 'Connection': 'keep-alive'}
[2026-09-11 22:34:32] Upload failed 404: requested=https://forums.greaterthangames.com/uploads/default/optimized/2X/9/91d1fa6b8adbb0001ea80b73b1c128e8dc6fdd80_2_231x500.jpeg, final=https://forums.greaterthangames.com/uploads/default/optimized/2X/9/91d1fa6b8adbb0001ea80b73b1c128e8dc6fdd80_2_231x500.jpeg,
[2026-09-11 22:34:32] Response headers: {'Server': 'nginx', 'Date': 'Fri, 11 Sep 2026 22:34:32 GMT', 'Content-Type': 'text/html', 'Content-Length': '548', 'Connection': 'keep-alive'}
[2026-09-11 22:34:37] Upload failed 404: requested=https://forums.greaterthangames.com/uploads/default/optimized/2X/b/b71113d8cd250b2378a3238e729af9402649e472_2_225x500.jpeg, final=https://forums.greaterthangames.com/uploads/default/optimized/2X/b/b71113d8cd250b2378a3238e729af9402649e472_2_225x500.jpeg,
[2026-09-11 22:34:37] Response headers: {'Server': 'nginx', 'Date': 'Fri, 11 Sep 2026 22:34:37 GMT', 'Content-Type': 'text/html', 'Content-Length': '548', 'Connection': 'keep-alive'}
[2026-09-11 22:34:42] Upload failed 404: requested=https://forums.greaterthangames.com/uploads/default/optimized/2X/e/ec9ce96549bae0d9850d293a360aa30d1beb881d_2_231x500.jpeg, final=https://forums.greaterthangames.com/uploads/default/optimized/2X/e/ec9ce96549bae0d9850d293a360aa30d1beb881d_2_231x500.jpeg,
[2026-09-11 22:34:42] Response headers: {'Server': 'nginx', 'Date': 'Fri, 11 Sep 2026 22:34:42 GMT', 'Content-Type': 'text/html', 'Content-Length': '548', 'Connection': 'keep-alive'}
[2026-09-11 22:34:49] Upload failed 404: requested=https://forums.greaterthangames.com/uploads/default/optimized/2X/f/fe3bb1d1ddf2ff5870bbdc55c70b182a7bd7cb8e_2_690x388.jpeg, final=https://forums.greaterthangames.com/uploads/default/optimized/2X/f/fe3bb1d1ddf2ff5870bbdc55c70b182a7bd7cb8e_2_690x388.jpeg,
[2026-09-11 22:34:49] Response headers: {'Server': 'nginx', 'Date': 'Fri, 11 Sep 2026 22:34:49 GMT', 'Content-Type': 'text/html', 'Content-Length': '548', 'Connection': 'keep-alive'}
[2026-09-11 22:34:55] [196/2954] Fetching topic 29833
[2026-09-11 22:34:56] Topic 29833: downloading 35 uploads
[2026-09-11 22:35:04] Upload failed 404: requested=https://forums.greaterthangames.com/uploads/default/optimized/2X/3/3fb34a7a79ba41d676e1d2de680ffeda3659066a_2_231x500.jpeg, final=https://forums.greaterthangames.com/uploads/default/optimized/2X/3/3fb34a7a79ba41d676e1d2de680ffeda3659066a_2_231x500.jpeg,
[2026-09-11 22:35:04] Response headers: {'Server': 'nginx', 'Date': 'Fri, 11 Sep 2026 22:35:04 GMT', 'Content-Type': 'text/html', 'Content-Length': '548', 'Connection': 'keep-alive'}
[2026-09-11 22:35:09] Upload failed 404: requested=https://forums.greaterthangames.com/uploads/default/optimized/2X/5/5e65d23272aa885fafea1456d0bb374e3ec96b4c_2_231x500.jpeg, final=https://forums.greaterthangames.com/uploads/default/optimized/2X/5/5e65d23272aa885fafea1456d0bb374e3ec96b4c_2_231x500.jpeg,
[2026-09-11 22:35:09] Response headers: {'Server': 'nginx', 'Date': 'Fri, 11 Sep 2026 22:35:09 GMT', 'Content-Type': 'text/html', 'Content-Length': '548', 'Connection': 'keep-alive'}
[2026-09-11 22:35:14] Upload failed 404: requested=https://forums.greaterthangames.com/uploads/default/optimized/2X/6/65856e6ed611354ce5c07241fabca646e7008df1_2_231x500.jpeg, final=https://forums.greaterthangames.com/uploads/default/optimized/2X/6/65856e6ed611354ce5c07241fabca646e7008df1_2_231x500.jpeg,
[2026-09-11 22:35:14] Response headers: {'Server': 'nginx', 'Date': 'Fri, 11 Sep 2026 22:35:14 GMT', 'Content-Type': 'text/html', 'Content-Length': '548', 'Connection': 'keep-alive'}
[2026-09-11 22:35:21] Upload failed 404: requested=https://forums.greaterthangames.com/uploads/default/optimized/2X/f/fb4546afaffb3ebd3aff96461bb79a9c8934c13b_2_690x388.jpeg, final=https://forums.greaterthangames.com/uploads/default/optimized/2X/f/fb4546afaffb3ebd3aff96461bb79a9c8934c13b_2_690x388.jpeg,
[2026-09-11 22:35:21] Response headers: {'Server': 'nginx', 'Date': 'Fri, 11 Sep 2026 22:35:21 GMT', 'Content-Type': 'text/html', 'Content-Length': '548', 'Connection': 'keep-alive'}
[2026-09-11 22:35:24] Upload failed 404: requested=https://forums.greaterthangames.com/uploads/default/optimized/2X/f/fd69dab630f7e639871d39ae26d78017833ef5fe_2_219x500.jpeg, final=https://forums.greaterthangames.com/uploads/default/optimized/2X/f/fd69dab630f7e639871d39ae26d78017833ef5fe_2_219x500.jpeg,
[2026-09-11 22:35:24] Response headers: {'Server': 'nginx', 'Date': 'Fri, 11 Sep 2026 22:35:24 GMT', 'Content-Type': 'text/html', 'Content-Length': '548', 'Connection': 'keep-alive'}
[2026-09-11 22:35:31] [197/2954] Fetching topic 29743
[2026-09-11 22:35:32] Topic 29743: missing 7 posts; fetching in batches...
[2026-09-11 22:35:33] Topic 29743: downloading 2 uploads
[2026-09-11 22:35:36] [198/2954] Fetching topic 29814
[2026-09-11 22:35:37] Topic 29814: downloading 42 uploads
[2026-09-11 22:35:46] Upload failed 404: requested=https://forums.greaterthangames.com/uploads/default/optimized/2X/0/015f5b495bab19e0bbe3a13759f959def001432e_2_225x500.jpeg, final=https://forums.greaterthangames.com/uploads/default/optimized/2X/0/015f5b495bab19e0bbe3a13759f959def001432e_2_225x500.jpeg,
[2026-09-11 22:35:46] Response headers: {'Server': 'nginx', 'Date': 'Fri, 11 Sep 2026 22:35:46 GMT', 'Content-Type': 'text/html', 'Content-Length': '548', 'Connection': 'keep-alive'}
[2026-09-11 22:35:51] Upload failed 404: requested=https://forums.greaterthangames.com/uploads/default/optimized/2X/5/52836935dac29668f8acd6586971c9e48a2799dd_2_219x500.jpeg, final=https://forums.greaterthangames.com/uploads/default/optimized/2X/5/52836935dac29668f8acd6586971c9e48a2799dd_2_219x500.jpeg,
[2026-09-11 22:35:51] Response headers: {'Server': 'nginx', 'Date': 'Fri, 11 Sep 2026 22:35:51 GMT', 'Content-Type': 'text/html', 'Content-Length': '548', 'Connection': 'keep-alive'}
[2026-09-11 22:35:56] Upload failed 404: requested=https://forums.greaterthangames.com/uploads/default/optimized/2X/8/8d9c0856a99a036da7a885f5c34f8f293e8c8c2e_2_231x500.jpeg, final=https://forums.greaterthangames.com/uploads/default/optimized/2X/8/8d9c0856a99a036da7a885f5c34f8f293e8c8c2e_2_231x500.jpeg,
[2026-09-11 22:35:56] Response headers: {'Server': 'nginx', 'Date': 'Fri, 11 Sep 2026 22:35:56 GMT', 'Content-Type': 'text/html', 'Content-Length': '548', 'Connection': 'keep-alive'}
[2026-09-11 22:36:01] Upload failed 404: requested=https://forums.greaterthangames.com/uploads/default/optimized/2X/d/d30b06ef37b4b94529b3703bd476e12237495a8e_2_231x500.jpeg, final=https://forums.greaterthangames.com/uploads/default/optimized/2X/d/d30b06ef37b4b94529b3703bd476e12237495a8e_2_231x500.jpeg,
[2026-09-11 22:36:01] Response headers: {'Server': 'nginx', 'Date': 'Fri, 11 Sep 2026 22:36:01 GMT', 'Content-Type': 'text/html', 'Content-Length': '548', 'Connection': 'keep-alive'}
[2026-09-11 22:36:08] Upload failed 404: requested=https://forums.greaterthangames.com/uploads/default/optimized/2X/e/e785eecd7966c4405653d9ac713b6f90229efa74_2_690x388.jpeg, final=https://forums.greaterthangames.com/uploads/default/optimized/2X/e/e785eecd7966c4405653d9ac713b6f90229efa74_2_690x388.jpeg,
[2026-09-11 22:36:08] Response headers: {'Server': 'nginx', 'Date': 'Fri, 11 Sep 2026 22:36:08 GMT', 'Content-Type': 'text/html', 'Content-Length': '548', 'Connection': 'keep-alive'}
[2026-09-11 22:36:12] Upload failed 404: requested=https://forums.greaterthangames.com/uploads/default/optimized/2X/e/ec89f530d62197e88b410250952ec2e21f0d5034_2_345x194.jpeg, final=https://forums.greaterthangames.com/uploads/default/optimized/2X/e/ec89f530d62197e88b410250952ec2e21f0d5034_2_345x194.jpeg,
[2026-09-11 22:36:12] Response headers: {'Server': 'nginx', 'Date': 'Fri, 11 Sep 2026 22:36:11 GMT', 'Content-Type': 'text/html', 'Content-Length': '548', 'Connection': 'keep-alive'}
[2026-09-11 22:36:20] [199/2954] Fetching topic 29823
[2026-09-11 22:36:21] [200/2954] Fetching topic 29812
[2026-09-11 22:36:22] [201/2954] Fetching topic 29805
[2026-09-11 22:36:23] Topic 29805: downloading 21 uploads
[2026-09-11 22:36:29] Upload failed 404: requested=https://forums.greaterthangames.com/uploads/default/optimized/2X/0/088b2819dd1ceb882e417c3564f3f9d89959b612_2_225x500.jpeg, final=https://forums.greaterthangames.com/uploads/default/optimized/2X/0/088b2819dd1ceb882e417c3564f3f9d89959b612_2_225x500.jpeg,
[2026-09-11 22:36:29] Response headers: {'Server': 'nginx', 'Date': 'Fri, 11 Sep 2026 22:36:29 GMT', 'Content-Type': 'text/html', 'Content-Length': '548', 'Connection': 'keep-alive'}
[2026-09-11 22:36:36] Upload failed 404: requested=https://forums.greaterthangames.com/uploads/default/optimized/2X/2/2974d194885c2930ff34051895dc1ad617f7b02b_2_690x388.jpeg, final=https://forums.greaterthangames.com/uploads/default/optimized/2X/2/2974d194885c2930ff34051895dc1ad617f7b02b_2_690x388.jpeg,
[2026-09-11 22:36:36] Response headers: {'Server': 'nginx', 'Date': 'Fri, 11 Sep 2026 22:36:36 GMT', 'Content-Type': 'text/html', 'Content-Length': '548', 'Connection': 'keep-alive'}
[2026-09-11 22:36:39] Upload failed 404: requested=https://forums.greaterthangames.com/uploads/default/optimized/2X/e/e7d18830f2c1f66072c677b2ec9a7237eda47f90_2_231x500.jpeg, final=https://forums.greaterthangames.com/uploads/default/optimized/2X/e/e7d18830f2c1f66072c677b2ec9a7237eda47f90_2_231x500.jpeg,
[2026-09-11 22:36:39] Response headers: {'Server': 'nginx', 'Date': 'Fri, 11 Sep 2026 22:36:39 GMT', 'Content-Type': 'text/html', 'Content-Length': '548', 'Connection': 'keep-alive'}
[2026-09-11 22:36:45] [202/2954] Fetching topic 29800
[2026-09-11 22:36:46] Topic 29800: downloading 27 uploads
[2026-09-11 22:36:53] Upload failed 404: requested=https://forums.greaterthangames.com/uploads/default/optimized/2X/3/337e888260adf39b1fd7cb3e70827f3ecf5eef88_2_225x500.jpeg, final=https://forums.greaterthangames.com/uploads/default/optimized/2X/3/337e888260adf39b1fd7cb3e70827f3ecf5eef88_2_225x500.jpeg,
[2026-09-11 22:36:53] Response headers: {'Server': 'nginx', 'Date': 'Fri, 11 Sep 2026 22:36:53 GMT', 'Content-Type': 'text/html', 'Content-Length': '548', 'Connection': 'keep-alive'}
[2026-09-11 22:36:58] Upload failed 404: requested=https://forums.greaterthangames.com/uploads/default/optimized/2X/6/6d283ffa226737bd53e90371bc6ff216b845b79a_2_231x500.jpeg, final=https://forums.greaterthangames.com/uploads/default/optimized/2X/6/6d283ffa226737bd53e90371bc6ff216b845b79a_2_231x500.jpeg,
[2026-09-11 22:36:58] Response headers: {'Server': 'nginx', 'Date': 'Fri, 11 Sep 2026 22:36:58 GMT', 'Content-Type': 'text/html', 'Content-Length': '548', 'Connection': 'keep-alive'}
[2026-09-11 22:37:03] Upload failed 404: requested=https://forums.greaterthangames.com/uploads/default/optimized/2X/7/7e9207eca9001d631b9aca44750ac121a12173bb_2_231x500.jpeg, final=https://forums.greaterthangames.com/uploads/default/optimized/2X/7/7e9207eca9001d631b9aca44750ac121a12173bb_2_231x500.jpeg,
[2026-09-11 22:37:03] Response headers: {'Server': 'nginx', 'Date': 'Fri, 11 Sep 2026 22:37:03 GMT', 'Content-Type': 'text/html', 'Content-Length': '548', 'Connection': 'keep-alive'}
[2026-09-11 22:37:09] Upload failed 404: requested=https://forums.greaterthangames.com/uploads/default/optimized/2X/b/be06241b34acd689c768e880aef9dd22022de6f3_2_690x388.jpeg, final=https://forums.greaterthangames.com/uploads/default/optimized/2X/b/be06241b34acd689c768e880aef9dd22022de6f3_2_690x388.jpeg,
[2026-09-11 22:37:09] Response headers: {'Server': 'nginx', 'Date': 'Fri, 11 Sep 2026 22:37:09 GMT', 'Content-Type': 'text/html', 'Content-Length': '548', 'Connection': 'keep-alive'}
[2026-09-11 22:37:14] [203/2954] Fetching topic 29796
[2026-09-11 22:37:15] Topic 29796: downloading 55 uploads
[2026-09-11 22:37:27] Upload failed 404: requested=https://forums.greaterthangames.com/uploads/default/optimized/2X/0/0434be130c66f7859d3affdd18a40eaa732d7d73_2_690x388.jpeg, final=https://forums.greaterthangames.com/uploads/default/optimized/2X/0/0434be130c66f7859d3affdd18a40eaa732d7d73_2_690x388.jpeg,
[2026-09-11 22:37:27] Response headers: {'Server': 'nginx', 'Date': 'Fri, 11 Sep 2026 22:37:27 GMT', 'Content-Type': 'text/html', 'Content-Length': '548', 'Connection': 'keep-alive'}
[2026-09-11 22:37:30] Upload failed 404: requested=https://forums.greaterthangames.com/uploads/default/optimized/2X/2/280b6297a367b4b941f1863c16a9fdd544194ce0_2_231x500.jpeg, final=https://forums.greaterthangames.com/uploads/default/optimized/2X/2/280b6297a367b4b941f1863c16a9fdd544194ce0_2_231x500.jpeg,
[2026-09-11 22:37:30] Response headers: {'Server': 'nginx', 'Date': 'Fri, 11 Sep 2026 22:37:30 GMT', 'Content-Type': 'text/html', 'Content-Length': '548', 'Connection': 'keep-alive'}
[2026-09-11 22:37:35] Upload failed 404: requested=https://forums.greaterthangames.com/uploads/default/optimized/2X/4/488497f77647fb510d7f9bd2ae52c370e108d7b5_2_225x500.jpeg, final=https://forums.greaterthangames.com/uploads/default/optimized/2X/4/488497f77647fb510d7f9bd2ae52c370e108d7b5_2_225x500.jpeg,
[2026-09-11 22:37:35] Response headers: {'Server': 'nginx', 'Date': 'Fri, 11 Sep 2026 22:37:35 GMT', 'Content-Type': 'text/html', 'Content-Length': '548', 'Connection': 'keep-alive'}
[2026-09-11 22:37:41] Upload failed 404: requested=https://forums.greaterthangames.com/uploads/default/optimized/2X/5/5dcaff4ccd33caab2265bf0e98d1245f66ac402f_2_225x500.jpeg, final=https://forums.greaterthangames.com/uploads/default/optimized/2X/5/5dcaff4ccd33caab2265bf0e98d1245f66ac402f_2_225x500.jpeg,
[2026-09-11 22:37:41] Response headers: {'Server': 'nginx', 'Date': 'Fri, 11 Sep 2026 22:37:41 GMT', 'Content-Type': 'text/html', 'Content-Length': '548', 'Connection': 'keep-alive'}
[2026-09-11 22:37:48] Upload failed 404: requested=https://forums.greaterthangames.com/uploads/default/optimized/2X/9/92bef7b19e0ada13e237fa6217ee9386f523aef2_2_690x388.jpeg, final=https://forums.greaterthangames.com/uploads/default/optimized/2X/9/92bef7b19e0ada13e237fa6217ee9386f523aef2_2_690x388.jpeg,
[2026-09-11 22:37:48] Response headers: {'Server': 'nginx', 'Date': 'Fri, 11 Sep 2026 22:37:48 GMT', 'Content-Type': 'text/html', 'Content-Length': '548', 'Connection': 'keep-alive'}
[2026-09-11 22:37:51] Upload failed 404: requested=https://forums.greaterthangames.com/uploads/default/optimized/2X/a/a12be4a54eb55842ff43e89ec3f3bd5ddf4f3733_2_231x500.jpeg, final=https://forums.greaterthangames.com/uploads/default/optimized/2X/a/a12be4a54eb55842ff43e89ec3f3bd5ddf4f3733_2_231x500.jpeg,
[2026-09-11 22:37:51] Response headers: {'Server': 'nginx', 'Date': 'Fri, 11 Sep 2026 22:37:51 GMT', 'Content-Type': 'text/html', 'Content-Length': '548', 'Connection': 'keep-alive'}
[2026-09-11 22:37:56] Upload failed 404: requested=https://forums.greaterthangames.com/uploads/default/optimized/2X/d/db2f91c4d24cbbc8114992eb744e51eebb20516b_2_225x500.jpeg, final=https://forums.greaterthangames.com/uploads/default/optimized/2X/d/db2f91c4d24cbbc8114992eb744e51eebb20516b_2_225x500.jpeg,
[2026-09-11 22:37:56] Response headers: {'Server': 'nginx', 'Date': 'Fri, 11 Sep 2026 22:37:56 GMT', 'Content-Type': 'text/html', 'Content-Length': '548', 'Connection': 'keep-alive'}
[2026-09-11 22:38:01] Upload failed 404: requested=https://forums.greaterthangames.com/uploads/default/optimized/2X/f/fccde0f93c12dddbb8c61d50101f6249c251b408_2_225x500.jpeg, final=https://forums.greaterthangames.com/uploads/default/optimized/2X/f/fccde0f93c12dddbb8c61d50101f6249c251b408_2_225x500.jpeg,
[2026-09-11 22:38:01] Response headers: {'Server': 'nginx', 'Date': 'Fri, 11 Sep 2026 22:38:01 GMT', 'Content-Type': 'text/html', 'Content-Length': '548', 'Connection': 'keep-alive'}
[2026-09-11 22:38:12] [204/2954] Fetching topic 29792
[2026-09-11 22:38:13] Topic 29792: downloading 21 uploads
[2026-09-11 22:38:19] Upload failed 404: requested=https://forums.greaterthangames.com/uploads/default/optimized/2X/2/2bda8e267a6a0ad773518c753e1c1082b2afc22b_2_231x500.jpeg, final=https://forums.greaterthangames.com/uploads/default/optimized/2X/2/2bda8e267a6a0ad773518c753e1c1082b2afc22b_2_231x500.jpeg,
[2026-09-11 22:38:19] Response headers: {'Server': 'nginx', 'Date': 'Fri, 11 Sep 2026 22:38:19 GMT', 'Content-Type': 'text/html', 'Content-Length': '548', 'Connection': 'keep-alive'}
[2026-09-11 22:38:24] Upload failed 404: requested=https://forums.greaterthangames.com/uploads/default/optimized/2X/a/a8f2153c59d2f3d5b500212c5a3cee5c690a3a60_2_225x500.jpeg, final=https://forums.greaterthangames.com/uploads/default/optimized/2X/a/a8f2153c59d2f3d5b500212c5a3cee5c690a3a60_2_225x500.jpeg,
[2026-09-11 22:38:24] Response headers: {'Server': 'nginx', 'Date': 'Fri, 11 Sep 2026 22:38:24 GMT', 'Content-Type': 'text/html', 'Content-Length': '548', 'Connection': 'keep-alive'}
[2026-09-11 22:38:29] Upload failed 404: requested=https://forums.greaterthangames.com/uploads/default/optimized/2X/f/f9e902cca037998ccbb7247f7bc775a23c005772_2_219x500.jpeg, final=https://forums.greaterthangames.com/uploads/default/optimized/2X/f/f9e902cca037998ccbb7247f7bc775a23c005772_2_219x500.jpeg,
[2026-09-11 22:38:29] Response headers: {'Server': 'nginx', 'Date': 'Fri, 11 Sep 2026 22:38:29 GMT', 'Content-Type': 'text/html', 'Content-Length': '548', 'Connection': 'keep-alive'}
[2026-09-11 22:38:35] [205/2954] Fetching topic 29783
[2026-09-11 22:38:36] [206/2954] Fetching topic 29778
[2026-09-11 22:38:37] Topic 29778: downloading 14 uploads
[2026-09-11 22:38:42] Upload failed 404: requested=https://forums.greaterthangames.com/uploads/default/optimized/2X/6/6595b0c0889da188720c70c37d7bcbb0a982ef46_2_219x500.jpeg, final=https://forums.greaterthangames.com/uploads/default/optimized/2X/6/6595b0c0889da188720c70c37d7bcbb0a982ef46_2_219x500.jpeg,
[2026-09-11 22:38:42] Response headers: {'Server': 'nginx', 'Date': 'Fri, 11 Sep 2026 22:38:42 GMT', 'Content-Type': 'text/html', 'Content-Length': '548', 'Connection': 'keep-alive'}
[2026-09-11 22:38:47] Upload failed 404: requested=https://forums.greaterthangames.com/uploads/default/optimized/2X/8/8403f5bb36271c9d331bf554634c824f49dad4ea_2_225x500.jpeg, final=https://forums.greaterthangames.com/uploads/default/optimized/2X/8/8403f5bb36271c9d331bf554634c824f49dad4ea_2_225x500.jpeg,
[2026-09-11 22:38:47] Response headers: {'Server': 'nginx', 'Date': 'Fri, 11 Sep 2026 22:38:47 GMT', 'Content-Type': 'text/html', 'Content-Length': '548', 'Connection': 'keep-alive'}
[2026-09-11 22:38:51] [207/2954] Fetching topic 29765
[2026-09-11 22:38:52] Topic 29765: downloading 21 uploads
[2026-09-11 22:38:58] Upload failed 404: requested=https://forums.greaterthangames.com/uploads/default/optimized/2X/0/0db45faa1f3860c00be19767cbfa6c92d3236943_2_225x500.jpeg, final=https://forums.greaterthangames.com/uploads/default/optimized/2X/0/0db45faa1f3860c00be19767cbfa6c92d3236943_2_225x500.jpeg,
[2026-09-11 22:38:58] Response headers: {'Server': 'nginx', 'Date': 'Fri, 11 Sep 2026 22:38:58 GMT', 'Content-Type': 'text/html', 'Content-Length': '548', 'Connection': 'keep-alive'}
[2026-09-11 22:39:04] Upload failed 404: requested=https://forums.greaterthangames.com/uploads/default/optimized/2X/1/11cfdb0050bf4a7d39f8cb58fb96a6082ca6c273_2_225x500.jpeg, final=https://forums.greaterthangames.com/uploads/default/optimized/2X/1/11cfdb0050bf4a7d39f8cb58fb96a6082ca6c273_2_225x500.jpeg,
[2026-09-11 22:39:04] Response headers: {'Server': 'nginx', 'Date': 'Fri, 11 Sep 2026 22:39:04 GMT', 'Content-Type': 'text/html', 'Content-Length': '548', 'Connection': 'keep-alive'}
[2026-09-11 22:39:09] Upload failed 404: requested=https://forums.greaterthangames.com/uploads/default/optimized/2X/5/5f864e3ed4a86ba779732bbd192ee28c69a2071b_2_231x500.jpeg, final=https://forums.greaterthangames.com/uploads/default/optimized/2X/5/5f864e3ed4a86ba779732bbd192ee28c69a2071b_2_231x500.jpeg,
[2026-09-11 22:39:09] Response headers: {'Server': 'nginx', 'Date': 'Fri, 11 Sep 2026 22:39:09 GMT', 'Content-Type': 'text/html', 'Content-Length': '548', 'Connection': 'keep-alive'}
[2026-09-11 22:39:14] [208/2954] Fetching topic 28351
[2026-09-11 22:39:15] [209/2954] Fetching topic 29757
[2026-09-11 22:39:16] Topic 29757: downloading 4 uploads
[2026-09-11 22:39:16] [210/2954] Fetching topic 29755
[2026-09-11 22:39:17] [211/2954] Fetching topic 29751
[2026-09-11 22:39:19] Topic 29751: downloading 1 uploads
[2026-09-11 22:39:19] [212/2954] Fetching topic 29748
[2026-09-11 22:39:20] Topic 29748: downloading 7 uploads
[2026-09-11 22:39:26] Upload failed 404: requested=https://forums.greaterthangames.com/uploads/default/optimized/2X/4/4d4d4769ad0761e79e3d60a3114268167a405d36_2_690x388.jpeg, final=https://forums.greaterthangames.com/uploads/default/optimized/2X/4/4d4d4769ad0761e79e3d60a3114268167a405d36_2_690x388.jpeg,
[2026-09-11 22:39:26] Response headers: {'Server': 'nginx', 'Date': 'Fri, 11 Sep 2026 22:39:26 GMT', 'Content-Type': 'text/html', 'Content-Length': '548', 'Connection': 'keep-alive'}
[2026-09-11 22:39:27] [213/2954] Fetching topic 29753
[2026-09-11 22:39:28] Topic 29753: downloading 14 uploads
[2026-09-11 22:39:33] Upload failed 404: requested=https://forums.greaterthangames.com/uploads/default/optimized/2X/3/3297a7121873c904ea0298b583f148cfca48eb99_2_225x500.jpeg, final=https://forums.greaterthangames.com/uploads/default/optimized/2X/3/3297a7121873c904ea0298b583f148cfca48eb99_2_225x500.jpeg,
[2026-09-11 22:39:33] Response headers: {'Server': 'nginx', 'Date': 'Fri, 11 Sep 2026 22:39:33 GMT', 'Content-Type': 'text/html', 'Content-Length': '548', 'Connection': 'keep-alive'}
[2026-09-11 22:39:38] Upload failed 404: requested=https://forums.greaterthangames.com/uploads/default/optimized/2X/3/35d2014abdc1893e95a4a3737d728588ddfbc0ba_2_231x500.jpeg, final=https://forums.greaterthangames.com/uploads/default/optimized/2X/3/35d2014abdc1893e95a4a3737d728588ddfbc0ba_2_231x500.jpeg,
[2026-09-11 22:39:38] Response headers: {'Server': 'nginx', 'Date': 'Fri, 11 Sep 2026 22:39:38 GMT', 'Content-Type': 'text/html', 'Content-Length': '548', 'Connection': 'keep-alive'}
[2026-09-11 22:39:43] [214/2954] Fetching topic 29752
[2026-09-11 22:39:44] [215/2954] Fetching topic 28994
[2026-09-11 22:39:45] Topic 28994: downloading 14 uploads
[2026-09-11 22:39:52] Upload failed 404: requested=https://forums.greaterthangames.com/uploads/default/optimized/2X/7/715b170b218be836eeee63a6252e22ab1e93b50b_2_690x388.jpeg, final=https://forums.greaterthangames.com/uploads/default/optimized/2X/7/715b170b218be836eeee63a6252e22ab1e93b50b_2_690x388.jpeg,
[2026-09-11 22:39:52] Response headers: {'Server': 'nginx', 'Date': 'Fri, 11 Sep 2026 22:39:52 GMT', 'Content-Type': 'text/html', 'Content-Length': '548', 'Connection': 'keep-alive'}
[2026-09-11 22:39:55] Upload failed 404: requested=https://forums.greaterthangames.com/uploads/default/optimized/2X/a/a5baecae375ee3fdcb2ed41c6b7968deb0a7650c_2_225x500.jpeg, final=https://forums.greaterthangames.com/uploads/default/optimized/2X/a/a5baecae375ee3fdcb2ed41c6b7968deb0a7650c_2_225x500.jpeg,
[2026-09-11 22:39:55] Response headers: {'Server': 'nginx', 'Date': 'Fri, 11 Sep 2026 22:39:55 GMT', 'Content-Type': 'text/html', 'Content-Length': '548', 'Connection': 'keep-alive'}
[2026-09-11 22:39:59] [216/2954] Fetching topic 29474
[2026-09-11 22:40:00] Topic 29474: missing 79 posts; fetching in batches...
[2026-09-11 22:40:02] Topic 29474: downloading 56 uploads
[2026-09-11 22:40:09] Upload failed 404: requested=https://forums.greaterthangames.com/uploads/default/optimized/2X/3/3370d88689f5c015e97422a92eb06e9ca7fd0e5f_2_690x272.jpeg, final=https://forums.greaterthangames.com/uploads/default/optimized/2X/3/3370d88689f5c015e97422a92eb06e9ca7fd0e5f_2_690x272.jpeg,
[2026-09-11 22:40:09] Response headers: {'Server': 'nginx', 'Date': 'Fri, 11 Sep 2026 22:40:09 GMT', 'Content-Type': 'text/html', 'Content-Length': '548', 'Connection': 'keep-alive'}
[2026-09-11 22:40:14] Upload failed 404: requested=https://forums.greaterthangames.com/uploads/default/optimized/2X/5/57b42243d601b77c6603a9407265f38065aa63ee_2_690x361.jpeg, final=https://forums.greaterthangames.com/uploads/default/optimized/2X/5/57b42243d601b77c6603a9407265f38065aa63ee_2_690x361.jpeg,
[2026-09-11 22:40:14] Response headers: {'Server': 'nginx', 'Date': 'Fri, 11 Sep 2026 22:40:14 GMT', 'Content-Type': 'text/html', 'Content-Length': '548', 'Connection': 'keep-alive'}
[2026-09-11 22:40:19] Upload failed 404: requested=https://forums.greaterthangames.com/uploads/default/optimized/2X/5/5feaf2fbb5b3330e23e16b58e640d8fd05bdb8be_2_690x366.jpeg, final=https://forums.greaterthangames.com/uploads/default/optimized/2X/5/5feaf2fbb5b3330e23e16b58e640d8fd05bdb8be_2_690x366.jpeg,
[2026-09-11 22:40:19] Response headers: {'Server': 'nginx', 'Date': 'Fri, 11 Sep 2026 22:40:19 GMT', 'Content-Type': 'text/html', 'Content-Length': '548', 'Connection': 'keep-alive'}
[2026-09-11 22:40:23] Upload failed 404: requested=https://forums.greaterthangames.com/uploads/default/optimized/2X/9/9abd18fa0a90d66b18f41edd1fc54f6426fdf5d8_2_690x403.jpeg, final=https://forums.greaterthangames.com/uploads/default/optimized/2X/9/9abd18fa0a90d66b18f41edd1fc54f6426fdf5d8_2_690x403.jpeg,
[2026-09-11 22:40:23] Response headers: {'Server': 'nginx', 'Date': 'Fri, 11 Sep 2026 22:40:23 GMT', 'Content-Type': 'text/html', 'Content-Length': '548', 'Connection': 'keep-alive'}
[2026-09-11 22:40:25] Upload failed 404: requested=https://forums.greaterthangames.com/uploads/default/optimized/2X/c/cb90caefc966af094dad55320671f4f799cf4188_2_690x457.jpeg, final=https://forums.greaterthangames.com/uploads/default/optimized/2X/c/cb90caefc966af094dad55320671f4f799cf4188_2_690x457.jpeg,
[2026-09-11 22:40:25] Response headers: {'Server': 'nginx', 'Date': 'Fri, 11 Sep 2026 22:40:25 GMT', 'Content-Type': 'text/html', 'Content-Length': '548', 'Connection': 'keep-alive'}
[2026-09-11 22:40:28] Upload failed 404: requested=https://forums.greaterthangames.com/uploads/default/optimized/2X/e/ed051acc1a02ac459869af68ef12d1d8bb8f8328_2_690x446.png, final=https://forums.greaterthangames.com/uploads/default/optimized/2X/e/ed051acc1a02ac459869af68ef12d1d8bb8f8328_2_690x446.png,
[2026-09-11 22:40:28] Response headers: {'Server': 'nginx', 'Date': 'Fri, 11 Sep 2026 22:40:28 GMT', 'Content-Type': 'text/html', 'Content-Length': '548', 'Connection': 'keep-alive'}
[2026-09-11 22:40:32] Upload failed 404: requested=https://forums.greaterthangames.com/uploads/default/optimized/2X/f/f74182c964167386727a323e830a53588c9ea556_2_690x362.jpeg, final=https://forums.greaterthangames.com/uploads/default/optimized/2X/f/f74182c964167386727a323e830a53588c9ea556_2_690x362.jpeg,
[2026-09-11 22:40:32] Response headers: {'Server': 'nginx', 'Date': 'Fri, 11 Sep 2026 22:40:32 GMT', 'Content-Type': 'text/html', 'Content-Length': '548', 'Connection': 'keep-alive'}
[2026-09-11 22:40:52] [217/2954] Fetching topic 28513
[2026-09-11 22:40:53] [218/2954] Fetching topic 29738
[2026-09-11 22:40:55] [219/2954] Fetching topic 29745
[2026-09-11 22:40:56] Topic 29745: downloading 4 uploads
[2026-09-11 22:40:56] [220/2954] Fetching topic 29726
[2026-09-11 22:40:57] [221/2954] Fetching topic 29724
[2026-09-11 22:40:58] [222/2954] Fetching topic 29718
[2026-09-11 22:40:59] Topic 29718: downloading 1 uploads
[2026-09-11 22:41:04] [223/2954] Fetching topic 29507
[2026-09-11 22:41:04] Topic 29507: missing 26 posts; fetching in batches...
[2026-09-11 22:41:05] Topic 29507: downloading 54 uploads
[2026-09-11 22:41:12] Upload failed 404: requested=https://forums.greaterthangames.com/uploads/default/optimized/2X/0/043a7a847fda7b3f1c87a3ff67ac2f7fba87a2c1_2_690x465.jpeg, final=https://forums.greaterthangames.com/uploads/default/optimized/2X/0/043a7a847fda7b3f1c87a3ff67ac2f7fba87a2c1_2_690x465.jpeg,
[2026-09-11 22:41:12] Response headers: {'Server': 'nginx', 'Date': 'Fri, 11 Sep 2026 22:41:12 GMT', 'Content-Type': 'text/html', 'Content-Length': '548', 'Connection': 'keep-alive'}
[2026-09-11 22:41:17] Upload failed 404: requested=https://forums.greaterthangames.com/uploads/default/optimized/2X/7/72dd789733bf5ae78ba123a3eeb57ff6d09bd6be_2_690x362.png, final=https://forums.greaterthangames.com/uploads/default/optimized/2X/7/72dd789733bf5ae78ba123a3eeb57ff6d09bd6be_2_690x362.png,
[2026-09-11 22:41:17] Response headers: {'Server': 'nginx', 'Date': 'Fri, 11 Sep 2026 22:41:17 GMT', 'Content-Type': 'text/html', 'Content-Length': '548', 'Connection': 'keep-alive'}
[2026-09-11 22:41:20] Upload failed 404: requested=https://forums.greaterthangames.com/uploads/default/optimized/2X/7/76b8cc3d302870e8503d6d60e761b2b919f20dc1_2_498x500.jpeg, final=https://forums.greaterthangames.com/uploads/default/optimized/2X/7/76b8cc3d302870e8503d6d60e761b2b919f20dc1_2_498x500.jpeg,
[2026-09-11 22:41:20] Response headers: {'Server': 'nginx', 'Date': 'Fri, 11 Sep 2026 22:41:20 GMT', 'Content-Type': 'text/html', 'Content-Length': '548', 'Connection': 'keep-alive'}
[2026-09-11 22:41:23] Upload failed 404: requested=https://forums.greaterthangames.com/uploads/default/optimized/2X/c/cb90caefc966af094dad55320671f4f799cf4188_2_690x457.jpeg, final=https://forums.greaterthangames.com/uploads/default/optimized/2X/c/cb90caefc966af094dad55320671f4f799cf4188_2_690x457.jpeg,
[2026-09-11 22:41:23] Response headers: {'Server': 'nginx', 'Date': 'Fri, 11 Sep 2026 22:41:23 GMT', 'Content-Type': 'text/html', 'Content-Length': '548', 'Connection': 'keep-alive'}
[2026-09-11 22:41:26] Upload failed 404: requested=https://forums.greaterthangames.com/uploads/default/optimized/2X/f/f57876018567017f04db49faba30898b91d0cbd7_2_666x500.jpeg, final=https://forums.greaterthangames.com/uploads/default/optimized/2X/f/f57876018567017f04db49faba30898b91d0cbd7_2_666x500.jpeg,
[2026-09-11 22:41:26] Response headers: {'Server': 'nginx', 'Date': 'Fri, 11 Sep 2026 22:41:26 GMT', 'Content-Type': 'text/html', 'Content-Length': '548', 'Connection': 'keep-alive'}
[2026-09-11 22:41:45] [224/2954] Fetching topic 29709
[2026-09-11 22:41:46] [225/2954] Fetching topic 29391
[2026-09-11 22:41:47] Topic 29391: downloading 13 uploads
[2026-09-11 22:41:52] Upload failed 404: requested=https://forums.greaterthangames.com/uploads/default/optimized/2X/1/1e106f876523acfe0474a5cfc9971be746e207e2_2_230x500.jpeg, final=https://forums.greaterthangames.com/uploads/default/optimized/2X/1/1e106f876523acfe0474a5cfc9971be746e207e2_2_230x500.jpeg,
[2026-09-11 22:41:52] Response headers: {'Server': 'nginx', 'Date': 'Fri, 11 Sep 2026 22:41:52 GMT', 'Content-Type': 'text/html', 'Content-Length': '548', 'Connection': 'keep-alive'}
[2026-09-11 22:41:57] Upload failed 404: requested=https://forums.greaterthangames.com/uploads/default/optimized/2X/5/594e96979e0ff031debf93d299e5f5df9150ff34_2_690x388.jpeg, final=https://forums.greaterthangames.com/uploads/default/optimized/2X/5/594e96979e0ff031debf93d299e5f5df9150ff34_2_690x388.jpeg,
[2026-09-11 22:41:57] Response headers: {'Server': 'nginx', 'Date': 'Fri, 11 Sep 2026 22:41:57 GMT', 'Content-Type': 'text/html', 'Content-Length': '548', 'Connection': 'keep-alive'}
[2026-09-11 22:42:00] [226/2954] Fetching topic 29707
[2026-09-11 22:42:01] Topic 29707: downloading 7 uploads
[2026-09-11 22:42:06] Upload failed 404: requested=https://forums.greaterthangames.com/uploads/default/optimized/2X/6/6a0335357cba65c710c9fb7d24c73ccd528ac6db_2_690x388.jpeg, final=https://forums.greaterthangames.com/uploads/default/optimized/2X/6/6a0335357cba65c710c9fb7d24c73ccd528ac6db_2_690x388.jpeg,
[2026-09-11 22:42:06] Response headers: {'Server': 'nginx', 'Date': 'Fri, 11 Sep 2026 22:42:06 GMT', 'Content-Type': 'text/html', 'Content-Length': '548', 'Connection': 'keep-alive'}
[2026-09-11 22:42:08] [227/2954] Fetching topic 29701
[2026-09-11 22:42:09] [228/2954] Fetching topic 29688
[2026-09-11 22:42:10] Topic 29688: downloading 28 uploads
[2026-09-11 22:42:19] Upload failed 404: requested=https://forums.greaterthangames.com/uploads/default/optimized/2X/3/37f480f6d7764fea483b4a8d63d5b305b89b95f4_2_690x388.jpeg, final=https://forums.greaterthangames.com/uploads/default/optimized/2X/3/37f480f6d7764fea483b4a8d63d5b305b89b95f4_2_690x388.jpeg,
[2026-09-11 22:42:19] Response headers: {'Server': 'nginx', 'Date': 'Fri, 11 Sep 2026 22:42:19 GMT', 'Content-Type': 'text/html', 'Content-Length': '548', 'Connection': 'keep-alive'}
[2026-09-11 22:42:22] Upload failed 404: requested=https://forums.greaterthangames.com/uploads/default/optimized/2X/5/56ec28b137b6529cbcd8977c569674b351853ced_2_231x500.jpeg, final=https://forums.greaterthangames.com/uploads/default/optimized/2X/5/56ec28b137b6529cbcd8977c569674b351853ced_2_231x500.jpeg,
[2026-09-11 22:42:22] Response headers: {'Server': 'nginx', 'Date': 'Fri, 11 Sep 2026 22:42:22 GMT', 'Content-Type': 'text/html', 'Content-Length': '548', 'Connection': 'keep-alive'}
[2026-09-11 22:42:29] Upload failed 404: requested=https://forums.greaterthangames.com/uploads/default/optimized/2X/6/6da645dc5d4a5952221eda03328ec900a965630d_2_690x388.jpeg, final=https://forums.greaterthangames.com/uploads/default/optimized/2X/6/6da645dc5d4a5952221eda03328ec900a965630d_2_690x388.jpeg,
[2026-09-11 22:42:29] Response headers: {'Server': 'nginx', 'Date': 'Fri, 11 Sep 2026 22:42:29 GMT', 'Content-Type': 'text/html', 'Content-Length': '548', 'Connection': 'keep-alive'}
[2026-09-11 22:42:32] Upload failed 404: requested=https://forums.greaterthangames.com/uploads/default/optimized/2X/e/e31795740622d71115587f397c8ff2b6214c8dd5_2_231x500.jpeg, final=https://forums.greaterthangames.com/uploads/default/optimized/2X/e/e31795740622d71115587f397c8ff2b6214c8dd5_2_231x500.jpeg,
[2026-09-11 22:42:32] Response headers: {'Server': 'nginx', 'Date': 'Fri, 11 Sep 2026 22:42:32 GMT', 'Content-Type': 'text/html', 'Content-Length': '548', 'Connection': 'keep-alive'}
[2026-09-11 22:42:39] [229/2954] Fetching topic 29670
[2026-09-11 22:42:40] Topic 29670: downloading 14 uploads
[2026-09-11 22:42:47] Upload failed 404: requested=https://forums.greaterthangames.com/uploads/default/optimized/2X/f/f23eaa347cc0fe16d998f84e85db088874eff7b6_2_690x388.jpeg, final=https://forums.greaterthangames.com/uploads/default/optimized/2X/f/f23eaa347cc0fe16d998f84e85db088874eff7b6_2_690x388.jpeg,
[2026-09-11 22:42:47] Response headers: {'Server': 'nginx', 'Date': 'Fri, 11 Sep 2026 22:42:46 GMT', 'Content-Type': 'text/html', 'Content-Length': '548', 'Connection': 'keep-alive'}
[2026-09-11 22:42:50] Upload failed 404: requested=https://forums.greaterthangames.com/uploads/default/optimized/2X/f/f81270f43d7055b2568e4e12e1f8e9815d67e06e_2_231x500.jpeg, final=https://forums.greaterthangames.com/uploads/default/optimized/2X/f/f81270f43d7055b2568e4e12e1f8e9815d67e06e_2_231x500.jpeg,
[2026-09-11 22:42:50] Response headers: {'Server': 'nginx', 'Date': 'Fri, 11 Sep 2026 22:42:50 GMT', 'Content-Type': 'text/html', 'Content-Length': '548', 'Connection': 'keep-alive'}
[2026-09-11 22:42:54] [230/2954] Fetching topic 29666
[2026-09-11 22:42:55] Topic 29666: downloading 2 uploads
[2026-09-11 22:42:57] [231/2954] Fetching topic 29660
[2026-09-11 22:42:58] Topic 29660: downloading 21 uploads
[2026-09-11 22:43:04] Upload failed 404: requested=https://forums.greaterthangames.com/uploads/default/optimized/2X/5/5427099993b5079e0944a5576d34459b087eab27_2_225x500.jpeg, final=https://forums.greaterthangames.com/uploads/default/optimized/2X/5/5427099993b5079e0944a5576d34459b087eab27_2_225x500.jpeg,
[2026-09-11 22:43:04] Response headers: {'Server': 'nginx', 'Date': 'Fri, 11 Sep 2026 22:43:04 GMT', 'Content-Type': 'text/html', 'Content-Length': '548', 'Connection': 'keep-alive'}
[2026-09-11 22:43:11] Upload failed 404: requested=https://forums.greaterthangames.com/uploads/default/optimized/2X/e/e71845ac2f55e655176649223ca21c1f93c9f150_2_690x388.jpeg, final=https://forums.greaterthangames.com/uploads/default/optimized/2X/e/e71845ac2f55e655176649223ca21c1f93c9f150_2_690x388.jpeg,
[2026-09-11 22:43:11] Response headers: {'Server': 'nginx', 'Date': 'Fri, 11 Sep 2026 22:43:11 GMT', 'Content-Type': 'text/html', 'Content-Length': '548', 'Connection': 'keep-alive'}
[2026-09-11 22:43:15] Upload failed 404: requested=https://forums.greaterthangames.com/uploads/default/optimized/2X/f/fccd69339ca9759078f4658fbf2025541e8363c1_2_225x500.jpeg, final=https://forums.greaterthangames.com/uploads/default/optimized/2X/f/fccd69339ca9759078f4658fbf2025541e8363c1_2_225x500.jpeg,
[2026-09-11 22:43:15] Response headers: {'Server': 'nginx', 'Date': 'Fri, 11 Sep 2026 22:43:14 GMT', 'Content-Type': 'text/html', 'Content-Length': '548', 'Connection': 'keep-alive'}
[2026-09-11 22:43:20] [232/2954] Fetching topic 29627
[2026-09-11 22:43:21] Topic 29627: downloading 24 uploads
[2026-09-11 22:43:28] Upload failed 404: requested=https://forums.greaterthangames.com/uploads/default/optimized/2X/3/36ebe73246c594c51c8fbca96e9a219b0741a9f0_2_616x500.jpeg, final=https://forums.greaterthangames.com/uploads/default/optimized/2X/3/36ebe73246c594c51c8fbca96e9a219b0741a9f0_2_616x500.jpeg,
[2026-09-11 22:43:28] Response headers: {'Server': 'nginx', 'Date': 'Fri, 11 Sep 2026 22:43:28 GMT', 'Content-Type': 'text/html', 'Content-Length': '548', 'Connection': 'keep-alive'}
[2026-09-11 22:43:33] Upload failed 404: requested=https://forums.greaterthangames.com/uploads/default/optimized/2X/3/37a3a2b716782064624c42bdb237f866e69014f2_2_680x500.jpeg, final=https://forums.greaterthangames.com/uploads/default/optimized/2X/3/37a3a2b716782064624c42bdb237f866e69014f2_2_680x500.jpeg,
[2026-09-11 22:43:33] Response headers: {'Server': 'nginx', 'Date': 'Fri, 11 Sep 2026 22:43:33 GMT', 'Content-Type': 'text/html', 'Content-Length': '548', 'Connection': 'keep-alive'}
[2026-09-11 22:43:36] Upload failed 404: requested=https://forums.greaterthangames.com/uploads/default/optimized/2X/b/b38b36a991a65b64ce0f608900db83ddc6cb13c4_2_649x500.jpeg, final=https://forums.greaterthangames.com/uploads/default/optimized/2X/b/b38b36a991a65b64ce0f608900db83ddc6cb13c4_2_649x500.jpeg,
[2026-09-11 22:43:36] Response headers: {'Server': 'nginx', 'Date': 'Fri, 11 Sep 2026 22:43:36 GMT', 'Content-Type': 'text/html', 'Content-Length': '548', 'Connection': 'keep-alive'}
[2026-09-11 22:43:40] Upload failed 404: requested=https://forums.greaterthangames.com/uploads/default/optimized/2X/c/c19d692bb62fd244c08f5aff2118cda0355d90cf_2_609x500.jpeg, final=https://forums.greaterthangames.com/uploads/default/optimized/2X/c/c19d692bb62fd244c08f5aff2118cda0355d90cf_2_609x500.jpeg,
[2026-09-11 22:43:40] Response headers: {'Server': 'nginx', 'Date': 'Fri, 11 Sep 2026 22:43:40 GMT', 'Content-Type': 'text/html', 'Content-Length': '548', 'Connection': 'keep-alive'}
[2026-09-11 22:43:46] [233/2954] Fetching topic 29648
[2026-09-11 22:43:46] [234/2954] Fetching topic 29646
[2026-09-11 22:43:48] [235/2954] Fetching topic 29644
[2026-09-11 22:43:49] [236/2954] Fetching topic 29637
[2026-09-11 22:43:50] Topic 29637: downloading 42 uploads
[2026-09-11 22:43:59] Upload failed 404: requested=https://forums.greaterthangames.com/uploads/default/optimized/2X/3/39abf75499ba98094a4aacdca66ddf01305f9324_2_231x500.jpeg, final=https://forums.greaterthangames.com/uploads/default/optimized/2X/3/39abf75499ba98094a4aacdca66ddf01305f9324_2_231x500.jpeg,
[2026-09-11 22:43:59] Response headers: {'Server': 'nginx', 'Date': 'Fri, 11 Sep 2026 22:43:59 GMT', 'Content-Type': 'text/html', 'Content-Length': '548', 'Connection': 'keep-alive'}
[2026-09-11 22:44:04] Upload failed 404: requested=https://forums.greaterthangames.com/uploads/default/optimized/2X/4/4847de7b78287ef5841ac48ccac2397d8c9a8a06_2_225x500.jpeg, final=https://forums.greaterthangames.com/uploads/default/optimized/2X/4/4847de7b78287ef5841ac48ccac2397d8c9a8a06_2_225x500.jpeg,
[2026-09-11 22:44:04] Response headers: {'Server': 'nginx', 'Date': 'Fri, 11 Sep 2026 22:44:04 GMT', 'Content-Type': 'text/html', 'Content-Length': '548', 'Connection': 'keep-alive'}
[2026-09-11 22:44:09] Upload failed 404: requested=https://forums.greaterthangames.com/uploads/default/optimized/2X/6/6c2a5d257fd2fb066a6a4db62cfbf8cb1141488e_2_225x500.jpeg, final=https://forums.greaterthangames.com/uploads/default/optimized/2X/6/6c2a5d257fd2fb066a6a4db62cfbf8cb1141488e_2_225x500.jpeg,
[2026-09-11 22:44:09] Response headers: {'Server': 'nginx', 'Date': 'Fri, 11 Sep 2026 22:44:09 GMT', 'Content-Type': 'text/html', 'Content-Length': '548', 'Connection': 'keep-alive'}
[2026-09-11 22:44:17] Upload failed 404: requested=https://forums.greaterthangames.com/uploads/default/optimized/2X/8/890c30e9e2e5b4b6d721f50c0421f380c76ca51e_2_690x388.jpeg, final=https://forums.greaterthangames.com/uploads/default/optimized/2X/8/890c30e9e2e5b4b6d721f50c0421f380c76ca51e_2_690x388.jpeg,
[2026-09-11 22:44:17] Response headers: {'Server': 'nginx', 'Date': 'Fri, 11 Sep 2026 22:44:16 GMT', 'Content-Type': 'text/html', 'Content-Length': '548', 'Connection': 'keep-alive'}
[2026-09-11 22:44:20] Upload failed 404: requested=https://forums.greaterthangames.com/uploads/default/optimized/2X/8/8ebd4fdb3e4d1f16d5a2cb918cc56bb0bd4e66fa_2_219x500.jpeg, final=https://forums.greaterthangames.com/uploads/default/optimized/2X/8/8ebd4fdb3e4d1f16d5a2cb918cc56bb0bd4e66fa_2_219x500.jpeg,
[2026-09-11 22:44:20] Response headers: {'Server': 'nginx', 'Date': 'Fri, 11 Sep 2026 22:44:20 GMT', 'Content-Type': 'text/html', 'Content-Length': '548', 'Connection': 'keep-alive'}
[2026-09-11 22:44:25] Upload failed 404: requested=https://forums.greaterthangames.com/uploads/default/optimized/2X/d/d33409c9c81dedfb8a3a28d144d91c2d9d284b2e_2_225x500.jpeg, final=https://forums.greaterthangames.com/uploads/default/optimized/2X/d/d33409c9c81dedfb8a3a28d144d91c2d9d284b2e_2_225x500.jpeg,
[2026-09-11 22:44:25] Response headers: {'Server': 'nginx', 'Date': 'Fri, 11 Sep 2026 22:44:25 GMT', 'Content-Type': 'text/html', 'Content-Length': '548', 'Connection': 'keep-alive'}
[2026-09-11 22:44:33] [237/2954] Fetching topic 29628
[2026-09-11 22:44:34] Topic 29628: downloading 28 uploads
[2026-09-11 22:44:41] Upload failed 404: requested=https://forums.greaterthangames.com/uploads/default/optimized/2X/3/3662480761c8c8773d1d1e4ddae9a6d216fc446d_2_225x500.jpeg, final=https://forums.greaterthangames.com/uploads/default/optimized/2X/3/3662480761c8c8773d1d1e4ddae9a6d216fc446d_2_225x500.jpeg,
[2026-09-11 22:44:41] Response headers: {'Server': 'nginx', 'Date': 'Fri, 11 Sep 2026 22:44:41 GMT', 'Content-Type': 'text/html', 'Content-Length': '548', 'Connection': 'keep-alive'}
[2026-09-11 22:44:48] Upload failed 404: requested=https://forums.greaterthangames.com/uploads/default/optimized/2X/7/71c8b2327e44e3a013f36b35a160512fecb5edca_2_690x388.jpeg, final=https://forums.greaterthangames.com/uploads/default/optimized/2X/7/71c8b2327e44e3a013f36b35a160512fecb5edca_2_690x388.jpeg,
[2026-09-11 22:44:48] Response headers: {'Server': 'nginx', 'Date': 'Fri, 11 Sep 2026 22:44:48 GMT', 'Content-Type': 'text/html', 'Content-Length': '548', 'Connection': 'keep-alive'}
[2026-09-11 22:44:52] Upload failed 404: requested=https://forums.greaterthangames.com/uploads/default/optimized/2X/8/8a4884e3646e4c090041fd5867b55603505ff090_2_219x500.jpeg, final=https://forums.greaterthangames.com/uploads/default/optimized/2X/8/8a4884e3646e4c090041fd5867b55603505ff090_2_219x500.jpeg,
[2026-09-11 22:44:52] Response headers: {'Server': 'nginx', 'Date': 'Fri, 11 Sep 2026 22:44:52 GMT', 'Content-Type': 'text/html', 'Content-Length': '548', 'Connection': 'keep-alive'}
[2026-09-11 22:44:57] Upload failed 404: requested=https://forums.greaterthangames.com/uploads/default/optimized/2X/d/d12e56792a97e7a8c85b97f827b261362144b0ab_2_225x500.jpeg, final=https://forums.greaterthangames.com/uploads/default/optimized/2X/d/d12e56792a97e7a8c85b97f827b261362144b0ab_2_225x500.jpeg,
[2026-09-11 22:44:57] Response headers: {'Server': 'nginx', 'Date': 'Fri, 11 Sep 2026 22:44:57 GMT', 'Content-Type': 'text/html', 'Content-Length': '548', 'Connection': 'keep-alive'}
[2026-09-11 22:45:03] [238/2954] Fetching topic 29616
[2026-09-11 22:45:04] Topic 29616: downloading 14 uploads
[2026-09-11 22:45:09] Upload failed 404: requested=https://forums.greaterthangames.com/uploads/default/optimized/2X/1/15fc2a6fb6b0bad23f6f2cc308863461ba975431_2_219x500.jpeg, final=https://forums.greaterthangames.com/uploads/default/optimized/2X/1/15fc2a6fb6b0bad23f6f2cc308863461ba975431_2_219x500.jpeg,
[2026-09-11 22:45:09] Response headers: {'Server': 'nginx', 'Date': 'Fri, 11 Sep 2026 22:45:09 GMT', 'Content-Type': 'text/html', 'Content-Length': '548', 'Connection': 'keep-alive'}
[2026-09-11 22:45:14] Upload failed 404: requested=https://forums.greaterthangames.com/uploads/default/optimized/2X/8/84e43b15a448ec5fb5425647e10a96f24316cd1d_2_225x500.jpeg, final=https://forums.greaterthangames.com/uploads/default/optimized/2X/8/84e43b15a448ec5fb5425647e10a96f24316cd1d_2_225x500.jpeg,
[2026-09-11 22:45:14] Response headers: {'Server': 'nginx', 'Date': 'Fri, 11 Sep 2026 22:45:14 GMT', 'Content-Type': 'text/html', 'Content-Length': '548', 'Connection': 'keep-alive'}
[2026-09-11 22:45:19] [239/2954] Fetching topic 29615
[2026-09-11 22:45:20] [240/2954] Fetching topic 29589
[2026-09-11 22:45:21] Topic 29589: missing 17 posts; fetching in batches...
[2026-09-11 22:45:22] Topic 29589: downloading 19 uploads
[2026-09-11 22:45:26] Upload failed 404: requested=https://forums.greaterthangames.com/uploads/default/optimized/2X/6/63d3c205faa69b4e4f9437a667a25803980ac63f_2_351x500.jpeg, final=https://forums.greaterthangames.com/uploads/default/optimized/2X/6/63d3c205faa69b4e4f9437a667a25803980ac63f_2_351x500.jpeg,
[2026-09-11 22:45:26] Response headers: {'Server': 'nginx', 'Date': 'Fri, 11 Sep 2026 22:45:26 GMT', 'Content-Type': 'text/html', 'Content-Length': '548', 'Connection': 'keep-alive'}
[2026-09-11 22:45:29] [241/2954] Fetching topic 29606
[2026-09-11 22:45:30] Topic 29606: downloading 21 uploads
[2026-09-11 22:45:36] Upload failed 404: requested=https://forums.greaterthangames.com/uploads/default/optimized/2X/8/8fa672d3a0f078ea152bae1b8e30447336263533_2_219x500.jpeg, final=https://forums.greaterthangames.com/uploads/default/optimized/2X/8/8fa672d3a0f078ea152bae1b8e30447336263533_2_219x500.jpeg,
[2026-09-11 22:45:36] Response headers: {'Server': 'nginx', 'Date': 'Fri, 11 Sep 2026 22:45:36 GMT', 'Content-Type': 'text/html', 'Content-Length': '548', 'Connection': 'keep-alive'}
[2026-09-11 22:45:41] Upload failed 404: requested=https://forums.greaterthangames.com/uploads/default/optimized/2X/9/92398c6b0ceea7a777f36fe43262631bed2c0f5d_2_225x500.jpeg, final=https://forums.greaterthangames.com/uploads/default/optimized/2X/9/92398c6b0ceea7a777f36fe43262631bed2c0f5d_2_225x500.jpeg,
[2026-09-11 22:45:41] Response headers: {'Server': 'nginx', 'Date': 'Fri, 11 Sep 2026 22:45:41 GMT', 'Content-Type': 'text/html', 'Content-Length': '548', 'Connection': 'keep-alive'}
[2026-09-11 22:45:47] Upload failed 404: requested=https://forums.greaterthangames.com/uploads/default/optimized/2X/e/e2412e334ec2afb5f8f5e026cf1343848cd192ae_2_225x500.jpeg, final=https://forums.greaterthangames.com/uploads/default/optimized/2X/e/e2412e334ec2afb5f8f5e026cf1343848cd192ae_2_225x500.jpeg,
[2026-09-11 22:45:47] Response headers: {'Server': 'nginx', 'Date': 'Fri, 11 Sep 2026 22:45:47 GMT', 'Content-Type': 'text/html', 'Content-Length': '548', 'Connection': 'keep-alive'}
[2026-09-11 22:45:52] [242/2954] Fetching topic 29605
[2026-09-11 22:45:53] [243/2954] Fetching topic 29203
[2026-09-11 22:45:54] [244/2954] Fetching topic 29465
[2026-09-11 22:45:55] Topic 29465: downloading 5 uploads
[2026-09-11 22:45:55] [245/2954] Fetching topic 19799
[2026-09-11 22:45:56] Topic 19799: missing 94 posts; fetching in batches...
[2026-09-11 22:45:59] [246/2954] Fetching topic 29590
[2026-09-11 22:46:00] Topic 29590: downloading 7 uploads
[2026-09-11 22:46:06] Upload failed 404: requested=https://forums.greaterthangames.com/uploads/default/optimized/2X/3/3bc6410e84a911ed98f3c813fc11f0d09574531f_2_690x388.jpeg, final=https://forums.greaterthangames.com/uploads/default/optimized/2X/3/3bc6410e84a911ed98f3c813fc11f0d09574531f_2_690x388.jpeg,
[2026-09-11 22:46:06] Response headers: {'Server': 'nginx', 'Date': 'Fri, 11 Sep 2026 22:46:06 GMT', 'Content-Type': 'text/html', 'Content-Length': '548', 'Connection': 'keep-alive'}
[2026-09-11 22:46:07] [247/2954] Fetching topic 29578
[2026-09-11 22:46:08] Topic 29578: downloading 21 uploads
[2026-09-11 22:46:16] Upload failed 404: requested=https://forums.greaterthangames.com/uploads/default/optimized/2X/0/04d478b18f3b42ef00ead479fc7f21547f0128d3_2_690x388.jpeg, final=https://forums.greaterthangames.com/uploads/default/optimized/2X/0/04d478b18f3b42ef00ead479fc7f21547f0128d3_2_690x388.jpeg,
[2026-09-11 22:46:16] Response headers: {'Server': 'nginx', 'Date': 'Fri, 11 Sep 2026 22:46:16 GMT', 'Content-Type': 'text/html', 'Content-Length': '548', 'Connection': 'keep-alive'}
[2026-09-11 22:46:19] Upload failed 404: requested=https://forums.greaterthangames.com/uploads/default/optimized/2X/7/76137af428ff0406c8b6f66e1584df462b6e7539_2_281x500.jpeg, final=https://forums.greaterthangames.com/uploads/default/optimized/2X/7/76137af428ff0406c8b6f66e1584df462b6e7539_2_281x500.jpeg,
[2026-09-11 22:46:19] Response headers: {'Server': 'nginx', 'Date': 'Fri, 11 Sep 2026 22:46:19 GMT', 'Content-Type': 'text/html', 'Content-Length': '548', 'Connection': 'keep-alive'}
[2026-09-11 22:46:25] Upload failed 404: requested=https://forums.greaterthangames.com/uploads/default/optimized/2X/9/954024f3f8c3e64ce7a4011cf0744b0cdf2c8efb_2_225x500.jpeg, final=https://forums.greaterthangames.com/uploads/default/optimized/2X/9/954024f3f8c3e64ce7a4011cf0744b0cdf2c8efb_2_225x500.jpeg,
[2026-09-11 22:46:25] Response headers: {'Server': 'nginx', 'Date': 'Fri, 11 Sep 2026 22:46:24 GMT', 'Content-Type': 'text/html', 'Content-Length': '548', 'Connection': 'keep-alive'}
[2026-09-11 22:46:30] [248/2954] Fetching topic 29487
[2026-09-11 22:46:31] [249/2954] Fetching topic 29559
[2026-09-11 22:46:32] Topic 29559: downloading 11 uploads
[2026-09-11 22:46:36] [250/2954] Fetching topic 29169
[2026-09-11 22:46:37] [251/2954] Fetching topic 29568
[2026-09-11 22:46:38] Topic 29568: downloading 14 uploads
[2026-09-11 22:46:43] Upload failed 404: requested=https://forums.greaterthangames.com/uploads/default/optimized/2X/c/c611cf827ac9c9d476833eeb8758293693a14746_2_225x500.jpeg, final=https://forums.greaterthangames.com/uploads/default/optimized/2X/c/c611cf827ac9c9d476833eeb8758293693a14746_2_225x500.jpeg,
[2026-09-11 22:46:43] Response headers: {'Server': 'nginx', 'Date': 'Fri, 11 Sep 2026 22:46:43 GMT', 'Content-Type': 'text/html', 'Content-Length': '548', 'Connection': 'keep-alive'}
[2026-09-11 22:46:48] Upload failed 404: requested=https://forums.greaterthangames.com/uploads/default/optimized/2X/f/f9ddc170cfef96f32309600fb141b7e5ba66be15_2_219x500.jpeg, final=https://forums.greaterthangames.com/uploads/default/optimized/2X/f/f9ddc170cfef96f32309600fb141b7e5ba66be15_2_219x500.jpeg,
[2026-09-11 22:46:48] Response headers: {'Server': 'nginx', 'Date': 'Fri, 11 Sep 2026 22:46:48 GMT', 'Content-Type': 'text/html', 'Content-Length': '548', 'Connection': 'keep-alive'}
[2026-09-11 22:46:53] [252/2954] Fetching topic 29567
[2026-09-11 22:46:54] [253/2954] Fetching topic 29543
[2026-09-11 22:46:55] Topic 29543: downloading 35 uploads
[2026-09-11 22:47:03] Upload failed 404: requested=https://forums.greaterthangames.com/uploads/default/optimized/2X/1/1848ef55b6f88a18da7dc7cd897e694426efcb3a_2_281x500.jpeg, final=https://forums.greaterthangames.com/uploads/default/optimized/2X/1/1848ef55b6f88a18da7dc7cd897e694426efcb3a_2_281x500.jpeg,
[2026-09-11 22:47:03] Response headers: {'Server': 'nginx', 'Date': 'Fri, 11 Sep 2026 22:47:03 GMT', 'Content-Type': 'text/html', 'Content-Length': '548', 'Connection': 'keep-alive'}
[2026-09-11 22:47:10] Upload failed 404: requested=https://forums.greaterthangames.com/uploads/default/optimized/2X/8/851470e15a315cb3664bca5dae7d13749c512e60_2_690x388.jpeg, final=https://forums.greaterthangames.com/uploads/default/optimized/2X/8/851470e15a315cb3664bca5dae7d13749c512e60_2_690x388.jpeg,
[2026-09-11 22:47:10] Response headers: {'Server': 'nginx', 'Date': 'Fri, 11 Sep 2026 22:47:10 GMT', 'Content-Type': 'text/html', 'Content-Length': '548', 'Connection': 'keep-alive'}
[2026-09-11 22:47:14] Upload failed 404: requested=https://forums.greaterthangames.com/uploads/default/optimized/2X/a/a8096d1a6628ce559efa7aecaca1e59d11c71f20_2_225x500.jpeg, final=https://forums.greaterthangames.com/uploads/default/optimized/2X/a/a8096d1a6628ce559efa7aecaca1e59d11c71f20_2_225x500.jpeg,
[2026-09-11 22:47:14] Response headers: {'Server': 'nginx', 'Date': 'Fri, 11 Sep 2026 22:47:13 GMT', 'Content-Type': 'text/html', 'Content-Length': '548', 'Connection': 'keep-alive'}
[2026-09-11 22:47:19] Upload failed 404: requested=https://forums.greaterthangames.com/uploads/default/optimized/2X/b/b02a06a8104009b87385f27f8600f2a2d6bb9b45_2_225x500.jpeg, final=https://forums.greaterthangames.com/uploads/default/optimized/2X/b/b02a06a8104009b87385f27f8600f2a2d6bb9b45_2_225x500.jpeg,
[2026-09-11 22:47:19] Response headers: {'Server': 'nginx', 'Date': 'Fri, 11 Sep 2026 22:47:19 GMT', 'Content-Type': 'text/html', 'Content-Length': '548', 'Connection': 'keep-alive'}
[2026-09-11 22:47:24] Upload failed 404: requested=https://forums.greaterthangames.com/uploads/default/optimized/2X/e/e53ce708138b549551c8890de51aab094549f59f_2_231x500.jpeg, final=https://forums.greaterthangames.com/uploads/default/optimized/2X/e/e53ce708138b549551c8890de51aab094549f59f_2_231x500.jpeg,
[2026-09-11 22:47:24] Response headers: {'Server': 'nginx', 'Date': 'Fri, 11 Sep 2026 22:47:24 GMT', 'Content-Type': 'text/html', 'Content-Length': '548', 'Connection': 'keep-alive'}
[2026-09-11 22:47:31] [254/2954] Fetching topic 29553
[2026-09-11 22:47:32] [255/2954] Fetching topic 29538
[2026-09-11 22:47:33] Topic 29538: downloading 35 uploads
[2026-09-11 22:47:41] Upload failed 404: requested=https://forums.greaterthangames.com/uploads/default/optimized/2X/2/29380d322c2b2c5620e1f6af61ecb8bc465bc979_2_225x500.jpeg, final=https://forums.greaterthangames.com/uploads/default/optimized/2X/2/29380d322c2b2c5620e1f6af61ecb8bc465bc979_2_225x500.jpeg,
[2026-09-11 22:47:41] Response headers: {'Server': 'nginx', 'Date': 'Fri, 11 Sep 2026 22:47:41 GMT', 'Content-Type': 'text/html', 'Content-Length': '548', 'Connection': 'keep-alive'}
[2026-09-11 22:47:47] Upload failed 404: requested=https://forums.greaterthangames.com/uploads/default/optimized/2X/2/2e37b73f3385c02f624d4e391aca1d7ba20b410b_2_231x500.jpeg, final=https://forums.greaterthangames.com/uploads/default/optimized/2X/2/2e37b73f3385c02f624d4e391aca1d7ba20b410b_2_231x500.jpeg,
[2026-09-11 22:47:47] Response headers: {'Server': 'nginx', 'Date': 'Fri, 11 Sep 2026 22:47:47 GMT', 'Content-Type': 'text/html', 'Content-Length': '548', 'Connection': 'keep-alive'}
[2026-09-11 22:47:52] Upload failed 404: requested=https://forums.greaterthangames.com/uploads/default/optimized/2X/5/558763ea7193d356dab8423dc7828f1ed3e58d5e_2_225x500.jpeg, final=https://forums.greaterthangames.com/uploads/default/optimized/2X/5/558763ea7193d356dab8423dc7828f1ed3e58d5e_2_225x500.jpeg,
[2026-09-11 22:47:52] Response headers: {'Server': 'nginx', 'Date': 'Fri, 11 Sep 2026 22:47:52 GMT', 'Content-Type': 'text/html', 'Content-Length': '548', 'Connection': 'keep-alive'}
[2026-09-11 22:47:57] Upload failed 404: requested=https://forums.greaterthangames.com/uploads/default/optimized/2X/d/d71ab02e134967ba4b87ddd291ed16933603afd5_2_219x500.jpeg, final=https://forums.greaterthangames.com/uploads/default/optimized/2X/d/d71ab02e134967ba4b87ddd291ed16933603afd5_2_219x500.jpeg,
[2026-09-11 22:47:57] Response headers: {'Server': 'nginx', 'Date': 'Fri, 11 Sep 2026 22:47:57 GMT', 'Content-Type': 'text/html', 'Content-Length': '548', 'Connection': 'keep-alive'}
[2026-09-11 22:48:04] Upload failed 404: requested=https://forums.greaterthangames.com/uploads/default/optimized/2X/d/da8ffabe50a9e1752741c1bf3a3305e4c154ff1a_2_690x388.jpeg, final=https://forums.greaterthangames.com/uploads/default/optimized/2X/d/da8ffabe50a9e1752741c1bf3a3305e4c154ff1a_2_690x388.jpeg,
[2026-09-11 22:48:04] Response headers: {'Server': 'nginx', 'Date': 'Fri, 11 Sep 2026 22:48:04 GMT', 'Content-Type': 'text/html', 'Content-Length': '548', 'Connection': 'keep-alive'}
[2026-09-11 22:48:09] [256/2954] Fetching topic 19888
[2026-09-11 22:48:10] Topic 19888: missing 40 posts; fetching in batches...
[2026-09-11 22:48:11] Topic 19888: downloading 7 uploads
[2026-09-11 22:48:16] Upload failed 404: requested=https://forums.greaterthangames.com/uploads/default/optimized/2X/6/691a1ede92c7e90fd8cb7667699220e8cf44c79d_2_500x500.png, final=https://forums.greaterthangames.com/uploads/default/optimized/2X/6/691a1ede92c7e90fd8cb7667699220e8cf44c79d_2_500x500.png,
[2026-09-11 22:48:16] Response headers: {'Server': 'nginx', 'Date': 'Fri, 11 Sep 2026 22:48:16 GMT', 'Content-Type': 'text/html', 'Content-Length': '548', 'Connection': 'keep-alive'}
[2026-09-11 22:48:19] [257/2954] Fetching topic 29519
[2026-09-11 22:48:20] [258/2954] Fetching topic 29509
[2026-09-11 22:48:21] [259/2954] Fetching topic 29500
[2026-09-11 22:48:22] Topic 29500: downloading 14 uploads
[2026-09-11 22:48:27] Upload failed 404: requested=https://forums.greaterthangames.com/uploads/default/optimized/2X/1/1617e75971ad9f74566b824b610be2bf4f32e18a_2_219x500.jpeg, final=https://forums.greaterthangames.com/uploads/default/optimized/2X/1/1617e75971ad9f74566b824b610be2bf4f32e18a_2_219x500.jpeg,
[2026-09-11 22:48:27] Response headers: {'Server': 'nginx', 'Date': 'Fri, 11 Sep 2026 22:48:27 GMT', 'Content-Type': 'text/html', 'Content-Length': '548', 'Connection': 'keep-alive'}
[2026-09-11 22:48:32] Upload failed 404: requested=https://forums.greaterthangames.com/uploads/default/optimized/2X/e/e9540093e6b0bf07c5f216ebbf36f93ebfa744e7_2_225x500.jpeg, final=https://forums.greaterthangames.com/uploads/default/optimized/2X/e/e9540093e6b0bf07c5f216ebbf36f93ebfa744e7_2_225x500.jpeg,
[2026-09-11 22:48:32] Response headers: {'Server': 'nginx', 'Date': 'Fri, 11 Sep 2026 22:48:32 GMT', 'Content-Type': 'text/html', 'Content-Length': '548', 'Connection': 'keep-alive'}
[2026-09-11 22:48:36] [260/2954] Fetching topic 29486
[2026-09-11 22:48:37] [261/2954] Fetching topic 29503
[2026-09-11 22:48:39] [262/2954] Fetching topic 29456
[2026-09-11 22:48:40] Topic 29456: downloading 35 uploads
[2026-09-11 22:48:48] Upload failed 404: requested=https://forums.greaterthangames.com/uploads/default/optimized/2X/3/34ae8dfa743b047040c2805b76470bcad7400156_2_219x500.jpeg, final=https://forums.greaterthangames.com/uploads/default/optimized/2X/3/34ae8dfa743b047040c2805b76470bcad7400156_2_219x500.jpeg,
[2026-09-11 22:48:48] Response headers: {'Server': 'nginx', 'Date': 'Fri, 11 Sep 2026 22:48:48 GMT', 'Content-Type': 'text/html', 'Content-Length': '548', 'Connection': 'keep-alive'}
[2026-09-11 22:48:53] Upload failed 404: requested=https://forums.greaterthangames.com/uploads/default/optimized/2X/4/4e94846c04bf86bf78bc904c639af4fbcafad095_2_225x500.jpeg, final=https://forums.greaterthangames.com/uploads/default/optimized/2X/4/4e94846c04bf86bf78bc904c639af4fbcafad095_2_225x500.jpeg,
[2026-09-11 22:48:53] Response headers: {'Server': 'nginx', 'Date': 'Fri, 11 Sep 2026 22:48:53 GMT', 'Content-Type': 'text/html', 'Content-Length': '548', 'Connection': 'keep-alive'}
[2026-09-11 22:48:58] Upload failed 404: requested=https://forums.greaterthangames.com/uploads/default/optimized/2X/a/a89383a815bb21f4e721d21169b4b91b8f5741c2_2_225x500.jpeg, final=https://forums.greaterthangames.com/uploads/default/optimized/2X/a/a89383a815bb21f4e721d21169b4b91b8f5741c2_2_225x500.jpeg,
[2026-09-11 22:48:58] Response headers: {'Server': 'nginx', 'Date': 'Fri, 11 Sep 2026 22:48:58 GMT', 'Content-Type': 'text/html', 'Content-Length': '548', 'Connection': 'keep-alive'}
[2026-09-11 22:49:06] Upload failed 404: requested=https://forums.greaterthangames.com/uploads/default/optimized/2X/e/e6c4ed8d01aa6ac5f9a11a551bfcaa878babaefd_2_690x388.jpeg, final=https://forums.greaterthangames.com/uploads/default/optimized/2X/e/e6c4ed8d01aa6ac5f9a11a551bfcaa878babaefd_2_690x388.jpeg,
[2026-09-11 22:49:06] Response headers: {'Server': 'nginx', 'Date': 'Fri, 11 Sep 2026 22:49:06 GMT', 'Content-Type': 'text/html', 'Content-Length': '548', 'Connection': 'keep-alive'}
[2026-09-11 22:49:11] Upload failed 404: requested=https://forums.greaterthangames.com/uploads/default/optimized/2X/e/ea83067dc89a731724d93bb8964cb606d98ea18f_2_690x388.jpeg, final=https://forums.greaterthangames.com/uploads/default/optimized/2X/e/ea83067dc89a731724d93bb8964cb606d98ea18f_2_690x388.jpeg,
[2026-09-11 22:49:11] Response headers: {'Server': 'nginx', 'Date': 'Fri, 11 Sep 2026 22:49:11 GMT', 'Content-Type': 'text/html', 'Content-Length': '548', 'Connection': 'keep-alive'}
[2026-09-11 22:49:16] [263/2954] Fetching topic 29359
[2026-09-11 22:49:17] [264/2954] Fetching topic 29483
[2026-09-11 22:49:18] Topic 29483: downloading 7 uploads
[2026-09-11 22:49:24] Upload failed 404: requested=https://forums.greaterthangames.com/uploads/default/optimized/2X/7/7a7803a2919e43f06ebd7b24bd15679c5b464730_2_690x388.jpeg, final=https://forums.greaterthangames.com/uploads/default/optimized/2X/7/7a7803a2919e43f06ebd7b24bd15679c5b464730_2_690x388.jpeg,
[2026-09-11 22:49:24] Response headers: {'Server': 'nginx', 'Date': 'Fri, 11 Sep 2026 22:49:24 GMT', 'Content-Type': 'text/html', 'Content-Length': '548', 'Connection': 'keep-alive'}
[2026-09-11 22:49:25] [265/2954] Fetching topic 29094
[2026-09-11 22:49:26] Topic 29094: missing 416 posts; fetching in batches...
[2026-09-11 22:49:37] Topic 29094: downloading 38 uploads
[2026-09-11 22:49:38] Upload failed 404: requested=https://forums.greaterthangames.com/uploads/2022/07/SOTM-RCRN-Rulebook.pdf final=https://forums.greaterthangames.com/uploads/2022/07/SOTM-RCRN-Rulebook.pdf
[2026-09-11 22:49:38] Response headers: {'Server': 'nginx', 'Date': 'Fri, 11 Sep 2026 22:49:38 GMT', 'Content-Type': 'text/html; charset=utf-8', 'Transfer-Encoding': 'chunked', 'Connection': 'keep-alive', 'Vary': 'Accept-Encoding', 'Content-Security-Policy': "upgrade-insecure-requests; base-uri 'self'; object-src 'none'; script-src 'nonce-iTqjGlCmYgyNp3yO7ocGCcd1Z' 'strict-dynamic'; frame-ancestors 'self'; manifest-src 'self'", 'X-Request-Id': '62df9dfa-5a54-4334-bbb3-97f77298db48', 'X-Runtime': '0.022922', 'Content-Encoding': 'gzip'}
[2026-09-11 22:49:39] Upload failed 404: requested=https://forums.greaterthangames.com/uploads/2022/07/SOTM-RCRN-Rulebook.pdf</a final=https://forums.greaterthangames.com/uploads/2022/07/SOTM-RCRN-Rulebook.pdf%3C/a
[2026-09-11 22:49:39] Response headers: {'Server': 'nginx', 'Date': 'Fri, 11 Sep 2026 22:49:39 GMT', 'Content-Type': 'text/html; charset=utf-8', 'Transfer-Encoding': 'chunked', 'Connection': 'keep-alive', 'Vary': 'Accept-Encoding', 'Content-Security-Policy': "upgrade-insecure-requests; base-uri 'self'; object-src 'none'; script-src 'nonce-roIL113xoNANbxHre4nM69pAz' 'strict-dynamic'; frame-ancestors 'self'; manifest-src 'self'", 'X-Request-Id': '46b21fa9-eeb1-474b-bc03-a7e8208ef557', 'X-Runtime': '0.022467', 'Content-Encoding': 'gzip'}
[2026-09-11 22:49:51] Upload failed 404: requested=https://forums.greaterthangames.com/uploads/default/optimized/2X/1/1b40656dade4461c62ce27370130c23400ab794f_2_690x252.jpeg, final=https://forums.greaterthangames.com/uploads/default/optimized/2X/1/1b40656dade4461c62ce27370130c23400ab794f_2_690x252.jpeg,
[2026-09-11 22:49:51] Response headers: {'Server': 'nginx', 'Date': 'Fri, 11 Sep 2026 22:49:51 GMT', 'Content-Type': 'text/html', 'Content-Length': '548', 'Connection': 'keep-alive'}
[2026-09-11 22:49:54] Upload failed 404: requested=https://forums.greaterthangames.com/uploads/default/optimized/2X/4/4eda511b8640c7db39b6ccf31c08e19c4f23ba9c_2_413x500.jpeg, final=https://forums.greaterthangames.com/uploads/default/optimized/2X/4/4eda511b8640c7db39b6ccf31c08e19c4f23ba9c_2_413x500.jpeg,
[2026-09-11 22:49:54] Response headers: {'Server': 'nginx', 'Date': 'Fri, 11 Sep 2026 22:49:54 GMT', 'Content-Type': 'text/html', 'Content-Length': '548', 'Connection': 'keep-alive'}
[2026-09-11 22:50:00] Upload failed 404: requested=https://forums.greaterthangames.com/uploads/default/optimized/2X/7/78c87b32dc91acbaff364ffdad7107e4b088d4cf_2_349x500.jpeg, final=https://forums.greaterthangames.com/uploads/default/optimized/2X/7/78c87b32dc91acbaff364ffdad7107e4b088d4cf_2_349x500.jpeg,
[2026-09-11 22:50:00] Response headers: {'Server': 'nginx', 'Date': 'Fri, 11 Sep 2026 22:50:00 GMT', 'Content-Type': 'text/html', 'Content-Length': '548', 'Connection': 'keep-alive'}
[2026-09-11 22:50:05] Upload failed 404: requested=https://forums.greaterthangames.com/uploads/default/optimized/2X/d/d8756966071bd0f45a2349ec54bd54fbba144584_2_364x499.jpeg, final=https://forums.greaterthangames.com/uploads/default/optimized/2X/d/d8756966071bd0f45a2349ec54bd54fbba144584_2_364x499.jpeg,
[2026-09-11 22:50:05] Response headers: {'Server': 'nginx', 'Date': 'Fri, 11 Sep 2026 22:50:05 GMT', 'Content-Type': 'text/html', 'Content-Length': '548', 'Connection': 'keep-alive'}
[2026-09-11 22:50:15] [266/2954] Fetching topic 17252
[2026-09-11 22:50:16] Topic 17252: missing 1 posts; fetching in batches...
[2026-09-11 22:50:17] [267/2954] Fetching topic 28683
[2026-09-11 22:50:19] Topic 28683: missing 17 posts; fetching in batches...
[2026-09-11 22:50:20] [268/2954] Fetching topic 29442
[2026-09-11 22:50:21] Topic 29442: downloading 7 uploads
[2026-09-11 22:50:27] Upload failed 404: requested=https://forums.greaterthangames.com/uploads/default/optimized/2X/4/48b711ffe36935b2063418851f175698cd62a0ea_2_690x388.jpeg, final=https://forums.greaterthangames.com/uploads/default/optimized/2X/4/48b711ffe36935b2063418851f175698cd62a0ea_2_690x388.jpeg,
[2026-09-11 22:50:27] Response headers: {'Server': 'nginx', 'Date': 'Fri, 11 Sep 2026 22:50:27 GMT', 'Content-Type': 'text/html', 'Content-Length': '548', 'Connection': 'keep-alive'}
[2026-09-11 22:50:28] [269/2954] Fetching topic 28849
[2026-09-11 22:50:29] [270/2954] Fetching topic 29385
[2026-09-11 22:50:30] Topic 29385: downloading 14 uploads
[2026-09-11 22:50:37] Upload failed 404: requested=https://forums.greaterthangames.com/uploads/default/optimized/2X/6/64ab9526d8e338401261db9772b5d9428c9cb201_2_690x388.jpeg, final=https://forums.greaterthangames.com/uploads/default/optimized/2X/6/64ab9526d8e338401261db9772b5d9428c9cb201_2_690x388.jpeg,
[2026-09-11 22:50:37] Response headers: {'Server': 'nginx', 'Date': 'Fri, 11 Sep 2026 22:50:37 GMT', 'Content-Type': 'text/html', 'Content-Length': '548', 'Connection': 'keep-alive'}
[2026-09-11 22:50:40] Upload failed 404: requested=https://forums.greaterthangames.com/uploads/default/optimized/2X/9/9348a9831c6fe00820e2330b613ecc98dcd28f02_2_219x500.jpeg, final=https://forums.greaterthangames.com/uploads/default/optimized/2X/9/9348a9831c6fe00820e2330b613ecc98dcd28f02_2_219x500.jpeg,
[2026-09-11 22:50:40] Response headers: {'Server': 'nginx', 'Date': 'Fri, 11 Sep 2026 22:50:40 GMT', 'Content-Type': 'text/html', 'Content-Length': '548', 'Connection': 'keep-alive'}
[2026-09-11 22:50:45] [271/2954] Fetching topic 29312
[2026-09-11 22:50:46] Topic 29312: downloading 1 uploads
[2026-09-11 22:50:47] [272/2954] Fetching topic 29352
[2026-09-11 22:50:48] Topic 29352: downloading 14 uploads
[2026-09-11 22:50:55] Upload failed 404: requested=https://forums.greaterthangames.com/uploads/default/optimized/2X/6/6f15aba77e15e13ecb5fa905ae154f7f5d361c69_2_690x388.jpeg, final=https://forums.greaterthangames.com/uploads/default/optimized/2X/6/6f15aba77e15e13ecb5fa905ae154f7f5d361c69_2_690x388.jpeg,
[2026-09-11 22:50:55] Response headers: {'Server': 'nginx', 'Date': 'Fri, 11 Sep 2026 22:50:55 GMT', 'Content-Type': 'text/html', 'Content-Length': '548', 'Connection': 'keep-alive'}
[2026-09-11 22:50:58] Upload failed 404: requested=https://forums.greaterthangames.com/uploads/default/optimized/2X/e/e962dbd27c0ce5b3b257daad4119880c3f77f6ea_2_225x500.jpeg, final=https://forums.greaterthangames.com/uploads/default/optimized/2X/e/e962dbd27c0ce5b3b257daad4119880c3f77f6ea_2_225x500.jpeg,
[2026-09-11 22:50:58] Response headers: {'Server': 'nginx', 'Date': 'Fri, 11 Sep 2026 22:50:58 GMT', 'Content-Type': 'text/html', 'Content-Length': '548', 'Connection': 'keep-alive'}
[2026-09-11 22:51:02] [273/2954] Fetching topic 29368
[2026-09-11 22:51:03] Topic 29368: downloading 5 uploads
[2026-09-11 22:51:08] Upload failed 404: requested=https://forums.greaterthangames.com/uploads/default/optimized/2X/e/ecf61fe36636a3babbaf2597421f16cf1e65d079_2_690x388.jpeg, final=https://forums.greaterthangames.com/uploads/default/optimized/2X/e/ecf61fe36636a3babbaf2597421f16cf1e65d079_2_690x388.jpeg,
[2026-09-11 22:51:08] Response headers: {'Server': 'nginx', 'Date': 'Fri, 11 Sep 2026 22:51:08 GMT', 'Content-Type': 'text/html', 'Content-Length': '548', 'Connection': 'keep-alive'}
[2026-09-11 22:51:08] [274/2954] Fetching topic 29366
[2026-09-11 22:51:09] Topic 29366: downloading 7 uploads
[2026-09-11 22:51:14] Upload failed 404: requested=https://forums.greaterthangames.com/uploads/default/optimized/2X/d/d57ec3ef08a85d2dd7abf5deb20be48668c62145_2_375x500.jpeg, final=https://forums.greaterthangames.com/uploads/default/optimized/2X/d/d57ec3ef08a85d2dd7abf5deb20be48668c62145_2_375x500.jpeg,
[2026-09-11 22:51:14] Response headers: {'Server': 'nginx', 'Date': 'Fri, 11 Sep 2026 22:51:13 GMT', 'Content-Type': 'text/html', 'Content-Length': '548', 'Connection': 'keep-alive'}
[2026-09-11 22:51:17] [275/2954] Fetching topic 29280
[2026-09-11 22:51:18] Topic 29280: downloading 3 uploads
[2026-09-11 22:51:23] [276/2954] Fetching topic 29341
[2026-09-11 22:51:23] Topic 29341: downloading 28 uploads
[2026-09-11 22:51:30] Upload failed 404: requested=https://forums.greaterthangames.com/uploads/default/optimized/2X/1/1843125e487b1d75086d4b529dbb1c1ed0bbbff9_2_219x500.jpeg, final=https://forums.greaterthangames.com/uploads/default/optimized/2X/1/1843125e487b1d75086d4b529dbb1c1ed0bbbff9_2_219x500.jpeg,
[2026-09-11 22:51:30] Response headers: {'Server': 'nginx', 'Date': 'Fri, 11 Sep 2026 22:51:30 GMT', 'Content-Type': 'text/html', 'Content-Length': '548', 'Connection': 'keep-alive'}
[2026-09-11 22:51:36] Upload failed 404: requested=https://forums.greaterthangames.com/uploads/default/optimized/2X/3/3ce25f03ae4b35428261f336ad0e6521fc6d0030_2_666x500.jpeg, final=https://forums.greaterthangames.com/uploads/default/optimized/2X/3/3ce25f03ae4b35428261f336ad0e6521fc6d0030_2_666x500.jpeg,
[2026-09-11 22:51:36] Response headers: {'Server': 'nginx', 'Date': 'Fri, 11 Sep 2026 22:51:36 GMT', 'Content-Type': 'text/html', 'Content-Length': '548', 'Connection': 'keep-alive'}
[2026-09-11 22:51:42] Upload failed 404: requested=https://forums.greaterthangames.com/uploads/default/optimized/2X/8/8f0a5963e2ead581c111b8dfb49f36c8e65aabe6_2_690x388.jpeg, final=https://forums.greaterthangames.com/uploads/default/optimized/2X/8/8f0a5963e2ead581c111b8dfb49f36c8e65aabe6_2_690x388.jpeg,
[2026-09-11 22:51:42] Response headers: {'Server': 'nginx', 'Date': 'Fri, 11 Sep 2026 22:51:42 GMT', 'Content-Type': 'text/html', 'Content-Length': '548', 'Connection': 'keep-alive'}
[2026-09-11 22:51:46] Upload failed 404: requested=https://forums.greaterthangames.com/uploads/default/optimized/2X/d/d7cf4a738a7b0d53e307a397746d76f917927b88_2_231x500.jpeg, final=https://forums.greaterthangames.com/uploads/default/optimized/2X/d/d7cf4a738a7b0d53e307a397746d76f917927b88_2_231x500.jpeg,
[2026-09-11 22:51:46] Response headers: {'Server': 'nginx', 'Date': 'Fri, 11 Sep 2026 22:51:46 GMT', 'Content-Type': 'text/html', 'Content-Length': '548', 'Connection': 'keep-alive'}
[2026-09-11 22:51:52] [277/2954] Fetching topic 16833
[2026-09-11 22:51:53] Topic 16833: missing 27 posts; fetching in batches...
[2026-09-11 22:51:54] [278/2954] Fetching topic 29324
[2026-09-11 22:51:55] [279/2954] Fetching topic 29335
[2026-09-11 22:51:56] Topic 29335: downloading 21 uploads
[2026-09-11 22:52:02] Upload failed 404: requested=https://forums.greaterthangames.com/uploads/default/optimized/2X/0/0a577bbc18d1eaad4b3bd75f3bcffd1559791a2f_2_225x500.jpeg, final=https://forums.greaterthangames.com/uploads/default/optimized/2X/0/0a577bbc18d1eaad4b3bd75f3bcffd1559791a2f_2_225x500.jpeg,
[2026-09-11 22:52:02] Response headers: {'Server': 'nginx', 'Date': 'Fri, 11 Sep 2026 22:52:02 GMT', 'Content-Type': 'text/html', 'Content-Length': '548', 'Connection': 'keep-alive'}
[2026-09-11 22:52:09] Upload failed 404: requested=https://forums.greaterthangames.com/uploads/default/optimized/2X/9/9c8c2c649bacbc987dee0e7a1d7e5b03d3e3d83d_2_690x388.jpeg, final=https://forums.greaterthangames.com/uploads/default/optimized/2X/9/9c8c2c649bacbc987dee0e7a1d7e5b03d3e3d83d_2_690x388.jpeg,
[2026-09-11 22:52:09] Response headers: {'Server': 'nginx', 'Date': 'Fri, 11 Sep 2026 22:52:09 GMT', 'Content-Type': 'text/html', 'Content-Length': '548', 'Connection': 'keep-alive'}
[2026-09-11 22:52:13] Upload failed 404: requested=https://forums.greaterthangames.com/uploads/default/optimized/2X/9/9f860c2cbc728138d5b958c9815a6f98944ab5e5_2_225x500.jpeg, final=https://forums.greaterthangames.com/uploads/default/optimized/2X/9/9f860c2cbc728138d5b958c9815a6f98944ab5e5_2_225x500.jpeg,
[2026-09-11 22:52:13] Response headers: {'Server': 'nginx', 'Date': 'Fri, 11 Sep 2026 22:52:12 GMT', 'Content-Type': 'text/html', 'Content-Length': '548', 'Connection': 'keep-alive'}
[2026-09-11 22:52:18] [280/2954] Fetching topic 29036
[2026-09-11 22:52:19] Topic 29036: missing 73 posts; fetching in batches...
[2026-09-11 22:52:21] Topic 29036: downloading 7 uploads
[2026-09-11 22:52:25] Upload failed 404: requested=https://forums.greaterthangames.com/uploads/default/optimized/2X/a/a67e178e067b01dcf18d81f7e8ed95c548c64b85_2_193x500.jpeg, final=https://forums.greaterthangames.com/uploads/default/optimized/2X/a/a67e178e067b01dcf18d81f7e8ed95c548c64b85_2_193x500.jpeg,
[2026-09-11 22:52:25] Response headers: {'Server': 'nginx', 'Date': 'Fri, 11 Sep 2026 22:52:25 GMT', 'Content-Type': 'text/html', 'Content-Length': '548', 'Connection': 'keep-alive'}
[2026-09-11 22:52:28] [281/2954] Fetching topic 29328
[2026-09-11 22:52:29] Topic 29328: downloading 28 uploads
[2026-09-11 22:52:36] Upload failed 404: requested=https://forums.greaterthangames.com/uploads/default/optimized/2X/4/4079b7ce7d271daacf20df9604da1e4f178c94e2_2_231x500.jpeg, final=https://forums.greaterthangames.com/uploads/default/optimized/2X/4/4079b7ce7d271daacf20df9604da1e4f178c94e2_2_231x500.jpeg,
[2026-09-11 22:52:36] Response headers: {'Server': 'nginx', 'Date': 'Fri, 11 Sep 2026 22:52:36 GMT', 'Content-Type': 'text/html', 'Content-Length': '548', 'Connection': 'keep-alive'}
[2026-09-11 22:52:42] Upload failed 404: requested=https://forums.greaterthangames.com/uploads/default/optimized/2X/5/56cb2ea61816ff2897b480833e4ee2d5e8de01c1_2_231x500.jpeg, final=https://forums.greaterthangames.com/uploads/default/optimized/2X/5/56cb2ea61816ff2897b480833e4ee2d5e8de01c1_2_231x500.jpeg,
[2026-09-11 22:52:42] Response headers: {'Server': 'nginx', 'Date': 'Fri, 11 Sep 2026 22:52:42 GMT', 'Content-Type': 'text/html', 'Content-Length': '548', 'Connection': 'keep-alive'}
[2026-09-11 22:52:47] Upload failed 404: requested=https://forums.greaterthangames.com/uploads/default/optimized/2X/6/6776162c125da0e7a989e032d73282fbd0b494ae_2_225x500.jpeg, final=https://forums.greaterthangames.com/uploads/default/optimized/2X/6/6776162c125da0e7a989e032d73282fbd0b494ae_2_225x500.jpeg,
[2026-09-11 22:52:47] Response headers: {'Server': 'nginx', 'Date': 'Fri, 11 Sep 2026 22:52:47 GMT', 'Content-Type': 'text/html', 'Content-Length': '548', 'Connection': 'keep-alive'}
[2026-09-11 22:52:54] Upload failed 404: requested=https://forums.greaterthangames.com/uploads/default/optimized/2X/e/ec632b88357dc6aedc2bba38056af1ad472387d8_2_690x388.jpeg, final=https://forums.greaterthangames.com/uploads/default/optimized/2X/e/ec632b88357dc6aedc2bba38056af1ad472387d8_2_690x388.jpeg,
[2026-09-11 22:52:54] Response headers: {'Server': 'nginx', 'Date': 'Fri, 11 Sep 2026 22:52:54 GMT', 'Content-Type': 'text/html', 'Content-Length': '548', 'Connection': 'keep-alive'}
[2026-09-11 22:52:58] [282/2954] Fetching topic 29329
[2026-09-11 22:52:59] [283/2954] Fetching topic 29281
[2026-09-11 22:53:00] [284/2954] Fetching topic 29237
[2026-09-11 22:53:01] [285/2954] Fetching topic 29317
[2026-09-11 22:53:03] Topic 29317: downloading 7 uploads
[2026-09-11 22:53:08] Upload failed 404: requested=https://forums.greaterthangames.com/uploads/default/optimized/2X/8/86f90a45b3c12abe229bdd88f0eb164678337aa4_2_683x500.jpeg, final=https://forums.greaterthangames.com/uploads/default/optimized/2X/8/86f90a45b3c12abe229bdd88f0eb164678337aa4_2_683x500.jpeg,
[2026-09-11 22:53:08] Response headers: {'Server': 'nginx', 'Date': 'Fri, 11 Sep 2026 22:53:08 GMT', 'Content-Type': 'text/html', 'Content-Length': '548', 'Connection': 'keep-alive'}
[2026-09-11 22:53:10] [286/2954] Fetching topic 29313
[2026-09-11 22:53:11] [287/2954] Fetching topic 29301
[2026-09-11 22:53:12] Topic 29301: downloading 7 uploads
[2026-09-11 22:53:18] Upload failed 404: requested=https://forums.greaterthangames.com/uploads/default/optimized/2X/b/b450e6ef1add26c3055a6887317444ffb2229cd1_2_690x388.jpeg, final=https://forums.greaterthangames.com/uploads/default/optimized/2X/b/b450e6ef1add26c3055a6887317444ffb2229cd1_2_690x388.jpeg,
[2026-09-11 22:53:18] Response headers: {'Server': 'nginx', 'Date': 'Fri, 11 Sep 2026 22:53:18 GMT', 'Content-Type': 'text/html', 'Content-Length': '548', 'Connection': 'keep-alive'}
[2026-09-11 22:53:19] [288/2954] Fetching topic 29311
[2026-09-11 22:53:20] [289/2954] Fetching topic 29298
[2026-09-11 22:53:21] Topic 29298: downloading 1 uploads
[2026-09-11 22:53:21] [290/2954] Fetching topic 29288
[2026-09-11 22:53:22] Topic 29288: downloading 35 uploads
[2026-09-11 22:53:30] Upload failed 404: requested=https://forums.greaterthangames.com/uploads/default/optimized/2X/0/0ffcf77473ee642df9804f992f753ab1f544361e_2_231x500.jpeg, final=https://forums.greaterthangames.com/uploads/default/optimized/2X/0/0ffcf77473ee642df9804f992f753ab1f544361e_2_231x500.jpeg,
[2026-09-11 22:53:30] Response headers: {'Server': 'nginx', 'Date': 'Fri, 11 Sep 2026 22:53:30 GMT', 'Content-Type': 'text/html', 'Content-Length': '548', 'Connection': 'keep-alive'}
[2026-09-11 22:53:36] Upload failed 404: requested=https://forums.greaterthangames.com/uploads/default/optimized/2X/3/36fca2d65c032a9a7becccf6770d4cb82cb524a0_2_231x500.jpeg, final=https://forums.greaterthangames.com/uploads/default/optimized/2X/3/36fca2d65c032a9a7becccf6770d4cb82cb524a0_2_231x500.jpeg,
[2026-09-11 22:53:36] Response headers: {'Server': 'nginx', 'Date': 'Fri, 11 Sep 2026 22:53:36 GMT', 'Content-Type': 'text/html', 'Content-Length': '548', 'Connection': 'keep-alive'}
[2026-09-11 22:53:43] Upload failed 404: requested=https://forums.greaterthangames.com/uploads/default/optimized/2X/5/53393d101ba25f9d238e3d85640f67b75938bcfc_2_690x388.jpeg, final=https://forums.greaterthangames.com/uploads/default/optimized/2X/5/53393d101ba25f9d238e3d85640f67b75938bcfc_2_690x388.jpeg,
[2026-09-11 22:53:43] Response headers: {'Server': 'nginx', 'Date': 'Fri, 11 Sep 2026 22:53:43 GMT', 'Content-Type': 'text/html', 'Content-Length': '548', 'Connection': 'keep-alive'}
[2026-09-11 22:53:46] Upload failed 404: requested=https://forums.greaterthangames.com/uploads/default/optimized/2X/6/628c0aaa10e39b3a34cd57b7089178467a2032bf_2_231x500.jpeg, final=https://forums.greaterthangames.com/uploads/default/optimized/2X/6/628c0aaa10e39b3a34cd57b7089178467a2032bf_2_231x500.jpeg,
[2026-09-11 22:53:46] Response headers: {'Server': 'nginx', 'Date': 'Fri, 11 Sep 2026 22:53:46 GMT', 'Content-Type': 'text/html', 'Content-Length': '548', 'Connection': 'keep-alive'}
[2026-09-11 22:53:53] Upload failed 404: requested=https://forums.greaterthangames.com/uploads/default/optimized/2X/8/868095a6ef5983b5d5b6081fdacad0a8aea0433b_2_690x388.jpeg, final=https://forums.greaterthangames.com/uploads/default/optimized/2X/8/868095a6ef5983b5d5b6081fdacad0a8aea0433b_2_690x388.jpeg,
[2026-09-11 22:53:53] Response headers: {'Server': 'nginx', 'Date': 'Fri, 11 Sep 2026 22:53:53 GMT', 'Content-Type': 'text/html', 'Content-Length': '548', 'Connection': 'keep-alive'}
[2026-09-11 22:53:58] [291/2954] Fetching topic 28898
[2026-09-11 22:53:59] [292/2954] Fetching topic 29284
[2026-09-11 22:54:00] Topic 29284: downloading 14 uploads
[2026-09-11 22:54:05] Upload failed 404: requested=https://forums.greaterthangames.com/uploads/default/optimized/2X/4/4e16e5e05c5cb8c28066981daa7bd4f3560d06dc_2_225x500.jpeg, final=https://forums.greaterthangames.com/uploads/default/optimized/2X/4/4e16e5e05c5cb8c28066981daa7bd4f3560d06dc_2_225x500.jpeg,
[2026-09-11 22:54:05] Response headers: {'Server': 'nginx', 'Date': 'Fri, 11 Sep 2026 22:54:05 GMT', 'Content-Type': 'text/html', 'Content-Length': '548', 'Connection': 'keep-alive'}
[2026-09-11 22:54:11] Upload failed 404: requested=https://forums.greaterthangames.com/uploads/default/optimized/2X/c/c632de62ff8b789617effeae45e4634375d842d2_2_225x500.jpeg, final=https://forums.greaterthangames.com/uploads/default/optimized/2X/c/c632de62ff8b789617effeae45e4634375d842d2_2_225x500.jpeg,
[2026-09-11 22:54:11] Response headers: {'Server': 'nginx', 'Date': 'Fri, 11 Sep 2026 22:54:11 GMT', 'Content-Type': 'text/html', 'Content-Length': '548', 'Connection': 'keep-alive'}
[2026-09-11 22:54:15] [293/2954] Fetching topic 29274
[2026-09-11 22:54:16] Topic 29274: downloading 7 uploads
[2026-09-11 22:54:22] Upload failed 404: requested=https://forums.greaterthangames.com/uploads/default/optimized/2X/d/d64ee70edad0241fbc45d8d56d9b72c9e48b9588_2_690x388.jpeg, final=https://forums.greaterthangames.com/uploads/default/optimized/2X/d/d64ee70edad0241fbc45d8d56d9b72c9e48b9588_2_690x388.jpeg,
[2026-09-11 22:54:22] Response headers: {'Server': 'nginx', 'Date': 'Fri, 11 Sep 2026 22:54:22 GMT', 'Content-Type': 'text/html', 'Content-Length': '548', 'Connection': 'keep-alive'}
[2026-09-11 22:54:23] [294/2954] Fetching topic 28941
[2026-09-11 22:54:24] [295/2954] Fetching topic 29191
[2026-09-11 22:54:26] [296/2954] Fetching topic 29265
[2026-09-11 22:54:27] [297/2954] Fetching topic 29257
[2026-09-11 22:54:28] [298/2954] Fetching topic 29269
[2026-09-11 22:54:29] Topic 29269: downloading 7 uploads
[2026-09-11 22:54:35] Upload failed 404: requested=https://forums.greaterthangames.com/uploads/default/optimized/2X/6/6246a96b4b43625e5dc406c1f03db2c8d8ec14c6_2_690x388.jpeg, final=https://forums.greaterthangames.com/uploads/default/optimized/2X/6/6246a96b4b43625e5dc406c1f03db2c8d8ec14c6_2_690x388.jpeg,
[2026-09-11 22:54:35] Response headers: {'Server': 'nginx', 'Date': 'Fri, 11 Sep 2026 22:54:35 GMT', 'Content-Type': 'text/html', 'Content-Length': '548', 'Connection': 'keep-alive'}
[2026-09-11 22:54:36] [299/2954] Fetching topic 29261
[2026-09-11 22:54:37] [300/2954] Fetching topic 29200
[2026-09-11 22:54:38] [301/2954] Fetching topic 29129
[2026-09-11 22:54:39] Topic 29129: downloading 7 uploads
[2026-09-11 22:54:43] Upload failed 404: requested=https://forums.greaterthangames.com/uploads/default/optimized/2X/1/175fbbada266a0454993cf25b8208c58f83c402d_2_345x194.jpeg, final=https://forums.greaterthangames.com/uploads/default/optimized/2X/1/175fbbada266a0454993cf25b8208c58f83c402d_2_345x194.jpeg,
[2026-09-11 22:54:43] Response headers: {'Server': 'nginx', 'Date': 'Fri, 11 Sep 2026 22:54:43 GMT', 'Content-Type': 'text/html', 'Content-Length': '548', 'Connection': 'keep-alive'}
[2026-09-11 22:54:47] [302/2954] Fetching topic 29252
[2026-09-11 22:54:48] [303/2954] Fetching topic 29253
[2026-09-11 22:54:49] Topic 29253: downloading 1 uploads
[2026-09-11 22:54:50] [304/2954] Fetching topic 29249
[2026-09-11 22:54:51] Topic 29249: downloading 21 uploads
[2026-09-11 22:54:57] Upload failed 404: requested=https://forums.greaterthangames.com/uploads/default/optimized/2X/0/07276dcebbdcddbbff6b35d3f5d221fb8559087b_2_225x500.jpeg, final=https://forums.greaterthangames.com/uploads/default/optimized/2X/0/07276dcebbdcddbbff6b35d3f5d221fb8559087b_2_225x500.jpeg,
[2026-09-11 22:54:57] Response headers: {'Server': 'nginx', 'Date': 'Fri, 11 Sep 2026 22:54:57 GMT', 'Content-Type': 'text/html', 'Content-Length': '548', 'Connection': 'keep-alive'}
[2026-09-11 22:55:02] Upload failed 404: requested=https://forums.greaterthangames.com/uploads/default/optimized/2X/a/a7dc857c74e9ffa2d9c7934644c42b218c4a2708_2_225x500.jpeg, final=https://forums.greaterthangames.com/uploads/default/optimized/2X/a/a7dc857c74e9ffa2d9c7934644c42b218c4a2708_2_225x500.jpeg,
[2026-09-11 22:55:02] Response headers: {'Server': 'nginx', 'Date': 'Fri, 11 Sep 2026 22:55:02 GMT', 'Content-Type': 'text/html', 'Content-Length': '548', 'Connection': 'keep-alive'}
[2026-09-11 22:55:08] Upload failed 404: requested=https://forums.greaterthangames.com/uploads/default/optimized/2X/a/af5dac55cc8236c54349ebb9f6338df0c0be2c94_2_219x500.jpeg, final=https://forums.greaterthangames.com/uploads/default/optimized/2X/a/af5dac55cc8236c54349ebb9f6338df0c0be2c94_2_219x500.jpeg,
[2026-09-11 22:55:08] Response headers: {'Server': 'nginx', 'Date': 'Fri, 11 Sep 2026 22:55:08 GMT', 'Content-Type': 'text/html', 'Content-Length': '548', 'Connection': 'keep-alive'}
[2026-09-11 22:55:13] [305/2954] Fetching topic 29241
[2026-09-11 22:55:14] Topic 29241: downloading 28 uploads
[2026-09-11 22:55:21] Upload failed 404: requested=https://forums.greaterthangames.com/uploads/default/optimized/2X/1/19309b864b71526e46e2c023302d7eaee71413f3_2_231x500.jpeg, final=https://forums.greaterthangames.com/uploads/default/optimized/2X/1/19309b864b71526e46e2c023302d7eaee71413f3_2_231x500.jpeg,
[2026-09-11 22:55:21] Response headers: {'Server': 'nginx', 'Date': 'Fri, 11 Sep 2026 22:55:21 GMT', 'Content-Type': 'text/html', 'Content-Length': '548', 'Connection': 'keep-alive'}
[2026-09-11 22:55:26] Upload failed 404: requested=https://forums.greaterthangames.com/uploads/default/optimized/2X/2/27e1b0b984ce77718069790ff39a12ee6506ce7d_2_231x500.jpeg, final=https://forums.greaterthangames.com/uploads/default/optimized/2X/2/27e1b0b984ce77718069790ff39a12ee6506ce7d_2_231x500.jpeg,
[2026-09-11 22:55:26] Response headers: {'Server': 'nginx', 'Date': 'Fri, 11 Sep 2026 22:55:26 GMT', 'Content-Type': 'text/html', 'Content-Length': '548', 'Connection': 'keep-alive'}
[2026-09-11 22:55:31] Upload failed 404: requested=https://forums.greaterthangames.com/uploads/default/optimized/2X/6/69805b66732b88c149209e7d16600c045c976f1d_2_225x500.jpeg, final=https://forums.greaterthangames.com/uploads/default/optimized/2X/6/69805b66732b88c149209e7d16600c045c976f1d_2_225x500.jpeg,
[2026-09-11 22:55:31] Response headers: {'Server': 'nginx', 'Date': 'Fri, 11 Sep 2026 22:55:31 GMT', 'Content-Type': 'text/html', 'Content-Length': '548', 'Connection': 'keep-alive'}
[2026-09-11 22:55:39] Upload failed 404: requested=https://forums.greaterthangames.com/uploads/default/optimized/2X/f/f8eed549ca97d0e4e3653e6704506c28cfeafb02_2_690x388.jpeg, final=https://forums.greaterthangames.com/uploads/default/optimized/2X/f/f8eed549ca97d0e4e3653e6704506c28cfeafb02_2_690x388.jpeg,
[2026-09-11 22:55:39] Response headers: {'Server': 'nginx', 'Date': 'Fri, 11 Sep 2026 22:55:39 GMT', 'Content-Type': 'text/html', 'Content-Length': '548', 'Connection': 'keep-alive'}
[2026-09-11 22:55:43] [306/2954] Fetching topic 29234
[2026-09-11 22:55:44] Topic 29234: downloading 9 uploads
[2026-09-11 22:55:50] Upload failed 404: requested=https://forums.greaterthangames.com/uploads/default/optimized/2X/9/98975fd9af549b21fb0c9143fa697f59afbd4464_2_690x100.jpeg, final=https://forums.greaterthangames.com/uploads/default/optimized/2X/9/98975fd9af549b21fb0c9143fa697f59afbd4464_2_690x100.jpeg,
[2026-09-11 22:55:50] Response headers: {'Server': 'nginx', 'Date': 'Fri, 11 Sep 2026 22:55:50 GMT', 'Content-Type': 'text/html', 'Content-Length': '548', 'Connection': 'keep-alive'}
[2026-09-11 22:55:53] [307/2954] Fetching topic 29194
[2026-09-11 22:55:54] [308/2954] Fetching topic 29014
[2026-09-11 22:55:55] Topic 29014: downloading 21 uploads
[2026-09-11 22:56:03] Upload failed 404: requested=https://forums.greaterthangames.com/uploads/default/optimized/2X/2/2b11d6d6d32856d2cb676e092b95858e8e3f7af7_2_666x500.jpeg, final=https://forums.greaterthangames.com/uploads/default/optimized/2X/2/2b11d6d6d32856d2cb676e092b95858e8e3f7af7_2_666x500.jpeg,
[2026-09-11 22:56:03] Response headers: {'Server': 'nginx', 'Date': 'Fri, 11 Sep 2026 22:56:03 GMT', 'Content-Type': 'text/html', 'Content-Length': '548', 'Connection': 'keep-alive'}
[2026-09-11 22:56:08] Upload failed 404: requested=https://forums.greaterthangames.com/uploads/default/optimized/2X/7/7f85a6827007ff20dbaaa5f9d2ccb204dfd06bf5_2_666x500.jpeg, final=https://forums.greaterthangames.com/uploads/default/optimized/2X/7/7f85a6827007ff20dbaaa5f9d2ccb204dfd06bf5_2_666x500.jpeg,
[2026-09-11 22:56:08] Response headers: {'Server': 'nginx', 'Date': 'Fri, 11 Sep 2026 22:56:08 GMT', 'Content-Type': 'text/html', 'Content-Length': '548', 'Connection': 'keep-alive'}
[2026-09-11 22:56:13] Upload failed 404: requested=https://forums.greaterthangames.com/uploads/default/optimized/2X/d/d5253288efcb07767494b526037a6a791259c768_2_666x500.jpeg, final=https://forums.greaterthangames.com/uploads/default/optimized/2X/d/d5253288efcb07767494b526037a6a791259c768_2_666x500.jpeg,
[2026-09-11 22:56:13] Response headers: {'Server': 'nginx', 'Date': 'Fri, 11 Sep 2026 22:56:13 GMT', 'Content-Type': 'text/html', 'Content-Length': '548', 'Connection': 'keep-alive'}
[2026-09-11 22:56:18] [309/2954] Fetching topic 29222
[2026-09-11 22:56:18] [310/2954] Fetching topic 29223
[2026-09-11 22:56:20] [311/2954] Fetching topic 29210
[2026-09-11 22:56:21] Topic 29210: downloading 7 uploads
[2026-09-11 22:56:27] Upload failed 404: requested=https://forums.greaterthangames.com/uploads/default/optimized/2X/5/5dcd98fe5b6c10ec6baedb80baa765c21fcc0800_2_690x388.jpeg, final=https://forums.greaterthangames.com/uploads/default/optimized/2X/5/5dcd98fe5b6c10ec6baedb80baa765c21fcc0800_2_690x388.jpeg,
[2026-09-11 22:56:27] Response headers: {'Server': 'nginx', 'Date': 'Fri, 11 Sep 2026 22:56:27 GMT', 'Content-Type': 'text/html', 'Content-Length': '548', 'Connection': 'keep-alive'}
[2026-09-11 22:56:28] [312/2954] Fetching topic 29207
[2026-09-11 22:56:29] [313/2954] Fetching topic 29193
[2026-09-11 22:56:30] Topic 29193: missing 2 posts; fetching in batches...
[2026-09-11 22:56:31] Topic 29193: downloading 21 uploads
[2026-09-11 22:56:37] Upload failed 404: requested=https://forums.greaterthangames.com/uploads/default/optimized/2X/6/6c04061960c2862ed769b2750f5c0472ee1adf81_2_225x500.jpeg, final=https://forums.greaterthangames.com/uploads/default/optimized/2X/6/6c04061960c2862ed769b2750f5c0472ee1adf81_2_225x500.jpeg,
[2026-09-11 22:56:37] Response headers: {'Server': 'nginx', 'Date': 'Fri, 11 Sep 2026 22:56:37 GMT', 'Content-Type': 'text/html', 'Content-Length': '548', 'Connection': 'keep-alive'}
[2026-09-11 22:56:42] Upload failed 404: requested=https://forums.greaterthangames.com/uploads/default/optimized/2X/a/ac696eacdeb341cfe01883d27ede0ad397362295_2_225x500.jpeg, final=https://forums.greaterthangames.com/uploads/default/optimized/2X/a/ac696eacdeb341cfe01883d27ede0ad397362295_2_225x500.jpeg,
[2026-09-11 22:56:42] Response headers: {'Server': 'nginx', 'Date': 'Fri, 11 Sep 2026 22:56:42 GMT', 'Content-Type': 'text/html', 'Content-Length': '548', 'Connection': 'keep-alive'}
[2026-09-11 22:56:48] Upload failed 404: requested=https://forums.greaterthangames.com/uploads/default/optimized/2X/b/b18bc79aa7a74f1a3e5eb4a8720077882d991c70_2_225x500.jpeg, final=https://forums.greaterthangames.com/uploads/default/optimized/2X/b/b18bc79aa7a74f1a3e5eb4a8720077882d991c70_2_225x500.jpeg,
[2026-09-11 22:56:48] Response headers: {'Server': 'nginx', 'Date': 'Fri, 11 Sep 2026 22:56:48 GMT', 'Content-Type': 'text/html', 'Content-Length': '548', 'Connection': 'keep-alive'}
[2026-09-11 22:56:53] [314/2954] Fetching topic 29202
[2026-09-11 22:56:54] Topic 29202: downloading 1 uploads
[2026-09-11 22:56:54] [315/2954] Fetching topic 29199
[2026-09-11 22:56:55] Topic 29199: downloading 1 uploads
[2026-09-11 22:56:55] [316/2954] Fetching topic 29195
[2026-09-11 22:56:56] [317/2954] Fetching topic 29188
[2026-09-11 22:56:57] [318/2954] Fetching topic 29192
[2026-09-11 22:56:59] Topic 29192: downloading 7 uploads
[2026-09-11 22:57:03] Upload failed 404: requested=https://forums.greaterthangames.com/uploads/default/optimized/2X/c/c2aa6a2ad47dd72d5f0e7c30f5f7225d85514344_2_225x500.jpeg, final=https://forums.greaterthangames.com/uploads/default/optimized/2X/c/c2aa6a2ad47dd72d5f0e7c30f5f7225d85514344_2_225x500.jpeg,
[2026-09-11 22:57:03] Response headers: {'Server': 'nginx', 'Date': 'Fri, 11 Sep 2026 22:57:02 GMT', 'Content-Type': 'text/html', 'Content-Length': '548', 'Connection': 'keep-alive'}
[2026-09-11 22:57:06] [319/2954] Fetching topic 28145
[2026-09-11 22:57:07] [320/2954] Fetching topic 29177
[2026-09-11 22:57:08] [321/2954] Fetching topic 29157
[2026-09-11 22:57:09] [322/2954] Fetching topic 28444
[2026-09-11 22:57:10] [323/2954] Fetching topic 28539
[2026-09-11 22:57:11] Topic 28539: downloading 6 uploads
[2026-09-11 22:57:16] Upload failed 404: requested=https://forums.greaterthangames.com/uploads/default/optimized/2X/e/ec178adef392b5771fa05cea7dc0cce3d123b2c6_2_690x388.jpeg, final=https://forums.greaterthangames.com/uploads/default/optimized/2X/e/ec178adef392b5771fa05cea7dc0cce3d123b2c6_2_690x388.jpeg,
[2026-09-11 22:57:16] Response headers: {'Server': 'nginx', 'Date': 'Fri, 11 Sep 2026 22:57:16 GMT', 'Content-Type': 'text/html', 'Content-Length': '548', 'Connection': 'keep-alive'}
[2026-09-11 22:57:17] [324/2954] Fetching topic 29104
[2026-09-11 22:57:19] Topic 29104: missing 16 posts; fetching in batches...
[2026-09-11 22:57:20] [325/2954] Fetching topic 29047
[2026-09-11 22:57:21] [326/2954] Fetching topic 29108
[2026-09-11 22:57:22] Topic 29108: downloading 17 uploads
[2026-09-11 22:57:27] Upload failed 404: requested=https://forums.greaterthangames.com/uploads/default/optimized/2X/3/34215c84f6a12461b93c15cfbe17310cfe496ec8_2_379x500.jpeg, final=https://forums.greaterthangames.com/uploads/default/optimized/2X/3/34215c84f6a12461b93c15cfbe17310cfe496ec8_2_379x500.jpeg,
[2026-09-11 22:57:27] Response headers: {'Server': 'nginx', 'Date': 'Fri, 11 Sep 2026 22:57:27 GMT', 'Content-Type': 'text/html', 'Content-Length': '548', 'Connection': 'keep-alive'}
[2026-09-11 22:57:34] Upload failed 404: requested=https://forums.greaterthangames.com/uploads/default/optimized/2X/9/9f1dfd978523b630670dda2bed365e33df285764_2_690x460.jpeg, final=https://forums.greaterthangames.com/uploads/default/optimized/2X/9/9f1dfd978523b630670dda2bed365e33df285764_2_690x460.jpeg,
[2026-09-11 22:57:34] Response headers: {'Server': 'nginx', 'Date': 'Fri, 11 Sep 2026 22:57:34 GMT', 'Content-Type': 'text/html', 'Content-Length': '548', 'Connection': 'keep-alive'}
[2026-09-11 22:57:40] [327/2954] Fetching topic 29130
[2026-09-11 22:57:40] [328/2954] Fetching topic 29131
[2026-09-11 22:57:41] Topic 29131: downloading 7 uploads
[2026-09-11 22:57:46] Upload failed 404: requested=https://forums.greaterthangames.com/uploads/default/optimized/2X/6/6b25981edb0d52cf1d91b946194f56d62f9892dc_2_225x500.jpeg, final=https://forums.greaterthangames.com/uploads/default/optimized/2X/6/6b25981edb0d52cf1d91b946194f56d62f9892dc_2_225x500.jpeg,
[2026-09-11 22:57:46] Response headers: {'Server': 'nginx', 'Date': 'Fri, 11 Sep 2026 22:57:45 GMT', 'Content-Type': 'text/html', 'Content-Length': '548', 'Connection': 'keep-alive'}
[2026-09-11 22:57:49] [329/2954] Fetching topic 29106
[2026-09-11 22:57:50] [330/2954] Fetching topic 19814
[2026-09-11 22:57:51] Topic 19814: downloading 12 uploads
[2026-09-11 22:58:03] [331/2954] Fetching topic 28666
[2026-09-11 22:58:04] Topic 28666: downloading 1 uploads
[2026-09-11 22:58:04] [332/2954] Fetching topic 29098
[2026-09-11 22:58:05] Topic 29098: downloading 7 uploads
[2026-09-11 22:58:09] Upload failed 404: requested=https://forums.greaterthangames.com/uploads/default/optimized/2X/c/c507c05585e81019f895f026ef6bf4c34f59dcd7_2_225x500.jpeg, final=https://forums.greaterthangames.com/uploads/default/optimized/2X/c/c507c05585e81019f895f026ef6bf4c34f59dcd7_2_225x500.jpeg,
[2026-09-11 22:58:09] Response headers: {'Server': 'nginx', 'Date': 'Fri, 11 Sep 2026 22:58:09 GMT', 'Content-Type': 'text/html', 'Content-Length': '548', 'Connection': 'keep-alive'}
[2026-09-11 22:58:13] [333/2954] Fetching topic 29105
[2026-09-11 22:58:14] Topic 29105: downloading 6 uploads
[2026-09-11 22:58:17] Upload failed 404: requested=https://forums.greaterthangames.com/uploads/default/optimized/2X/4/48acc7b8b3ebd29440c35ebf2100c35f61f30fcc_2_403x500.jpeg, final=https://forums.greaterthangames.com/uploads/default/optimized/2X/4/48acc7b8b3ebd29440c35ebf2100c35f61f30fcc_2_403x500.jpeg,
[2026-09-11 22:58:17] Response headers: {'Server': 'nginx', 'Date': 'Fri, 11 Sep 2026 22:58:17 GMT', 'Content-Type': 'text/html', 'Content-Length': '548', 'Connection': 'keep-alive'}
[2026-09-11 22:58:20] [334/2954] Fetching topic 29103
[2026-09-11 22:58:21] [335/2954] Fetching topic 29097
[2026-09-11 22:58:22] [336/2954] Fetching topic 28870
[2026-09-11 22:58:23] [337/2954] Fetching topic 29089
[2026-09-11 22:58:24] [338/2954] Fetching topic 29084
[2026-09-11 22:58:26] Topic 29084: downloading 14 uploads
[2026-09-11 22:58:31] Upload failed 404: requested=https://forums.greaterthangames.com/uploads/default/optimized/2X/8/8252c5ccb64ebf3b177ab98b9b53972ed2b19665_2_219x500.jpeg, final=https://forums.greaterthangames.com/uploads/default/optimized/2X/8/8252c5ccb64ebf3b177ab98b9b53972ed2b19665_2_219x500.jpeg,
[2026-09-11 22:58:31] Response headers: {'Server': 'nginx', 'Date': 'Fri, 11 Sep 2026 22:58:31 GMT', 'Content-Type': 'text/html', 'Content-Length': '548', 'Connection': 'keep-alive'}
[2026-09-11 22:58:36] Upload failed 404: requested=https://forums.greaterthangames.com/uploads/default/optimized/2X/e/e5c0d9dc305e32a164845866f7c605419eff7e78_2_225x500.jpeg, final=https://forums.greaterthangames.com/uploads/default/optimized/2X/e/e5c0d9dc305e32a164845866f7c605419eff7e78_2_225x500.jpeg,
[2026-09-11 22:58:36] Response headers: {'Server': 'nginx', 'Date': 'Fri, 11 Sep 2026 22:58:36 GMT', 'Content-Type': 'text/html', 'Content-Length': '548', 'Connection': 'keep-alive'}
[2026-09-11 22:58:40] [339/2954] Fetching topic 16159
[2026-09-11 22:58:41] Topic 16159: missing 596 posts; fetching in batches...
[2026-09-11 22:58:55] Topic 16159: downloading 2 uploads
[2026-09-11 22:58:56] [340/2954] Fetching topic 29077
[2026-09-11 22:58:57] Topic 29077: downloading 21 uploads
[2026-09-11 22:59:04] Upload failed 404: requested=https://forums.greaterthangames.com/uploads/default/optimized/2X/6/657182e99a0e0dbcfbb5a7b85042e350b28b573a_2_225x500.jpeg, final=https://forums.greaterthangames.com/uploads/default/optimized/2X/6/657182e99a0e0dbcfbb5a7b85042e350b28b573a_2_225x500.jpeg,
[2026-09-11 22:59:04] Response headers: {'Server': 'nginx', 'Date': 'Fri, 11 Sep 2026 22:59:03 GMT', 'Content-Type': 'text/html', 'Content-Length': '548', 'Connection': 'keep-alive'}
[2026-09-11 22:59:09] Upload failed 404: requested=https://forums.greaterthangames.com/uploads/default/optimized/2X/c/c46c9e893ebdfb33ff2f4908410151b839e6d782_2_225x500.jpeg, final=https://forums.greaterthangames.com/uploads/default/optimized/2X/c/c46c9e893ebdfb33ff2f4908410151b839e6d782_2_225x500.jpeg,
[2026-09-11 22:59:09] Response headers: {'Server': 'nginx', 'Date': 'Fri, 11 Sep 2026 22:59:09 GMT', 'Content-Type': 'text/html', 'Content-Length': '548', 'Connection': 'keep-alive'}
[2026-09-11 22:59:14] Upload failed 404: requested=https://forums.greaterthangames.com/uploads/default/optimized/2X/c/cb9bcb6028f31dd653d5ef5c00bf3d751ade67c5_2_225x500.jpeg, final=https://forums.greaterthangames.com/uploads/default/optimized/2X/c/cb9bcb6028f31dd653d5ef5c00bf3d751ade67c5_2_225x500.jpeg,
[2026-09-11 22:59:14] Response headers: {'Server': 'nginx', 'Date': 'Fri, 11 Sep 2026 22:59:14 GMT', 'Content-Type': 'text/html', 'Content-Length': '548', 'Connection': 'keep-alive'}
[2026-09-11 22:59:19] [341/2954] Fetching topic 29071
[2026-09-11 22:59:20] Topic 29071: downloading 14 uploads
[2026-09-11 22:59:26] Upload failed 404: requested=https://forums.greaterthangames.com/uploads/default/optimized/2X/6/6085adee971d935094e84cc0a06253a2c44355da_2_517x291.jpeg, final=https://forums.greaterthangames.com/uploads/default/optimized/2X/6/6085adee971d935094e84cc0a06253a2c44355da_2_517x291.jpeg,
[2026-09-11 22:59:26] Response headers: {'Server': 'nginx', 'Date': 'Fri, 11 Sep 2026 22:59:26 GMT', 'Content-Type': 'text/html', 'Content-Length': '548', 'Connection': 'keep-alive'}
[2026-09-11 22:59:32] Upload failed 404: requested=https://forums.greaterthangames.com/uploads/default/optimized/2X/9/9860d99f577b122680246963a97d86a15090e5ab_2_517x291.jpeg, final=https://forums.greaterthangames.com/uploads/default/optimized/2X/9/9860d99f577b122680246963a97d86a15090e5ab_2_517x291.jpeg,
[2026-09-11 22:59:32] Response headers: {'Server': 'nginx', 'Date': 'Fri, 11 Sep 2026 22:59:31 GMT', 'Content-Type': 'text/html', 'Content-Length': '548', 'Connection': 'keep-alive'}
[2026-09-11 22:59:35] [342/2954] Fetching topic 29056
[2026-09-11 22:59:36] [343/2954] Fetching topic 29051
[2026-09-11 22:59:37] [344/2954] Fetching topic 29040
[2026-09-11 22:59:38] Topic 29040: downloading 7 uploads
[2026-09-11 22:59:42] Upload failed 404: requested=https://forums.greaterthangames.com/uploads/default/optimized/2X/e/e5a9302fe93f8c9ff21db31949671f18c15f81b8_2_225x500.jpeg, final=https://forums.greaterthangames.com/uploads/default/optimized/2X/e/e5a9302fe93f8c9ff21db31949671f18c15f81b8_2_225x500.jpeg,
[2026-09-11 22:59:42] Response headers: {'Server': 'nginx', 'Date': 'Fri, 11 Sep 2026 22:59:42 GMT', 'Content-Type': 'text/html', 'Content-Length': '548', 'Connection': 'keep-alive'}
[2026-09-11 22:59:45] [345/2954] Fetching topic 29029
[2026-09-11 22:59:46] [346/2954] Fetching topic 29010
[2026-09-11 22:59:48] Topic 29010: downloading 8 uploads
[2026-09-11 22:59:54] Upload failed 404: requested=https://forums.greaterthangames.com/uploads/default/optimized/2X/6/6b8092011758110e4047e0e3f2c9bf5967ede4f5_2_690x388.jpeg, final=https://forums.greaterthangames.com/uploads/default/optimized/2X/6/6b8092011758110e4047e0e3f2c9bf5967ede4f5_2_690x388.jpeg,
[2026-09-11 22:59:54] Response headers: {'Server': 'nginx', 'Date': 'Fri, 11 Sep 2026 22:59:53 GMT', 'Content-Type': 'text/html', 'Content-Length': '548', 'Connection': 'keep-alive'}
[2026-09-11 22:59:56] [347/2954] Fetching topic 29025
[2026-09-11 22:59:57] [348/2954] Fetching topic 28987
[2026-09-11 22:59:58] Topic 28987: downloading 14 uploads
[2026-09-11 23:00:05] Upload failed 404: requested=https://forums.greaterthangames.com/uploads/default/optimized/2X/0/059f356ce5a1c0511f9e6ffb23a1db28b64f0cb2_2_690x388.jpeg, final=https://forums.greaterthangames.com/uploads/default/optimized/2X/0/059f356ce5a1c0511f9e6ffb23a1db28b64f0cb2_2_690x388.jpeg,
[2026-09-11 23:00:05] Response headers: {'Server': 'nginx', 'Date': 'Fri, 11 Sep 2026 23:00:05 GMT', 'Content-Type': 'text/html', 'Content-Length': '548', 'Connection': 'keep-alive'}
[2026-09-11 23:00:08] Upload failed 404: requested=https://forums.greaterthangames.com/uploads/default/optimized/2X/d/d15518ea0e99036045c4f46973629ec4cee42751_2_225x500.jpeg, final=https://forums.greaterthangames.com/uploads/default/optimized/2X/d/d15518ea0e99036045c4f46973629ec4cee42751_2_225x500.jpeg,
[2026-09-11 23:00:08] Response headers: {'Server': 'nginx', 'Date': 'Fri, 11 Sep 2026 23:00:08 GMT', 'Content-Type': 'text/html', 'Content-Length': '548', 'Connection': 'keep-alive'}
[2026-09-11 23:00:12] [349/2954] Fetching topic 28975
[2026-09-11 23:00:13] Topic 28975: downloading 14 uploads
[2026-09-11 23:00:20] Upload failed 404: requested=https://forums.greaterthangames.com/uploads/default/optimized/2X/8/89c9b44159065fbcb566666bf01858e794d40557_2_690x388.jpeg, final=https://forums.greaterthangames.com/uploads/default/optimized/2X/8/89c9b44159065fbcb566666bf01858e794d40557_2_690x388.jpeg,
[2026-09-11 23:00:20] Response headers: {'Server': 'nginx', 'Date': 'Fri, 11 Sep 2026 23:00:20 GMT', 'Content-Type': 'text/html', 'Content-Length': '548', 'Connection': 'keep-alive'}
[2026-09-11 23:00:26] Upload failed 404: requested=https://forums.greaterthangames.com/uploads/default/optimized/2X/c/ce9abdaa40628db9992d15dd38838c1468f5d8c9_2_690x388.jpeg, final=https://forums.greaterthangames.com/uploads/default/optimized/2X/c/ce9abdaa40628db9992d15dd38838c1468f5d8c9_2_690x388.jpeg,
[2026-09-11 23:00:26] Response headers: {'Server': 'nginx', 'Date': 'Fri, 11 Sep 2026 23:00:26 GMT', 'Content-Type': 'text/html', 'Content-Length': '548', 'Connection': 'keep-alive'}
[2026-09-11 23:00:28] [350/2954] Fetching topic 28982
[2026-09-11 23:00:29] Topic 28982: downloading 7 uploads
[2026-09-11 23:00:33] Upload failed 404: requested=https://forums.greaterthangames.com/uploads/default/optimized/2X/2/250a82bd635c13ace9720c1c52c9750e1330ecf2_2_225x500.jpeg, final=https://forums.greaterthangames.com/uploads/default/optimized/2X/2/250a82bd635c13ace9720c1c52c9750e1330ecf2_2_225x500.jpeg,
[2026-09-11 23:00:33] Response headers: {'Server': 'nginx', 'Date': 'Fri, 11 Sep 2026 23:00:33 GMT', 'Content-Type': 'text/html', 'Content-Length': '548', 'Connection': 'keep-alive'}
[2026-09-11 23:00:36] [351/2954] Fetching topic 28932
[2026-09-11 23:00:37] [352/2954] Fetching topic 28970
[2026-09-11 23:00:38] [353/2954] Fetching topic 28962
[2026-09-11 23:00:40] [354/2954] Fetching topic 28956
[2026-09-11 23:00:41] [355/2954] Fetching topic 28966
[2026-09-11 23:00:42] [356/2954] Fetching topic 28951
[2026-09-11 23:00:43] Topic 28951: downloading 7 uploads
[2026-09-11 23:00:47] Upload failed 404: requested=https://forums.greaterthangames.com/uploads/default/optimized/2X/0/0a914b240fb7de0236b90dd11803297a3d1941ce_2_345x194.jpeg, final=https://forums.greaterthangames.com/uploads/default/optimized/2X/0/0a914b240fb7de0236b90dd11803297a3d1941ce_2_345x194.jpeg,
[2026-09-11 23:00:47] Response headers: {'Server': 'nginx', 'Date': 'Fri, 11 Sep 2026 23:00:47 GMT', 'Content-Type': 'text/html', 'Content-Length': '548', 'Connection': 'keep-alive'}
[2026-09-11 23:00:51] [357/2954] Fetching topic 28945
[2026-09-11 23:00:51] Topic 28945: downloading 3 uploads
[2026-09-11 23:00:51] [358/2954] Fetching topic 28944
[2026-09-11 23:00:52] Topic 28944: downloading 3 uploads
[2026-09-11 23:00:52] [359/2954] Fetching topic 28943
[2026-09-11 23:00:54] Topic 28943: downloading 14 uploads
[2026-09-11 23:00:59] Upload failed 404: requested=https://forums.greaterthangames.com/uploads/default/optimized/2X/6/6f65be06d811d2ca4c7876c14dd2b36db800dc07_2_219x500.jpeg, final=https://forums.greaterthangames.com/uploads/default/optimized/2X/6/6f65be06d811d2ca4c7876c14dd2b36db800dc07_2_219x500.jpeg,
[2026-09-11 23:00:59] Response headers: {'Server': 'nginx', 'Date': 'Fri, 11 Sep 2026 23:00:59 GMT', 'Content-Type': 'text/html', 'Content-Length': '548', 'Connection': 'keep-alive'}
[2026-09-11 23:01:04] Upload failed 404: requested=https://forums.greaterthangames.com/uploads/default/optimized/2X/d/d2686d3293a856303f43d9eaa527d2491949a3ab_2_225x500.jpeg, final=https://forums.greaterthangames.com/uploads/default/optimized/2X/d/d2686d3293a856303f43d9eaa527d2491949a3ab_2_225x500.jpeg,
[2026-09-11 23:01:04] Response headers: {'Server': 'nginx', 'Date': 'Fri, 11 Sep 2026 23:01:04 GMT', 'Content-Type': 'text/html', 'Content-Length': '548', 'Connection': 'keep-alive'}
[2026-09-11 23:01:08] [360/2954] Fetching topic 28936
[2026-09-11 23:01:09] [361/2954] Fetching topic 28937
[2026-09-11 23:01:10] [362/2954] Fetching topic 28934
[2026-09-11 23:01:11] [363/2954] Fetching topic 28922
[2026-09-11 23:01:12] Topic 28922: downloading 7 uploads
[2026-09-11 23:01:16] Upload failed 404: requested=https://forums.greaterthangames.com/uploads/default/optimized/2X/7/7c96e7abaae293716c9b938b22567d93256e5b78_2_219x500.jpeg, final=https://forums.greaterthangames.com/uploads/default/optimized/2X/7/7c96e7abaae293716c9b938b22567d93256e5b78_2_219x500.jpeg,
[2026-09-11 23:01:16] Response headers: {'Server': 'nginx', 'Date': 'Fri, 11 Sep 2026 23:01:16 GMT', 'Content-Type': 'text/html', 'Content-Length': '548', 'Connection': 'keep-alive'}
[2026-09-11 23:01:20] [364/2954] Fetching topic 28926
[2026-09-11 23:01:21] [365/2954] Fetching topic 28915
[2026-09-11 23:01:22] Topic 28915: downloading 14 uploads
[2026-09-11 23:01:29] Upload failed 404: requested=https://forums.greaterthangames.com/uploads/default/optimized/2X/9/94a305a5644b8f077d515e919befa325337ac45d_2_690x388.jpeg, final=https://forums.greaterthangames.com/uploads/default/optimized/2X/9/94a305a5644b8f077d515e919befa325337ac45d_2_690x388.jpeg,
[2026-09-11 23:01:29] Response headers: {'Server': 'nginx', 'Date': 'Fri, 11 Sep 2026 23:01:29 GMT', 'Content-Type': 'text/html', 'Content-Length': '548', 'Connection': 'keep-alive'}
[2026-09-11 23:01:34] Upload failed 404: requested=https://forums.greaterthangames.com/uploads/default/optimized/2X/f/ff61a153c73e2287190bb057eaba16d89eba258d_2_690x388.jpeg, final=https://forums.greaterthangames.com/uploads/default/optimized/2X/f/ff61a153c73e2287190bb057eaba16d89eba258d_2_690x388.jpeg,
[2026-09-11 23:01:34] Response headers: {'Server': 'nginx', 'Date': 'Fri, 11 Sep 2026 23:01:34 GMT', 'Content-Type': 'text/html', 'Content-Length': '548', 'Connection': 'keep-alive'}
[2026-09-11 23:01:36] [366/2954] Fetching topic 28910
[2026-09-11 23:01:37] Topic 28910: downloading 7 uploads
[2026-09-11 23:01:41] Upload failed 404: requested=https://forums.greaterthangames.com/uploads/default/optimized/2X/1/13645e64ae0b66b427d8f86e715cab425eca7cf3_2_219x500.jpeg, final=https://forums.greaterthangames.com/uploads/default/optimized/2X/1/13645e64ae0b66b427d8f86e715cab425eca7cf3_2_219x500.jpeg,
[2026-09-11 23:01:41] Response headers: {'Server': 'nginx', 'Date': 'Fri, 11 Sep 2026 23:01:41 GMT', 'Content-Type': 'text/html', 'Content-Length': '548', 'Connection': 'keep-alive'}
[2026-09-11 23:01:45] [367/2954] Fetching topic 28887
[2026-09-11 23:01:46] [368/2954] Fetching topic 28773
[2026-09-11 23:01:47] [369/2954] Fetching topic 28905
[2026-09-11 23:01:48] [370/2954] Fetching topic 28900
[2026-09-11 23:01:49] [371/2954] Fetching topic 28899
[2026-09-11 23:01:50] [372/2954] Fetching topic 28897
[2026-09-11 23:01:52] [373/2954] Fetching topic 28892
[2026-09-11 23:01:53] [374/2954] Fetching topic 28889
[2026-09-11 23:01:54] [375/2954] Fetching topic 28885
[2026-09-11 23:01:55] [376/2954] Fetching topic 28879
[2026-09-11 23:01:56] Topic 28879: downloading 14 uploads
[2026-09-11 23:02:01] Upload failed 404: requested=https://forums.greaterthangames.com/uploads/default/optimized/2X/5/590cf9c1ba27018b7c4af2cfbf874507faab9fbc_2_219x500.jpeg, final=https://forums.greaterthangames.com/uploads/default/optimized/2X/5/590cf9c1ba27018b7c4af2cfbf874507faab9fbc_2_219x500.jpeg,
[2026-09-11 23:02:01] Response headers: {'Server': 'nginx', 'Date': 'Fri, 11 Sep 2026 23:02:01 GMT', 'Content-Type': 'text/html', 'Content-Length': '548', 'Connection': 'keep-alive'}
[2026-09-11 23:02:06] Upload failed 404: requested=https://forums.greaterthangames.com/uploads/default/optimized/2X/9/9a3bda5349d5d04201d9b1ca143f425e50b5d32f_2_225x500.jpeg, final=https://forums.greaterthangames.com/uploads/default/optimized/2X/9/9a3bda5349d5d04201d9b1ca143f425e50b5d32f_2_225x500.jpeg,
[2026-09-11 23:02:06] Response headers: {'Server': 'nginx', 'Date': 'Fri, 11 Sep 2026 23:02:06 GMT', 'Content-Type': 'text/html', 'Content-Length': '548', 'Connection': 'keep-alive'}
[2026-09-11 23:02:11] [377/2954] Fetching topic 28877
[2026-09-11 23:02:12] [378/2954] Fetching topic 28874
[2026-09-11 23:02:13] [379/2954] Fetching topic 28861
[2026-09-11 23:02:14] Topic 28861: downloading 14 uploads
[2026-09-11 23:02:19] Upload failed 404: requested=https://forums.greaterthangames.com/uploads/default/optimized/2X/2/2b6f64bab726e817469505f5784097d3caf8c9a6_2_219x500.jpeg, final=https://forums.greaterthangames.com/uploads/default/optimized/2X/2/2b6f64bab726e817469505f5784097d3caf8c9a6_2_219x500.jpeg,
[2026-09-11 23:02:19] Response headers: {'Server': 'nginx', 'Date': 'Fri, 11 Sep 2026 23:02:19 GMT', 'Content-Type': 'text/html', 'Content-Length': '548', 'Connection': 'keep-alive'}
[2026-09-11 23:02:24] Upload failed 404: requested=https://forums.greaterthangames.com/uploads/default/optimized/2X/b/bade8306b0e7d86ba9115aeb60dad66fcb51eed4_2_225x500.jpeg, final=https://forums.greaterthangames.com/uploads/default/optimized/2X/b/bade8306b0e7d86ba9115aeb60dad66fcb51eed4_2_225x500.jpeg,
[2026-09-11 23:02:24] Response headers: {'Server': 'nginx', 'Date': 'Fri, 11 Sep 2026 23:02:24 GMT', 'Content-Type': 'text/html', 'Content-Length': '548', 'Connection': 'keep-alive'}
[2026-09-11 23:02:28] [380/2954] Fetching topic 28862
[2026-09-11 23:02:29] [381/2954] Fetching topic 28869
[2026-09-11 23:02:30] Topic 28869: downloading 7 uploads
[2026-09-11 23:02:34] Upload failed 404: requested=https://forums.greaterthangames.com/uploads/default/optimized/2X/2/2e287e1e2ce90bc0f817b2ac2a18feea505bf4a8_2_225x500.jpeg, final=https://forums.greaterthangames.com/uploads/default/optimized/2X/2/2e287e1e2ce90bc0f817b2ac2a18feea505bf4a8_2_225x500.jpeg,
[2026-09-11 23:02:34] Response headers: {'Server': 'nginx', 'Date': 'Fri, 11 Sep 2026 23:02:34 GMT', 'Content-Type': 'text/html', 'Content-Length': '548', 'Connection': 'keep-alive'}
[2026-09-11 23:02:38] [382/2954] Fetching topic 19102
[2026-09-11 23:02:39] [383/2954] Fetching topic 28853
[2026-09-11 23:02:40] Topic 28853: downloading 1 uploads
[2026-09-11 23:02:41] [384/2954] Fetching topic 28852
[2026-09-11 23:02:42] Topic 28852: downloading 14 uploads
[2026-09-11 23:02:47] Upload failed 404: requested=https://forums.greaterthangames.com/uploads/default/optimized/2X/3/3e70ca19b5b592fcc71f9d8b6a017f975c0f7a9e_2_225x500.jpeg, final=https://forums.greaterthangames.com/uploads/default/optimized/2X/3/3e70ca19b5b592fcc71f9d8b6a017f975c0f7a9e_2_225x500.jpeg,
[2026-09-11 23:02:47] Response headers: {'Server': 'nginx', 'Date': 'Fri, 11 Sep 2026 23:02:47 GMT', 'Content-Type': 'text/html', 'Content-Length': '548', 'Connection': 'keep-alive'}
[2026-09-11 23:02:52] Upload failed 404: requested=https://forums.greaterthangames.com/uploads/default/optimized/2X/7/72e228df52bf35f5d5f219ad7a7c849ee1f7df2c_2_225x500.jpeg, final=https://forums.greaterthangames.com/uploads/default/optimized/2X/7/72e228df52bf35f5d5f219ad7a7c849ee1f7df2c_2_225x500.jpeg,
[2026-09-11 23:02:52] Response headers: {'Server': 'nginx', 'Date': 'Fri, 11 Sep 2026 23:02:52 GMT', 'Content-Type': 'text/html', 'Content-Length': '548', 'Connection': 'keep-alive'}
[2026-09-11 23:02:57] [385/2954] Fetching topic 28851
[2026-09-11 23:02:58] [386/2954] Fetching topic 15851
[2026-09-11 23:02:59] Topic 15851: missing 26 posts; fetching in batches...
[2026-09-11 23:03:00] [387/2954] Fetching topic 28848
[2026-09-11 23:03:01] Topic 28848: downloading 14 uploads
[2026-09-11 23:03:08] Upload failed 404: requested=https://forums.greaterthangames.com/uploads/default/optimized/2X/4/43d101441689e8c37755a6d69bda31c7dec519ac_2_690x431.jpeg, final=https://forums.greaterthangames.com/uploads/default/optimized/2X/4/43d101441689e8c37755a6d69bda31c7dec519ac_2_690x431.jpeg,
[2026-09-11 23:03:08] Response headers: {'Server': 'nginx', 'Date': 'Fri, 11 Sep 2026 23:03:08 GMT', 'Content-Type': 'text/html', 'Content-Length': '548', 'Connection': 'keep-alive'}
[2026-09-11 23:03:11] Upload failed 404: requested=https://forums.greaterthangames.com/uploads/default/optimized/2X/7/706e80bce7febc0fb862b11da824e2ef284dfdcc_2_219x500.jpeg, final=https://forums.greaterthangames.com/uploads/default/optimized/2X/7/706e80bce7febc0fb862b11da824e2ef284dfdcc_2_219x500.jpeg,
[2026-09-11 23:03:11] Response headers: {'Server': 'nginx', 'Date': 'Fri, 11 Sep 2026 23:03:11 GMT', 'Content-Type': 'text/html', 'Content-Length': '548', 'Connection': 'keep-alive'}
[2026-09-11 23:03:16] [388/2954] Fetching topic 28836
[2026-09-11 23:03:17] [389/2954] Fetching topic 28843
[2026-09-11 23:03:18] [390/2954] Fetching topic 28830
[2026-09-11 23:03:19] Topic 28830: downloading 14 uploads
[2026-09-11 23:03:24] Upload failed 404: requested=https://forums.greaterthangames.com/uploads/default/optimized/2X/3/3914b6b881a7718e42912fec62667a9b7f2374b7_2_219x500.jpeg, final=https://forums.greaterthangames.com/uploads/default/optimized/2X/3/3914b6b881a7718e42912fec62667a9b7f2374b7_2_219x500.jpeg,
[2026-09-11 23:03:24] Response headers: {'Server': 'nginx', 'Date': 'Fri, 11 Sep 2026 23:03:24 GMT', 'Content-Type': 'text/html', 'Content-Length': '548', 'Connection': 'keep-alive'}
[2026-09-11 23:03:31] Upload failed 404: requested=https://forums.greaterthangames.com/uploads/default/optimized/2X/d/da06ba79912bc05c0d38a956b267cc18eab00b93_2_690x431.jpeg, final=https://forums.greaterthangames.com/uploads/default/optimized/2X/d/da06ba79912bc05c0d38a956b267cc18eab00b93_2_690x431.jpeg,
[2026-09-11 23:03:31] Response headers: {'Server': 'nginx', 'Date': 'Fri, 11 Sep 2026 23:03:31 GMT', 'Content-Type': 'text/html', 'Content-Length': '548', 'Connection': 'keep-alive'}
[2026-09-11 23:03:34] [391/2954] Fetching topic 28386
[2026-09-11 23:03:34] [392/2954] Fetching topic 28833
[2026-09-11 23:03:36] [393/2954] Fetching topic 28829
[2026-09-11 23:03:37] [394/2954] Fetching topic 28149
[2026-09-11 23:03:38] Topic 28149: downloading 7 uploads
[2026-09-11 23:03:42] Upload failed 404: requested=https://forums.greaterthangames.com/uploads/default/optimized/2X/e/efa6f82c3c02a643e50e5f1f8c97a3dcecbcdb77_2_281x500.jpeg, final=https://forums.greaterthangames.com/uploads/default/optimized/2X/e/efa6f82c3c02a643e50e5f1f8c97a3dcecbcdb77_2_281x500.jpeg,
[2026-09-11 23:03:42] Response headers: {'Server': 'nginx', 'Date': 'Fri, 11 Sep 2026 23:03:42 GMT', 'Content-Type': 'text/html', 'Content-Length': '548', 'Connection': 'keep-alive'}
[2026-09-11 23:03:45] [395/2954] Fetching topic 28828
[2026-09-11 23:03:46] [396/2954] Fetching topic 20180
[2026-09-11 23:03:47] [397/2954] Fetching topic 28824
[2026-09-11 23:03:48] Topic 28824: downloading 21 uploads
[2026-09-11 23:03:56] Upload failed 404: requested=https://forums.greaterthangames.com/uploads/default/optimized/2X/7/782b6557e9bec8e26b5a7fdd46aa499d1fe0f977_2_690x431.jpeg, final=https://forums.greaterthangames.com/uploads/default/optimized/2X/7/782b6557e9bec8e26b5a7fdd46aa499d1fe0f977_2_690x431.jpeg,
[2026-09-11 23:03:56] Response headers: {'Server': 'nginx', 'Date': 'Fri, 11 Sep 2026 23:03:56 GMT', 'Content-Type': 'text/html', 'Content-Length': '548', 'Connection': 'keep-alive'}
[2026-09-11 23:03:59] Upload failed 404: requested=https://forums.greaterthangames.com/uploads/default/optimized/2X/7/7ca051bbbf2b87e6ba5eb19d8e5f4c94b78ab2ec_2_225x500.jpeg, final=https://forums.greaterthangames.com/uploads/default/optimized/2X/7/7ca051bbbf2b87e6ba5eb19d8e5f4c94b78ab2ec_2_225x500.jpeg,
[2026-09-11 23:03:59] Response headers: {'Server': 'nginx', 'Date': 'Fri, 11 Sep 2026 23:03:59 GMT', 'Content-Type': 'text/html', 'Content-Length': '548', 'Connection': 'keep-alive'}
[2026-09-11 23:04:05] Upload failed 404: requested=https://forums.greaterthangames.com/uploads/default/optimized/2X/d/d5199165cde4370aad9b84bac88100c74b1a8d90_2_225x500.jpeg, final=https://forums.greaterthangames.com/uploads/default/optimized/2X/d/d5199165cde4370aad9b84bac88100c74b1a8d90_2_225x500.jpeg,
[2026-09-11 23:04:05] Response headers: {'Server': 'nginx', 'Date': 'Fri, 11 Sep 2026 23:04:05 GMT', 'Content-Type': 'text/html', 'Content-Length': '548', 'Connection': 'keep-alive'}
[2026-09-11 23:04:10] [398/2954] Fetching topic 18346
[2026-09-11 23:04:11] [399/2954] Fetching topic 28186
[2026-09-11 23:04:12] [400/2954] Fetching topic 28459
[2026-09-11 23:04:13] [401/2954] Fetching topic 28803
[2026-09-11 23:04:15] Topic 28803: downloading 33 uploads
[2026-09-11 23:04:23] Upload failed 404: requested=https://forums.greaterthangames.com/uploads/default/optimized/2X/0/0cb75f3196e3b001079339914c7222684c2ebee4_2_225x500.jpeg, final=https://forums.greaterthangames.com/uploads/default/optimized/2X/0/0cb75f3196e3b001079339914c7222684c2ebee4_2_225x500.jpeg,
[2026-09-11 23:04:23] Response headers: {'Server': 'nginx', 'Date': 'Fri, 11 Sep 2026 23:04:22 GMT', 'Content-Type': 'text/html', 'Content-Length': '548', 'Connection': 'keep-alive'}
[2026-09-11 23:04:30] Upload failed 404: requested=https://forums.greaterthangames.com/uploads/default/optimized/2X/2/25a24833f5e1fdef42c8c67fedc2fda5e69fa08a_2_690x431.jpeg, final=https://forums.greaterthangames.com/uploads/default/optimized/2X/2/25a24833f5e1fdef42c8c67fedc2fda5e69fa08a_2_690x431.jpeg,
[2026-09-11 23:04:30] Response headers: {'Server': 'nginx', 'Date': 'Fri, 11 Sep 2026 23:04:30 GMT', 'Content-Type': 'text/html', 'Content-Length': '548', 'Connection': 'keep-alive'}
[2026-09-11 23:04:33] Upload failed 404: requested=https://forums.greaterthangames.com/uploads/default/optimized/2X/5/509bea0bf8ed3b7b281ccd0329ae02397cdfa29f_2_690x388.png, final=https://forums.greaterthangames.com/uploads/default/optimized/2X/5/509bea0bf8ed3b7b281ccd0329ae02397cdfa29f_2_690x388.png,
[2026-09-11 23:04:33] Response headers: {'Server': 'nginx', 'Date': 'Fri, 11 Sep 2026 23:04:33 GMT', 'Content-Type': 'text/html', 'Content-Length': '548', 'Connection': 'keep-alive'}
[2026-09-11 23:04:38] Upload failed 404: requested=https://forums.greaterthangames.com/uploads/default/optimized/2X/7/7451a2bf8faef4121dbc6c438be36b5481d2b2af_2_690x388.jpeg, final=https://forums.greaterthangames.com/uploads/default/optimized/2X/7/7451a2bf8faef4121dbc6c438be36b5481d2b2af_2_690x388.jpeg,
[2026-09-11 23:04:38] Response headers: {'Server': 'nginx', 'Date': 'Fri, 11 Sep 2026 23:04:38 GMT', 'Content-Type': 'text/html', 'Content-Length': '548', 'Connection': 'keep-alive'}
[2026-09-11 23:04:41] Upload failed 404: requested=https://forums.greaterthangames.com/uploads/default/optimized/2X/f/f2b3e9fb378b8c19bc277f0dcb09e5cab24bf8a8_2_219x500.jpeg, final=https://forums.greaterthangames.com/uploads/default/optimized/2X/f/f2b3e9fb378b8c19bc277f0dcb09e5cab24bf8a8_2_219x500.jpeg,
[2026-09-11 23:04:41] Response headers: {'Server': 'nginx', 'Date': 'Fri, 11 Sep 2026 23:04:41 GMT', 'Content-Type': 'text/html', 'Content-Length': '548', 'Connection': 'keep-alive'}
[2026-09-11 23:04:48] [402/2954] Fetching topic 28816
[2026-09-11 23:04:49] [403/2954] Fetching topic 28814
[2026-09-11 23:04:50] Topic 28814: downloading 2 uploads
[2026-09-11 23:04:50] [404/2954] Fetching topic 28810
[2026-09-11 23:04:52] Topic 28810: downloading 10 uploads
[2026-09-11 23:04:57] Upload failed 404: requested=https://forums.greaterthangames.com/uploads/default/optimized/2X/8/8e0bc6401fe78763bc675a7fa34508a5963c3706_2_355x500.jpeg, final=https://forums.greaterthangames.com/uploads/default/optimized/2X/8/8e0bc6401fe78763bc675a7fa34508a5963c3706_2_355x500.jpeg,
[2026-09-11 23:04:57] Response headers: {'Server': 'nginx', 'Date': 'Fri, 11 Sep 2026 23:04:57 GMT', 'Content-Type': 'text/html', 'Content-Length': '548', 'Connection': 'keep-alive'}
[2026-09-11 23:05:00] Upload failed 404: requested=https://forums.greaterthangames.com/uploads/default/optimized/2X/b/b1f931837957bfd60e4bb5843d26c4c646ed7f3c_2_355x500.jpeg, final=https://forums.greaterthangames.com/uploads/default/optimized/2X/b/b1f931837957bfd60e4bb5843d26c4c646ed7f3c_2_355x500.jpeg,
[2026-09-11 23:05:00] Response headers: {'Server': 'nginx', 'Date': 'Fri, 11 Sep 2026 23:05:00 GMT', 'Content-Type': 'text/html', 'Content-Length': '548', 'Connection': 'keep-alive'}
[2026-09-11 23:05:02] [405/2954] Fetching topic 28806
[2026-09-11 23:05:03] [406/2954] Fetching topic 28288
[2026-09-11 23:05:04] [407/2954] Fetching topic 28418
[2026-09-11 23:05:05] [408/2954] Fetching topic 28792
[2026-09-11 23:05:07] [409/2954] Fetching topic 28787
[2026-09-11 23:05:08] Topic 28787: downloading 14 uploads
[2026-09-11 23:05:15] Upload failed 404: requested=https://forums.greaterthangames.com/uploads/default/optimized/2X/1/1db42b3d001848b051a48b08254f11bf33db2a36_2_690x431.jpeg, final=https://forums.greaterthangames.com/uploads/default/optimized/2X/1/1db42b3d001848b051a48b08254f11bf33db2a36_2_690x431.jpeg,
[2026-09-11 23:05:15] Response headers: {'Server': 'nginx', 'Date': 'Fri, 11 Sep 2026 23:05:15 GMT', 'Content-Type': 'text/html', 'Content-Length': '548', 'Connection': 'keep-alive'}
[2026-09-11 23:05:18] Upload failed 404: requested=https://forums.greaterthangames.com/uploads/default/optimized/2X/4/47c3058df1e842af6ad986df4062b397ae30c4b1_2_219x500.jpeg, final=https://forums.greaterthangames.com/uploads/default/optimized/2X/4/47c3058df1e842af6ad986df4062b397ae30c4b1_2_219x500.jpeg,
[2026-09-11 23:05:18] Response headers: {'Server': 'nginx', 'Date': 'Fri, 11 Sep 2026 23:05:18 GMT', 'Content-Type': 'text/html', 'Content-Length': '548', 'Connection': 'keep-alive'}
[2026-09-11 23:05:22] [410/2954] Fetching topic 20403
[2026-09-11 23:05:23] Topic 20403: downloading 14 uploads
[2026-09-11 23:05:28] Upload failed 404: requested=https://forums.greaterthangames.com/uploads/default/optimized/2X/0/0f27c2f890c412a4d16fd25c551fbd9c645f8408_2_225x500.jpeg, final=https://forums.greaterthangames.com/uploads/default/optimized/2X/0/0f27c2f890c412a4d16fd25c551fbd9c645f8408_2_225x500.jpeg,
[2026-09-11 23:05:28] Response headers: {'Server': 'nginx', 'Date': 'Fri, 11 Sep 2026 23:05:28 GMT', 'Content-Type': 'text/html', 'Content-Length': '548', 'Connection': 'keep-alive'}
[2026-09-11 23:05:33] Upload failed 404: requested=https://forums.greaterthangames.com/uploads/default/optimized/2X/7/7e939ecf7ca11066029d8f83342268d27c8d0a28_2_225x500.jpeg, final=https://forums.greaterthangames.com/uploads/default/optimized/2X/7/7e939ecf7ca11066029d8f83342268d27c8d0a28_2_225x500.jpeg,
[2026-09-11 23:05:33] Response headers: {'Server': 'nginx', 'Date': 'Fri, 11 Sep 2026 23:05:33 GMT', 'Content-Type': 'text/html', 'Content-Length': '548', 'Connection': 'keep-alive'}
[2026-09-11 23:05:38] [411/2954] Fetching topic 28486
[2026-09-11 23:05:39] [412/2954] Fetching topic 28782
[2026-09-11 23:05:40] Topic 28782: downloading 28 uploads
[2026-09-11 23:05:47] Upload failed 404: requested=https://forums.greaterthangames.com/uploads/default/optimized/2X/0/04b0fca9db9e94bd05078207c9e486d89427234b_2_225x500.jpeg, final=https://forums.greaterthangames.com/uploads/default/optimized/2X/0/04b0fca9db9e94bd05078207c9e486d89427234b_2_225x500.jpeg,
[2026-09-11 23:05:47] Response headers: {'Server': 'nginx', 'Date': 'Fri, 11 Sep 2026 23:05:47 GMT', 'Content-Type': 'text/html', 'Content-Length': '548', 'Connection': 'keep-alive'}
[2026-09-11 23:05:52] Upload failed 404: requested=https://forums.greaterthangames.com/uploads/default/optimized/2X/0/0c3a56079d085a6e425c83a3b372b6c7184e39d6_2_225x500.jpeg, final=https://forums.greaterthangames.com/uploads/default/optimized/2X/0/0c3a56079d085a6e425c83a3b372b6c7184e39d6_2_225x500.jpeg,
[2026-09-11 23:05:52] Response headers: {'Server': 'nginx', 'Date': 'Fri, 11 Sep 2026 23:05:52 GMT', 'Content-Type': 'text/html', 'Content-Length': '548', 'Connection': 'keep-alive'}
[2026-09-11 23:05:57] Upload failed 404: requested=https://forums.greaterthangames.com/uploads/default/optimized/2X/6/6a1d2c1dbb7664b509b930d83b11db1a059d6910_2_225x500.jpeg, final=https://forums.greaterthangames.com/uploads/default/optimized/2X/6/6a1d2c1dbb7664b509b930d83b11db1a059d6910_2_225x500.jpeg,
[2026-09-11 23:05:57] Response headers: {'Server': 'nginx', 'Date': 'Fri, 11 Sep 2026 23:05:57 GMT', 'Content-Type': 'text/html', 'Content-Length': '548', 'Connection': 'keep-alive'}
[2026-09-11 23:06:02] Upload failed 404: requested=https://forums.greaterthangames.com/uploads/default/optimized/2X/b/b5dc4213bf45ce73edbd53765a690072174e70d3_2_225x500.jpeg, final=https://forums.greaterthangames.com/uploads/default/optimized/2X/b/b5dc4213bf45ce73edbd53765a690072174e70d3_2_225x500.jpeg,
[2026-09-11 23:06:02] Response headers: {'Server': 'nginx', 'Date': 'Fri, 11 Sep 2026 23:06:02 GMT', 'Content-Type': 'text/html', 'Content-Length': '548', 'Connection': 'keep-alive'}
[2026-09-11 23:06:09] [413/2954] Fetching topic 28778
[2026-09-11 23:06:10] [414/2954] Fetching topic 28770
[2026-09-11 23:06:11] Topic 28770: downloading 28 uploads
[2026-09-11 23:06:18] Upload failed 404: requested=https://forums.greaterthangames.com/uploads/default/optimized/2X/0/06925f09417149a1117742738d27a5c7a6da3a4d_2_225x500.jpeg, final=https://forums.greaterthangames.com/uploads/default/optimized/2X/0/06925f09417149a1117742738d27a5c7a6da3a4d_2_225x500.jpeg,
[2026-09-11 23:06:18] Response headers: {'Server': 'nginx', 'Date': 'Fri, 11 Sep 2026 23:06:18 GMT', 'Content-Type': 'text/html', 'Content-Length': '548', 'Connection': 'keep-alive'}
[2026-09-11 23:06:25] Upload failed 404: requested=https://forums.greaterthangames.com/uploads/default/optimized/2X/b/b039006c1a22f00c57088ef6b10e25678533e6e9_2_690x431.jpeg, final=https://forums.greaterthangames.com/uploads/default/optimized/2X/b/b039006c1a22f00c57088ef6b10e25678533e6e9_2_690x431.jpeg,
[2026-09-11 23:06:25] Response headers: {'Server': 'nginx', 'Date': 'Fri, 11 Sep 2026 23:06:25 GMT', 'Content-Type': 'text/html', 'Content-Length': '548', 'Connection': 'keep-alive'}
[2026-09-11 23:06:28] Upload failed 404: requested=https://forums.greaterthangames.com/uploads/default/optimized/2X/e/e53897c6dde8cb4f992af46b2d621f00dc0b6b5a_2_225x500.jpeg, final=https://forums.greaterthangames.com/uploads/default/optimized/2X/e/e53897c6dde8cb4f992af46b2d621f00dc0b6b5a_2_225x500.jpeg,
[2026-09-11 23:06:28] Response headers: {'Server': 'nginx', 'Date': 'Fri, 11 Sep 2026 23:06:28 GMT', 'Content-Type': 'text/html', 'Content-Length': '548', 'Connection': 'keep-alive'}
[2026-09-11 23:06:34] Upload failed 404: requested=https://forums.greaterthangames.com/uploads/default/optimized/2X/e/edeeac2d5736993f2bfab73bc827ea42467db53e_2_219x500.jpeg, final=https://forums.greaterthangames.com/uploads/default/optimized/2X/e/edeeac2d5736993f2bfab73bc827ea42467db53e_2_219x500.jpeg,
[2026-09-11 23:06:34] Response headers: {'Server': 'nginx', 'Date': 'Fri, 11 Sep 2026 23:06:33 GMT', 'Content-Type': 'text/html', 'Content-Length': '548', 'Connection': 'keep-alive'}
[2026-09-11 23:06:40] [415/2954] Fetching topic 28752
[2026-09-11 23:06:41] Topic 28752: downloading 7 uploads
[2026-09-11 23:06:47] Upload failed 404: requested=https://forums.greaterthangames.com/uploads/default/optimized/2X/f/fb591fd5ad57825f4e97d136f627bc9de08162d2_2_690x431.jpeg, final=https://forums.greaterthangames.com/uploads/default/optimized/2X/f/fb591fd5ad57825f4e97d136f627bc9de08162d2_2_690x431.jpeg,
[2026-09-11 23:06:47] Response headers: {'Server': 'nginx', 'Date': 'Fri, 11 Sep 2026 23:06:47 GMT', 'Content-Type': 'text/html', 'Content-Length': '548', 'Connection': 'keep-alive'}
[2026-09-11 23:06:48] [416/2954] Fetching topic 28608
[2026-09-11 23:06:49] [417/2954] Fetching topic 28758
[2026-09-11 23:06:50] [418/2954] Fetching topic 20467
[2026-09-11 23:06:51] [419/2954] Fetching topic 28717
[2026-09-11 23:06:52] Topic 28717: downloading 7 uploads
[2026-09-11 23:06:56] Upload failed 404: requested=https://forums.greaterthangames.com/uploads/default/optimized/2X/b/b5e28a51ce50e7ad8a04d0428cb1cb8d48fc93e2_2_219x500.jpeg, final=https://forums.greaterthangames.com/uploads/default/optimized/2X/b/b5e28a51ce50e7ad8a04d0428cb1cb8d48fc93e2_2_219x500.jpeg,
[2026-09-11 23:06:56] Response headers: {'Server': 'nginx', 'Date': 'Fri, 11 Sep 2026 23:06:56 GMT', 'Content-Type': 'text/html', 'Content-Length': '548', 'Connection': 'keep-alive'}
[2026-09-11 23:07:00] [420/2954] Fetching topic 28745
[2026-09-11 23:07:01] [421/2954] Fetching topic 28731
[2026-09-11 23:07:02] [422/2954] Fetching topic 18628
[2026-09-11 23:07:03] Topic 18628: missing 19 posts; fetching in batches...
[2026-09-11 23:07:04] Topic 18628: downloading 1 uploads
[2026-09-11 23:07:05] Upload failed 404: requested=https://forums.greaterthangames.com/uploads/2012/01/good-good-let-the-butthurt-flow-through-you.jpg final=https://forums.greaterthangames.com/uploads/2012/01/good-good-let-the-butthurt-flow-through-you.jpg
[2026-09-11 23:07:05] Response headers: {'Server': 'nginx', 'Date': 'Fri, 11 Sep 2026 23:07:05 GMT', 'Content-Type': 'text/html', 'Content-Length': '548', 'Connection': 'keep-alive'}
[2026-09-11 23:07:05] [423/2954] Fetching topic 28743
[2026-09-11 23:07:06] [424/2954] Fetching topic 28737
[2026-09-11 23:07:07] Topic 28737: downloading 21 uploads
[2026-09-11 23:07:13] Upload failed 404: requested=https://forums.greaterthangames.com/uploads/default/optimized/2X/0/07782c49ee6819bc7aa49cb5ac2885d659eb0d84_2_219x500.jpeg, final=https://forums.greaterthangames.com/uploads/default/optimized/2X/0/07782c49ee6819bc7aa49cb5ac2885d659eb0d84_2_219x500.jpeg,
[2026-09-11 23:07:13] Response headers: {'Server': 'nginx', 'Date': 'Fri, 11 Sep 2026 23:07:13 GMT', 'Content-Type': 'text/html', 'Content-Length': '548', 'Connection': 'keep-alive'}
[2026-09-11 23:07:19] Upload failed 404: requested=https://forums.greaterthangames.com/uploads/default/optimized/2X/3/3d1d8f675ce48969aeb3a9be2f0c632edfeb5c0e_2_243x500.jpeg, final=https://forums.greaterthangames.com/uploads/default/optimized/2X/3/3d1d8f675ce48969aeb3a9be2f0c632edfeb5c0e_2_243x500.jpeg,
[2026-09-11 23:07:19] Response headers: {'Server': 'nginx', 'Date': 'Fri, 11 Sep 2026 23:07:19 GMT', 'Content-Type': 'text/html', 'Content-Length': '548', 'Connection': 'keep-alive'}
[2026-09-11 23:07:26] Upload failed 404: requested=https://forums.greaterthangames.com/uploads/default/optimized/2X/d/da46b6e38733fa35bab11212b3e6f1ac721c8de4_2_690x431.jpeg, final=https://forums.greaterthangames.com/uploads/default/optimized/2X/d/da46b6e38733fa35bab11212b3e6f1ac721c8de4_2_690x431.jpeg,
[2026-09-11 23:07:26] Response headers: {'Server': 'nginx', 'Date': 'Fri, 11 Sep 2026 23:07:26 GMT', 'Content-Type': 'text/html', 'Content-Length': '548', 'Connection': 'keep-alive'}
[2026-09-11 23:07:29] [425/2954] Fetching topic 19918
[2026-09-11 23:07:30] Topic 19918: missing 151 posts; fetching in batches...
[2026-09-11 23:07:35] Topic 19918: downloading 44 uploads
[2026-09-11 23:07:41] Upload failed 404: requested=https://forums.greaterthangames.com/uploads/default/optimized/2X/0/04848d699b4ecbb3b5b3a13068690a01e3021b6b_2_690x362.png, final=https://forums.greaterthangames.com/uploads/default/optimized/2X/0/04848d699b4ecbb3b5b3a13068690a01e3021b6b_2_690x362.png,
[2026-09-11 23:07:41] Response headers: {'Server': 'nginx', 'Date': 'Fri, 11 Sep 2026 23:07:41 GMT', 'Content-Type': 'text/html', 'Content-Length': '548', 'Connection': 'keep-alive'}
[2026-09-11 23:07:44] Upload failed 404: requested=https://forums.greaterthangames.com/uploads/default/optimized/2X/6/64a858587af692dc6e852e9c3e28f39cdf61aa66_2_370x500.jpeg, final=https://forums.greaterthangames.com/uploads/default/optimized/2X/6/64a858587af692dc6e852e9c3e28f39cdf61aa66_2_370x500.jpeg,
[2026-09-11 23:07:44] Response headers: {'Server': 'nginx', 'Date': 'Fri, 11 Sep 2026 23:07:44 GMT', 'Content-Type': 'text/html', 'Content-Length': '548', 'Connection': 'keep-alive'}
[2026-09-11 23:07:50] Upload failed 404: requested=https://forums.greaterthangames.com/uploads/default/optimized/2X/a/a3b3c2ea3d820adf12c8eb34e47b29d2a01db4b7_2_690x362.png, final=https://forums.greaterthangames.com/uploads/default/optimized/2X/a/a3b3c2ea3d820adf12c8eb34e47b29d2a01db4b7_2_690x362.png,
[2026-09-11 23:07:50] Response headers: {'Server': 'nginx', 'Date': 'Fri, 11 Sep 2026 23:07:50 GMT', 'Content-Type': 'text/html', 'Content-Length': '548', 'Connection': 'keep-alive'}
[2026-09-11 23:07:54] Upload failed 404: requested=https://forums.greaterthangames.com/uploads/default/optimized/2X/b/b6c09c56882c7f0256f24617731f54af29c17886_2_690x362.png, final=https://forums.greaterthangames.com/uploads/default/optimized/2X/b/b6c09c56882c7f0256f24617731f54af29c17886_2_690x362.png,
[2026-09-11 23:07:54] Response headers: {'Server': 'nginx', 'Date': 'Fri, 11 Sep 2026 23:07:54 GMT', 'Content-Type': 'text/html', 'Content-Length': '548', 'Connection': 'keep-alive'}
[2026-09-11 23:07:58] Upload failed 404: requested=https://forums.greaterthangames.com/uploads/default/optimized/2X/b/be8909bfa2ae376d47e8ea3bb12891b20d33a678_2_690x362.png, final=https://forums.greaterthangames.com/uploads/default/optimized/2X/b/be8909bfa2ae376d47e8ea3bb12891b20d33a678_2_690x362.png,
[2026-09-11 23:07:58] Response headers: {'Server': 'nginx', 'Date': 'Fri, 11 Sep 2026 23:07:58 GMT', 'Content-Type': 'text/html', 'Content-Length': '548', 'Connection': 'keep-alive'}
[2026-09-11 23:08:02] Upload failed 404: requested=https://forums.greaterthangames.com/uploads/default/optimized/2X/c/ca77384068371143fe3cc5a88f1f2ffe6a28f036_2_690x362.png, final=https://forums.greaterthangames.com/uploads/default/optimized/2X/c/ca77384068371143fe3cc5a88f1f2ffe6a28f036_2_690x362.png,
[2026-09-11 23:08:02] Response headers: {'Server': 'nginx', 'Date': 'Fri, 11 Sep 2026 23:08:02 GMT', 'Content-Type': 'text/html', 'Content-Length': '548', 'Connection': 'keep-alive'}
[2026-09-11 23:08:07] Upload failed 404: requested=https://forums.greaterthangames.com/uploads/default/optimized/2X/c/cf49ee92bf2314bc215b922ad63582a57a40f189_2_690x362.png, final=https://forums.greaterthangames.com/uploads/default/optimized/2X/c/cf49ee92bf2314bc215b922ad63582a57a40f189_2_690x362.png,
[2026-09-11 23:08:07] Response headers: {'Server': 'nginx', 'Date': 'Fri, 11 Sep 2026 23:08:07 GMT', 'Content-Type': 'text/html', 'Content-Length': '548', 'Connection': 'keep-alive'}
[2026-09-11 23:08:11] Upload failed 404: requested=https://forums.greaterthangames.com/uploads/default/optimized/2X/d/de3c8634dddb9278d9871e744c4c1d06bdc625c9_2_690x362.png, final=https://forums.greaterthangames.com/uploads/default/optimized/2X/d/de3c8634dddb9278d9871e744c4c1d06bdc625c9_2_690x362.png,
[2026-09-11 23:08:11] Response headers: {'Server': 'nginx', 'Date': 'Fri, 11 Sep 2026 23:08:11 GMT', 'Content-Type': 'text/html', 'Content-Length': '548', 'Connection': 'keep-alive'}
[2026-09-11 23:08:20] [426/2954] Fetching topic 28728
[2026-09-11 23:08:21] Topic 28728: downloading 14 uploads
[2026-09-11 23:08:26] Upload failed 404: requested=https://forums.greaterthangames.com/uploads/default/optimized/2X/f/f19802fb0c41edcf2663eba6f4450a5715832367_2_219x500.jpeg, final=https://forums.greaterthangames.com/uploads/default/optimized/2X/f/f19802fb0c41edcf2663eba6f4450a5715832367_2_219x500.jpeg,
[2026-09-11 23:08:26] Response headers: {'Server': 'nginx', 'Date': 'Fri, 11 Sep 2026 23:08:26 GMT', 'Content-Type': 'text/html', 'Content-Length': '548', 'Connection': 'keep-alive'}
[2026-09-11 23:08:33] Upload failed 404: requested=https://forums.greaterthangames.com/uploads/default/optimized/2X/f/f80a7f1a20778834ee01696dcf5ef58d0dd87985_2_690x431.jpeg, final=https://forums.greaterthangames.com/uploads/default/optimized/2X/f/f80a7f1a20778834ee01696dcf5ef58d0dd87985_2_690x431.jpeg,
[2026-09-11 23:08:33] Response headers: {'Server': 'nginx', 'Date': 'Fri, 11 Sep 2026 23:08:33 GMT', 'Content-Type': 'text/html', 'Content-Length': '548', 'Connection': 'keep-alive'}
[2026-09-11 23:08:35] [427/2954] Fetching topic 28730
[2026-09-11 23:08:36] [428/2954] Fetching topic 28720
[2026-09-11 23:08:37] [429/2954] Fetching topic 28719
[2026-09-11 23:08:38] [430/2954] Fetching topic 17484
[2026-09-11 23:08:40] [431/2954] Fetching topic 28699
[2026-09-11 23:08:41] Topic 28699: downloading 6 uploads
[2026-09-11 23:08:46] Upload failed 404: requested=https://forums.greaterthangames.com/uploads/default/optimized/2X/9/95a1500c3680fee1a10d08f9879e90dca07d8c0e_2_690x454.jpeg, final=https://forums.greaterthangames.com/uploads/default/optimized/2X/9/95a1500c3680fee1a10d08f9879e90dca07d8c0e_2_690x454.jpeg,
[2026-09-11 23:08:46] Response headers: {'Server': 'nginx', 'Date': 'Fri, 11 Sep 2026 23:08:46 GMT', 'Content-Type': 'text/html', 'Content-Length': '548', 'Connection': 'keep-alive'}
[2026-09-11 23:08:47] [432/2954] Fetching topic 28702
[2026-09-11 23:08:48] [433/2954] Fetching topic 28705
[2026-09-11 23:08:49] Topic 28705: downloading 1 uploads
[2026-09-11 23:08:50] [434/2954] Fetching topic 28706
[2026-09-11 23:08:51] [435/2954] Fetching topic 28693
[2026-09-11 23:08:52] [436/2954] Fetching topic 28701
[2026-09-11 23:08:54] [437/2954] Fetching topic 28698
[2026-09-11 23:08:55] [438/2954] Fetching topic 28695
[2026-09-11 23:08:56] [439/2954] Fetching topic 28694
[2026-09-11 23:08:57] [440/2954] Fetching topic 28689
[2026-09-11 23:08:58] [441/2954] Fetching topic 28638
[2026-09-11 23:08:59] [442/2954] Fetching topic 28684
[2026-09-11 23:09:00] [443/2954] Fetching topic 28670
[2026-09-11 23:09:01] [444/2954] Fetching topic 28677
[2026-09-11 23:09:03] Topic 28677: downloading 7 uploads
[2026-09-11 23:09:09] Upload failed 404: requested=https://forums.greaterthangames.com/uploads/default/optimized/2X/9/922c4af2c7a6d78604424d8cd293507d98236d03_2_690x431.jpeg, final=https://forums.greaterthangames.com/uploads/default/optimized/2X/9/922c4af2c7a6d78604424d8cd293507d98236d03_2_690x431.jpeg,
[2026-09-11 23:09:09] Response headers: {'Server': 'nginx', 'Date': 'Fri, 11 Sep 2026 23:09:08 GMT', 'Content-Type': 'text/html', 'Content-Length': '548', 'Connection': 'keep-alive'}
[2026-09-11 23:09:10] [445/2954] Fetching topic 28675
[2026-09-11 23:09:11] [446/2954] Fetching topic 28664
[2026-09-11 23:09:12] [447/2954] Fetching topic 28671
[2026-09-11 23:09:13] Topic 28671: downloading 1 uploads
[2026-09-11 23:09:13] [448/2954] Fetching topic 28672
[2026-09-11 23:09:14] [449/2954] Fetching topic 28673
[2026-09-11 23:09:15] [450/2954] Fetching topic 28669
[2026-09-11 23:09:16] [451/2954] Fetching topic 28667
[2026-09-11 23:09:18] [452/2954] Fetching topic 28552
[2026-09-11 23:09:19] Topic 28552: missing 10 posts; fetching in batches...
[2026-09-11 23:09:20] Topic 28552: downloading 2 uploads
[2026-09-11 23:09:22] Upload failed 404: requested=https://forums.greaterthangames.com/uploads/default/original/2X/5/5fd8830af0366626c847efb81a2063094a78f3df.mp4</a final=https://forums.greaterthangames.com/uploads/default/original/2X/5/5fd8830af0366626c847efb81a2063094a78f3df.mp4%3C/a
[2026-09-11 23:09:22] Response headers: {'Server': 'nginx', 'Date': 'Fri, 11 Sep 2026 23:09:22 GMT', 'Content-Type': 'text/html; charset=utf-8', 'Transfer-Encoding': 'chunked', 'Connection': 'keep-alive', 'Vary': 'Accept-Encoding', 'Content-Security-Policy': "upgrade-insecure-requests; base-uri 'self'; object-src 'none'; script-src 'nonce-fok14bGS0aIrkItoix8QOH1CW' 'strict-dynamic'; frame-ancestors 'self'; manifest-src 'self'", 'X-Request-Id': '9cd9b2a0-48d2-4d70-8011-f7db5da68692', 'X-Runtime': '0.022385', 'Content-Encoding': 'gzip'}
[2026-09-11 23:09:22] [453/2954] Fetching topic 28665
[2026-09-11 23:09:23] [454/2954] Fetching topic 28663
[2026-09-11 23:09:24] Topic 28663: downloading 6 uploads
[2026-09-11 23:09:28] Upload failed 404: requested=https://forums.greaterthangames.com/uploads/default/optimized/2X/4/4dedba1ca2ffa4c135d24d51df89371481a918f7_2_359x500.png, final=https://forums.greaterthangames.com/uploads/default/optimized/2X/4/4dedba1ca2ffa4c135d24d51df89371481a918f7_2_359x500.png,
[2026-09-11 23:09:28] Response headers: {'Server': 'nginx', 'Date': 'Fri, 11 Sep 2026 23:09:28 GMT', 'Content-Type': 'text/html', 'Content-Length': '548', 'Connection': 'keep-alive'}
[2026-09-11 23:09:31] [455/2954] Fetching topic 28622
[2026-09-11 23:09:32] Topic 28622: downloading 1 uploads
[2026-09-11 23:09:33] [456/2954] Fetching topic 28636
[2026-09-11 23:09:34] Topic 28636: downloading 9 uploads
[2026-09-11 23:09:38] Upload failed 404: requested=https://forums.greaterthangames.com/uploads/default/optimized/2X/3/36b8e70cdce0ae981e384aeffa47289c2b8e67e1_2_219x500.jpeg, final=https://forums.greaterthangames.com/uploads/default/optimized/2X/3/36b8e70cdce0ae981e384aeffa47289c2b8e67e1_2_219x500.jpeg,
[2026-09-11 23:09:38] Response headers: {'Server': 'nginx', 'Date': 'Fri, 11 Sep 2026 23:09:38 GMT', 'Content-Type': 'text/html', 'Content-Length': '548', 'Connection': 'keep-alive'}
[2026-09-11 23:09:43] Upload failed 404: requested=https://forums.greaterthangames.com/uploads/default/original/2X/9/9155bb39db2f8ef9e940672ee0679faa99d574e0.mp3</a final=https://forums.greaterthangames.com/uploads/default/original/2X/9/9155bb39db2f8ef9e940672ee0679faa99d574e0.mp3%3C/a
[2026-09-11 23:09:43] Response headers: {'Server': 'nginx', 'Date': 'Fri, 11 Sep 2026 23:09:43 GMT', 'Content-Type': 'text/html; charset=utf-8', 'Transfer-Encoding': 'chunked', 'Connection': 'keep-alive', 'Vary': 'Accept-Encoding', 'Content-Security-Policy': "upgrade-insecure-requests; base-uri 'self'; object-src 'none'; script-src 'nonce-1il0mMba6rC7ct6cbDZNVcwjm' 'strict-dynamic'; frame-ancestors 'self'; manifest-src 'self'", 'X-Request-Id': 'e6090a2d-00b1-4fed-8a09-0fdc9fc195bf', 'X-Runtime': '0.022716', 'Content-Encoding': 'gzip'}
[2026-09-11 23:09:43] [457/2954] Fetching topic 28651
[2026-09-11 23:09:44] [458/2954] Fetching topic 28648
[2026-09-11 23:09:45] [459/2954] Fetching topic 28464
[2026-09-11 23:09:47] Topic 28464: missing 56 posts; fetching in batches...
[2026-09-11 23:09:49] [460/2954] Fetching topic 28639
[2026-09-11 23:09:50] [461/2954] Fetching topic 28584
[2026-09-11 23:09:51] [462/2954] Fetching topic 28629
[2026-09-11 23:09:52] Topic 28629: downloading 6 uploads
[2026-09-11 23:09:56] Upload failed 404: requested=https://forums.greaterthangames.com/uploads/default/optimized/2X/d/dbba09318e1a751da8d941f0fdb3328c7c1d39d2_2_690x362.png, final=https://forums.greaterthangames.com/uploads/default/optimized/2X/d/dbba09318e1a751da8d941f0fdb3328c7c1d39d2_2_690x362.png,
[2026-09-11 23:09:56] Response headers: {'Server': 'nginx', 'Date': 'Fri, 11 Sep 2026 23:09:56 GMT', 'Content-Type': 'text/html', 'Content-Length': '548', 'Connection': 'keep-alive'}
[2026-09-11 23:09:59] [463/2954] Fetching topic 28623
[2026-09-11 23:10:00] [464/2954] Fetching topic 20207
[2026-09-11 23:10:01] [465/2954] Fetching topic 28610
[2026-09-11 23:10:02] [466/2954] Fetching topic 20351
[2026-09-11 23:10:03] [467/2954] Fetching topic 28577
[2026-09-11 23:10:04] [468/2954] Fetching topic 28599
[2026-09-11 23:10:05] [469/2954] Fetching topic 28602
[2026-09-11 23:10:06] [470/2954] Fetching topic 28592
[2026-09-11 23:10:08] [471/2954] Fetching topic 19954
[2026-09-11 23:10:09] [472/2954] Fetching topic 28504
[2026-09-11 23:10:10] [473/2954] Fetching topic 18931
[2026-09-11 23:10:11] Topic 18931: missing 15 posts; fetching in batches...
[2026-09-11 23:10:12] Topic 18931: downloading 2 uploads
[2026-09-11 23:10:14] [474/2954] Fetching topic 28586
[2026-09-11 23:10:15] [475/2954] Fetching topic 28585
[2026-09-11 23:10:16] [476/2954] Fetching topic 28524
[2026-09-11 23:10:17] [477/2954] Fetching topic 28574
[2026-09-11 23:10:19] [478/2954] Fetching topic 28583
[2026-09-11 23:10:20] [479/2954] Fetching topic 19944
[2026-09-11 23:10:21] Topic 19944: missing 56 posts; fetching in batches...
[2026-09-11 23:10:23] [480/2954] Fetching topic 28581
[2026-09-11 23:10:24] [481/2954] Fetching topic 28580
[2026-09-11 23:10:25] [482/2954] Fetching topic 28573
[2026-09-11 23:10:26] [483/2954] Fetching topic 28576
[2026-09-11 23:10:27] [484/2954] Fetching topic 28537
[2026-09-11 23:10:29] [485/2954] Fetching topic 28538
[2026-09-11 23:10:30] [486/2954] Fetching topic 28517
[2026-09-11 23:10:31] Topic 28517: downloading 7 uploads
[2026-09-11 23:10:35] Upload failed 404: requested=https://forums.greaterthangames.com/uploads/default/optimized/2X/7/732b83c88980248c7346ce7fcd7070ec80693ff7_2_225x500.jpeg, final=https://forums.greaterthangames.com/uploads/default/optimized/2X/7/732b83c88980248c7346ce7fcd7070ec80693ff7_2_225x500.jpeg,
[2026-09-11 23:10:35] Response headers: {'Server': 'nginx', 'Date': 'Fri, 11 Sep 2026 23:10:35 GMT', 'Content-Type': 'text/html', 'Content-Length': '548', 'Connection': 'keep-alive'}
[2026-09-11 23:10:38] [487/2954] Fetching topic 28530
[2026-09-11 23:10:39] [488/2954] Fetching topic 20452
[2026-09-11 23:10:40] Topic 20452: missing 4 posts; fetching in batches...
[2026-09-11 23:10:41] Topic 20452: downloading 11 uploads
[2026-09-11 23:10:42] Upload failed 404: requested=https://forums.greaterthangames.com/uploads/default/optimized/2X/0/04848d699b4ecbb3b5b3a13068690a01e3021b6b_2_690x362.png, final=https://forums.greaterthangames.com/uploads/default/optimized/2X/0/04848d699b4ecbb3b5b3a13068690a01e3021b6b_2_690x362.png,
[2026-09-11 23:10:42] Response headers: {'Server': 'nginx', 'Date': 'Fri, 11 Sep 2026 23:10:42 GMT', 'Content-Type': 'text/html', 'Content-Length': '548', 'Connection': 'keep-alive'}
[2026-09-11 23:10:46] Upload failed 404: requested=https://forums.greaterthangames.com/uploads/default/optimized/2X/a/a908f3cf7c263adf4ea5dcdaaf5010a4dafb53d1_2_690x362.png, final=https://forums.greaterthangames.com/uploads/default/optimized/2X/a/a908f3cf7c263adf4ea5dcdaaf5010a4dafb53d1_2_690x362.png,
[2026-09-11 23:10:46] Response headers: {'Server': 'nginx', 'Date': 'Fri, 11 Sep 2026 23:10:46 GMT', 'Content-Type': 'text/html', 'Content-Length': '548', 'Connection': 'keep-alive'}
[2026-09-11 23:10:49] [489/2954] Fetching topic 28510
[2026-09-11 23:10:50] [490/2954] Fetching topic 28507
[2026-09-11 23:10:51] [491/2954] Fetching topic 28508
[2026-09-11 23:10:52] [492/2954] Fetching topic 28499
[2026-09-11 23:10:53] [493/2954] Fetching topic 20531
[2026-09-11 23:10:54] Topic 20531: missing 39 posts; fetching in batches...
[2026-09-11 23:10:56] Topic 20531: downloading 2 uploads
[2026-09-11 23:10:57] Upload failed 404: requested=https://forums.greaterthangames.com/uploads/2021/03/conversion_guide.pdf final=https://forums.greaterthangames.com/uploads/2021/03/conversion_guide.pdf
[2026-09-11 23:10:57] Response headers: {'Server': 'nginx', 'Date': 'Fri, 11 Sep 2026 23:10:57 GMT', 'Content-Type': 'text/html; charset=utf-8', 'Transfer-Encoding': 'chunked', 'Connection': 'keep-alive', 'Vary': 'Accept-Encoding', 'Content-Security-Policy': "upgrade-insecure-requests; base-uri 'self'; object-src 'none'; script-src 'nonce-BLKufRushSrNU7Pc6AOCsuR8c' 'strict-dynamic'; frame-ancestors 'self'; manifest-src 'self'", 'X-Request-Id': 'a7f619c6-12e8-4bd9-85e9-ed2ac8545703', 'X-Runtime': '0.023521', 'Content-Encoding': 'gzip'}
[2026-09-11 23:10:58] Upload failed 404: requested=https://forums.greaterthangames.com/uploads/2021/03/conversion_guide.pdf</a final=https://forums.greaterthangames.com/uploads/2021/03/conversion_guide.pdf%3C/a
[2026-09-11 23:10:58] Response headers: {'Server': 'nginx', 'Date': 'Fri, 11 Sep 2026 23:10:58 GMT', 'Content-Type': 'text/html; charset=utf-8', 'Transfer-Encoding': 'chunked', 'Connection': 'keep-alive', 'Vary': 'Accept-Encoding', 'Content-Security-Policy': "upgrade-insecure-requests; base-uri 'self'; object-src 'none'; script-src 'nonce-NxW5BaUp1A3t05mmC5mufWvIo' 'strict-dynamic'; frame-ancestors 'self'; manifest-src 'self'", 'X-Request-Id': '90632dc1-d993-44ae-b3a2-6e082e331b6c', 'X-Runtime': '0.023235', 'Content-Encoding': 'gzip'}
[2026-09-11 23:10:58] [494/2954] Fetching topic 18789
[2026-09-11 23:10:59] Topic 18789: missing 5 posts; fetching in batches...
[2026-09-11 23:11:00] [495/2954] Fetching topic 28492
[2026-09-11 23:11:01] Topic 28492: missing 3 posts; fetching in batches...
[2026-09-11 23:11:02] [496/2954] Fetching topic 28489
[2026-09-11 23:11:03] [497/2954] Fetching topic 28488
[2026-09-11 23:11:04] Topic 28488: downloading 2 uploads
[2026-09-11 23:11:06] [498/2954] Fetching topic 16666
[2026-09-11 23:11:07] Topic 16666: missing 83 posts; fetching in batches...
[2026-09-11 23:11:09] [499/2954] Fetching topic 20462
[2026-09-11 23:11:10] Topic 20462: missing 9 posts; fetching in batches...
[2026-09-11 23:11:11] [500/2954] Fetching topic 28475
[2026-09-11 23:11:12] [501/2954] Fetching topic 28484
[2026-09-11 23:11:14] [502/2954] Fetching topic 28479
[2026-09-11 23:11:15] [503/2954] Fetching topic 20362
[2026-09-11 23:11:16] [504/2954] Fetching topic 28474
[2026-09-11 23:11:17] [505/2954] Fetching topic 28469
[2026-09-11 23:11:18] [506/2954] Fetching topic 17388
[2026-09-11 23:11:19] [507/2954] Fetching topic 28463
[2026-09-11 23:11:20] [508/2954] Fetching topic 28462
[2026-09-11 23:11:21] Topic 28462: downloading 7 uploads
[2026-09-11 23:11:26] Upload failed 404: requested=https://forums.greaterthangames.com/uploads/default/optimized/2X/e/ea39cb1cdd01b440b1ea93ce112d5c9531775d16_2_668x500.jpeg, final=https://forums.greaterthangames.com/uploads/default/optimized/2X/e/ea39cb1cdd01b440b1ea93ce112d5c9531775d16_2_668x500.jpeg,
[2026-09-11 23:11:26] Response headers: {'Server': 'nginx', 'Date': 'Fri, 11 Sep 2026 23:11:26 GMT', 'Content-Type': 'text/html', 'Content-Length': '548', 'Connection': 'keep-alive'}
[2026-09-11 23:11:29] [509/2954] Fetching topic 28454
[2026-09-11 23:11:30] [510/2954] Fetching topic 28455
[2026-09-11 23:11:31] [511/2954] Fetching topic 20526
[2026-09-11 23:11:32] Topic 20526: missing 107 posts; fetching in batches...
[2026-09-11 23:11:36] Topic 20526: downloading 2 uploads
[2026-09-11 23:11:36] Upload failed 404: requested=https://forums.greaterthangames.com/uploads/chorus_asset/file/22262988/Consider_the_Price_of_Victory.jpg final=https://forums.greaterthangames.com/uploads/chorus_asset/file/22262988/Consider_the_Price_of_Victory.jpg
[2026-09-11 23:11:36] Response headers: {'Server': 'nginx', 'Date': 'Fri, 11 Sep 2026 23:11:36 GMT', 'Content-Type': 'text/html', 'Content-Length': '548', 'Connection': 'keep-alive'}
[2026-09-11 23:11:38] Upload failed 404: requested=https://forums.greaterthangames.com/uploads/chorus_asset/file/22262988/Consider_the_Price_of_Victory.jpg</span final=https://forums.greaterthangames.com/uploads/chorus_asset/file/22262988/Consider_the_Price_of_Victory.jpg%3C/span
[2026-09-11 23:11:38] Response headers: {'Server': 'nginx', 'Date': 'Fri, 11 Sep 2026 23:11:38 GMT', 'Content-Type': 'text/html; charset=utf-8', 'Transfer-Encoding': 'chunked', 'Connection': 'keep-alive', 'Vary': 'Accept-Encoding', 'Content-Security-Policy': "upgrade-insecure-requests; base-uri 'self'; object-src 'none'; script-src 'nonce-hhuj6frcwvsovkSc4swl7fe8J' 'strict-dynamic'; frame-ancestors 'self'; manifest-src 'self'", 'X-Request-Id': '1d780f6f-c215-45d3-a81e-a348f018eab1', 'X-Runtime': '0.021722', 'Content-Encoding': 'gzip'}
[2026-09-11 23:11:38] [512/2954] Fetching topic 20530
[2026-09-11 23:11:39] [513/2954] Fetching topic 28452
[2026-09-11 23:11:40] [514/2954] Fetching topic 28448
[2026-09-11 23:11:41] [515/2954] Fetching topic 28440
[2026-09-11 23:11:42] [516/2954] Fetching topic 28435
[2026-09-11 23:11:43] [517/2954] Fetching topic 28437
[2026-09-11 23:11:45] Topic 28437: downloading 6 uploads
[2026-09-11 23:11:49] Upload failed 404: requested=https://forums.greaterthangames.com/uploads/default/optimized/2X/d/d5b1def27eba041f64e6c61c226b01da4e7985b8_2_413x500.png, final=https://forums.greaterthangames.com/uploads/default/optimized/2X/d/d5b1def27eba041f64e6c61c226b01da4e7985b8_2_413x500.png,
[2026-09-11 23:11:49] Response headers: {'Server': 'nginx', 'Date': 'Fri, 11 Sep 2026 23:11:49 GMT', 'Content-Type': 'text/html', 'Content-Length': '548', 'Connection': 'keep-alive'}
[2026-09-11 23:11:51] [518/2954] Fetching topic 28434
[2026-09-11 23:11:52] [519/2954] Fetching topic 28436
[2026-09-11 23:11:53] [520/2954] Fetching topic 28433
[2026-09-11 23:11:54] [521/2954] Fetching topic 28424
[2026-09-11 23:11:55] Topic 28424: downloading 7 uploads
[2026-09-11 23:12:01] Upload failed 404: requested=https://forums.greaterthangames.com/uploads/default/optimized/2X/e/ef2b050fb5c0ece8f40b2d702ca6ecf5adb5475c_2_353x500.jpeg, final=https://forums.greaterthangames.com/uploads/default/optimized/2X/e/ef2b050fb5c0ece8f40b2d702ca6ecf5adb5475c_2_353x500.jpeg,
[2026-09-11 23:12:01] Response headers: {'Server': 'nginx', 'Date': 'Fri, 11 Sep 2026 23:12:01 GMT', 'Content-Type': 'text/html', 'Content-Length': '548', 'Connection': 'keep-alive'}
[2026-09-11 23:12:06] [522/2954] Fetching topic 20272
[2026-09-11 23:12:06] [523/2954] Fetching topic 28429
[2026-09-11 23:12:07] [524/2954] Fetching topic 28416
[2026-09-11 23:12:08] Topic 28416: downloading 3 uploads
[2026-09-11 23:12:12] [525/2954] Fetching topic 28410
[2026-09-11 23:12:13] [526/2954] Fetching topic 19863
[2026-09-11 23:12:14] [527/2954] Fetching topic 28425
[2026-09-11 23:12:15] [528/2954] Fetching topic 28417
[2026-09-11 23:12:16] Topic 28417: downloading 1 uploads
[2026-09-11 23:12:17] [529/2954] Fetching topic 28412
[2026-09-11 23:12:18] [530/2954] Fetching topic 28394
[2026-09-11 23:12:19] Topic 28394: downloading 1 uploads
[2026-09-11 23:12:20] [531/2954] Fetching topic 28389
[2026-09-11 23:12:21] [532/2954] Fetching topic 28387
[2026-09-11 23:12:22] [533/2954] Fetching topic 28384
[2026-09-11 23:12:23] [534/2954] Fetching topic 28385
[2026-09-11 23:12:25] [535/2954] Fetching topic 28381
[2026-09-11 23:12:26] [536/2954] Fetching topic 28377
[2026-09-11 23:12:27] Topic 28377: downloading 7 uploads
[2026-09-11 23:12:31] Upload failed 404: requested=https://forums.greaterthangames.com/uploads/default/optimized/2X/5/50642b309c8686d94df16fdb10eb4e30ba12a49e_2_323x500.jpeg, final=https://forums.greaterthangames.com/uploads/default/optimized/2X/5/50642b309c8686d94df16fdb10eb4e30ba12a49e_2_323x500.jpeg,
[2026-09-11 23:12:31] Response headers: {'Server': 'nginx', 'Date': 'Fri, 11 Sep 2026 23:12:31 GMT', 'Content-Type': 'text/html', 'Content-Length': '548', 'Connection': 'keep-alive'}
[2026-09-11 23:12:34] [537/2954] Fetching topic 28283
[2026-09-11 23:12:35] [538/2954] Fetching topic 28375
[2026-09-11 23:12:36] [539/2954] Fetching topic 28305
[2026-09-11 23:12:37] [540/2954] Fetching topic 20293
[2026-09-11 23:12:38] [541/2954] Fetching topic 28360
[2026-09-11 23:12:40] [542/2954] Fetching topic 28352
[2026-09-11 23:12:41] [543/2954] Fetching topic 20509
[2026-09-11 23:12:42] [544/2954] Fetching topic 20545
[2026-09-11 23:12:43] [545/2954] Fetching topic 28357
[2026-09-11 23:12:44] [546/2954] Fetching topic 28131
[2026-09-11 23:12:45] [547/2954] Fetching topic 28347
[2026-09-11 23:12:46] [548/2954] Fetching topic 28280
[2026-09-11 23:12:47] Topic 28280: downloading 1 uploads
[2026-09-11 23:12:49] [549/2954] Fetching topic 28346
[2026-09-11 23:12:50] [550/2954] Fetching topic 19156
[2026-09-11 23:12:51] Topic 19156: missing 435 posts; fetching in batches...
[2026-09-11 23:13:01] [551/2954] Fetching topic 28329
[2026-09-11 23:13:02] [552/2954] Fetching topic 28341
[2026-09-11 23:13:03] [553/2954] Fetching topic 28325
[2026-09-11 23:13:05] [554/2954] Fetching topic 28317
[2026-09-11 23:13:06] [555/2954] Fetching topic 28306
[2026-09-11 23:13:07] [556/2954] Fetching topic 28303
[2026-09-11 23:13:08] [557/2954] Fetching topic 20543
[2026-09-11 23:13:09] [558/2954] Fetching topic 28295
[2026-09-11 23:13:10] Topic 28295: downloading 1 uploads
[2026-09-11 23:13:11] [559/2954] Fetching topic 28146
[2026-09-11 23:13:12] [560/2954] Fetching topic 28237
[2026-09-11 23:13:13] [561/2954] Fetching topic 28221
[2026-09-11 23:13:15] [562/2954] Fetching topic 28261
[2026-09-11 23:13:16] [563/2954] Fetching topic 28239
[2026-09-11 23:13:17] [564/2954] Fetching topic 28260
[2026-09-11 23:13:18] [565/2954] Fetching topic 28207
[2026-09-11 23:13:19] [566/2954] Fetching topic 28266
[2026-09-11 23:13:20] Topic 28266: downloading 5 uploads
[2026-09-11 23:13:24] Upload failed 404: requested=https://forums.greaterthangames.com/uploads/default/optimized/2X/3/33d38e491687a6f1e688b46fef064f61c32c9fa7_2_372x499.jpeg, final=https://forums.greaterthangames.com/uploads/default/optimized/2X/3/33d38e491687a6f1e688b46fef064f61c32c9fa7_2_372x499.jpeg,
[2026-09-11 23:13:24] Response headers: {'Server': 'nginx', 'Date': 'Fri, 11 Sep 2026 23:13:24 GMT', 'Content-Type': 'text/html', 'Content-Length': '548', 'Connection': 'keep-alive'}
[2026-09-11 23:13:25] [567/2954] Fetching topic 28265
[2026-09-11 23:13:27] [568/2954] Fetching topic 28267
[2026-09-11 23:13:28] [569/2954] Fetching topic 16296
[2026-09-11 23:13:29] Topic 16296: missing 165 posts; fetching in batches...
[2026-09-11 23:13:33] [570/2954] Fetching topic 28215
[2026-09-11 23:13:34] [571/2954] Fetching topic 28197
[2026-09-11 23:13:36] [572/2954] Fetching topic 28196
[2026-09-11 23:13:37] [573/2954] Fetching topic 28203
[2026-09-11 23:13:38] [574/2954] Fetching topic 28189
[2026-09-11 23:13:39] [575/2954] Fetching topic 28190
[2026-09-11 23:13:40] [576/2954] Fetching topic 20512
[2026-09-11 23:13:41] [577/2954] Fetching topic 20524
[2026-09-11 23:13:42] [578/2954] Fetching topic 28188
[2026-09-11 23:13:43] [579/2954] Fetching topic 28187
[2026-09-11 23:13:45] Topic 28187: downloading 2 uploads
[2026-09-11 23:13:45] Upload failed 404: requested=https://forums.greaterthangames.com/uploads/2020/09/Hades-The-Furies-Boss.jpg]Fury final=https://forums.greaterthangames.com/uploads/2020/09/Hades-The-Furies-Boss.jpg%5DFury
[2026-09-11 23:13:45] Response headers: {'Server': 'nginx', 'Date': 'Fri, 11 Sep 2026 23:13:45 GMT', 'Content-Type': 'text/html; charset=utf-8', 'Transfer-Encoding': 'chunked', 'Connection': 'keep-alive', 'Vary': 'Accept-Encoding', 'Content-Security-Policy': "upgrade-insecure-requests; base-uri 'self'; object-src 'none'; script-src 'nonce-PW3mbXGOYImg1CxtXZ5vKA99o' 'strict-dynamic'; frame-ancestors 'self'; manifest-src 'self'", 'X-Request-Id': '59e3dd66-1316-4a0b-9f2c-ba0c9c451942', 'X-Runtime': '0.025049', 'Content-Encoding': 'gzip'}
[2026-09-11 23:13:47] Upload failed 404: requested=https://forums.greaterthangames.com/uploads/2021/01/25120957/Screenshot-at-Jan-22-16-58-40.jpg]Sisyphus[/url]<span final=https://forums.greaterthangames.com/uploads/2021/01/25120957/Screenshot-at-Jan-22-16-58-40.jpg%5DSisyphus%5B/url%5D%3Cspan
[2026-09-11 23:13:47] Response headers: {'Server': 'nginx', 'Date': 'Fri, 11 Sep 2026 23:13:47 GMT', 'Content-Type': 'text/html; charset=utf-8', 'Transfer-Encoding': 'chunked', 'Connection': 'keep-alive', 'Vary': 'Accept-Encoding', 'Content-Security-Policy': "upgrade-insecure-requests; base-uri 'self'; object-src 'none'; script-src 'nonce-HLRedktUURz9AoZi4Eca20DL5' 'strict-dynamic'; frame-ancestors 'self'; manifest-src 'self'", 'X-Request-Id': '613b81f6-d2f2-4cbf-9457-419016d2c045', 'X-Runtime': '0.020225', 'Content-Encoding': 'gzip'}
[2026-09-11 23:13:47] [580/2954] Fetching topic 28183
[2026-09-11 23:13:48] [581/2954] Fetching topic 20518
[2026-09-11 23:13:49] [582/2954] Fetching topic 20041
[2026-09-11 23:13:50] Topic 20041: missing 47 posts; fetching in batches...
[2026-09-11 23:13:51] [583/2954] Fetching topic 28147
[2026-09-11 23:13:52] [584/2954] Fetching topic 20537
[2026-09-11 23:13:54] [585/2954] Fetching topic 28128
[2026-09-11 23:13:55] [586/2954] Fetching topic 18279
[2026-09-11 23:13:56] Topic 18279: missing 49 posts; fetching in batches...
[2026-09-11 23:13:57] [587/2954] Fetching topic 20546
[2026-09-11 23:13:58] [588/2954] Fetching topic 20548
[2026-09-11 23:13:59] [589/2954] Fetching topic 20553
[2026-09-11 23:14:00] [590/2954] Fetching topic 20532
[2026-09-11 23:14:01] [591/2954] Fetching topic 20528
[2026-09-11 23:14:03] [592/2954] Fetching topic 20503
[2026-09-11 23:14:04] [593/2954] Fetching topic 20515
[2026-09-11 23:14:05] [594/2954] Fetching topic 20477
[2026-09-11 23:14:06] [595/2954] Fetching topic 20492
[2026-09-11 23:14:07] [596/2954] Fetching topic 20501
[2026-09-11 23:14:08] [597/2954] Fetching topic 20508
[2026-09-11 23:14:09] [598/2954] Fetching topic 20471
[2026-09-11 23:14:11] [599/2954] Fetching topic 20464
[2026-09-11 23:14:12] [600/2954] Fetching topic 20496
[2026-09-11 23:14:13] [601/2954] Fetching topic 20495
[2026-09-11 23:14:14] [602/2954] Fetching topic 20486
[2026-09-11 23:14:15] [603/2954] Fetching topic 20491
[2026-09-11 23:14:16] [604/2954] Fetching topic 20485
[2026-09-11 23:14:17] [605/2954] Fetching topic 20481
[2026-09-11 23:14:19] [606/2954] Fetching topic 20480
[2026-09-11 23:14:20] [607/2954] Fetching topic 20483
[2026-09-11 23:14:21] [608/2954] Fetching topic 19921
[2026-09-11 23:14:22] [609/2954] Fetching topic 20454
[2026-09-11 23:14:23] [610/2954] Fetching topic 20469
[2026-09-11 23:14:24] [611/2954] Fetching topic 20466
[2026-09-11 23:14:25] [612/2954] Fetching topic 20459
[2026-09-11 23:14:26] [613/2954] Fetching topic 20453
[2026-09-11 23:14:28] [614/2954] Fetching topic 20455
[2026-09-11 23:14:29] [615/2954] Fetching topic 20435
[2026-09-11 23:14:30] [616/2954] Fetching topic 20438
[2026-09-11 23:14:31] Topic 20438: missing 2 posts; fetching in batches...
[2026-09-11 23:14:32] [617/2954] Fetching topic 20445
[2026-09-11 23:14:33] [618/2954] Fetching topic 20448
[2026-09-11 23:14:34] [619/2954] Fetching topic 17957
[2026-09-11 23:14:35] [620/2954] Fetching topic 20440
[2026-09-11 23:14:37] [621/2954] Fetching topic 20442
[2026-09-11 23:14:38] [622/2954] Fetching topic 20437
[2026-09-11 23:14:39] [623/2954] Fetching topic 20423
[2026-09-11 23:14:40] [624/2954] Fetching topic 20343
[2026-09-11 23:14:41] [625/2954] Fetching topic 20432
[2026-09-11 23:14:42] [626/2954] Fetching topic 20400
[2026-09-11 23:14:43] [627/2954] Fetching topic 20428
[2026-09-11 23:14:44] [628/2954] Fetching topic 20425
[2026-09-11 23:14:46] [629/2954] Fetching topic 20418
[2026-09-11 23:14:47] [630/2954] Fetching topic 20420
[2026-09-11 23:14:48] [631/2954] Fetching topic 20412
[2026-09-11 23:14:49] Topic 20412: missing 1 posts; fetching in batches...
[2026-09-11 23:14:50] [632/2954] Fetching topic 20346
[2026-09-11 23:14:51] [633/2954] Fetching topic 20382
[2026-09-11 23:14:52] [634/2954] Fetching topic 20414
[2026-09-11 23:14:53] [635/2954] Fetching topic 20415
[2026-09-11 23:14:54] [636/2954] Fetching topic 20409
[2026-09-11 23:14:56] [637/2954] Fetching topic 20411
[2026-09-11 23:14:57] [638/2954] Fetching topic 20385
[2026-09-11 23:14:58] [639/2954] Fetching topic 20381
[2026-09-11 23:14:59] [640/2954] Fetching topic 20379
[2026-09-11 23:15:00] [641/2954] Fetching topic 20392
[2026-09-11 23:15:01] [642/2954] Fetching topic 20398
[2026-09-11 23:15:02] [643/2954] Fetching topic 20331
[2026-09-11 23:15:03] [644/2954] Fetching topic 20394
[2026-09-11 23:15:05] Topic 20394: downloading 6 uploads
[2026-09-11 23:15:09] Upload failed 404: requested=https://forums.greaterthangames.com/uploads/default/optimized/2X/3/35154ce76fbe2826d4088e740e6fc39ab3d4a1c7_2_690x362.jpeg, final=https://forums.greaterthangames.com/uploads/default/optimized/2X/3/35154ce76fbe2826d4088e740e6fc39ab3d4a1c7_2_690x362.jpeg,
[2026-09-11 23:15:09] Response headers: {'Server': 'nginx', 'Date': 'Fri, 11 Sep 2026 23:15:09 GMT', 'Content-Type': 'text/html', 'Content-Length': '548', 'Connection': 'keep-alive'}
[2026-09-11 23:15:10] [645/2954] Fetching topic 20391
[2026-09-11 23:15:11] [646/2954] Fetching topic 20388
[2026-09-11 23:15:12] [647/2954] Fetching topic 20029
[2026-09-11 23:15:13] [648/2954] Fetching topic 20378
[2026-09-11 23:15:14] [649/2954] Fetching topic 20361
[2026-09-11 23:15:15] [650/2954] Fetching topic 20375
[2026-09-11 23:15:17] [651/2954] Fetching topic 20373
[2026-09-11 23:15:18] [652/2954] Fetching topic 20370
[2026-09-11 23:15:19] [653/2954] Fetching topic 20364
[2026-09-11 23:15:20] [654/2954] Fetching topic 20368
[2026-09-11 23:15:21] [655/2954] Fetching topic 20365
[2026-09-11 23:15:22] [656/2954] Fetching topic 20366
[2026-09-11 23:15:23] [657/2954] Fetching topic 20352
[2026-09-11 23:15:24] [658/2954] Fetching topic 20350
[2026-09-11 23:15:25] [659/2954] Fetching topic 20342
[2026-09-11 23:15:27] [660/2954] Fetching topic 20339
[2026-09-11 23:15:28] [661/2954] Fetching topic 20340
[2026-09-11 23:15:29] [662/2954] Fetching topic 20273
[2026-09-11 23:15:30] [663/2954] Fetching topic 20332
[2026-09-11 23:15:31] [664/2954] Fetching topic 20315
[2026-09-11 23:15:32] [665/2954] Fetching topic 18422
[2026-09-11 23:15:33] [666/2954] Fetching topic 17305
[2026-09-11 23:15:35] Topic 17305: missing 19 posts; fetching in batches...
[2026-09-11 23:15:36] [667/2954] Fetching topic 20312
[2026-09-11 23:15:37] [668/2954] Fetching topic 20290
[2026-09-11 23:15:38] [669/2954] Fetching topic 20319
[2026-09-11 23:15:39] [670/2954] Fetching topic 20317
[2026-09-11 23:15:40] [671/2954] Fetching topic 20322
[2026-09-11 23:15:41] [672/2954] Fetching topic 20314
[2026-09-11 23:15:42] [673/2954] Fetching topic 20259
[2026-09-11 23:15:44] [674/2954] Fetching topic 20308
[2026-09-11 23:15:45] [675/2954] Fetching topic 20302
[2026-09-11 23:15:46] [676/2954] Fetching topic 20286
[2026-09-11 23:15:47] [677/2954] Fetching topic 19773
[2026-09-11 23:15:48] [678/2954] Fetching topic 20295
[2026-09-11 23:15:49] [679/2954] Fetching topic 19340
[2026-09-11 23:15:50] Topic 19340: missing 26 posts; fetching in batches...
[2026-09-11 23:15:51] [680/2954] Fetching topic 20297
[2026-09-11 23:15:53] [681/2954] Fetching topic 20237
[2026-09-11 23:15:54] [682/2954] Fetching topic 20268
[2026-09-11 23:15:55] [683/2954] Fetching topic 20281
[2026-09-11 23:15:56] [684/2954] Fetching topic 20279
[2026-09-11 23:15:57] [685/2954] Fetching topic 20270
[2026-09-11 23:15:58] [686/2954] Fetching topic 20266
[2026-09-11 23:15:59] [687/2954] Fetching topic 20238
[2026-09-11 23:16:00] [688/2954] Fetching topic 20221
[2026-09-11 23:16:02] [689/2954] Fetching topic 20239
[2026-09-11 23:16:03] [690/2954] Fetching topic 20260
[2026-09-11 23:16:04] [691/2954] Fetching topic 20258
[2026-09-11 23:16:05] [692/2954] Fetching topic 20168
[2026-09-11 23:16:06] [693/2954] Fetching topic 20251
[2026-09-11 23:16:07] [694/2954] Fetching topic 14434
[2026-09-11 23:16:08] Topic 14434: missing 140 posts; fetching in batches...
[2026-09-11 23:16:12] [695/2954] Fetching topic 20250
[2026-09-11 23:16:13] [696/2954] Fetching topic 20243
[2026-09-11 23:16:14] [697/2954] Fetching topic 20246
[2026-09-11 23:16:15] [698/2954] Fetching topic 20233
[2026-09-11 23:16:16] [699/2954] Fetching topic 20236
[2026-09-11 23:16:18] [700/2954] Fetching topic 20235
[2026-09-11 23:16:19] [701/2954] Fetching topic 20226
[2026-09-11 23:16:20] [702/2954] Fetching topic 20229
[2026-09-11 23:16:21] [703/2954] Fetching topic 20224
[2026-09-11 23:16:22] [704/2954] Fetching topic 20198
[2026-09-11 23:16:23] [705/2954] Fetching topic 20223
[2026-09-11 23:16:24] [706/2954] Fetching topic 20214
[2026-09-11 23:16:25] [707/2954] Fetching topic 20219
[2026-09-11 23:16:27] [708/2954] Fetching topic 20220
[2026-09-11 23:16:28] [709/2954] Fetching topic 20197
[2026-09-11 23:16:29] [710/2954] Fetching topic 20187
[2026-09-11 23:16:30] [711/2954] Fetching topic 20195
[2026-09-11 23:16:31] [712/2954] Fetching topic 20194
[2026-09-11 23:16:32] [713/2954] Fetching topic 20190
[2026-09-11 23:16:33] [714/2954] Fetching topic 20192
[2026-09-11 23:16:34] [715/2954] Fetching topic 20191
[2026-09-11 23:16:36] [716/2954] Fetching topic 20189
[2026-09-11 23:16:37] [717/2954] Fetching topic 20184
[2026-09-11 23:16:38] [718/2954] Fetching topic 20107
[2026-09-11 23:16:39] [719/2954] Fetching topic 20157
[2026-09-11 23:16:40] [720/2954] Fetching topic 20140
[2026-09-11 23:16:41] [721/2954] Fetching topic 20179
[2026-09-11 23:16:42] [722/2954] Fetching topic 20176
[2026-09-11 23:16:43] [723/2954] Fetching topic 20156
[2026-09-11 23:16:45] [724/2954] Fetching topic 20169
[2026-09-11 23:16:46] [725/2954] Fetching topic 20160
[2026-09-11 23:16:47] [726/2954] Fetching topic 20131
[2026-09-11 23:16:48] [727/2954] Fetching topic 20155
[2026-09-11 23:16:49] [728/2954] Fetching topic 20138
[2026-09-11 23:16:50] [729/2954] Fetching topic 20150
[2026-09-11 23:16:51] [730/2954] Fetching topic 20147
[2026-09-11 23:16:52] [731/2954] Fetching topic 20134
[2026-09-11 23:16:54] [732/2954] Fetching topic 20132
[2026-09-11 23:16:55] [733/2954] Fetching topic 20064
[2026-09-11 23:16:56] [734/2954] Fetching topic 20127
[2026-09-11 23:16:57] [735/2954] Fetching topic 20128
[2026-09-11 23:16:58] [736/2954] Fetching topic 20126
[2026-09-11 23:16:59] [737/2954] Fetching topic 20125
[2026-09-11 23:17:00] [738/2954] Fetching topic 20066
[2026-09-11 23:17:01] [739/2954] Fetching topic 20067
[2026-09-11 23:17:03] [740/2954] Fetching topic 20040
[2026-09-11 23:17:04] [741/2954] Fetching topic 20016
[2026-09-11 23:17:05] [742/2954] Fetching topic 20054
[2026-09-11 23:17:06] [743/2954] Fetching topic 20051
[2026-09-11 23:17:07] [744/2954] Fetching topic 20034
[2026-09-11 23:17:08] [745/2954] Fetching topic 20042
[2026-09-11 23:17:09] [746/2954] Fetching topic 19988
[2026-09-11 23:17:11] [747/2954] Fetching topic 19991
[2026-09-11 23:17:12] [748/2954] Fetching topic 19727
[2026-09-11 23:17:13] [749/2954] Fetching topic 19987
[2026-09-11 23:17:14] [750/2954] Fetching topic 20033
[2026-09-11 23:17:15] [751/2954] Fetching topic 20032
[2026-09-11 23:17:16] [752/2954] Fetching topic 20031
[2026-09-11 23:17:17] [753/2954] Fetching topic 20026
[2026-09-11 23:17:19] [754/2954] Fetching topic 20019
[2026-09-11 23:17:20] [755/2954] Fetching topic 20003
[2026-09-11 23:17:21] [756/2954] Fetching topic 20023
[2026-09-11 23:17:22] [757/2954] Fetching topic 19953
[2026-09-11 23:17:23] [758/2954] Fetching topic 20014
[2026-09-11 23:17:24] [759/2954] Fetching topic 19738
[2026-09-11 23:17:25] Topic 19738: missing 3 posts; fetching in batches...
[2026-09-11 23:17:26] [760/2954] Fetching topic 20017
[2026-09-11 23:17:28] [761/2954] Fetching topic 19920
[2026-09-11 23:17:29] [762/2954] Fetching topic 20006
[2026-09-11 23:17:30] [763/2954] Fetching topic 20009
[2026-09-11 23:17:31] [764/2954] Fetching topic 20010
[2026-09-11 23:17:32] [765/2954] Fetching topic 19979
[2026-09-11 23:17:33] [766/2954] Fetching topic 20004
[2026-09-11 23:17:34] [767/2954] Fetching topic 20002
[2026-09-11 23:17:35] [768/2954] Fetching topic 19981
[2026-09-11 23:17:37] [769/2954] Fetching topic 19980
[2026-09-11 23:17:38] [770/2954] Fetching topic 19996
[2026-09-11 23:17:39] [771/2954] Fetching topic 19994
[2026-09-11 23:17:40] [772/2954] Fetching topic 19990
[2026-09-11 23:17:41] [773/2954] Fetching topic 19935
[2026-09-11 23:17:42] [774/2954] Fetching topic 19984
[2026-09-11 23:17:43] [775/2954] Fetching topic 19976
[2026-09-11 23:17:44] [776/2954] Fetching topic 19963
[2026-09-11 23:17:46] [777/2954] Fetching topic 17431
[2026-09-11 23:17:47] [778/2954] Fetching topic 19972
[2026-09-11 23:17:48] [779/2954] Fetching topic 19970
[2026-09-11 23:17:49] [780/2954] Fetching topic 19965
[2026-09-11 23:17:50] [781/2954] Fetching topic 19964
[2026-09-11 23:17:51] [782/2954] Fetching topic 19960
[2026-09-11 23:17:52] [783/2954] Fetching topic 19896
[2026-09-11 23:17:53] [784/2954] Fetching topic 19956
[2026-09-11 23:17:55] [785/2954] Fetching topic 19906
[2026-09-11 23:17:56] [786/2954] Fetching topic 19899
[2026-09-11 23:17:57] [787/2954] Fetching topic 19951
[2026-09-11 23:17:58] [788/2954] Fetching topic 19941
[2026-09-11 23:17:59] [789/2954] Fetching topic 19892
[2026-09-11 23:18:00] [790/2954] Fetching topic 19946
[2026-09-11 23:18:01] [791/2954] Fetching topic 19452
[2026-09-11 23:18:03] Topic 19452: missing 63 posts; fetching in batches...
[2026-09-11 23:18:05] Topic 19452: downloading 2 uploads
[2026-09-11 23:18:07] [792/2954] Fetching topic 19940
[2026-09-11 23:18:08] [793/2954] Fetching topic 19933
[2026-09-11 23:18:09] [794/2954] Fetching topic 19925
[2026-09-11 23:18:10] [795/2954] Fetching topic 19931
[2026-09-11 23:18:11] [796/2954] Fetching topic 16944
[2026-09-11 23:18:12] [797/2954] Fetching topic 19374
[2026-09-11 23:18:14] Topic 19374: downloading 2 uploads
[2026-09-11 23:18:15] [798/2954] Fetching topic 19932
[2026-09-11 23:18:16] [799/2954] Fetching topic 19929
[2026-09-11 23:18:17] [800/2954] Fetching topic 19917
[2026-09-11 23:18:18] [801/2954] Fetching topic 19909
[2026-09-11 23:18:19] [802/2954] Fetching topic 19922
[2026-09-11 23:18:20] [803/2954] Fetching topic 19914
[2026-09-11 23:18:21] [804/2954] Fetching topic 19915
[2026-09-11 23:18:22] [805/2954] Fetching topic 19908
[2026-09-11 23:18:24] [806/2954] Fetching topic 19901
[2026-09-11 23:18:25] [807/2954] Fetching topic 19821
[2026-09-11 23:18:26] [808/2954] Fetching topic 19889
[2026-09-11 23:18:27] [809/2954] Fetching topic 19886
[2026-09-11 23:18:28] [810/2954] Fetching topic 16951
[2026-09-11 23:18:29] [811/2954] Fetching topic 19871
[2026-09-11 23:18:30] [812/2954] Fetching topic 19887
[2026-09-11 23:18:31] [813/2954] Fetching topic 17801
[2026-09-11 23:18:33] [814/2954] Fetching topic 19883
[2026-09-11 23:18:34] [815/2954] Fetching topic 19880
[2026-09-11 23:18:35] [816/2954] Fetching topic 19875
[2026-09-11 23:18:36] [817/2954] Fetching topic 19878
[2026-09-11 23:18:37] [818/2954] Fetching topic 19866
[2026-09-11 23:18:38] [819/2954] Fetching topic 19876
[2026-09-11 23:18:39] [820/2954] Fetching topic 19857
[2026-09-11 23:18:40] [821/2954] Fetching topic 19869
[2026-09-11 23:18:42] [822/2954] Fetching topic 19873
[2026-09-11 23:18:43] Topic 19873: missing 3 posts; fetching in batches...
[2026-09-11 23:18:44] [823/2954] Fetching topic 19829
[2026-09-11 23:18:45] [824/2954] Fetching topic 19868
[2026-09-11 23:18:46] [825/2954] Fetching topic 19865
[2026-09-11 23:18:47] [826/2954] Fetching topic 19860
[2026-09-11 23:18:48] [827/2954] Fetching topic 19859
[2026-09-11 23:18:49] [828/2954] Fetching topic 19854
[2026-09-11 23:18:50] [829/2954] Fetching topic 19853
[2026-09-11 23:18:52] [830/2954] Fetching topic 19852
[2026-09-11 23:18:53] [831/2954] Fetching topic 19849
[2026-09-11 23:18:54] [832/2954] Fetching topic 19848
[2026-09-11 23:18:55] [833/2954] Fetching topic 19843
[2026-09-11 23:18:56] [834/2954] Fetching topic 19847
[2026-09-11 23:18:57] [835/2954] Fetching topic 19840
[2026-09-11 23:18:58] [836/2954] Fetching topic 19830
[2026-09-11 23:18:59] [837/2954] Fetching topic 19053
[2026-09-11 23:19:00] Topic 19053: missing 7 posts; fetching in batches...
[2026-09-11 23:19:02] [838/2954] Fetching topic 19839
[2026-09-11 23:19:03] [839/2954] Fetching topic 19709
[2026-09-11 23:19:04] [840/2954] Fetching topic 19776
[2026-09-11 23:19:05] [841/2954] Fetching topic 19836
[2026-09-11 23:19:06] [842/2954] Fetching topic 19832
[2026-09-11 23:19:07] [843/2954] Fetching topic 19835
[2026-09-11 23:19:08] [844/2954] Fetching topic 19484
[2026-09-11 23:19:09] [845/2954] Fetching topic 19822
[2026-09-11 23:19:11] [846/2954] Fetching topic 19827
[2026-09-11 23:19:12] [847/2954] Fetching topic 19823
[2026-09-11 23:19:13] [848/2954] Fetching topic 19816
[2026-09-11 23:19:14] [849/2954] Fetching topic 19820
[2026-09-11 23:19:15] [850/2954] Fetching topic 19806
[2026-09-11 23:19:16] [851/2954] Fetching topic 19809
[2026-09-11 23:19:17] [852/2954] Fetching topic 19664
[2026-09-11 23:19:18] Topic 19664: missing 1 posts; fetching in batches...
[2026-09-11 23:19:20] [853/2954] Fetching topic 19788
[2026-09-11 23:19:21] [854/2954] Fetching topic 19794
[2026-09-11 23:19:22] [855/2954] Fetching topic 19798
[2026-09-11 23:19:23] [856/2954] Fetching topic 19802
[2026-09-11 23:19:24] [857/2954] Fetching topic 19786
[2026-09-11 23:19:25] [858/2954] Fetching topic 19790
[2026-09-11 23:19:26] [859/2954] Fetching topic 19787
[2026-09-11 23:19:27] [860/2954] Fetching topic 19782
[2026-09-11 23:19:28] [861/2954] Fetching topic 19779
[2026-09-11 23:19:30] [862/2954] Fetching topic 19763
[2026-09-11 23:19:31] [863/2954] Fetching topic 19780
[2026-09-11 23:19:32] [864/2954] Fetching topic 19762
[2026-09-11 23:19:33] [865/2954] Fetching topic 19772
[2026-09-11 23:19:34] [866/2954] Fetching topic 19714
[2026-09-11 23:19:35] [867/2954] Fetching topic 19768
[2026-09-11 23:19:36] [868/2954] Fetching topic 19770
[2026-09-11 23:19:38] [869/2954] Fetching topic 19767
[2026-09-11 23:19:39] [870/2954] Fetching topic 19753
[2026-09-11 23:19:40] [871/2954] Fetching topic 19756
[2026-09-11 23:19:41] [872/2954] Fetching topic 19759
[2026-09-11 23:19:42] [873/2954] Fetching topic 19749
[2026-09-11 23:19:43] [874/2954] Fetching topic 19750
[2026-09-11 23:19:44] [875/2954] Fetching topic 18210
[2026-09-11 23:19:45] [876/2954] Fetching topic 19746
[2026-09-11 23:19:47] [877/2954] Fetching topic 19742
[2026-09-11 23:19:48] [878/2954] Fetching topic 19725
[2026-09-11 23:19:49] [879/2954] Fetching topic 19728
[2026-09-11 23:19:50] [880/2954] Fetching topic 19733
[2026-09-11 23:19:51] [881/2954] Fetching topic 19718
[2026-09-11 23:19:52] [882/2954] Fetching topic 19336
[2026-09-11 23:19:54] Topic 19336: missing 8 posts; fetching in batches...
[2026-09-11 23:19:55] [883/2954] Fetching topic 19724
[2026-09-11 23:19:56] [884/2954] Fetching topic 19720
[2026-09-11 23:19:57] [885/2954] Fetching topic 19711
[2026-09-11 23:19:58] [886/2954] Fetching topic 19408
[2026-09-11 23:19:59] [887/2954] Fetching topic 19716
[2026-09-11 23:20:01] [888/2954] Fetching topic 19679
[2026-09-11 23:20:02] [889/2954] Fetching topic 19715
[2026-09-11 23:20:03] [890/2954] Fetching topic 19704
[2026-09-11 23:20:04] [891/2954] Fetching topic 19689
[2026-09-11 23:20:05] [892/2954] Fetching topic 19701
[2026-09-11 23:20:06] [893/2954] Fetching topic 19703
[2026-09-11 23:20:07] [894/2954] Fetching topic 19700
[2026-09-11 23:20:08] [895/2954] Fetching topic 19697
[2026-09-11 23:20:10] [896/2954] Fetching topic 19693
[2026-09-11 23:20:11] [897/2954] Fetching topic 19695
[2026-09-11 23:20:12] [898/2954] Fetching topic 19683
[2026-09-11 23:20:13] [899/2954] Fetching topic 19685
[2026-09-11 23:20:14] [900/2954] Fetching topic 19668
[2026-09-11 23:20:15] [901/2954] Fetching topic 19678
[2026-09-11 23:20:16] [902/2954] Fetching topic 19677
[2026-09-11 23:20:17] [903/2954] Fetching topic 19672
[2026-09-11 23:20:19] [904/2954] Fetching topic 19675
[2026-09-11 23:20:20] [905/2954] Fetching topic 19667
[2026-09-11 23:20:21] [906/2954] Fetching topic 19660
[2026-09-11 23:20:22] [907/2954] Fetching topic 19663
[2026-09-11 23:20:23] [908/2954] Fetching topic 19659
[2026-09-11 23:20:24] [909/2954] Fetching topic 19662
[2026-09-11 23:20:25] [910/2954] Fetching topic 19635
[2026-09-11 23:20:26] [911/2954] Fetching topic 19658
[2026-09-11 23:20:27] [912/2954] Fetching topic 19643
[2026-09-11 23:20:29] Topic 19643: missing 62 posts; fetching in batches...
[2026-09-11 23:20:31] [913/2954] Fetching topic 19656
[2026-09-11 23:20:32] [914/2954] Fetching topic 19655
[2026-09-11 23:20:33] [915/2954] Fetching topic 19648
[2026-09-11 23:20:34] [916/2954] Fetching topic 19649
[2026-09-11 23:20:35] [917/2954] Fetching topic 19652
[2026-09-11 23:20:36] [918/2954] Fetching topic 19639
[2026-09-11 23:20:38] [919/2954] Fetching topic 19647
[2026-09-11 23:20:39] [920/2954] Fetching topic 19646
[2026-09-11 23:20:40] [921/2954] Fetching topic 19496
[2026-09-11 23:20:41] [922/2954] Fetching topic 19638
[2026-09-11 23:20:42] [923/2954] Fetching topic 19485
[2026-09-11 23:20:43] Topic 19485: missing 2 posts; fetching in batches...
[2026-09-11 23:20:44] [924/2954] Fetching topic 19633
[2026-09-11 23:20:45] [925/2954] Fetching topic 19637
[2026-09-11 23:20:46] [926/2954] Fetching topic 19630
[2026-09-11 23:20:48] [927/2954] Fetching topic 19627
[2026-09-11 23:20:49] [928/2954] Fetching topic 19616
[2026-09-11 23:20:50] [929/2954] Fetching topic 19619
[2026-09-11 23:20:51] [930/2954] Fetching topic 19611
[2026-09-11 23:20:52] [931/2954] Fetching topic 19618
[2026-09-11 23:20:53] [932/2954] Fetching topic 19593
[2026-09-11 23:20:54] [933/2954] Fetching topic 19607
[2026-09-11 23:20:55] [934/2954] Fetching topic 19503
[2026-09-11 23:20:57] [935/2954] Fetching topic 19585
[2026-09-11 23:20:58] [936/2954] Fetching topic 19606
[2026-09-11 23:20:59] [937/2954] Fetching topic 19599
[2026-09-11 23:21:00] [938/2954] Fetching topic 19591
[2026-09-11 23:21:01] [939/2954] Fetching topic 19597
[2026-09-11 23:21:02] [940/2954] Fetching topic 19534
[2026-09-11 23:21:03] Topic 19534: missing 15 posts; fetching in batches...
[2026-09-11 23:21:04] [941/2954] Fetching topic 19596
[2026-09-11 23:21:05] [942/2954] Fetching topic 19592
[2026-09-11 23:21:07] [943/2954] Fetching topic 19491
[2026-09-11 23:21:08] [944/2954] Fetching topic 19582
[2026-09-11 23:21:09] [945/2954] Fetching topic 19247
[2026-09-11 23:21:10] [946/2954] Fetching topic 19577
[2026-09-11 23:21:11] Topic 19577: missing 12 posts; fetching in batches...
[2026-09-11 23:21:12] [947/2954] Fetching topic 19581
[2026-09-11 23:21:13] [948/2954] Fetching topic 19571
[2026-09-11 23:21:14] [949/2954] Fetching topic 19567
[2026-09-11 23:21:16] [950/2954] Fetching topic 19573
[2026-09-11 23:21:17] [951/2954] Fetching topic 19482
[2026-09-11 23:21:18] [952/2954] Fetching topic 19528
[2026-09-11 23:21:19] [953/2954] Fetching topic 19473
[2026-09-11 23:21:20] [954/2954] Fetching topic 19548
[2026-09-11 23:21:21] [955/2954] Fetching topic 19554
[2026-09-11 23:21:22] [956/2954] Fetching topic 19556
[2026-09-11 23:21:23] [957/2954] Fetching topic 19551
[2026-09-11 23:21:25] [958/2954] Fetching topic 19545
[2026-09-11 23:21:26] [959/2954] Fetching topic 19543
[2026-09-11 23:21:27] [960/2954] Fetching topic 19523
[2026-09-11 23:21:28] [961/2954] Fetching topic 19535
[2026-09-11 23:21:29] [962/2954] Fetching topic 19526
[2026-09-11 23:21:30] [963/2954] Fetching topic 19515
[2026-09-11 23:21:31] [964/2954] Fetching topic 19160
[2026-09-11 23:21:32] Topic 19160: missing 68 posts; fetching in batches...
[2026-09-11 23:21:35] [965/2954] Fetching topic 19520
[2026-09-11 23:21:36] [966/2954] Fetching topic 19456
[2026-09-11 23:21:37] [967/2954] Fetching topic 19505
[2026-09-11 23:21:38] [968/2954] Fetching topic 19498
[2026-09-11 23:21:39] [969/2954] Fetching topic 19502
[2026-09-11 23:21:40] [970/2954] Fetching topic 19343
[2026-09-11 23:21:41] [971/2954] Fetching topic 14059
[2026-09-11 23:21:42] Topic 14059: missing 37 posts; fetching in batches...
[2026-09-11 23:21:44] [972/2954] Fetching topic 14332
[2026-09-11 23:21:45] [973/2954] Fetching topic 19488
[2026-09-11 23:21:46] [974/2954] Fetching topic 19493
[2026-09-11 23:21:47] [975/2954] Fetching topic 19487
[2026-09-11 23:21:48] [976/2954] Fetching topic 19489
[2026-09-11 23:21:49] [977/2954] Fetching topic 19475
[2026-09-11 23:21:50] [978/2954] Fetching topic 19471
[2026-09-11 23:21:51] [979/2954] Fetching topic 19479
[2026-09-11 23:21:52] [980/2954] Fetching topic 19438
[2026-09-11 23:21:54] [981/2954] Fetching topic 19361
[2026-09-11 23:21:55] [982/2954] Fetching topic 19405
[2026-09-11 23:21:56] [983/2954] Fetching topic 19435
[2026-09-11 23:21:57] [984/2954] Fetching topic 19478
[2026-09-11 23:21:58] [985/2954] Fetching topic 19463
[2026-09-11 23:21:59] Topic 19463: downloading 1 uploads
[2026-09-11 23:22:00] [986/2954] Fetching topic 19472
[2026-09-11 23:22:01] [987/2954] Fetching topic 19150
[2026-09-11 23:22:03] Topic 19150: missing 18 posts; fetching in batches...
[2026-09-11 23:22:04] [988/2954] Fetching topic 19363
[2026-09-11 23:22:05] [989/2954] Fetching topic 19465
[2026-09-11 23:22:06] [990/2954] Fetching topic 19466
[2026-09-11 23:22:07] [991/2954] Fetching topic 19453
[2026-09-11 23:22:08] [992/2954] Fetching topic 19439
[2026-09-11 23:22:09] [993/2954] Fetching topic 19445
[2026-09-11 23:22:10] [994/2954] Fetching topic 19432
[2026-09-11 23:22:12] [995/2954] Fetching topic 19429
[2026-09-11 23:22:13] [996/2954] Fetching topic 19431
[2026-09-11 23:22:14] [997/2954] Fetching topic 19357
[2026-09-11 23:22:15] Topic 19357: missing 11 posts; fetching in batches...
[2026-09-11 23:22:16] [998/2954] Fetching topic 19427
[2026-09-11 23:22:17] [999/2954] Fetching topic 19423
[2026-09-11 23:22:18] [1000/2954] Fetching topic 19428
[2026-09-11 23:22:19] [1001/2954] Fetching topic 18121
[2026-09-11 23:22:21] [1002/2954] Fetching topic 19417
[2026-09-11 23:22:22] [1003/2954] Fetching topic 19421
[2026-09-11 23:22:23] [1004/2954] Fetching topic 19208
[2026-09-11 23:22:24] [1005/2954] Fetching topic 19415
[2026-09-11 23:22:25] [1006/2954] Fetching topic 19409
[2026-09-11 23:22:26] [1007/2954] Fetching topic 19399
[2026-09-11 23:22:27] [1008/2954] Fetching topic 19404
[2026-09-11 23:22:28] [1009/2954] Fetching topic 19396
[2026-09-11 23:22:30] [1010/2954] Fetching topic 19394
[2026-09-11 23:22:31] [1011/2954] Fetching topic 17596
[2026-09-11 23:22:32] Topic 17596: missing 73 posts; fetching in batches...
[2026-09-11 23:22:34] Topic 17596: downloading 6 uploads
[2026-09-11 23:22:38] Upload failed 404: requested=https://forums.greaterthangames.com/uploads/default/optimized/2X/f/f14e0b1be8498d3cdb55adc22a308bc03884c08c_2_666x500.jpeg, final=https://forums.greaterthangames.com/uploads/default/optimized/2X/f/f14e0b1be8498d3cdb55adc22a308bc03884c08c_2_666x500.jpeg,
[2026-09-11 23:22:38] Response headers: {'Server': 'nginx', 'Date': 'Fri, 11 Sep 2026 23:22:38 GMT', 'Content-Type': 'text/html', 'Content-Length': '548', 'Connection': 'keep-alive'}
[2026-09-11 23:22:41] [1012/2954] Fetching topic 19346
[2026-09-11 23:22:41] [1013/2954] Fetching topic 19362
[2026-09-11 23:22:42] [1014/2954] Fetching topic 19389
[2026-09-11 23:22:44] [1015/2954] Fetching topic 19386
[2026-09-11 23:22:45] [1016/2954] Fetching topic 19375
[2026-09-11 23:22:46] [1017/2954] Fetching topic 19373
[2026-09-11 23:22:47] [1018/2954] Fetching topic 19339
[2026-09-11 23:22:48] [1019/2954] Fetching topic 19225
[2026-09-11 23:22:49] [1020/2954] Fetching topic 19381
[2026-09-11 23:22:50] [1021/2954] Fetching topic 19365
[2026-09-11 23:22:51] [1022/2954] Fetching topic 19377
[2026-09-11 23:22:53] [1023/2954] Fetching topic 18191
[2026-09-11 23:22:54] [1024/2954] Fetching topic 19368
[2026-09-11 23:22:55] [1025/2954] Fetching topic 19371
[2026-09-11 23:22:56] [1026/2954] Fetching topic 19367
[2026-09-11 23:22:57] [1027/2954] Fetching topic 18787
[2026-09-11 23:22:58] [1028/2954] Fetching topic 19352
[2026-09-11 23:22:59] [1029/2954] Fetching topic 19333
[2026-09-11 23:23:01] [1030/2954] Fetching topic 19356
[2026-09-11 23:23:02] [1031/2954] Fetching topic 17762
[2026-09-11 23:23:03] Topic 17762: missing 8 posts; fetching in batches...
[2026-09-11 23:23:04] [1032/2954] Fetching topic 19351
[2026-09-11 23:23:05] [1033/2954] Fetching topic 19334
[2026-09-11 23:23:06] [1034/2954] Fetching topic 19324
[2026-09-11 23:23:07] Topic 19324: missing 7 posts; fetching in batches...
[2026-09-11 23:23:08] [1035/2954] Fetching topic 19350
[2026-09-11 23:23:09] [1036/2954] Fetching topic 19344
[2026-09-11 23:23:11] [1037/2954] Fetching topic 19348
[2026-09-11 23:23:12] [1038/2954] Fetching topic 19321
[2026-09-11 23:23:13] [1039/2954] Fetching topic 19342
[2026-09-11 23:23:14] [1040/2954] Fetching topic 19316
[2026-09-11 23:23:15] [1041/2954] Fetching topic 18563
[2026-09-11 23:23:16] Topic 18563: missing 24 posts; fetching in batches...
[2026-09-11 23:23:17] [1042/2954] Fetching topic 19338
[2026-09-11 23:23:19] [1043/2954] Fetching topic 19335
[2026-09-11 23:23:20] [1044/2954] Fetching topic 19319
[2026-09-11 23:23:21] [1045/2954] Fetching topic 19328
[2026-09-11 23:23:22] [1046/2954] Fetching topic 19311
[2026-09-11 23:23:23] [1047/2954] Fetching topic 19326
[2026-09-11 23:23:24] [1048/2954] Fetching topic 19325
[2026-09-11 23:23:25] [1049/2954] Fetching topic 19314
[2026-09-11 23:23:26] [1050/2954] Fetching topic 19322
[2026-09-11 23:23:28] [1051/2954] Fetching topic 19309
[2026-09-11 23:23:29] [1052/2954] Fetching topic 15432
[2026-09-11 23:23:30] Topic 15432: missing 4 posts; fetching in batches...
[2026-09-11 23:23:31] [1053/2954] Fetching topic 19300
[2026-09-11 23:23:32] [1054/2954] Fetching topic 19302
[2026-09-11 23:23:33] [1055/2954] Fetching topic 19286
[2026-09-11 23:23:34] [1056/2954] Fetching topic 19298
[2026-09-11 23:23:35] [1057/2954] Fetching topic 19199
[2026-09-11 23:23:36] Topic 19199: missing 23 posts; fetching in batches...
[2026-09-11 23:23:37] [1058/2954] Fetching topic 19279
[2026-09-11 23:23:39] [1059/2954] Fetching topic 19244
[2026-09-11 23:23:40] [1060/2954] Fetching topic 15162
[2026-09-11 23:23:41] Topic 15162: missing 1 posts; fetching in batches...
[2026-09-11 23:23:42] [1061/2954] Fetching topic 19276
[2026-09-11 23:23:43] [1062/2954] Fetching topic 19275
[2026-09-11 23:23:44] [1063/2954] Fetching topic 19267
[2026-09-11 23:23:45] [1064/2954] Fetching topic 19257
[2026-09-11 23:23:46] [1065/2954] Fetching topic 19266
[2026-09-11 23:23:47] [1066/2954] Fetching topic 19230
[2026-09-11 23:23:49] [1067/2954] Fetching topic 19265
[2026-09-11 23:23:50] [1068/2954] Fetching topic 19248
[2026-09-11 23:23:51] [1069/2954] Fetching topic 19263
[2026-09-11 23:23:52] [1070/2954] Fetching topic 19260
[2026-09-11 23:23:53] [1071/2954] Fetching topic 19252
[2026-09-11 23:23:54] [1072/2954] Fetching topic 19250
[2026-09-11 23:23:55] [1073/2954] Fetching topic 19204
[2026-09-11 23:23:56] [1074/2954] Fetching topic 19194
[2026-09-11 23:23:58] [1075/2954] Fetching topic 19231
[2026-09-11 23:23:59] [1076/2954] Fetching topic 19242
[2026-09-11 23:24:00] [1077/2954] Fetching topic 19233
[2026-09-11 23:24:01] [1078/2954] Fetching topic 19246
[2026-09-11 23:24:02] [1079/2954] Fetching topic 19243
[2026-09-11 23:24:03] [1080/2954] Fetching topic 19237
[2026-09-11 23:24:04] [1081/2954] Fetching topic 19126
[2026-09-11 23:24:06] [1082/2954] Fetching topic 19158
[2026-09-11 23:24:07] Topic 19158: missing 54 posts; fetching in batches...
[2026-09-11 23:24:09] [1083/2954] Fetching topic 19240
[2026-09-11 23:24:10] [1084/2954] Fetching topic 19227
[2026-09-11 23:24:11] [1085/2954] Fetching topic 19229
[2026-09-11 23:24:12] [1086/2954] Fetching topic 19213
[2026-09-11 23:24:13] [1087/2954] Fetching topic 16990
[2026-09-11 23:24:14] Topic 16990: missing 5 posts; fetching in batches...
[2026-09-11 23:24:15] [1088/2954] Fetching topic 18985
[2026-09-11 23:24:17] [1089/2954] Fetching topic 19209
[2026-09-11 23:24:18] [1090/2954] Fetching topic 19211
[2026-09-11 23:24:19] [1091/2954] Fetching topic 19217
[2026-09-11 23:24:20] [1092/2954] Fetching topic 19218
[2026-09-11 23:24:21] [1093/2954] Fetching topic 19193
[2026-09-11 23:24:22] [1094/2954] Fetching topic 19010
[2026-09-11 23:24:24] [1095/2954] Fetching topic 19032
[2026-09-11 23:24:25] [1096/2954] Fetching topic 19202
[2026-09-11 23:24:26] [1097/2954] Fetching topic 18945
[2026-09-11 23:24:27] [1098/2954] Fetching topic 17445
[2026-09-11 23:24:28] Topic 17445: missing 73 posts; fetching in batches...
[2026-09-11 23:24:30] [1099/2954] Fetching topic 19154
[2026-09-11 23:24:31] [1100/2954] Fetching topic 19196
[2026-09-11 23:24:33] [1101/2954] Fetching topic 19190
[2026-09-11 23:24:34] Topic 19190: missing 7 posts; fetching in batches...
[2026-09-11 23:24:35] [1102/2954] Fetching topic 19191
[2026-09-11 23:24:36] [1103/2954] Fetching topic 19187
[2026-09-11 23:24:37] [1104/2954] Fetching topic 19182
[2026-09-11 23:24:38] [1105/2954] Fetching topic 19170
[2026-09-11 23:24:39] [1106/2954] Fetching topic 19184
[2026-09-11 23:24:41] [1107/2954] Fetching topic 19185
[2026-09-11 23:24:42] [1108/2954] Fetching topic 19173
[2026-09-11 23:24:43] Topic 19173: missing 6 posts; fetching in batches...
[2026-09-11 23:24:44] [1109/2954] Fetching topic 19181
[2026-09-11 23:24:45] [1110/2954] Fetching topic 19177
[2026-09-11 23:24:46] [1111/2954] Fetching topic 19127
[2026-09-11 23:24:47] [1112/2954] Fetching topic 19176
[2026-09-11 23:24:48] [1113/2954] Fetching topic 19167
[2026-09-11 23:24:50] [1114/2954] Fetching topic 19116
[2026-09-11 23:24:51] Topic 19116: missing 1 posts; fetching in batches...
[2026-09-11 23:24:52] [1115/2954] Fetching topic 18541
[2026-09-11 23:24:53] [1116/2954] Fetching topic 18733
[2026-09-11 23:24:54] [1117/2954] Fetching topic 19151
[2026-09-11 23:24:55] [1118/2954] Fetching topic 19165
[2026-09-11 23:24:56] [1119/2954] Fetching topic 19164
[2026-09-11 23:24:58] [1120/2954] Fetching topic 19109
[2026-09-11 23:24:59] Topic 19109: missing 4 posts; fetching in batches...
[2026-09-11 23:25:00] [1121/2954] Fetching topic 19152
[2026-09-11 23:25:01] [1122/2954] Fetching topic 17703
[2026-09-11 23:25:02] Topic 17703: missing 43 posts; fetching in batches...
[2026-09-11 23:25:03] [1123/2954] Fetching topic 19118
[2026-09-11 23:25:04] [1124/2954] Fetching topic 19144
[2026-09-11 23:25:05] Topic 19144: missing 10 posts; fetching in batches...
[2026-09-11 23:25:06] [1125/2954] Fetching topic 19147
[2026-09-11 23:25:07] [1126/2954] Fetching topic 19138
[2026-09-11 23:25:09] [1127/2954] Fetching topic 7618
[2026-09-11 23:25:10] [1128/2954] Fetching topic 19139
[2026-09-11 23:25:11] [1129/2954] Fetching topic 19075
[2026-09-11 23:25:12] [1130/2954] Fetching topic 19052
[2026-09-11 23:25:13] [1131/2954] Fetching topic 19145
[2026-09-11 23:25:14] [1132/2954] Fetching topic 18994
[2026-09-11 23:25:15] [1133/2954] Fetching topic 19099
[2026-09-11 23:25:17] [1134/2954] Fetching topic 19133
[2026-09-11 23:25:18] [1135/2954] Fetching topic 19050
[2026-09-11 23:25:19] Topic 19050: downloading 1 uploads
[2026-09-11 23:25:20] [1136/2954] Fetching topic 19129
[2026-09-11 23:25:21] [1137/2954] Fetching topic 19123
[2026-09-11 23:25:22] [1138/2954] Fetching topic 19114
[2026-09-11 23:25:23] [1139/2954] Fetching topic 19117
[2026-09-11 23:25:24] [1140/2954] Fetching topic 19119
[2026-09-11 23:25:26] [1141/2954] Fetching topic 19067
[2026-09-11 23:25:27] [1142/2954] Fetching topic 19064
[2026-09-11 23:25:28] [1143/2954] Fetching topic 5849
[2026-09-11 23:25:29] Topic 5849: missing 301 posts; fetching in batches...
[2026-09-11 23:25:37] Topic 5849: downloading 23 uploads
[2026-09-11 23:25:43] Upload failed 404: requested=https://forums.greaterthangames.com/uploads/default/optimized/2X/a/a4a94b6c347c73aeee553673283e2efacd05a8c7_2_285x500.png, final=https://forums.greaterthangames.com/uploads/default/optimized/2X/a/a4a94b6c347c73aeee553673283e2efacd05a8c7_2_285x500.png,
[2026-09-11 23:25:43] Response headers: {'Server': 'nginx', 'Date': 'Fri, 11 Sep 2026 23:25:43 GMT', 'Content-Type': 'text/html', 'Content-Length': '548', 'Connection': 'keep-alive'}
[2026-09-11 23:25:47] Upload failed 404: requested=https://forums.greaterthangames.com/uploads/default/optimized/2X/c/c52d0dd15bb754c84011843080b3e03990f44a9f_2_312x500.jpeg, final=https://forums.greaterthangames.com/uploads/default/optimized/2X/c/c52d0dd15bb754c84011843080b3e03990f44a9f_2_312x500.jpeg,
[2026-09-11 23:25:47] Response headers: {'Server': 'nginx', 'Date': 'Fri, 11 Sep 2026 23:25:47 GMT', 'Content-Type': 'text/html', 'Content-Length': '548', 'Connection': 'keep-alive'}
[2026-09-11 23:25:52] Upload failed 404: requested=https://forums.greaterthangames.com/uploads/default/optimized/2X/c/cd699a1834c928fc58380877494f41d36a6c5454_2_314x500.jpeg, final=https://forums.greaterthangames.com/uploads/default/optimized/2X/c/cd699a1834c928fc58380877494f41d36a6c5454_2_314x500.jpeg,
[2026-09-11 23:25:52] Response headers: {'Server': 'nginx', 'Date': 'Fri, 11 Sep 2026 23:25:52 GMT', 'Content-Type': 'text/html', 'Content-Length': '548', 'Connection': 'keep-alive'}
[2026-09-11 23:26:01] [1144/2954] Fetching topic 19107
[2026-09-11 23:26:02] [1145/2954] Fetching topic 19065
[2026-09-11 23:26:03] [1146/2954] Fetching topic 19111
[2026-09-11 23:26:04] [1147/2954] Fetching topic 18772
[2026-09-11 23:26:05] Topic 18772: missing 40 posts; fetching in batches...
[2026-09-11 23:26:06] [1148/2954] Fetching topic 19085
[2026-09-11 23:26:07] [1149/2954] Fetching topic 19079
[2026-09-11 23:26:08] [1150/2954] Fetching topic 19077
[2026-09-11 23:26:10] [1151/2954] Fetching topic 19110
[2026-09-11 23:26:11] [1152/2954] Fetching topic 19097
[2026-09-11 23:26:12] [1153/2954] Fetching topic 19100
[2026-09-11 23:26:13] [1154/2954] Fetching topic 19045
[2026-09-11 23:26:14] [1155/2954] Fetching topic 18456
[2026-09-11 23:26:15] Topic 18456: missing 19 posts; fetching in batches...
[2026-09-11 23:26:16] [1156/2954] Fetching topic 19104
[2026-09-11 23:26:17] [1157/2954] Fetching topic 19073
[2026-09-11 23:26:19] [1158/2954] Fetching topic 19098
[2026-09-11 23:26:20] [1159/2954] Fetching topic 19081
[2026-09-11 23:26:21] [1160/2954] Fetching topic 19083
[2026-09-11 23:26:22] [1161/2954] Fetching topic 18899
[2026-09-11 23:26:23] Topic 18899: missing 117 posts; fetching in batches...
[2026-09-11 23:26:26] [1162/2954] Fetching topic 19078
[2026-09-11 23:26:28] Topic 19078: missing 2 posts; fetching in batches...
[2026-09-11 23:26:29] [1163/2954] Fetching topic 18486
[2026-09-11 23:26:30] [1164/2954] Fetching topic 19090
[2026-09-11 23:26:31] [1165/2954] Fetching topic 19094
[2026-09-11 23:26:32] [1166/2954] Fetching topic 19080
[2026-09-11 23:26:33] [1167/2954] Fetching topic 19071
[2026-09-11 23:26:34] [1168/2954] Fetching topic 19066
[2026-09-11 23:26:35] [1169/2954] Fetching topic 19034
[2026-09-11 23:26:36] [1170/2954] Fetching topic 19060
[2026-09-11 23:26:38] [1171/2954] Fetching topic 19069
[2026-09-11 23:26:39] [1172/2954] Fetching topic 19056
[2026-09-11 23:26:40] [1173/2954] Fetching topic 19063
[2026-09-11 23:26:41] [1174/2954] Fetching topic 19051
[2026-09-11 23:26:42] [1175/2954] Fetching topic 19048
[2026-09-11 23:26:43] [1176/2954] Fetching topic 19040
[2026-09-11 23:26:44] [1177/2954] Fetching topic 19046
[2026-09-11 23:26:45] [1178/2954] Fetching topic 19027
[2026-09-11 23:26:47] [1179/2954] Fetching topic 19044
[2026-09-11 23:26:48] [1180/2954] Fetching topic 19030
[2026-09-11 23:26:49] [1181/2954] Fetching topic 19039
[2026-09-11 23:26:50] [1182/2954] Fetching topic 19037
[2026-09-11 23:26:51] [1183/2954] Fetching topic 19035
[2026-09-11 23:26:52] [1184/2954] Fetching topic 18958
[2026-09-11 23:26:53] Topic 18958: missing 34 posts; fetching in batches...
[2026-09-11 23:26:54] [1185/2954] Fetching topic 18982
[2026-09-11 23:26:55] [1186/2954] Fetching topic 19013
[2026-09-11 23:26:57] Topic 19013: missing 4 posts; fetching in batches...
[2026-09-11 23:26:58] [1187/2954] Fetching topic 19026
[2026-09-11 23:26:59] [1188/2954] Fetching topic 19028
[2026-09-11 23:27:00] [1189/2954] Fetching topic 19022
[2026-09-11 23:27:01] [1190/2954] Fetching topic 18971
[2026-09-11 23:27:02] [1191/2954] Fetching topic 18993
[2026-09-11 23:27:03] [1192/2954] Fetching topic 18939
[2026-09-11 23:27:04] [1193/2954] Fetching topic 19023
[2026-09-11 23:27:06] [1194/2954] Fetching topic 19004
[2026-09-11 23:27:07] [1195/2954] Fetching topic 19019
[2026-09-11 23:27:08] [1196/2954] Fetching topic 18546
[2026-09-11 23:27:09] Topic 18546: missing 5 posts; fetching in batches...
[2026-09-11 23:27:10] [1197/2954] Fetching topic 19015
[2026-09-11 23:27:11] [1198/2954] Fetching topic 19008
[2026-09-11 23:27:12] Topic 19008: missing 6 posts; fetching in batches...
[2026-09-11 23:27:13] [1199/2954] Fetching topic 18675
[2026-09-11 23:27:14] Topic 18675: missing 18 posts; fetching in batches...
[2026-09-11 23:27:15] Topic 18675: downloading 2 uploads
[2026-09-11 23:27:17] [1200/2954] Fetching topic 16848
[2026-09-11 23:27:18] Topic 16848: missing 1 posts; fetching in batches...
[2026-09-11 23:27:19] [1201/2954] Fetching topic 18997
[2026-09-11 23:27:21] [1202/2954] Fetching topic 18996
[2026-09-11 23:27:22] [1203/2954] Fetching topic 18741
[2026-09-11 23:27:23] Topic 18741: missing 3 posts; fetching in batches...
[2026-09-11 23:27:24] [1204/2954] Fetching topic 19003
[2026-09-11 23:27:25] [1205/2954] Fetching topic 19002
[2026-09-11 23:27:26] [1206/2954] Fetching topic 18674
[2026-09-11 23:27:27] Topic 18674: missing 143 posts; fetching in batches...
[2026-09-11 23:27:31] Topic 18674: downloading 1 uploads
[2026-09-11 23:27:32] [1207/2954] Fetching topic 18974
[2026-09-11 23:27:33] [1208/2954] Fetching topic 18989
[2026-09-11 23:27:34] [1209/2954] Fetching topic 18990
[2026-09-11 23:27:35] [1210/2954] Fetching topic 18983
[2026-09-11 23:27:36] Topic 18983: downloading 2 uploads
[2026-09-11 23:27:37] Upload failed 404: requested=https://forums.greaterthangames.com/uploads/Jack-of-Hearts-Twisted-Fate.jpg final=https://forums.greaterthangames.com/uploads/Jack-of-Hearts-Twisted-Fate.jpg
[2026-09-11 23:27:37] Response headers: {'Server': 'nginx', 'Date': 'Fri, 11 Sep 2026 23:27:37 GMT', 'Content-Type': 'text/html', 'Content-Length': '548', 'Connection': 'keep-alive'}
[2026-09-11 23:27:38] Upload failed 404: requested=https://forums.greaterthangames.com/uploads/Jack-of-Hearts-Twisted-Fate.jpg]Jack final=https://forums.greaterthangames.com/uploads/Jack-of-Hearts-Twisted-Fate.jpg%5DJack
[2026-09-11 23:27:38] Response headers: {'Server': 'nginx', 'Date': 'Fri, 11 Sep 2026 23:27:38 GMT', 'Content-Type': 'text/html; charset=utf-8', 'Transfer-Encoding': 'chunked', 'Connection': 'keep-alive', 'Vary': 'Accept-Encoding', 'Content-Security-Policy': "upgrade-insecure-requests; base-uri 'self'; object-src 'none'; script-src 'nonce-PVj7I1KFy91h5H7HKlVG8d811' 'strict-dynamic'; frame-ancestors 'self'; manifest-src 'self'", 'X-Request-Id': '7b5de653-f6c6-4849-80c2-a07ec570cb8a', 'X-Runtime': '0.023022', 'Content-Encoding': 'gzip'}
[2026-09-11 23:27:38] [1211/2954] Fetching topic 18987
[2026-09-11 23:27:40] [1212/2954] Fetching topic 18979
[2026-09-11 23:27:41] [1213/2954] Fetching topic 18981
[2026-09-11 23:27:42] [1214/2954] Fetching topic 18948
[2026-09-11 23:27:43] [1215/2954] Fetching topic 18975
[2026-09-11 23:27:44] [1216/2954] Fetching topic 18078
[2026-09-11 23:27:45] [1217/2954] Fetching topic 18859
[2026-09-11 23:27:47] [1218/2954] Fetching topic 18947
[2026-09-11 23:27:48] [1219/2954] Fetching topic 18919
[2026-09-11 23:27:49] [1220/2954] Fetching topic 18966
[2026-09-11 23:27:50] [1221/2954] Fetching topic 17796
[2026-09-11 23:27:51] [1222/2954] Fetching topic 18970
[2026-09-11 23:27:52] [1223/2954] Fetching topic 18969
[2026-09-11 23:27:53] [1224/2954] Fetching topic 18967
[2026-09-11 23:27:54] [1225/2954] Fetching topic 18968
[2026-09-11 23:27:56] [1226/2954] Fetching topic 18956
[2026-09-11 23:27:57] [1227/2954] Fetching topic 18965
[2026-09-11 23:27:58] [1228/2954] Fetching topic 18953
[2026-09-11 23:27:59] [1229/2954] Fetching topic 18949
[2026-09-11 23:28:00] Topic 18949: missing 2 posts; fetching in batches...
[2026-09-11 23:28:01] [1230/2954] Fetching topic 18646
[2026-09-11 23:28:02] Topic 18646: missing 242 posts; fetching in batches...
[2026-09-11 23:28:08] [1231/2954] Fetching topic 18959
[2026-09-11 23:28:09] [1232/2954] Fetching topic 18876
[2026-09-11 23:28:10] [1233/2954] Fetching topic 18943
[2026-09-11 23:28:11] [1234/2954] Fetching topic 18946
[2026-09-11 23:28:13] [1235/2954] Fetching topic 18878
[2026-09-11 23:28:14] Topic 18878: missing 12 posts; fetching in batches...
[2026-09-11 23:28:15] [1236/2954] Fetching topic 18937
[2026-09-11 23:28:16] [1237/2954] Fetching topic 18922
[2026-09-11 23:28:17] [1238/2954] Fetching topic 18920
[2026-09-11 23:28:18] [1239/2954] Fetching topic 18925
[2026-09-11 23:28:19] [1240/2954] Fetching topic 18827
[2026-09-11 23:28:20] [1241/2954] Fetching topic 18926
[2026-09-11 23:28:22] [1242/2954] Fetching topic 18927
[2026-09-11 23:28:23] [1243/2954] Fetching topic 18897
[2026-09-11 23:28:24] [1244/2954] Fetching topic 18923
[2026-09-11 23:28:25] [1245/2954] Fetching topic 18815
[2026-09-11 23:28:26] [1246/2954] Fetching topic 18861
[2026-09-11 23:28:27] [1247/2954] Fetching topic 18864
[2026-09-11 23:28:28] Topic 18864: missing 2 posts; fetching in batches...
[2026-09-11 23:28:29] [1248/2954] Fetching topic 18915
[2026-09-11 23:28:31] [1249/2954] Fetching topic 18905
[2026-09-11 23:28:32] [1250/2954] Fetching topic 18894
[2026-09-11 23:28:33] [1251/2954] Fetching topic 18895
[2026-09-11 23:28:34] [1252/2954] Fetching topic 18910
[2026-09-11 23:28:35] [1253/2954] Fetching topic 18890
[2026-09-11 23:28:36] [1254/2954] Fetching topic 18678
[2026-09-11 23:28:37] [1255/2954] Fetching topic 18893
[2026-09-11 23:28:38] [1256/2954] Fetching topic 18831
[2026-09-11 23:28:40] [1257/2954] Fetching topic 18605
[2026-09-11 23:28:41] Topic 18605: missing 10 posts; fetching in batches...
[2026-09-11 23:28:42] [1258/2954] Fetching topic 18887
[2026-09-11 23:28:43] [1259/2954] Fetching topic 18888
[2026-09-11 23:28:44] [1260/2954] Fetching topic 18873
[2026-09-11 23:28:45] [1261/2954] Fetching topic 5465
[2026-09-11 23:28:46] Topic 5465: missing 434 posts; fetching in batches...
[2026-09-11 23:28:57] Topic 5465: downloading 21 uploads
[2026-09-11 23:28:58] Upload failed 404: requested=https://forums.greaterthangames.com/uploads/2011/10/webdings-wingdings-character-map-speakingppt.png final=https://forums.greaterthangames.com/uploads/2011/10/webdings-wingdings-character-map-speakingppt.png
[2026-09-11 23:28:58] Response headers: {'Server': 'nginx', 'Date': 'Fri, 11 Sep 2026 23:28:58 GMT', 'Content-Type': 'text/html', 'Content-Length': '548', 'Connection': 'keep-alive'}
[2026-09-11 23:29:03] Upload failed 404: requested=https://forums.greaterthangames.com/uploads/default/optimized/2X/3/33a66f6f9c119c13901db7ec07bd0369e43eb8c0_2_423x500.jpeg, final=https://forums.greaterthangames.com/uploads/default/optimized/2X/3/33a66f6f9c119c13901db7ec07bd0369e43eb8c0_2_423x500.jpeg,
[2026-09-11 23:29:03] Response headers: {'Server': 'nginx', 'Date': 'Fri, 11 Sep 2026 23:29:03 GMT', 'Content-Type': 'text/html', 'Content-Length': '548', 'Connection': 'keep-alive'}
[2026-09-11 23:29:06] Upload failed 404: requested=https://forums.greaterthangames.com/uploads/default/optimized/2X/7/7f998f073ebb2555ad3bc5498f542d170bc1d9b6_2_666x500.jpeg, final=https://forums.greaterthangames.com/uploads/default/optimized/2X/7/7f998f073ebb2555ad3bc5498f542d170bc1d9b6_2_666x500.jpeg,
[2026-09-11 23:29:06] Response headers: {'Server': 'nginx', 'Date': 'Fri, 11 Sep 2026 23:29:06 GMT', 'Content-Type': 'text/html', 'Content-Length': '548', 'Connection': 'keep-alive'}
[2026-09-11 23:29:09] Upload failed 404: requested=https://forums.greaterthangames.com/uploads/default/optimized/2X/b/b0dedebaf42645ccb6cc3f8f0f1ae588f522f198_2_666x500.jpeg, final=https://forums.greaterthangames.com/uploads/default/optimized/2X/b/b0dedebaf42645ccb6cc3f8f0f1ae588f522f198_2_666x500.jpeg,
[2026-09-11 23:29:09] Response headers: {'Server': 'nginx', 'Date': 'Fri, 11 Sep 2026 23:29:09 GMT', 'Content-Type': 'text/html', 'Content-Length': '548', 'Connection': 'keep-alive'}
[2026-09-11 23:29:18] [1262/2954] Fetching topic 18842
[2026-09-11 23:29:20] [1263/2954] Fetching topic 18865
[2026-09-11 23:29:21] [1264/2954] Fetching topic 18867
[2026-09-11 23:29:22] [1265/2954] Fetching topic 18849
[2026-09-11 23:29:23] [1266/2954] Fetching topic 18856
[2026-09-11 23:29:24] Topic 18856: missing 3 posts; fetching in batches...
[2026-09-11 23:29:25] [1267/2954] Fetching topic 18851
[2026-09-11 23:29:26] [1268/2954] Fetching topic 18858
[2026-09-11 23:29:27] [1269/2954] Fetching topic 18854
[2026-09-11 23:29:28] [1270/2954] Fetching topic 18428
[2026-09-11 23:29:30] Topic 18428: missing 18 posts; fetching in batches...
[2026-09-11 23:29:31] [1271/2954] Fetching topic 18847
[2026-09-11 23:29:32] [1272/2954] Fetching topic 18833
[2026-09-11 23:29:33] Topic 18833: missing 12 posts; fetching in batches...
[2026-09-11 23:29:34] [1273/2954] Fetching topic 18818
[2026-09-11 23:29:35] Topic 18818: missing 1 posts; fetching in batches...
[2026-09-11 23:29:36] [1274/2954] Fetching topic 18837
[2026-09-11 23:29:37] [1275/2954] Fetching topic 18848
[2026-09-11 23:29:38] [1276/2954] Fetching topic 18834
[2026-09-11 23:29:39] Topic 18834: missing 10 posts; fetching in batches...
[2026-09-11 23:29:41] [1277/2954] Fetching topic 18808
[2026-09-11 23:29:42] Topic 18808: missing 1 posts; fetching in batches...
[2026-09-11 23:29:43] [1278/2954] Fetching topic 18825
[2026-09-11 23:29:44] [1279/2954] Fetching topic 18821
[2026-09-11 23:29:45] [1280/2954] Fetching topic 18812
[2026-09-11 23:29:46] [1281/2954] Fetching topic 18811
[2026-09-11 23:29:47] [1282/2954] Fetching topic 18809
[2026-09-11 23:29:48] [1283/2954] Fetching topic 18804
[2026-09-11 23:29:49] [1284/2954] Fetching topic 18801
[2026-09-11 23:29:50] [1285/2954] Fetching topic 18803
[2026-09-11 23:29:52] [1286/2954] Fetching topic 18796
[2026-09-11 23:29:53] [1287/2954] Fetching topic 18770
[2026-09-11 23:29:54] [1288/2954] Fetching topic 18795
[2026-09-11 23:29:55] [1289/2954] Fetching topic 18275
[2026-09-11 23:29:56] Topic 18275: missing 130 posts; fetching in batches...
[2026-09-11 23:30:00] [1290/2954] Fetching topic 18779
[2026-09-11 23:30:01] Topic 18779: missing 6 posts; fetching in batches...
[2026-09-11 23:30:02] [1291/2954] Fetching topic 17581
[2026-09-11 23:30:03] Topic 17581: missing 25 posts; fetching in batches...
[2026-09-11 23:30:04] [1292/2954] Fetching topic 18786
[2026-09-11 23:30:05] [1293/2954] Fetching topic 18783
[2026-09-11 23:30:06] [1294/2954] Fetching topic 18784
[2026-09-11 23:30:08] [1295/2954] Fetching topic 18414
[2026-09-11 23:30:09] [1296/2954] Fetching topic 18780
[2026-09-11 23:30:10] [1297/2954] Fetching topic 18353
[2026-09-11 23:30:11] Topic 18353: missing 49 posts; fetching in batches...
[2026-09-11 23:30:12] [1298/2954] Fetching topic 18773
[2026-09-11 23:30:13] [1299/2954] Fetching topic 18740
[2026-09-11 23:30:14] [1300/2954] Fetching topic 18702
[2026-09-11 23:30:15] Topic 18702: missing 62 posts; fetching in batches...
[2026-09-11 23:30:18] Topic 18702: downloading 2 uploads
[2026-09-11 23:30:20] [1301/2954] Fetching topic 18756
[2026-09-11 23:30:21] [1302/2954] Fetching topic 18746
[2026-09-11 23:30:22] [1303/2954] Fetching topic 18763
[2026-09-11 23:30:23] [1304/2954] Fetching topic 18748
[2026-09-11 23:30:24] Topic 18748: missing 5 posts; fetching in batches...
[2026-09-11 23:30:25] [1305/2954] Fetching topic 18758
[2026-09-11 23:30:26] [1306/2954] Fetching topic 18701
[2026-09-11 23:30:27] Topic 18701: missing 54 posts; fetching in batches...
[2026-09-11 23:30:30] [1307/2954] Fetching topic 18752
[2026-09-11 23:30:31] [1308/2954] Fetching topic 18753
[2026-09-11 23:30:32] [1309/2954] Fetching topic 18720
[2026-09-11 23:30:33] Topic 18720: missing 16 posts; fetching in batches...
[2026-09-11 23:30:34] [1310/2954] Fetching topic 18397
[2026-09-11 23:30:35] Topic 18397: missing 8 posts; fetching in batches...
[2026-09-11 23:30:36] [1311/2954] Fetching topic 18742
[2026-09-11 23:30:37] [1312/2954] Fetching topic 18631
[2026-09-11 23:30:38] [1313/2954] Fetching topic 18712
[2026-09-11 23:30:40] [1314/2954] Fetching topic 18726
[2026-09-11 23:30:41] [1315/2954] Fetching topic 18691
[2026-09-11 23:30:42] [1316/2954] Fetching topic 18416
[2026-09-11 23:30:43] [1317/2954] Fetching topic 18730
[2026-09-11 23:30:44] [1318/2954] Fetching topic 18723
[2026-09-11 23:30:45] [1319/2954] Fetching topic 18710
[2026-09-11 23:30:46] Topic 18710: missing 8 posts; fetching in batches...
[2026-09-11 23:30:47] [1320/2954] Fetching topic 18576
[2026-09-11 23:30:49] Topic 18576: missing 15 posts; fetching in batches...
[2026-09-11 23:30:50] [1321/2954] Fetching topic 18535
[2026-09-11 23:30:51] Topic 18535: missing 19 posts; fetching in batches...
[2026-09-11 23:30:52] [1322/2954] Fetching topic 18626
[2026-09-11 23:30:53] Topic 18626: missing 83 posts; fetching in batches...
[2026-09-11 23:30:55] [1323/2954] Fetching topic 18715
[2026-09-11 23:30:56] [1324/2954] Fetching topic 18719
[2026-09-11 23:30:57] [1325/2954] Fetching topic 18703
[2026-09-11 23:30:59] [1326/2954] Fetching topic 18610
[2026-09-11 23:31:00] Topic 18610: missing 90 posts; fetching in batches...
[2026-09-11 23:31:02] [1327/2954] Fetching topic 18560
[2026-09-11 23:31:03] Topic 18560: missing 58 posts; fetching in batches...
[2026-09-11 23:31:05] Topic 18560: downloading 1 uploads
[2026-09-11 23:31:05] [1328/2954] Fetching topic 18706
[2026-09-11 23:31:06] [1329/2954] Fetching topic 18695
[2026-09-11 23:31:08] Topic 18695: missing 8 posts; fetching in batches...
[2026-09-11 23:31:09] [1330/2954] Fetching topic 18700
[2026-09-11 23:31:10] [1331/2954] Fetching topic 18233
[2026-09-11 23:31:11] Topic 18233: missing 268 posts; fetching in batches...
[2026-09-11 23:31:18] Topic 18233: downloading 6 uploads
[2026-09-11 23:31:22] [1332/2954] Fetching topic 18693
[2026-09-11 23:31:23] [1333/2954] Fetching topic 18683
[2026-09-11 23:31:24] [1334/2954] Fetching topic 18689
[2026-09-11 23:31:25] [1335/2954] Fetching topic 18659
[2026-09-11 23:31:26] [1336/2954] Fetching topic 18682
[2026-09-11 23:31:27] [1337/2954] Fetching topic 18415
[2026-09-11 23:31:29] [1338/2954] Fetching topic 18670
[2026-09-11 23:31:30] [1339/2954] Fetching topic 18686
[2026-09-11 23:31:31] [1340/2954] Fetching topic 18657
[2026-09-11 23:31:32] [1341/2954] Fetching topic 18642
[2026-09-11 23:31:33] [1342/2954] Fetching topic 18672
[2026-09-11 23:31:34] [1343/2954] Fetching topic 18668
[2026-09-11 23:31:36] [1344/2954] Fetching topic 18640
[2026-09-11 23:31:37] [1345/2954] Fetching topic 18666
[2026-09-11 23:31:38] [1346/2954] Fetching topic 18663
[2026-09-11 23:31:39] [1347/2954] Fetching topic 18638
[2026-09-11 23:31:40] Topic 18638: missing 5 posts; fetching in batches...
[2026-09-11 23:31:41] [1348/2954] Fetching topic 18661
[2026-09-11 23:31:42] [1349/2954] Fetching topic 18649
[2026-09-11 23:31:43] [1350/2954] Fetching topic 18660
[2026-09-11 23:31:45] [1351/2954] Fetching topic 18652
[2026-09-11 23:31:46] [1352/2954] Fetching topic 18617
[2026-09-11 23:31:47] Topic 18617: missing 17 posts; fetching in batches...
[2026-09-11 23:31:48] [1353/2954] Fetching topic 18644
[2026-09-11 23:31:49] [1354/2954] Fetching topic 18621
[2026-09-11 23:31:50] Topic 18621: downloading 3 uploads
[2026-09-11 23:31:53] [1355/2954] Fetching topic 18645
[2026-09-11 23:31:54] Topic 18645: downloading 2 uploads
[2026-09-11 23:31:57] [1356/2954] Fetching topic 18332
[2026-09-11 23:31:58] Topic 18332: missing 24 posts; fetching in batches...
[2026-09-11 23:31:59] [1357/2954] Fetching topic 18630
[2026-09-11 23:32:00] [1358/2954] Fetching topic 18634
[2026-09-11 23:32:01] [1359/2954] Fetching topic 18622
[2026-09-11 23:32:02] [1360/2954] Fetching topic 18629
[2026-09-11 23:32:03] [1361/2954] Fetching topic 18536
[2026-09-11 23:32:04] [1362/2954] Fetching topic 18624
[2026-09-11 23:32:05] [1363/2954] Fetching topic 18619
[2026-09-11 23:32:07] [1364/2954] Fetching topic 18601
[2026-09-11 23:32:08] [1365/2954] Fetching topic 18325
[2026-09-11 23:32:09] [1366/2954] Fetching topic 18611
[2026-09-11 23:32:10] [1367/2954] Fetching topic 18352
[2026-09-11 23:32:11] [1368/2954] Fetching topic 18514
[2026-09-11 23:32:12] Topic 18514: missing 24 posts; fetching in batches...
[2026-09-11 23:32:13] [1369/2954] Fetching topic 18590
[2026-09-11 23:32:15] [1370/2954] Fetching topic 18571
[2026-09-11 23:32:16] Topic 18571: missing 3 posts; fetching in batches...
[2026-09-11 23:32:17] [1371/2954] Fetching topic 18597
[2026-09-11 23:32:18] Topic 18597: downloading 3 uploads
[2026-09-11 23:32:20] [1372/2954] Fetching topic 18595
[2026-09-11 23:32:21] [1373/2954] Fetching topic 18256
[2026-09-11 23:32:22] Topic 18256: missing 12 posts; fetching in batches...
[2026-09-11 23:32:23] [1374/2954] Fetching topic 18596
[2026-09-11 23:32:24] [1375/2954] Fetching topic 18599
[2026-09-11 23:32:25] [1376/2954] Fetching topic 18589
[2026-09-11 23:32:26] [1377/2954] Fetching topic 18588
[2026-09-11 23:32:27] [1378/2954] Fetching topic 18584
[2026-09-11 23:32:29] [1379/2954] Fetching topic 18586
[2026-09-11 23:32:30] [1380/2954] Fetching topic 16563
[2026-09-11 23:32:31] Topic 16563: missing 35 posts; fetching in batches...
[2026-09-11 23:32:32] [1381/2954] Fetching topic 8256
[2026-09-11 23:32:33] Topic 8256: missing 127 posts; fetching in batches...
[2026-09-11 23:32:37] [1382/2954] Fetching topic 18341
[2026-09-11 23:32:38] [1383/2954] Fetching topic 18551
[2026-09-11 23:32:39] Topic 18551: missing 11 posts; fetching in batches...
[2026-09-11 23:32:40] [1384/2954] Fetching topic 15691
[2026-09-11 23:32:41] Topic 15691: missing 107 posts; fetching in batches...
[2026-09-11 23:32:44] [1385/2954] Fetching topic 18437
[2026-09-11 23:32:46] [1386/2954] Fetching topic 18564
[2026-09-11 23:32:47] [1387/2954] Fetching topic 18562
[2026-09-11 23:32:48] [1388/2954] Fetching topic 18468
[2026-09-11 23:32:49] [1389/2954] Fetching topic 18558
[2026-09-11 23:32:50] [1390/2954] Fetching topic 18555
[2026-09-11 23:32:51] [1391/2954] Fetching topic 18413
[2026-09-11 23:32:52] [1392/2954] Fetching topic 18538
[2026-09-11 23:32:53] [1393/2954] Fetching topic 18481
[2026-09-11 23:32:55] [1394/2954] Fetching topic 18545
[2026-09-11 23:32:56] [1395/2954] Fetching topic 18544
[2026-09-11 23:32:57] [1396/2954] Fetching topic 17128
[2026-09-11 23:32:58] Topic 17128: missing 115 posts; fetching in batches...
[2026-09-11 23:33:01] [1397/2954] Fetching topic 18488
[2026-09-11 23:33:03] [1398/2954] Fetching topic 12282
[2026-09-11 23:33:04] Topic 12282: missing 11 posts; fetching in batches...
[2026-09-11 23:33:05] [1399/2954] Fetching topic 18298
[2026-09-11 23:33:06] [1400/2954] Fetching topic 18540
[2026-09-11 23:33:07] Topic 18540: downloading 1 uploads
[2026-09-11 23:33:08] [1401/2954] Fetching topic 18531
[2026-09-11 23:33:09] [1402/2954] Fetching topic 18337
[2026-09-11 23:33:10] [1403/2954] Fetching topic 18537
[2026-09-11 23:33:11] [1404/2954] Fetching topic 18533
[2026-09-11 23:33:12] [1405/2954] Fetching topic 18518
[2026-09-11 23:33:14] [1406/2954] Fetching topic 18476
[2026-09-11 23:33:15] [1407/2954] Fetching topic 18528
[2026-09-11 23:33:16] [1408/2954] Fetching topic 18326
[2026-09-11 23:33:17] Topic 18326: missing 2 posts; fetching in batches...
[2026-09-11 23:33:18] [1409/2954] Fetching topic 18451
[2026-09-11 23:33:19] [1410/2954] Fetching topic 18530
[2026-09-11 23:33:20] [1411/2954] Fetching topic 17316
[2026-09-11 23:33:21] Topic 17316: missing 77 posts; fetching in batches...
[2026-09-11 23:33:24] [1412/2954] Fetching topic 18460
[2026-09-11 23:33:25] [1413/2954] Fetching topic 18513
[2026-09-11 23:33:26] [1414/2954] Fetching topic 18465
[2026-09-11 23:33:27] [1415/2954] Fetching topic 18492
[2026-09-11 23:33:28] [1416/2954] Fetching topic 18487
[2026-09-11 23:33:29] [1417/2954] Fetching topic 17207
[2026-09-11 23:33:30] Topic 17207: missing 69 posts; fetching in batches...
[2026-09-11 23:33:33] Topic 17207: downloading 1 uploads
[2026-09-11 23:33:34] [1418/2954] Fetching topic 18455
[2026-09-11 23:33:35] [1419/2954] Fetching topic 18294
[2026-09-11 23:33:36] Topic 18294: missing 85 posts; fetching in batches...
[2026-09-11 23:33:38] [1420/2954] Fetching topic 18480
[2026-09-11 23:33:39] [1421/2954] Fetching topic 18484
[2026-09-11 23:33:40] [1422/2954] Fetching topic 16584
[2026-09-11 23:33:42] [1423/2954] Fetching topic 16292
[2026-09-11 23:33:43] Topic 16292: missing 131 posts; fetching in batches...
[2026-09-11 23:33:46] [1424/2954] Fetching topic 18478
[2026-09-11 23:33:47] [1425/2954] Fetching topic 18454
[2026-09-11 23:33:49] [1426/2954] Fetching topic 17562
[2026-09-11 23:33:50] Topic 17562: missing 77 posts; fetching in batches...
[2026-09-11 23:33:52] Topic 17562: downloading 6 uploads
[2026-09-11 23:33:55] Upload failed 404: requested=https://forums.greaterthangames.com/uploads/default/optimized/2X/e/e5ead49a569ba06261fbb578659d96dc875f1d1f_2_281x500.jpeg, final=https://forums.greaterthangames.com/uploads/default/optimized/2X/e/e5ead49a569ba06261fbb578659d96dc875f1d1f_2_281x500.jpeg,
[2026-09-11 23:33:55] Response headers: {'Server': 'nginx', 'Date': 'Fri, 11 Sep 2026 23:33:55 GMT', 'Content-Type': 'text/html', 'Content-Length': '548', 'Connection': 'keep-alive'}
[2026-09-11 23:33:58] [1427/2954] Fetching topic 18448
[2026-09-11 23:33:59] [1428/2954] Fetching topic 18471
[2026-09-11 23:34:00] [1429/2954] Fetching topic 18449
[2026-09-11 23:34:01] [1430/2954] Fetching topic 18464
[2026-09-11 23:34:03] [1431/2954] Fetching topic 17492
[2026-09-11 23:34:04] Topic 17492: missing 127 posts; fetching in batches...
[2026-09-11 23:34:07] [1432/2954] Fetching topic 18469
[2026-09-11 23:34:08] [1433/2954] Fetching topic 18431
[2026-09-11 23:34:09] [1434/2954] Fetching topic 18427
[2026-09-11 23:34:11] [1435/2954] Fetching topic 18446
[2026-09-11 23:34:12] [1436/2954] Fetching topic 18387
[2026-09-11 23:34:13] Topic 18387: missing 53 posts; fetching in batches...
[2026-09-11 23:34:15] [1437/2954] Fetching topic 18445
[2026-09-11 23:34:16] [1438/2954] Fetching topic 18443
[2026-09-11 23:34:17] [1439/2954] Fetching topic 18438
[2026-09-11 23:34:18] [1440/2954] Fetching topic 18017
[2026-09-11 23:34:19] [1441/2954] Fetching topic 18436
[2026-09-11 23:34:21] [1442/2954] Fetching topic 18435
[2026-09-11 23:34:22] [1443/2954] Fetching topic 18421
[2026-09-11 23:34:23] [1444/2954] Fetching topic 18432
[2026-09-11 23:34:24] [1445/2954] Fetching topic 18399
[2026-09-11 23:34:25] [1446/2954] Fetching topic 18424
[2026-09-11 23:34:26] [1447/2954] Fetching topic 18239
[2026-09-11 23:34:27] Topic 18239: missing 4 posts; fetching in batches...
[2026-09-11 23:34:28] [1448/2954] Fetching topic 18378
[2026-09-11 23:34:29] [1449/2954] Fetching topic 18425
[2026-09-11 23:34:31] [1450/2954] Fetching topic 18411
[2026-09-11 23:34:32] [1451/2954] Fetching topic 18400
[2026-09-11 23:34:33] [1452/2954] Fetching topic 18403
[2026-09-11 23:34:34] [1453/2954] Fetching topic 18409
[2026-09-11 23:34:35] [1454/2954] Fetching topic 18383
[2026-09-11 23:34:36] Topic 18383: missing 17 posts; fetching in batches...
[2026-09-11 23:34:37] [1455/2954] Fetching topic 18347
[2026-09-11 23:34:38] [1456/2954] Fetching topic 18334
[2026-09-11 23:34:40] [1457/2954] Fetching topic 18405
[2026-09-11 23:34:41] [1458/2954] Fetching topic 18402
[2026-09-11 23:34:42] [1459/2954] Fetching topic 18365
[2026-09-11 23:34:43] Topic 18365: missing 9 posts; fetching in batches...
[2026-09-11 23:34:44] [1460/2954] Fetching topic 18395
[2026-09-11 23:34:45] [1461/2954] Fetching topic 18314
[2026-09-11 23:34:46] [1462/2954] Fetching topic 18386
[2026-09-11 23:34:47] [1463/2954] Fetching topic 18393
[2026-09-11 23:34:48] [1464/2954] Fetching topic 18392
[2026-09-11 23:34:50] [1465/2954] Fetching topic 17949
[2026-09-11 23:34:51] [1466/2954] Fetching topic 18391
[2026-09-11 23:34:52] [1467/2954] Fetching topic 18302
[2026-09-11 23:34:53] [1468/2954] Fetching topic 18390
[2026-09-11 23:34:54] [1469/2954] Fetching topic 18388
[2026-09-11 23:34:55] [1470/2954] Fetching topic 18320
[2026-09-11 23:34:56] [1471/2954] Fetching topic 18375
[2026-09-11 23:34:57] [1472/2954] Fetching topic 18380
[2026-09-11 23:34:58] [1473/2954] Fetching topic 18382
[2026-09-11 23:35:00] [1474/2954] Fetching topic 18376
[2026-09-11 23:35:01] [1475/2954] Fetching topic 17558
[2026-09-11 23:35:02] Topic 17558: missing 31 posts; fetching in batches...
[2026-09-11 23:35:03] [1476/2954] Fetching topic 18327
[2026-09-11 23:35:04] Topic 18327: missing 20 posts; fetching in batches...
[2026-09-11 23:35:05] [1477/2954] Fetching topic 17077
[2026-09-11 23:35:06] Topic 17077: missing 57 posts; fetching in batches...
[2026-09-11 23:35:08] [1478/2954] Fetching topic 18363
[2026-09-11 23:35:10] [1479/2954] Fetching topic 18271
[2026-09-11 23:35:11] [1480/2954] Fetching topic 18091
[2026-09-11 23:35:12] [1481/2954] Fetching topic 18355
[2026-09-11 23:35:13] [1482/2954] Fetching topic 18350
[2026-09-11 23:35:14] [1483/2954] Fetching topic 18338
[2026-09-11 23:35:15] [1484/2954] Fetching topic 15393
[2026-09-11 23:35:16] Topic 15393: missing 17 posts; fetching in batches...
[2026-09-11 23:35:17] [1485/2954] Fetching topic 18345
[2026-09-11 23:35:19] [1486/2954] Fetching topic 18340
[2026-09-11 23:35:20] [1487/2954] Fetching topic 18335
[2026-09-11 23:35:21] [1488/2954] Fetching topic 18331
[2026-09-11 23:35:22] [1489/2954] Fetching topic 18245
[2026-09-11 23:35:23] [1490/2954] Fetching topic 18322
[2026-09-11 23:35:24] [1491/2954] Fetching topic 18157
[2026-09-11 23:35:25] Topic 18157: missing 6 posts; fetching in batches...
[2026-09-11 23:35:26] [1492/2954] Fetching topic 18324
[2026-09-11 23:35:27] [1493/2954] Fetching topic 18323
[2026-09-11 23:35:29] [1494/2954] Fetching topic 18317
[2026-09-11 23:35:30] [1495/2954] Fetching topic 18304
[2026-09-11 23:35:31] [1496/2954] Fetching topic 18273
[2026-09-11 23:35:32] [1497/2954] Fetching topic 18267
[2026-09-11 23:35:33] [1498/2954] Fetching topic 18305
[2026-09-11 23:35:34] [1499/2954] Fetching topic 18306
[2026-09-11 23:35:35] [1500/2954] Fetching topic 18260
[2026-09-11 23:35:36] [1501/2954] Fetching topic 18295
[2026-09-11 23:35:38] [1502/2954] Fetching topic 18296
[2026-09-11 23:35:39] [1503/2954] Fetching topic 18290
[2026-09-11 23:35:40] [1504/2954] Fetching topic 18292
[2026-09-11 23:35:41] [1505/2954] Fetching topic 18268
[2026-09-11 23:35:42] [1506/2954] Fetching topic 11795
[2026-09-11 23:35:43] Topic 11795: missing 120 posts; fetching in batches...
[2026-09-11 23:35:47] Topic 11795: downloading 1 uploads
[2026-09-11 23:35:48] [1507/2954] Fetching topic 18281
[2026-09-11 23:35:49] [1508/2954] Fetching topic 18258
[2026-09-11 23:35:50] [1509/2954] Fetching topic 18277
[2026-09-11 23:35:51] [1510/2954] Fetching topic 18263
[2026-09-11 23:35:52] [1511/2954] Fetching topic 18243
[2026-09-11 23:35:53] Topic 18243: missing 22 posts; fetching in batches...
[2026-09-11 23:35:54] [1512/2954] Fetching topic 18194
[2026-09-11 23:35:56] [1513/2954] Fetching topic 18221
[2026-09-11 23:35:57] [1514/2954] Fetching topic 18250
[2026-09-11 23:35:58] [1515/2954] Fetching topic 18248
[2026-09-11 23:35:59] [1516/2954] Fetching topic 18247
[2026-09-11 23:36:00] [1517/2954] Fetching topic 18241
[2026-09-11 23:36:01] [1518/2954] Fetching topic 18230
[2026-09-11 23:36:02] [1519/2954] Fetching topic 18180
[2026-09-11 23:36:03] [1520/2954] Fetching topic 18228
[2026-09-11 23:36:04] [1521/2954] Fetching topic 18224
[2026-09-11 23:36:06] [1522/2954] Fetching topic 18216
[2026-09-11 23:36:07] [1523/2954] Fetching topic 18220
[2026-09-11 23:36:08] [1524/2954] Fetching topic 18163
[2026-09-11 23:36:09] [1525/2954] Fetching topic 16986
[2026-09-11 23:36:10] [1526/2954] Fetching topic 18130
[2026-09-11 23:36:11] [1527/2954] Fetching topic 18183
[2026-09-11 23:36:12] [1528/2954] Fetching topic 17776
[2026-09-11 23:36:14] [1529/2954] Fetching topic 18186
[2026-09-11 23:36:15] [1530/2954] Fetching topic 17836
[2026-09-11 23:36:16] [1531/2954] Fetching topic 18175
[2026-09-11 23:36:17] [1532/2954] Fetching topic 17607
[2026-09-11 23:36:18] Topic 17607: missing 280 posts; fetching in batches...
[2026-09-11 23:36:25] Topic 17607: downloading 2 uploads
[2026-09-11 23:36:27] [1533/2954] Fetching topic 17742
[2026-09-11 23:36:28] Topic 17742: missing 156 posts; fetching in batches...
[2026-09-11 23:36:33] [1534/2954] Fetching topic 18179
[2026-09-11 23:36:34] [1535/2954] Fetching topic 18003
[2026-09-11 23:36:35] [1536/2954] Fetching topic 18162
[2026-09-11 23:36:36] [1537/2954] Fetching topic 18181
[2026-09-11 23:36:37] [1538/2954] Fetching topic 17448
[2026-09-11 23:36:38] Topic 17448: downloading 1 uploads
[2026-09-11 23:36:39] [1539/2954] Fetching topic 18168
[2026-09-11 23:36:41] [1540/2954] Fetching topic 18166
[2026-09-11 23:36:42] [1541/2954] Fetching topic 18150
[2026-09-11 23:36:43] [1542/2954] Fetching topic 18158
[2026-09-11 23:36:44] [1543/2954] Fetching topic 18137
[2026-09-11 23:36:45] Topic 18137: downloading 2 uploads
[2026-09-11 23:36:47] [1544/2954] Fetching topic 18153
[2026-09-11 23:36:48] [1545/2954] Fetching topic 18146
[2026-09-11 23:36:49] [1546/2954] Fetching topic 18147
[2026-09-11 23:36:51] [1547/2954] Fetching topic 17924
[2026-09-11 23:36:52] Topic 17924: missing 112 posts; fetching in batches...
[2026-09-11 23:36:55] Topic 17924: downloading 2 uploads
[2026-09-11 23:36:57] [1548/2954] Fetching topic 18030
[2026-09-11 23:36:58] [1549/2954] Fetching topic 18104
[2026-09-11 23:36:59] [1550/2954] Fetching topic 18143
[2026-09-11 23:37:01] [1551/2954] Fetching topic 18131
[2026-09-11 23:37:02] [1552/2954] Fetching topic 17947
[2026-09-11 23:37:03] [1553/2954] Fetching topic 18138
[2026-09-11 23:37:04] [1554/2954] Fetching topic 18133
[2026-09-11 23:37:05] [1555/2954] Fetching topic 18105
[2026-09-11 23:37:06] [1556/2954] Fetching topic 18124
[2026-09-11 23:37:07] [1557/2954] Fetching topic 18047
[2026-09-11 23:37:08] [1558/2954] Fetching topic 18044
[2026-09-11 23:37:10] [1559/2954] Fetching topic 18051
[2026-09-11 23:37:11] [1560/2954] Fetching topic 18082
[2026-09-11 23:37:12] [1561/2954] Fetching topic 18113
[2026-09-11 23:37:13] [1562/2954] Fetching topic 18013
[2026-09-11 23:37:14] [1563/2954] Fetching topic 18046
[2026-09-11 23:37:15] [1564/2954] Fetching topic 18088
[2026-09-11 23:37:16] [1565/2954] Fetching topic 17998
[2026-09-11 23:37:18] [1566/2954] Fetching topic 18059
[2026-09-11 23:37:19] [1567/2954] Fetching topic 18049
[2026-09-11 23:37:20] [1568/2954] Fetching topic 18035
[2026-09-11 23:37:21] [1569/2954] Fetching topic 18040
[2026-09-11 23:37:22] [1570/2954] Fetching topic 18054
[2026-09-11 23:37:23] [1571/2954] Fetching topic 18048
[2026-09-11 23:37:24] [1572/2954] Fetching topic 18016
[2026-09-11 23:37:26] [1573/2954] Fetching topic 17948
[2026-09-11 23:37:27] Topic 17948: missing 9 posts; fetching in batches...
[2026-09-11 23:37:28] [1574/2954] Fetching topic 18039
[2026-09-11 23:37:29] [1575/2954] Fetching topic 18023
[2026-09-11 23:37:30] [1576/2954] Fetching topic 17991
[2026-09-11 23:37:31] [1577/2954] Fetching topic 18026
[2026-09-11 23:37:32] [1578/2954] Fetching topic 17914
[2026-09-11 23:37:33] [1579/2954] Fetching topic 17990
[2026-09-11 23:37:35] [1580/2954] Fetching topic 17995
[2026-09-11 23:37:36] Topic 17995: missing 3 posts; fetching in batches...
[2026-09-11 23:37:37] [1581/2954] Fetching topic 18005
[2026-09-11 23:37:38] Topic 18005: downloading 1 uploads
[2026-09-11 23:37:39] Upload failed 404: requested=https://forums.greaterthangames.com/uploads/2017/12/www.cbr_.comcosmic-power-ad6440f57bb2b56b864f0afbfe5ef4515030f3d4.jpg final=https://forums.greaterthangames.com/uploads/2017/12/www.cbr_.comcosmic-power-ad6440f57bb2b56b864f0afbfe5ef4515030f3d4.jpg
[2026-09-11 23:37:39] Response headers: {'Server': 'nginx', 'Date': 'Fri, 11 Sep 2026 23:37:39 GMT', 'Content-Type': 'text/html', 'Content-Length': '548', 'Connection': 'keep-alive'}
[2026-09-11 23:37:39] [1582/2954] Fetching topic 18006
[2026-09-11 23:37:40] [1583/2954] Fetching topic 18001
[2026-09-11 23:37:41] [1584/2954] Fetching topic 17943
[2026-09-11 23:37:42] [1585/2954] Fetching topic 17856
[2026-09-11 23:37:44] Topic 17856: missing 59 posts; fetching in batches...
[2026-09-11 23:37:46] [1586/2954] Fetching topic 17985
[2026-09-11 23:37:47] Topic 17985: downloading 3 uploads
[2026-09-11 23:37:48] [1587/2954] Fetching topic 17738
[2026-09-11 23:37:49] Topic 17738: missing 6 posts; fetching in batches...
[2026-09-11 23:37:50] [1588/2954] Fetching topic 17986
[2026-09-11 23:37:51] [1589/2954] Fetching topic 17977
[2026-09-11 23:37:52] [1590/2954] Fetching topic 17983
[2026-09-11 23:37:54] [1591/2954] Fetching topic 17951
[2026-09-11 23:37:55] Topic 17951: downloading 2 uploads
[2026-09-11 23:37:57] [1592/2954] Fetching topic 17978
[2026-09-11 23:37:58] [1593/2954] Fetching topic 17555
[2026-09-11 23:37:59] Topic 17555: missing 86 posts; fetching in batches...
[2026-09-11 23:38:02] [1594/2954] Fetching topic 17889
[2026-09-11 23:38:03] Topic 17889: missing 11 posts; fetching in batches...
[2026-09-11 23:38:04] [1595/2954] Fetching topic 17865
[2026-09-11 23:38:05] Topic 17865: missing 28 posts; fetching in batches...
[2026-09-11 23:38:06] [1596/2954] Fetching topic 17940
[2026-09-11 23:38:07] [1597/2954] Fetching topic 17929
[2026-09-11 23:38:08] [1598/2954] Fetching topic 17137
[2026-09-11 23:38:09] Topic 17137: missing 142 posts; fetching in batches...
[2026-09-11 23:38:13] [1599/2954] Fetching topic 17908
[2026-09-11 23:38:14] [1600/2954] Fetching topic 17922
[2026-09-11 23:38:15] [1601/2954] Fetching topic 17925
[2026-09-11 23:38:16] [1602/2954] Fetching topic 17883
[2026-09-11 23:38:18] [1603/2954] Fetching topic 17901
[2026-09-11 23:38:19] [1604/2954] Fetching topic 17904
[2026-09-11 23:38:20] [1605/2954] Fetching topic 17844
[2026-09-11 23:38:21] [1606/2954] Fetching topic 17900
[2026-09-11 23:38:22] [1607/2954] Fetching topic 17884
[2026-09-11 23:38:23] [1608/2954] Fetching topic 17866
[2026-09-11 23:38:24] [1609/2954] Fetching topic 17869
[2026-09-11 23:38:26] [1610/2954] Fetching topic 17850
[2026-09-11 23:38:27] [1611/2954] Fetching topic 17826
[2026-09-11 23:38:28] [1612/2954] Fetching topic 17870
[2026-09-11 23:38:29] [1613/2954] Fetching topic 17859
[2026-09-11 23:38:30] [1614/2954] Fetching topic 15061
[2026-09-11 23:38:31] Topic 15061: missing 50 posts; fetching in batches...
[2026-09-11 23:38:32] [1615/2954] Fetching topic 17806
[2026-09-11 23:38:34] Topic 17806: missing 22 posts; fetching in batches...
[2026-09-11 23:38:35] [1616/2954] Fetching topic 17862
[2026-09-11 23:38:36] [1617/2954] Fetching topic 17841
[2026-09-11 23:38:37] [1618/2954] Fetching topic 17857
[2026-09-11 23:38:38] [1619/2954] Fetching topic 17775
[2026-09-11 23:38:39] Topic 17775: missing 5 posts; fetching in batches...
[2026-09-11 23:38:40] [1620/2954] Fetching topic 17833
[2026-09-11 23:38:41] [1621/2954] Fetching topic 17814
[2026-09-11 23:38:42] [1622/2954] Fetching topic 17782
[2026-09-11 23:38:44] Topic 17782: missing 6 posts; fetching in batches...
[2026-09-11 23:38:45] [1623/2954] Fetching topic 17819
[2026-09-11 23:38:46] [1624/2954] Fetching topic 17807
[2026-09-11 23:38:47] [1625/2954] Fetching topic 17808
[2026-09-11 23:38:48] [1626/2954] Fetching topic 17794
[2026-09-11 23:38:49] [1627/2954] Fetching topic 17749
[2026-09-11 23:38:50] Topic 17749: missing 46 posts; fetching in batches...
[2026-09-11 23:38:51] Topic 17749: downloading 8 uploads
[2026-09-11 23:38:55] Upload failed 404: requested=https://forums.greaterthangames.com/uploads/default/optimized/2X/0/03381d3eb3e514727d66b0716e514e8cd1bcf9b0_2_475x499.jpeg, final=https://forums.greaterthangames.com/uploads/default/optimized/2X/0/03381d3eb3e514727d66b0716e514e8cd1bcf9b0_2_475x499.jpeg,
[2026-09-11 23:38:55] Response headers: {'Server': 'nginx', 'Date': 'Fri, 11 Sep 2026 23:38:55 GMT', 'Content-Type': 'text/html', 'Content-Length': '548', 'Connection': 'keep-alive'}
[2026-09-11 23:39:00] [1628/2954] Fetching topic 17792
[2026-09-11 23:39:01] [1629/2954] Fetching topic 17800
[2026-09-11 23:39:02] [1630/2954] Fetching topic 17688
[2026-09-11 23:39:03] [1631/2954] Fetching topic 17761
[2026-09-11 23:39:04] [1632/2954] Fetching topic 17778
[2026-09-11 23:39:05] [1633/2954] Fetching topic 17687
[2026-09-11 23:39:06] Topic 17687: missing 2 posts; fetching in batches...
[2026-09-11 23:39:07] [1634/2954] Fetching topic 17784
[2026-09-11 23:39:09] [1635/2954] Fetching topic 17757
[2026-09-11 23:39:10] [1636/2954] Fetching topic 17752
[2026-09-11 23:39:11] [1637/2954] Fetching topic 17751
[2026-09-11 23:39:12] [1638/2954] Fetching topic 17772
[2026-09-11 23:39:13] [1639/2954] Fetching topic 17771
[2026-09-11 23:39:14] [1640/2954] Fetching topic 17705
[2026-09-11 23:39:15] [1641/2954] Fetching topic 17739
[2026-09-11 23:39:16] [1642/2954] Fetching topic 17760
[2026-09-11 23:39:18] [1643/2954] Fetching topic 17424
[2026-09-11 23:39:19] Topic 17424: missing 149 posts; fetching in batches...
[2026-09-11 23:39:22] [1644/2954] Fetching topic 17719
[2026-09-11 23:39:23] [1645/2954] Fetching topic 17754
[2026-09-11 23:39:24] [1646/2954] Fetching topic 17723
[2026-09-11 23:39:26] [1647/2954] Fetching topic 17737
[2026-09-11 23:39:27] [1648/2954] Fetching topic 17722
[2026-09-11 23:39:28] Topic 17722: missing 5 posts; fetching in batches...
[2026-09-11 23:39:29] [1649/2954] Fetching topic 17730
[2026-09-11 23:39:30] [1650/2954] Fetching topic 17605
[2026-09-11 23:39:31] Topic 17605: missing 1 posts; fetching in batches...
[2026-09-11 23:39:32] [1651/2954] Fetching topic 17716
[2026-09-11 23:39:33] [1652/2954] Fetching topic 17690
[2026-09-11 23:39:34] [1653/2954] Fetching topic 17618
[2026-09-11 23:39:35] [1654/2954] Fetching topic 17468
[2026-09-11 23:39:37] Topic 17468: missing 9 posts; fetching in batches...
[2026-09-11 23:39:38] [1655/2954] Fetching topic 16773
[2026-09-11 23:39:39] Topic 16773: missing 111 posts; fetching in batches...
[2026-09-11 23:39:42] [1656/2954] Fetching topic 17526
[2026-09-11 23:39:43] [1657/2954] Fetching topic 17673
[2026-09-11 23:39:44] Topic 17673: missing 1 posts; fetching in batches...
[2026-09-11 23:39:45] [1658/2954] Fetching topic 17685
[2026-09-11 23:39:47] [1659/2954] Fetching topic 17700
[2026-09-11 23:39:48] [1660/2954] Fetching topic 17412
[2026-09-11 23:39:49] [1661/2954] Fetching topic 17695
[2026-09-11 23:39:50] [1662/2954] Fetching topic 17666
[2026-09-11 23:39:51] [1663/2954] Fetching topic 17576
[2026-09-11 23:39:52] [1664/2954] Fetching topic 17680
[2026-09-11 23:39:53] [1665/2954] Fetching topic 17543
[2026-09-11 23:39:54] Topic 17543: missing 13 posts; fetching in batches...
[2026-09-11 23:39:55] [1666/2954] Fetching topic 17524
[2026-09-11 23:39:57] Topic 17524: missing 71 posts; fetching in batches...
[2026-09-11 23:39:59] [1667/2954] Fetching topic 17665
[2026-09-11 23:40:00] [1668/2954] Fetching topic 17628
[2026-09-11 23:40:01] Topic 17628: missing 2 posts; fetching in batches...
[2026-09-11 23:40:02] [1669/2954] Fetching topic 17664
[2026-09-11 23:40:03] [1670/2954] Fetching topic 17661
[2026-09-11 23:40:04] [1671/2954] Fetching topic 17656
[2026-09-11 23:40:05] Topic 17656: downloading 5 uploads
[2026-09-11 23:40:09] Upload failed 404: requested=https://forums.greaterthangames.com/uploads/default/optimized/2X/8/8fb8c9f7054ef2ea50c7998a7278288595e9859d_2_690x429.jpeg, final=https://forums.greaterthangames.com/uploads/default/optimized/2X/8/8fb8c9f7054ef2ea50c7998a7278288595e9859d_2_690x429.jpeg,
[2026-09-11 23:40:09] Response headers: {'Server': 'nginx', 'Date': 'Fri, 11 Sep 2026 23:40:09 GMT', 'Content-Type': 'text/html', 'Content-Length': '548', 'Connection': 'keep-alive'}
[2026-09-11 23:40:11] [1672/2954] Fetching topic 17552
[2026-09-11 23:40:12] Topic 17552: missing 15 posts; fetching in batches...
[2026-09-11 23:40:13] [1673/2954] Fetching topic 17385
[2026-09-11 23:40:14] Topic 17385: missing 1 posts; fetching in batches...
[2026-09-11 23:40:15] [1674/2954] Fetching topic 17647
[2026-09-11 23:40:16] [1675/2954] Fetching topic 17494
[2026-09-11 23:40:17] Topic 17494: missing 6 posts; fetching in batches...
[2026-09-11 23:40:18] [1676/2954] Fetching topic 17625
[2026-09-11 23:40:19] [1677/2954] Fetching topic 17603
[2026-09-11 23:40:20] Topic 17603: missing 4 posts; fetching in batches...
[2026-09-11 23:40:21] [1678/2954] Fetching topic 17572
[2026-09-11 23:40:23] Topic 17572: missing 1 posts; fetching in batches...
[2026-09-11 23:40:24] [1679/2954] Fetching topic 17519
[2026-09-11 23:40:25] [1680/2954] Fetching topic 17612
[2026-09-11 23:40:26] Topic 17612: missing 1 posts; fetching in batches...
[2026-09-11 23:40:27] [1681/2954] Fetching topic 17616
[2026-09-11 23:40:28] [1682/2954] Fetching topic 17591
[2026-09-11 23:40:29] [1683/2954] Fetching topic 17601
[2026-09-11 23:40:30] [1684/2954] Fetching topic 15739
[2026-09-11 23:40:32] Topic 15739: missing 354 posts; fetching in batches...
[2026-09-11 23:40:41] [1685/2954] Fetching topic 17590
[2026-09-11 23:40:42] [1686/2954] Fetching topic 17614
[2026-09-11 23:40:43] [1687/2954] Fetching topic 17604
[2026-09-11 23:40:44] [1688/2954] Fetching topic 17597
[2026-09-11 23:40:45] [1689/2954] Fetching topic 17565
[2026-09-11 23:40:47] [1690/2954] Fetching topic 17574
[2026-09-11 23:40:48] [1691/2954] Fetching topic 17571
[2026-09-11 23:40:49] [1692/2954] Fetching topic 17556
[2026-09-11 23:40:50] [1693/2954] Fetching topic 17545
[2026-09-11 23:40:51] [1694/2954] Fetching topic 17579
[2026-09-11 23:40:52] [1695/2954] Fetching topic 17422
[2026-09-11 23:40:53] Topic 17422: missing 33 posts; fetching in batches...
[2026-09-11 23:40:54] [1696/2954] Fetching topic 17573
[2026-09-11 23:40:56] [1697/2954] Fetching topic 17487
[2026-09-11 23:40:57] [1698/2954] Fetching topic 17345
[2026-09-11 23:40:58] Topic 17345: missing 168 posts; fetching in batches...
[2026-09-11 23:41:02] [1699/2954] Fetching topic 17566
[2026-09-11 23:41:04] [1700/2954] Fetching topic 17065
[2026-09-11 23:41:05] [1701/2954] Fetching topic 16744
[2026-09-11 23:41:06] Topic 16744: missing 140 posts; fetching in batches...
[2026-09-11 23:41:09] [1702/2954] Fetching topic 17547
[2026-09-11 23:41:10] [1703/2954] Fetching topic 17465
[2026-09-11 23:41:12] [1704/2954] Fetching topic 17479
[2026-09-11 23:41:13] [1705/2954] Fetching topic 17541
[2026-09-11 23:41:14] [1706/2954] Fetching topic 17549
[2026-09-11 23:41:15] [1707/2954] Fetching topic 17527
[2026-09-11 23:41:16] Topic 17527: missing 1 posts; fetching in batches...
[2026-09-11 23:41:17] [1708/2954] Fetching topic 17455
[2026-09-11 23:41:18] [1709/2954] Fetching topic 17462
[2026-09-11 23:41:19] Topic 17462: missing 37 posts; fetching in batches...
[2026-09-11 23:41:20] [1710/2954] Fetching topic 17464
[2026-09-11 23:41:22] [1711/2954] Fetching topic 17542
[2026-09-11 23:41:23] [1712/2954] Fetching topic 17518
[2026-09-11 23:41:24] [1713/2954] Fetching topic 17536
[2026-09-11 23:41:25] [1714/2954] Fetching topic 17478
[2026-09-11 23:41:26] [1715/2954] Fetching topic 17509
[2026-09-11 23:41:27] [1716/2954] Fetching topic 17423
[2026-09-11 23:41:28] Topic 17423: missing 9 posts; fetching in batches...
[2026-09-11 23:41:29] [1717/2954] Fetching topic 17514
[2026-09-11 23:41:30] [1718/2954] Fetching topic 17507
[2026-09-11 23:41:32] [1719/2954] Fetching topic 17491
[2026-09-11 23:41:33] [1720/2954] Fetching topic 17505
[2026-09-11 23:41:34] [1721/2954] Fetching topic 17466
[2026-09-11 23:41:35] [1722/2954] Fetching topic 17503
[2026-09-11 23:41:36] [1723/2954] Fetching topic 17490
[2026-09-11 23:41:37] [1724/2954] Fetching topic 17389
[2026-09-11 23:41:38] [1725/2954] Fetching topic 17480
[2026-09-11 23:41:39] [1726/2954] Fetching topic 17440
[2026-09-11 23:41:41] [1727/2954] Fetching topic 16882
[2026-09-11 23:41:42] [1728/2954] Fetching topic 17451
[2026-09-11 23:41:43] [1729/2954] Fetching topic 17398
[2026-09-11 23:41:44] Topic 17398: missing 413 posts; fetching in batches...
[2026-09-11 23:41:54] Topic 17398: downloading 1 uploads
[2026-09-11 23:41:55] [1730/2954] Fetching topic 17460
[2026-09-11 23:41:56] [1731/2954] Fetching topic 17444
[2026-09-11 23:41:58] [1732/2954] Fetching topic 17452
[2026-09-11 23:41:59] [1733/2954] Fetching topic 17449
[2026-09-11 23:42:00] [1734/2954] Fetching topic 17426
[2026-09-11 23:42:01] [1735/2954] Fetching topic 17168
[2026-09-11 23:42:02] Topic 17168: missing 21 posts; fetching in batches...
[2026-09-11 23:42:03] [1736/2954] Fetching topic 17076
[2026-09-11 23:42:04] [1737/2954] Fetching topic 17433
[2026-09-11 23:42:05] [1738/2954] Fetching topic 17417
[2026-09-11 23:42:07] Topic 17417: missing 1 posts; fetching in batches...
[2026-09-11 23:42:08] [1739/2954] Fetching topic 17411
[2026-09-11 23:42:09] [1740/2954] Fetching topic 17303
[2026-09-11 23:42:10] [1741/2954] Fetching topic 17405
[2026-09-11 23:42:11] [1742/2954] Fetching topic 17310
[2026-09-11 23:42:12] [1743/2954] Fetching topic 17407
[2026-09-11 23:42:13] [1744/2954] Fetching topic 17395
[2026-09-11 23:42:14] Topic 17395: missing 1 posts; fetching in batches...
[2026-09-11 23:42:15] [1745/2954] Fetching topic 17363
[2026-09-11 23:42:16] Topic 17363: missing 2 posts; fetching in batches...
[2026-09-11 23:42:17] [1746/2954] Fetching topic 17379
[2026-09-11 23:42:19] [1747/2954] Fetching topic 17254
[2026-09-11 23:42:20] Topic 17254: missing 41 posts; fetching in batches...
[2026-09-11 23:42:21] [1748/2954] Fetching topic 17373
[2026-09-11 23:42:22] Topic 17373: missing 6 posts; fetching in batches...
[2026-09-11 23:42:23] [1749/2954] Fetching topic 17386
[2026-09-11 23:42:24] [1750/2954] Fetching topic 17236
[2026-09-11 23:42:25] Topic 17236: missing 132 posts; fetching in batches...
[2026-09-11 23:42:29] [1751/2954] Fetching topic 17361
[2026-09-11 23:42:30] [1752/2954] Fetching topic 17365
[2026-09-11 23:42:31] [1753/2954] Fetching topic 17307
[2026-09-11 23:42:32] Topic 17307: missing 13 posts; fetching in batches...
[2026-09-11 23:42:33] [1754/2954] Fetching topic 17349
[2026-09-11 23:42:34] Topic 17349: missing 1 posts; fetching in batches...
[2026-09-11 23:42:35] [1755/2954] Fetching topic 17337
[2026-09-11 23:42:36] Topic 17337: missing 9 posts; fetching in batches...
[2026-09-11 23:42:37] [1756/2954] Fetching topic 17318
[2026-09-11 23:42:38] Topic 17318: missing 90 posts; fetching in batches...
[2026-09-11 23:42:41] [1757/2954] Fetching topic 15040
[2026-09-11 23:42:42] Topic 15040: missing 96 posts; fetching in batches...
[2026-09-11 23:42:44] Topic 15040: downloading 1 uploads
[2026-09-11 23:42:45] [1758/2954] Fetching topic 17340
[2026-09-11 23:42:46] [1759/2954] Fetching topic 17341
[2026-09-11 23:42:47] [1760/2954] Fetching topic 17295
[2026-09-11 23:42:49] Topic 17295: missing 191 posts; fetching in batches...
[2026-09-11 23:42:53] [1761/2954] Fetching topic 17323
[2026-09-11 23:42:54] [1762/2954] Fetching topic 17292
[2026-09-11 23:42:55] [1763/2954] Fetching topic 17311
[2026-09-11 23:42:57] [1764/2954] Fetching topic 17308
[2026-09-11 23:42:58] [1765/2954] Fetching topic 17315
[2026-09-11 23:42:59] [1766/2954] Fetching topic 17297
[2026-09-11 23:43:00] [1767/2954] Fetching topic 17293
[2026-09-11 23:43:01] Topic 17293: missing 1 posts; fetching in batches...
[2026-09-11 23:43:02] [1768/2954] Fetching topic 17296
[2026-09-11 23:43:03] [1769/2954] Fetching topic 17279
[2026-09-11 23:43:04] Topic 17279: missing 164 posts; fetching in batches...
[2026-09-11 23:43:09] [1770/2954] Fetching topic 17275
[2026-09-11 23:43:10] Topic 17275: missing 2 posts; fetching in batches...
[2026-09-11 23:43:11] [1771/2954] Fetching topic 17258
[2026-09-11 23:43:12] Topic 17258: missing 35 posts; fetching in batches...
[2026-09-11 23:43:13] [1772/2954] Fetching topic 17210
[2026-09-11 23:43:14] Topic 17210: missing 29 posts; fetching in batches...
[2026-09-11 23:43:16] Topic 17210: downloading 4 uploads
[2026-09-11 23:43:20] [1773/2954] Fetching topic 17251
[2026-09-11 23:43:21] [1774/2954] Fetching topic 17120
[2026-09-11 23:43:22] [1775/2954] Fetching topic 16934
[2026-09-11 23:43:23] Topic 16934: missing 2 posts; fetching in batches...
[2026-09-11 23:43:24] [1776/2954] Fetching topic 17286
[2026-09-11 23:43:25] [1777/2954] Fetching topic 17283
[2026-09-11 23:43:26] [1778/2954] Fetching topic 17268
[2026-09-11 23:43:27] [1779/2954] Fetching topic 17241
[2026-09-11 23:43:28] Topic 17241: missing 98 posts; fetching in batches...
[2026-09-11 23:43:31] [1780/2954] Fetching topic 17265
[2026-09-11 23:43:32] [1781/2954] Fetching topic 17262
[2026-09-11 23:43:33] [1782/2954] Fetching topic 17232
[2026-09-11 23:43:34] [1783/2954] Fetching topic 17150
[2026-09-11 23:43:35] [1784/2954] Fetching topic 16872
[2026-09-11 23:43:36] Topic 16872: missing 8 posts; fetching in batches...
[2026-09-11 23:43:37] [1785/2954] Fetching topic 14687
[2026-09-11 23:43:39] Topic 14687: missing 129 posts; fetching in batches...
[2026-09-11 23:43:42] [1786/2954] Fetching topic 17180
[2026-09-11 23:43:43] Topic 17180: missing 187 posts; fetching in batches...
[2026-09-11 23:43:48] [1787/2954] Fetching topic 17229
[2026-09-11 23:43:49] [1788/2954] Fetching topic 17225
[2026-09-11 23:43:50] [1789/2954] Fetching topic 17224
[2026-09-11 23:43:51] [1790/2954] Fetching topic 17227
[2026-09-11 23:43:52] [1791/2954] Fetching topic 17221
[2026-09-11 23:43:54] [1792/2954] Fetching topic 17219
[2026-09-11 23:43:55] [1793/2954] Fetching topic 17200
[2026-09-11 23:43:56] [1794/2954] Fetching topic 17198
[2026-09-11 23:43:57] [1795/2954] Fetching topic 17194
[2026-09-11 23:43:58] [1796/2954] Fetching topic 17187
[2026-09-11 23:43:59] [1797/2954] Fetching topic 17155
[2026-09-11 23:44:00] Topic 17155: missing 61 posts; fetching in batches...
[2026-09-11 23:44:03] [1798/2954] Fetching topic 17181
[2026-09-11 23:44:04] [1799/2954] Fetching topic 17174
[2026-09-11 23:44:05] Topic 17174: missing 2 posts; fetching in batches...
[2026-09-11 23:44:06] [1800/2954] Fetching topic 17152
[2026-09-11 23:44:07] [1801/2954] Fetching topic 17139
[2026-09-11 23:44:08] [1802/2954] Fetching topic 17175
[2026-09-11 23:44:09] [1803/2954] Fetching topic 17116
[2026-09-11 23:44:11] Topic 17116: missing 119 posts; fetching in batches...
[2026-09-11 23:44:14] Topic 17116: downloading 2 uploads
[2026-09-11 23:44:15] [1804/2954] Fetching topic 6707
[2026-09-11 23:44:16] Topic 6707: missing 124 posts; fetching in batches...
[2026-09-11 23:44:20] Topic 6707: downloading 7 uploads
[2026-09-11 23:44:24] Upload failed 404: requested=https://forums.greaterthangames.com/uploads/default/optimized/2X/5/58f809b7350170eb7208f5c7dc23efc3fac90e7a_2_690x255.png, final=https://forums.greaterthangames.com/uploads/default/optimized/2X/5/58f809b7350170eb7208f5c7dc23efc3fac90e7a_2_690x255.png,
[2026-09-11 23:44:24] Response headers: {'Server': 'nginx', 'Date': 'Fri, 11 Sep 2026 23:44:24 GMT', 'Content-Type': 'text/html', 'Content-Length': '548', 'Connection': 'keep-alive'}
[2026-09-11 23:44:27] [1805/2954] Fetching topic 16994
[2026-09-11 23:44:28] [1806/2954] Fetching topic 17143
[2026-09-11 23:44:29] Topic 17143: missing 44 posts; fetching in batches...
[2026-09-11 23:44:30] [1807/2954] Fetching topic 17165
[2026-09-11 23:44:31] [1808/2954] Fetching topic 17100
[2026-09-11 23:44:32] [1809/2954] Fetching topic 17149
[2026-09-11 23:44:34] [1810/2954] Fetching topic 16708
[2026-09-11 23:44:35] [1811/2954] Fetching topic 17158
[2026-09-11 23:44:36] [1812/2954] Fetching topic 17023
[2026-09-11 23:44:37] [1813/2954] Fetching topic 17061
[2026-09-11 23:44:38] [1814/2954] Fetching topic 17151
[2026-09-11 23:44:39] [1815/2954] Fetching topic 17121
[2026-09-11 23:44:40] [1816/2954] Fetching topic 17136
[2026-09-11 23:44:42] [1817/2954] Fetching topic 17083
[2026-09-11 23:44:43] Topic 17083: missing 63 posts; fetching in batches...
[2026-09-11 23:44:45] [1818/2954] Fetching topic 17115
[2026-09-11 23:44:46] [1819/2954] Fetching topic 17135
[2026-09-11 23:44:47] [1820/2954] Fetching topic 17103
[2026-09-11 23:44:48] Topic 17103: missing 21 posts; fetching in batches...
[2026-09-11 23:44:49] [1821/2954] Fetching topic 17109
[2026-09-11 23:44:51] [1822/2954] Fetching topic 16976
[2026-09-11 23:44:52] Topic 16976: missing 53 posts; fetching in batches...
[2026-09-11 23:44:54] [1823/2954] Fetching topic 17118
[2026-09-11 23:44:55] [1824/2954] Fetching topic 17009
[2026-09-11 23:44:56] [1825/2954] Fetching topic 17072
[2026-09-11 23:44:57] [1826/2954] Fetching topic 16984
[2026-09-11 23:44:58] [1827/2954] Fetching topic 17108
[2026-09-11 23:45:00] [1828/2954] Fetching topic 17004
[2026-09-11 23:45:01] Topic 17004: missing 3 posts; fetching in batches...
[2026-09-11 23:45:02] [1829/2954] Fetching topic 17097
[2026-09-11 23:45:03] [1830/2954] Fetching topic 17092
[2026-09-11 23:45:04] [1831/2954] Fetching topic 17014
[2026-09-11 23:45:05] Topic 17014: missing 8 posts; fetching in batches...
[2026-09-11 23:45:06] [1832/2954] Fetching topic 17066
[2026-09-11 23:45:07] [1833/2954] Fetching topic 17088
[2026-09-11 23:45:08] [1834/2954] Fetching topic 17012
[2026-09-11 23:45:09] [1835/2954] Fetching topic 14411
[2026-09-11 23:45:11] [1836/2954] Fetching topic 17067
[2026-09-11 23:45:12] Topic 17067: missing 14 posts; fetching in batches...
[2026-09-11 23:45:13] [1837/2954] Fetching topic 17063
[2026-09-11 23:45:14] [1838/2954] Fetching topic 16967
[2026-09-11 23:45:15] Topic 16967: missing 3 posts; fetching in batches...
[2026-09-11 23:45:16] [1839/2954] Fetching topic 17058
[2026-09-11 23:45:17] [1840/2954] Fetching topic 17052
[2026-09-11 23:45:18] [1841/2954] Fetching topic 17039
[2026-09-11 23:45:19] [1842/2954] Fetching topic 17021
[2026-09-11 23:45:21] [1843/2954] Fetching topic 17032
[2026-09-11 23:45:22] [1844/2954] Fetching topic 16866
[2026-09-11 23:45:23] Topic 16866: downloading 1 uploads
[2026-09-11 23:45:24] [1845/2954] Fetching topic 17025
[2026-09-11 23:45:25] [1846/2954] Fetching topic 17018
[2026-09-11 23:45:26] [1847/2954] Fetching topic 17020
[2026-09-11 23:45:27] [1848/2954] Fetching topic 17011
[2026-09-11 23:45:28] [1849/2954] Fetching topic 16949
[2026-09-11 23:45:29] Topic 16949: missing 13 posts; fetching in batches...
[2026-09-11 23:45:30] [1850/2954] Fetching topic 16947
[2026-09-11 23:45:32] Topic 16947: missing 12 posts; fetching in batches...
[2026-09-11 23:45:33] [1851/2954] Fetching topic 17010
[2026-09-11 23:45:34] [1852/2954] Fetching topic 17000
[2026-09-11 23:45:35] [1853/2954] Fetching topic 16987
[2026-09-11 23:45:36] [1854/2954] Fetching topic 17002
[2026-09-11 23:45:37] [1855/2954] Fetching topic 16102
[2026-09-11 23:45:38] [1856/2954] Fetching topic 16999
[2026-09-11 23:45:39] [1857/2954] Fetching topic 16997
[2026-09-11 23:45:41] [1858/2954] Fetching topic 16943
[2026-09-11 23:45:42] [1859/2954] Fetching topic 16981
[2026-09-11 23:45:43] [1860/2954] Fetching topic 16856
[2026-09-11 23:45:44] Topic 16856: missing 54 posts; fetching in batches...
[2026-09-11 23:45:46] [1861/2954] Fetching topic 16938
[2026-09-11 23:45:47] Topic 16938: missing 2 posts; fetching in batches...
[2026-09-11 23:45:48] [1862/2954] Fetching topic 16963
[2026-09-11 23:45:49] [1863/2954] Fetching topic 16974
[2026-09-11 23:45:51] [1864/2954] Fetching topic 16966
[2026-09-11 23:45:52] [1865/2954] Fetching topic 16973
[2026-09-11 23:45:53] [1866/2954] Fetching topic 16725
[2026-09-11 23:45:54] Topic 16725: missing 2 posts; fetching in batches...
[2026-09-11 23:45:55] Topic 16725: downloading 1 uploads
[2026-09-11 23:45:56] [1867/2954] Fetching topic 16960
[2026-09-11 23:45:57] [1868/2954] Fetching topic 16957
[2026-09-11 23:45:58] [1869/2954] Fetching topic 16955
[2026-09-11 23:45:59] [1870/2954] Fetching topic 16935
[2026-09-11 23:46:00] [1871/2954] Fetching topic 16954
[2026-09-11 23:46:02] [1872/2954] Fetching topic 16953
[2026-09-11 23:46:03] [1873/2954] Fetching topic 16942
[2026-09-11 23:46:04] [1874/2954] Fetching topic 16887
[2026-09-11 23:46:05] Topic 16887: missing 16 posts; fetching in batches...
[2026-09-11 23:46:06] [1875/2954] Fetching topic 16901
[2026-09-11 23:46:07] [1876/2954] Fetching topic 16930
[2026-09-11 23:46:08] [1877/2954] Fetching topic 16925
[2026-09-11 23:46:09] [1878/2954] Fetching topic 16927
[2026-09-11 23:46:11] [1879/2954] Fetching topic 16898
[2026-09-11 23:46:12] [1880/2954] Fetching topic 16924
[2026-09-11 23:46:13] [1881/2954] Fetching topic 16923
[2026-09-11 23:46:14] [1882/2954] Fetching topic 16899
[2026-09-11 23:46:15] [1883/2954] Fetching topic 16853
[2026-09-11 23:46:16] Topic 16853: missing 10 posts; fetching in batches...
[2026-09-11 23:46:17] [1884/2954] Fetching topic 16920
[2026-09-11 23:46:18] [1885/2954] Fetching topic 16919
[2026-09-11 23:46:20] [1886/2954] Fetching topic 16903
[2026-09-11 23:46:21] [1887/2954] Fetching topic 16909
[2026-09-11 23:46:22] [1888/2954] Fetching topic 16895
[2026-09-11 23:46:23] [1889/2954] Fetching topic 16842
[2026-09-11 23:46:24] Topic 16842: missing 31 posts; fetching in batches...
[2026-09-11 23:46:25] [1890/2954] Fetching topic 16771
[2026-09-11 23:46:26] Topic 16771: missing 31 posts; fetching in batches...
[2026-09-11 23:46:27] [1891/2954] Fetching topic 16900
[2026-09-11 23:46:29] [1892/2954] Fetching topic 16894
[2026-09-11 23:46:30] [1893/2954] Fetching topic 16889
[2026-09-11 23:46:31] [1894/2954] Fetching topic 16886
[2026-09-11 23:46:32] [1895/2954] Fetching topic 16881
[2026-09-11 23:46:33] [1896/2954] Fetching topic 16874
[2026-09-11 23:46:34] [1897/2954] Fetching topic 16880
[2026-09-11 23:46:35] [1898/2954] Fetching topic 16839
[2026-09-11 23:46:36] [1899/2954] Fetching topic 16871
[2026-09-11 23:46:38] [1900/2954] Fetching topic 16869
[2026-09-11 23:46:39] [1901/2954] Fetching topic 16852
[2026-09-11 23:46:40] [1902/2954] Fetching topic 16868
[2026-09-11 23:46:41] [1903/2954] Fetching topic 16495
[2026-09-11 23:46:42] Topic 16495: missing 9 posts; fetching in batches...
[2026-09-11 23:46:43] [1904/2954] Fetching topic 16840
[2026-09-11 23:46:44] [1905/2954] Fetching topic 16845
[2026-09-11 23:46:45] [1906/2954] Fetching topic 16847
[2026-09-11 23:46:46] [1907/2954] Fetching topic 16843
[2026-09-11 23:46:48] [1908/2954] Fetching topic 16822
[2026-09-11 23:46:49] [1909/2954] Fetching topic 16818
[2026-09-11 23:46:50] [1910/2954] Fetching topic 16824
[2026-09-11 23:46:51] [1911/2954] Fetching topic 16835
[2026-09-11 23:46:52] [1912/2954] Fetching topic 16831
[2026-09-11 23:46:53] [1913/2954] Fetching topic 16806
[2026-09-11 23:46:54] [1914/2954] Fetching topic 16821
[2026-09-11 23:46:56] [1915/2954] Fetching topic 16608
[2026-09-11 23:46:57] Topic 16608: missing 54 posts; fetching in batches...
[2026-09-11 23:46:59] [1916/2954] Fetching topic 16819
[2026-09-11 23:47:00] [1917/2954] Fetching topic 16805
[2026-09-11 23:47:01] [1918/2954] Fetching topic 16792
[2026-09-11 23:47:02] [1919/2954] Fetching topic 16761
[2026-09-11 23:47:03] Topic 16761: missing 13 posts; fetching in batches...
[2026-09-11 23:47:04] [1920/2954] Fetching topic 13637
[2026-09-11 23:47:05] Topic 13637: missing 41 posts; fetching in batches...
[2026-09-11 23:47:07] Topic 13637: downloading 1 uploads
[2026-09-11 23:47:08] [1921/2954] Fetching topic 16654
[2026-09-11 23:47:09] Topic 16654: missing 21 posts; fetching in batches...
[2026-09-11 23:47:10] [1922/2954] Fetching topic 16797
[2026-09-11 23:47:11] [1923/2954] Fetching topic 16788
[2026-09-11 23:47:12] Topic 16788: missing 4 posts; fetching in batches...
[2026-09-11 23:47:13] [1924/2954] Fetching topic 16799
[2026-09-11 23:47:14] [1925/2954] Fetching topic 16742
[2026-09-11 23:47:15] Topic 16742: missing 28 posts; fetching in batches...
[2026-09-11 23:47:16] [1926/2954] Fetching topic 16774
[2026-09-11 23:47:18] Topic 16774: missing 29 posts; fetching in batches...
[2026-09-11 23:47:19] [1927/2954] Fetching topic 16785
[2026-09-11 23:47:20] Topic 16785: downloading 16 uploads
[2026-09-11 23:47:26] Upload failed 404: requested=https://forums.greaterthangames.com/uploads/default/optimized/2X/0/0899ce8f8174553762327bf6e471767c484f112a_2_666x500.jpeg, final=https://forums.greaterthangames.com/uploads/default/optimized/2X/0/0899ce8f8174553762327bf6e471767c484f112a_2_666x500.jpeg,
[2026-09-11 23:47:26] Response headers: {'Server': 'nginx', 'Date': 'Fri, 11 Sep 2026 23:47:26 GMT', 'Content-Type': 'text/html', 'Content-Length': '548', 'Connection': 'keep-alive'}
[2026-09-11 23:47:30] Upload failed 404: requested=https://forums.greaterthangames.com/uploads/default/optimized/2X/a/a6b0a2f864da604ada6ee3006ddc63ce7eae124d_2_690x369.jpeg, final=https://forums.greaterthangames.com/uploads/default/optimized/2X/a/a6b0a2f864da604ada6ee3006ddc63ce7eae124d_2_690x369.jpeg,
[2026-09-11 23:47:30] Response headers: {'Server': 'nginx', 'Date': 'Fri, 11 Sep 2026 23:47:30 GMT', 'Content-Type': 'text/html', 'Content-Length': '548', 'Connection': 'keep-alive'}
[2026-09-11 23:47:33] Upload failed 404: requested=https://forums.greaterthangames.com/uploads/default/optimized/2X/b/b068cdc36df60af59674c41542735c16a95f80fa_2_690x334.jpeg, final=https://forums.greaterthangames.com/uploads/default/optimized/2X/b/b068cdc36df60af59674c41542735c16a95f80fa_2_690x334.jpeg,
[2026-09-11 23:47:33] Response headers: {'Server': 'nginx', 'Date': 'Fri, 11 Sep 2026 23:47:33 GMT', 'Content-Type': 'text/html', 'Content-Length': '548', 'Connection': 'keep-alive'}
[2026-09-11 23:47:36] [1928/2954] Fetching topic 16782
[2026-09-11 23:47:37] [1929/2954] Fetching topic 16765
[2026-09-11 23:47:39] [1930/2954] Fetching topic 16784
[2026-09-11 23:47:40] [1931/2954] Fetching topic 16746
[2026-09-11 23:47:41] Topic 16746: missing 47 posts; fetching in batches...
[2026-09-11 23:47:42] [1932/2954] Fetching topic 16779
[2026-09-11 23:47:43] [1933/2954] Fetching topic 16776
[2026-09-11 23:47:44] Topic 16776: downloading 1 uploads
[2026-09-11 23:47:44] [1934/2954] Fetching topic 16775
[2026-09-11 23:47:45] [1935/2954] Fetching topic 16767
[2026-09-11 23:47:46] [1936/2954] Fetching topic 16741
[2026-09-11 23:47:47] Topic 16741: missing 3 posts; fetching in batches...
[2026-09-11 23:47:49] [1937/2954] Fetching topic 16759
[2026-09-11 23:47:50] [1938/2954] Fetching topic 16764
[2026-09-11 23:47:51] [1939/2954] Fetching topic 16753
[2026-09-11 23:47:52] [1940/2954] Fetching topic 16499
[2026-09-11 23:47:53] Topic 16499: missing 3 posts; fetching in batches...
[2026-09-11 23:47:54] [1941/2954] Fetching topic 14477
[2026-09-11 23:47:55] Topic 14477: missing 16 posts; fetching in batches...
[2026-09-11 23:47:56] [1942/2954] Fetching topic 16731
[2026-09-11 23:47:57] [1943/2954] Fetching topic 16715
[2026-09-11 23:47:59] Topic 16715: missing 4 posts; fetching in batches...
[2026-09-11 23:48:00] [1944/2954] Fetching topic 16736
[2026-09-11 23:48:01] [1945/2954] Fetching topic 16718
[2026-09-11 23:48:02] Topic 16718: missing 3 posts; fetching in batches...
[2026-09-11 23:48:03] [1946/2954] Fetching topic 16682
[2026-09-11 23:48:04] Topic 16682: missing 47 posts; fetching in batches...
[2026-09-11 23:48:05] [1947/2954] Fetching topic 16692
[2026-09-11 23:48:06] Topic 16692: missing 12 posts; fetching in batches...
[2026-09-11 23:48:07] [1948/2954] Fetching topic 16717
[2026-09-11 23:48:08] [1949/2954] Fetching topic 16678
[2026-09-11 23:48:09] Topic 16678: missing 1 posts; fetching in batches...
[2026-09-11 23:48:10] [1950/2954] Fetching topic 16530
[2026-09-11 23:48:12] Topic 16530: missing 23 posts; fetching in batches...
[2026-09-11 23:48:13] [1951/2954] Fetching topic 16194
[2026-09-11 23:48:14] Topic 16194: missing 336 posts; fetching in batches...
[2026-09-11 23:48:22] Topic 16194: downloading 2 uploads
[2026-09-11 23:48:23] [1952/2954] Fetching topic 16676
[2026-09-11 23:48:24] [1953/2954] Fetching topic 16452
[2026-09-11 23:48:25] Topic 16452: missing 27 posts; fetching in batches...
[2026-09-11 23:48:27] [1954/2954] Fetching topic 16660
[2026-09-11 23:48:28] [1955/2954] Fetching topic 16634
[2026-09-11 23:48:29] Topic 16634: missing 13 posts; fetching in batches...
[2026-09-11 23:48:30] [1956/2954] Fetching topic 16632
[2026-09-11 23:48:31] [1957/2954] Fetching topic 16646
[2026-09-11 23:48:32] [1958/2954] Fetching topic 16567
[2026-09-11 23:48:33] Topic 16567: missing 8 posts; fetching in batches...
[2026-09-11 23:48:34] [1959/2954] Fetching topic 16623
[2026-09-11 23:48:35] [1960/2954] Fetching topic 16570
[2026-09-11 23:48:37] Topic 16570: missing 5 posts; fetching in batches...
[2026-09-11 23:48:38] [1961/2954] Fetching topic 16601
[2026-09-11 23:48:39] Topic 16601: missing 1 posts; fetching in batches...
[2026-09-11 23:48:40] [1962/2954] Fetching topic 16424
[2026-09-11 23:48:41] Topic 16424: missing 2 posts; fetching in batches...
[2026-09-11 23:48:42] [1963/2954] Fetching topic 16605
[2026-09-11 23:48:43] [1964/2954] Fetching topic 16557
[2026-09-11 23:48:44] [1965/2954] Fetching topic 16541
[2026-09-11 23:48:45] Topic 16541: missing 25 posts; fetching in batches...
[2026-09-11 23:48:46] Topic 16541: downloading 1 uploads
[2026-09-11 23:48:47] [1966/2954] Fetching topic 16560
[2026-09-11 23:48:48] Topic 16560: missing 14 posts; fetching in batches...
[2026-09-11 23:48:49] [1967/2954] Fetching topic 16534
[2026-09-11 23:48:51] [1968/2954] Fetching topic 16503
[2026-09-11 23:48:52] Topic 16503: missing 8 posts; fetching in batches...
[2026-09-11 23:48:53] [1969/2954] Fetching topic 16496
[2026-09-11 23:48:54] [1970/2954] Fetching topic 16518
[2026-09-11 23:48:55] [1971/2954] Fetching topic 16526
[2026-09-11 23:48:56] [1972/2954] Fetching topic 16528
[2026-09-11 23:48:57] [1973/2954] Fetching topic 16420
[2026-09-11 23:48:58] Topic 16420: missing 11 posts; fetching in batches...
[2026-09-11 23:48:59] [1974/2954] Fetching topic 16529
[2026-09-11 23:49:00] [1975/2954] Fetching topic 16486
[2026-09-11 23:49:02] Topic 16486: missing 4 posts; fetching in batches...
[2026-09-11 23:49:03] [1976/2954] Fetching topic 16411
[2026-09-11 23:49:04] Topic 16411: missing 32 posts; fetching in batches...
[2026-09-11 23:49:05] Topic 16411: downloading 2 uploads
[2026-09-11 23:49:07] [1977/2954] Fetching topic 16429
[2026-09-11 23:49:08] Topic 16429: missing 9 posts; fetching in batches...
[2026-09-11 23:49:09] [1978/2954] Fetching topic 16475
[2026-09-11 23:49:10] Topic 16475: downloading 5 uploads
[2026-09-11 23:49:12] [1979/2954] Fetching topic 16464
[2026-09-11 23:49:13] Topic 16464: missing 44 posts; fetching in batches...
[2026-09-11 23:49:14] [1980/2954] Fetching topic 16294
[2026-09-11 23:49:16] Topic 16294: missing 67 posts; fetching in batches...
[2026-09-11 23:49:18] Topic 16294: downloading 4 uploads
[2026-09-11 23:49:21] Upload failed 404: requested=https://forums.greaterthangames.com/uploads/default/optimized/2X/a/a18933d69ac6ca66231af8ef3ab325c90cbe20ab_2_282x500.jpeg, final=https://forums.greaterthangames.com/uploads/default/optimized/2X/a/a18933d69ac6ca66231af8ef3ab325c90cbe20ab_2_282x500.jpeg,
[2026-09-11 23:49:21] Response headers: {'Server': 'nginx', 'Date': 'Fri, 11 Sep 2026 23:49:21 GMT', 'Content-Type': 'text/html', 'Content-Length': '548', 'Connection': 'keep-alive'}
[2026-09-11 23:49:22] [1981/2954] Fetching topic 16457
[2026-09-11 23:49:23] Topic 16457: missing 13 posts; fetching in batches...
[2026-09-11 23:49:24] [1982/2954] Fetching topic 16473
[2026-09-11 23:49:25] [1983/2954] Fetching topic 16443
[2026-09-11 23:49:26] [1984/2954] Fetching topic 16428
[2026-09-11 23:49:28] [1985/2954] Fetching topic 16451
[2026-09-11 23:49:29] [1986/2954] Fetching topic 16434
[2026-09-11 23:49:30] [1987/2954] Fetching topic 16407
[2026-09-11 23:49:31] Topic 16407: missing 2 posts; fetching in batches...
[2026-09-11 23:49:32] [1988/2954] Fetching topic 16436
[2026-09-11 23:49:33] [1989/2954] Fetching topic 16441
[2026-09-11 23:49:34] [1990/2954] Fetching topic 16418
[2026-09-11 23:49:35] Topic 16418: missing 6 posts; fetching in batches...
[2026-09-11 23:49:36] [1991/2954] Fetching topic 16431
[2026-09-11 23:49:37] [1992/2954] Fetching topic 16430
[2026-09-11 23:49:39] [1993/2954] Fetching topic 16389
[2026-09-11 23:49:40] Topic 16389: missing 19 posts; fetching in batches...
[2026-09-11 23:49:41] [1994/2954] Fetching topic 16426
[2026-09-11 23:49:42] [1995/2954] Fetching topic 16195
[2026-09-11 23:49:43] Topic 16195: missing 27 posts; fetching in batches...
[2026-09-11 23:49:44] Topic 16195: downloading 4 uploads
[2026-09-11 23:49:46] [1996/2954] Fetching topic 16360
[2026-09-11 23:49:47] [1997/2954] Fetching topic 16338
[2026-09-11 23:49:48] [1998/2954] Fetching topic 16361
[2026-09-11 23:49:49] [1999/2954] Fetching topic 16291
[2026-09-11 23:49:51] Topic 16291: missing 19 posts; fetching in batches...
[2026-09-11 23:49:52] [2000/2954] Fetching topic 16304
[2026-09-11 23:49:53] Topic 16304: missing 12 posts; fetching in batches...
[2026-09-11 23:49:54] [2001/2954] Fetching topic 16299
[2026-09-11 23:49:55] [2002/2954] Fetching topic 16315
[2026-09-11 23:49:56] [2003/2954] Fetching topic 16284
[2026-09-11 23:49:57] Topic 16284: missing 12 posts; fetching in batches...
[2026-09-11 23:49:58] [2004/2954] Fetching topic 16276
[2026-09-11 23:49:59] [2005/2954] Fetching topic 16298
[2026-09-11 23:50:01] Topic 16298: downloading 5 uploads
[2026-09-11 23:50:05] Upload failed 404: requested=https://forums.greaterthangames.com/uploads/default/optimized/2X/1/1260a306507a77e7dd1007b8cdefedfd2305cdfe_2_690x203.jpeg, final=https://forums.greaterthangames.com/uploads/default/optimized/2X/1/1260a306507a77e7dd1007b8cdefedfd2305cdfe_2_690x203.jpeg,
[2026-09-11 23:50:05] Response headers: {'Server': 'nginx', 'Date': 'Fri, 11 Sep 2026 23:50:04 GMT', 'Content-Type': 'text/html', 'Content-Length': '548', 'Connection': 'keep-alive'}
[2026-09-11 23:50:06] [2006/2954] Fetching topic 16209
[2026-09-11 23:50:07] [2007/2954] Fetching topic 16146
[2026-09-11 23:50:08] [2008/2954] Fetching topic 16153
[2026-09-11 23:50:09] [2009/2954] Fetching topic 16191
[2026-09-11 23:50:10] Topic 16191: missing 5 posts; fetching in batches...
[2026-09-11 23:50:11] [2010/2954] Fetching topic 16211
[2026-09-11 23:50:12] Topic 16211: missing 4 posts; fetching in batches...
[2026-09-11 23:50:13] [2011/2954] Fetching topic 16232
[2026-09-11 23:50:15] [2012/2954] Fetching topic 16263
[2026-09-11 23:50:16] [2013/2954] Fetching topic 15999
[2026-09-11 23:50:17] [2014/2954] Fetching topic 16131
[2026-09-11 23:50:18] [2015/2954] Fetching topic 16208
[2026-09-11 23:50:19] Topic 16208: missing 4 posts; fetching in batches...
[2026-09-11 23:50:20] [2016/2954] Fetching topic 16221
[2026-09-11 23:50:21] [2017/2954] Fetching topic 16214
[2026-09-11 23:50:22] [2018/2954] Fetching topic 16217
[2026-09-11 23:50:23] [2019/2954] Fetching topic 16163
[2026-09-11 23:50:25] [2020/2954] Fetching topic 16109
[2026-09-11 23:50:26] Topic 16109: missing 1 posts; fetching in batches...
[2026-09-11 23:50:27] [2021/2954] Fetching topic 16204
[2026-09-11 23:50:28] [2022/2954] Fetching topic 16201
[2026-09-11 23:50:29] [2023/2954] Fetching topic 16189
[2026-09-11 23:50:30] [2024/2954] Fetching topic 14003
[2026-09-11 23:50:31] [2025/2954] Fetching topic 16177
[2026-09-11 23:50:32] [2026/2954] Fetching topic 16141
[2026-09-11 23:50:33] [2027/2954] Fetching topic 16148
[2026-09-11 23:50:35] [2028/2954] Fetching topic 16158
[2026-09-11 23:50:36] [2029/2954] Fetching topic 16147
[2026-09-11 23:50:37] [2030/2954] Fetching topic 16127
[2026-09-11 23:50:38] Topic 16127: missing 10 posts; fetching in batches...
[2026-09-11 23:50:39] [2031/2954] Fetching topic 15956
[2026-09-11 23:50:40] Topic 15956: missing 34 posts; fetching in batches...
[2026-09-11 23:50:41] [2032/2954] Fetching topic 16098
[2026-09-11 23:50:42] [2033/2954] Fetching topic 16091
[2026-09-11 23:50:44] [2034/2954] Fetching topic 16066
[2026-09-11 23:50:45] Topic 16066: missing 10 posts; fetching in batches...
[2026-09-11 23:50:46] [2035/2954] Fetching topic 16082
[2026-09-11 23:50:47] [2036/2954] Fetching topic 16080
[2026-09-11 23:50:48] [2037/2954] Fetching topic 16079
[2026-09-11 23:50:49] [2038/2954] Fetching topic 16084
[2026-09-11 23:50:50] [2039/2954] Fetching topic 16047
[2026-09-11 23:50:51] [2040/2954] Fetching topic 15954
[2026-09-11 23:50:53] Topic 15954: missing 25 posts; fetching in batches...
[2026-09-11 23:50:54] [2041/2954] Fetching topic 16058
[2026-09-11 23:50:55] [2042/2954] Fetching topic 16067
[2026-09-11 23:50:56] [2043/2954] Fetching topic 16049
[2026-09-11 23:50:57] [2044/2954] Fetching topic 16062
[2026-09-11 23:50:58] [2045/2954] Fetching topic 16044
[2026-09-11 23:50:59] Topic 16044: missing 5 posts; fetching in batches...
[2026-09-11 23:51:00] [2046/2954] Fetching topic 16059
[2026-09-11 23:51:01] [2047/2954] Fetching topic 16054
[2026-09-11 23:51:03] [2048/2954] Fetching topic 15991
[2026-09-11 23:51:04] Topic 15991: missing 12 posts; fetching in batches...
[2026-09-11 23:51:05] [2049/2954] Fetching topic 15863
[2026-09-11 23:51:06] Topic 15863: missing 13 posts; fetching in batches...
[2026-09-11 23:51:07] [2050/2954] Fetching topic 16024
[2026-09-11 23:51:08] Topic 16024: missing 10 posts; fetching in batches...
[2026-09-11 23:51:09] [2051/2954] Fetching topic 14637
[2026-09-11 23:51:10] [2052/2954] Fetching topic 15066
[2026-09-11 23:51:11] Topic 15066: missing 43 posts; fetching in batches...
[2026-09-11 23:51:12] Topic 15066: downloading 15 uploads
[2026-09-11 23:51:17] Upload failed 404: requested=https://forums.greaterthangames.com/uploads/default/optimized/2X/1/1cd666d08d70616470a71de01962ba5ab9883c69_2_389x500.jpeg, final=https://forums.greaterthangames.com/uploads/default/optimized/2X/1/1cd666d08d70616470a71de01962ba5ab9883c69_2_389x500.jpeg,
[2026-09-11 23:51:17] Response headers: {'Server': 'nginx', 'Date': 'Fri, 11 Sep 2026 23:51:17 GMT', 'Content-Type': 'text/html', 'Content-Length': '548', 'Connection': 'keep-alive'}
[2026-09-11 23:51:25] Upload failed 404: requested=https://forums.greaterthangames.com/uploads/default/optimized/2X/8/85fd97332d550f1367cfc4acd3d55a5000e382c3_2_690x399.jpeg, final=https://forums.greaterthangames.com/uploads/default/optimized/2X/8/85fd97332d550f1367cfc4acd3d55a5000e382c3_2_690x399.jpeg,
[2026-09-11 23:51:25] Response headers: {'Server': 'nginx', 'Date': 'Fri, 11 Sep 2026 23:51:25 GMT', 'Content-Type': 'text/html', 'Content-Length': '548', 'Connection': 'keep-alive'}
[2026-09-11 23:51:28] [2053/2954] Fetching topic 16036
[2026-09-11 23:51:29] [2054/2954] Fetching topic 16028
[2026-09-11 23:51:30] [2055/2954] Fetching topic 16015
[2026-09-11 23:51:31] [2056/2954] Fetching topic 16008
[2026-09-11 23:51:32] [2057/2954] Fetching topic 16023
[2026-09-11 23:51:33] [2058/2954] Fetching topic 16009
[2026-09-11 23:51:34] Topic 16009: missing 1 posts; fetching in batches...
[2026-09-11 23:51:35] [2059/2954] Fetching topic 16001
[2026-09-11 23:51:37] [2060/2954] Fetching topic 16019
[2026-09-11 23:51:38] [2061/2954] Fetching topic 15978
[2026-09-11 23:51:39] Topic 15978: missing 10 posts; fetching in batches...
[2026-09-11 23:51:40] [2062/2954] Fetching topic 16006
[2026-09-11 23:51:41] [2063/2954] Fetching topic 15953
[2026-09-11 23:51:42] Topic 15953: missing 46 posts; fetching in batches...
[2026-09-11 23:51:43] Topic 15953: downloading 11 uploads
[2026-09-11 23:51:49] Upload failed 404: requested=https://forums.greaterthangames.com/uploads/default/optimized/2X/d/d95343c587f4a75cac89da7e8fe3e715e7212f5e_2_597x500.jpeg, final=https://forums.greaterthangames.com/uploads/default/optimized/2X/d/d95343c587f4a75cac89da7e8fe3e715e7212f5e_2_597x500.jpeg,
[2026-09-11 23:51:49] Response headers: {'Server': 'nginx', 'Date': 'Fri, 11 Sep 2026 23:51:49 GMT', 'Content-Type': 'text/html', 'Content-Length': '548', 'Connection': 'keep-alive'}
[2026-09-11 23:51:52] Upload failed 404: requested=https://forums.greaterthangames.com/uploads/default/optimized/2X/e/eb1280ad609f31162350c5b011b9371daea22501_2_690x389.jpeg, final=https://forums.greaterthangames.com/uploads/default/optimized/2X/e/eb1280ad609f31162350c5b011b9371daea22501_2_690x389.jpeg,
[2026-09-11 23:51:52] Response headers: {'Server': 'nginx', 'Date': 'Fri, 11 Sep 2026 23:51:52 GMT', 'Content-Type': 'text/html', 'Content-Length': '548', 'Connection': 'keep-alive'}
[2026-09-11 23:51:55] [2064/2954] Fetching topic 15281
[2026-09-11 23:51:56] Topic 15281: missing 92 posts; fetching in batches...
[2026-09-11 23:51:58] [2065/2954] Fetching topic 15977
[2026-09-11 23:51:59] [2066/2954] Fetching topic 15910
[2026-09-11 23:52:00] Topic 15910: missing 70 posts; fetching in batches...
[2026-09-11 23:52:02] [2067/2954] Fetching topic 15971
[2026-09-11 23:52:04] [2068/2954] Fetching topic 15979
[2026-09-11 23:52:05] [2069/2954] Fetching topic 15968
[2026-09-11 23:52:06] [2070/2954] Fetching topic 13216
[2026-09-11 23:52:07] Topic 13216: missing 61 posts; fetching in batches...
[2026-09-11 23:52:09] Topic 13216: downloading 2 uploads
[2026-09-11 23:52:11] [2071/2954] Fetching topic 15969
[2026-09-11 23:52:12] [2072/2954] Fetching topic 15952
[2026-09-11 23:52:13] [2073/2954] Fetching topic 15964
[2026-09-11 23:52:15] [2074/2954] Fetching topic 15965
[2026-09-11 23:52:16] [2075/2954] Fetching topic 15959
[2026-09-11 23:52:17] [2076/2954] Fetching topic 15951
[2026-09-11 23:52:18] Topic 15951: missing 5 posts; fetching in batches...
[2026-09-11 23:52:19] [2077/2954] Fetching topic 15825
[2026-09-11 23:52:20] Topic 15825: missing 10 posts; fetching in batches...
[2026-09-11 23:52:21] [2078/2954] Fetching topic 15929
[2026-09-11 23:52:22] [2079/2954] Fetching topic 15930
[2026-09-11 23:52:23] [2080/2954] Fetching topic 15939
[2026-09-11 23:52:25] [2081/2954] Fetching topic 15941
[2026-09-11 23:52:26] [2082/2954] Fetching topic 15936
[2026-09-11 23:52:27] [2083/2954] Fetching topic 15920
[2026-09-11 23:52:28] [2084/2954] Fetching topic 15909
[2026-09-11 23:52:29] [2085/2954] Fetching topic 15858
[2026-09-11 23:52:30] Topic 15858: missing 40 posts; fetching in batches...
[2026-09-11 23:52:31] [2086/2954] Fetching topic 15889
[2026-09-11 23:52:32] Topic 15889: missing 20 posts; fetching in batches...
[2026-09-11 23:52:34] [2087/2954] Fetching topic 15815
[2026-09-11 23:52:35] Topic 15815: missing 9 posts; fetching in batches...
[2026-09-11 23:52:36] Topic 15815: downloading 5 uploads
[2026-09-11 23:52:41] Upload failed 404: requested=https://forums.greaterthangames.com/uploads/default/optimized/2X/8/86797ab80645f7d057b01f89abf478a0a8423636_2_690x388.jpeg, final=https://forums.greaterthangames.com/uploads/default/optimized/2X/8/86797ab80645f7d057b01f89abf478a0a8423636_2_690x388.jpeg,
[2026-09-11 23:52:41] Response headers: {'Server': 'nginx', 'Date': 'Fri, 11 Sep 2026 23:52:41 GMT', 'Content-Type': 'text/html', 'Content-Length': '548', 'Connection': 'keep-alive'}
[2026-09-11 23:52:41] [2088/2954] Fetching topic 15880
[2026-09-11 23:52:42] [2089/2954] Fetching topic 15894
[2026-09-11 23:52:43] [2090/2954] Fetching topic 15772
[2026-09-11 23:52:44] [2091/2954] Fetching topic 15893
[2026-09-11 23:52:45] [2092/2954] Fetching topic 15878
[2026-09-11 23:52:47] [2093/2954] Fetching topic 15786
[2026-09-11 23:52:48] [2094/2954] Fetching topic 15857
[2026-09-11 23:52:49] Topic 15857: missing 13 posts; fetching in batches...
[2026-09-11 23:52:50] [2095/2954] Fetching topic 15866
[2026-09-11 23:52:51] Topic 15866: missing 16 posts; fetching in batches...
[2026-09-11 23:52:52] [2096/2954] Fetching topic 15876
[2026-09-11 23:52:53] Topic 15876: missing 3 posts; fetching in batches...
[2026-09-11 23:52:54] [2097/2954] Fetching topic 15845
[2026-09-11 23:52:55] Topic 15845: missing 118 posts; fetching in batches...
[2026-09-11 23:52:59] [2098/2954] Fetching topic 15865
[2026-09-11 23:53:00] [2099/2954] Fetching topic 15877
[2026-09-11 23:53:01] [2100/2954] Fetching topic 15867
[2026-09-11 23:53:02] Topic 15867: missing 7 posts; fetching in batches...
[2026-09-11 23:53:03] [2101/2954] Fetching topic 15843
[2026-09-11 23:53:04] Topic 15843: missing 117 posts; fetching in batches...
[2026-09-11 23:53:08] [2102/2954] Fetching topic 15873
[2026-09-11 23:53:09] [2103/2954] Fetching topic 15846
[2026-09-11 23:53:10] Topic 15846: missing 87 posts; fetching in batches...
[2026-09-11 23:53:12] [2104/2954] Fetching topic 15839
[2026-09-11 23:53:13] Topic 15839: missing 67 posts; fetching in batches...
[2026-09-11 23:53:16] [2105/2954] Fetching topic 15808
[2026-09-11 23:53:17] [2106/2954] Fetching topic 15834
[2026-09-11 23:53:18] [2107/2954] Fetching topic 15861
[2026-09-11 23:53:19] Topic 15861: missing 5 posts; fetching in batches...
[2026-09-11 23:53:20] Topic 15861: downloading 1 uploads
[2026-09-11 23:53:21] [2108/2954] Fetching topic 15860
[2026-09-11 23:53:22] [2109/2954] Fetching topic 15849
[2026-09-11 23:53:23] Topic 15849: missing 33 posts; fetching in batches...
[2026-09-11 23:53:24] [2110/2954] Fetching topic 15787
[2026-09-11 23:53:26] Topic 15787: missing 1 posts; fetching in batches...
[2026-09-11 23:53:27] [2111/2954] Fetching topic 15840
[2026-09-11 23:53:28] [2112/2954] Fetching topic 15793
[2026-09-11 23:53:29] Topic 15793: missing 5 posts; fetching in batches...
[2026-09-11 23:53:30] [2113/2954] Fetching topic 15838
[2026-09-11 23:53:31] [2114/2954] Fetching topic 15836
[2026-09-11 23:53:32] [2115/2954] Fetching topic 14507
[2026-09-11 23:53:33] [2116/2954] Fetching topic 15809
[2026-09-11 23:53:34] [2117/2954] Fetching topic 15753
[2026-09-11 23:53:36] [2118/2954] Fetching topic 15798
[2026-09-11 23:53:37] [2119/2954] Fetching topic 15797
[2026-09-11 23:53:38] [2120/2954] Fetching topic 15790
[2026-09-11 23:53:39] [2121/2954] Fetching topic 15771
[2026-09-11 23:53:40] Topic 15771: missing 5 posts; fetching in batches...
[2026-09-11 23:53:41] [2122/2954] Fetching topic 15766
[2026-09-11 23:53:42] [2123/2954] Fetching topic 15788
[2026-09-11 23:53:43] [2124/2954] Fetching topic 15759
[2026-09-11 23:53:44] Topic 15759: missing 5 posts; fetching in batches...
[2026-09-11 23:53:46] [2125/2954] Fetching topic 15776
[2026-09-11 23:53:47] [2126/2954] Fetching topic 15756
[2026-09-11 23:53:48] [2127/2954] Fetching topic 15784
[2026-09-11 23:53:49] [2128/2954] Fetching topic 15781
[2026-09-11 23:53:50] [2129/2954] Fetching topic 15752
[2026-09-11 23:53:51] [2130/2954] Fetching topic 15730
[2026-09-11 23:53:53] Topic 15730: missing 14 posts; fetching in batches...
[2026-09-11 23:53:54] [2131/2954] Fetching topic 15762
[2026-09-11 23:53:55] [2132/2954] Fetching topic 15763
[2026-09-11 23:53:56] [2133/2954] Fetching topic 15724
[2026-09-11 23:53:57] [2134/2954] Fetching topic 15758
[2026-09-11 23:53:58] [2135/2954] Fetching topic 15732
[2026-09-11 23:53:59] Topic 15732: missing 28 posts; fetching in batches...
[2026-09-11 23:54:00] Topic 15732: downloading 2 uploads
[2026-09-11 23:54:02] [2136/2954] Fetching topic 15744
[2026-09-11 23:54:03] [2137/2954] Fetching topic 15654
[2026-09-11 23:54:05] Topic 15654: missing 3 posts; fetching in batches...
[2026-09-11 23:54:06] [2138/2954] Fetching topic 15749
[2026-09-11 23:54:07] [2139/2954] Fetching topic 15747
[2026-09-11 23:54:08] [2140/2954] Fetching topic 11847
[2026-09-11 23:54:09] Topic 11847: missing 55 posts; fetching in batches...
[2026-09-11 23:54:11] Topic 11847: downloading 1 uploads
[2026-09-11 23:54:12] [2141/2954] Fetching topic 15745
[2026-09-11 23:54:13] [2142/2954] Fetching topic 15714
[2026-09-11 23:54:14] Topic 15714: missing 3 posts; fetching in batches...
[2026-09-11 23:54:15] [2143/2954] Fetching topic 15510
[2026-09-11 23:54:16] Topic 15510: missing 686 posts; fetching in batches...
[2026-09-11 23:54:33] Topic 15510: downloading 1 uploads
[2026-09-11 23:54:34] [2144/2954] Fetching topic 15725
[2026-09-11 23:54:35] [2145/2954] Fetching topic 15676
[2026-09-11 23:54:36] [2146/2954] Fetching topic 15734
[2026-09-11 23:54:37] [2147/2954] Fetching topic 15081
[2026-09-11 23:54:38] Topic 15081: downloading 3 uploads
[2026-09-11 23:54:42] [2148/2954] Fetching topic 15726
[2026-09-11 23:54:42] [2149/2954] Fetching topic 15728
[2026-09-11 23:54:44] [2150/2954] Fetching topic 15721
[2026-09-11 23:54:45] [2151/2954] Fetching topic 15710
[2026-09-11 23:54:46] [2152/2954] Fetching topic 15686
[2026-09-11 23:54:47] Topic 15686: missing 1 posts; fetching in batches...
[2026-09-11 23:54:48] [2153/2954] Fetching topic 15702
[2026-09-11 23:54:49] [2154/2954] Fetching topic 15583
[2026-09-11 23:54:50] Topic 15583: missing 41 posts; fetching in batches...
[2026-09-11 23:54:51] Topic 15583: downloading 1 uploads
[2026-09-11 23:54:51] [2155/2954] Fetching topic 15692
[2026-09-11 23:54:53] [2156/2954] Fetching topic 15703
[2026-09-11 23:54:54] Topic 15703: missing 18 posts; fetching in batches...
[2026-09-11 23:54:55] [2157/2954] Fetching topic 15525
[2026-09-11 23:54:56] [2158/2954] Fetching topic 15688
[2026-09-11 23:54:57] Topic 15688: missing 10 posts; fetching in batches...
[2026-09-11 23:54:58] [2159/2954] Fetching topic 15707
[2026-09-11 23:54:59] [2160/2954] Fetching topic 15663
[2026-09-11 23:55:00] [2161/2954] Fetching topic 15685
[2026-09-11 23:55:01] [2162/2954] Fetching topic 15644
[2026-09-11 23:55:03] Topic 15644: missing 3 posts; fetching in batches...
[2026-09-11 23:55:04] [2163/2954] Fetching topic 15612
[2026-09-11 23:55:05] [2164/2954] Fetching topic 15650
[2026-09-11 23:55:06] [2165/2954] Fetching topic 15641
[2026-09-11 23:55:07] [2166/2954] Fetching topic 15335
[2026-09-11 23:55:08] [2167/2954] Fetching topic 15652
[2026-09-11 23:55:09] [2168/2954] Fetching topic 15526
[2026-09-11 23:55:10] Topic 15526: missing 52 posts; fetching in batches...
[2026-09-11 23:55:13] Topic 15526: downloading 6 uploads
[2026-09-11 23:55:17] Upload failed 404: requested=https://forums.greaterthangames.com/uploads/default/optimized/2X/8/86d3d617dcb6bfa482acb90172e1ca6ea9513e52_2_375x500.jpeg, final=https://forums.greaterthangames.com/uploads/default/optimized/2X/8/86d3d617dcb6bfa482acb90172e1ca6ea9513e52_2_375x500.jpeg,
[2026-09-11 23:55:17] Response headers: {'Server': 'nginx', 'Date': 'Fri, 11 Sep 2026 23:55:17 GMT', 'Content-Type': 'text/html', 'Content-Length': '548', 'Connection': 'keep-alive'}
[2026-09-11 23:55:19] [2169/2954] Fetching topic 15629
[2026-09-11 23:55:20] Topic 15629: missing 4 posts; fetching in batches...
[2026-09-11 23:55:21] [2170/2954] Fetching topic 15601
[2026-09-11 23:55:22] [2171/2954] Fetching topic 15607
[2026-09-11 23:55:23] [2172/2954] Fetching topic 15606
[2026-09-11 23:55:24] [2173/2954] Fetching topic 15050
[2026-09-11 23:55:25] Topic 15050: missing 7 posts; fetching in batches...
[2026-09-11 23:55:27] [2174/2954] Fetching topic 15576
[2026-09-11 23:55:28] Topic 15576: missing 13 posts; fetching in batches...
[2026-09-11 23:55:29] [2175/2954] Fetching topic 15591
[2026-09-11 23:55:30] [2176/2954] Fetching topic 15605
[2026-09-11 23:55:31] [2177/2954] Fetching topic 15581
[2026-09-11 23:55:32] Topic 15581: missing 1 posts; fetching in batches...
[2026-09-11 23:55:33] [2178/2954] Fetching topic 15599
[2026-09-11 23:55:34] [2179/2954] Fetching topic 15560
[2026-09-11 23:55:35] Topic 15560: missing 10 posts; fetching in batches...
[2026-09-11 23:55:36] Topic 15560: downloading 1 uploads
[2026-09-11 23:55:37] [2180/2954] Fetching topic 15554
[2026-09-11 23:55:39] Topic 15554: missing 96 posts; fetching in batches...
[2026-09-11 23:55:41] [2181/2954] Fetching topic 15580
[2026-09-11 23:55:42] [2182/2954] Fetching topic 15578
[2026-09-11 23:55:43] [2183/2954] Fetching topic 15568
[2026-09-11 23:55:44] [2184/2954] Fetching topic 15546
[2026-09-11 23:55:45] Topic 15546: missing 8 posts; fetching in batches...
[2026-09-11 23:55:46] [2185/2954] Fetching topic 15470
[2026-09-11 23:55:48] Topic 15470: missing 41 posts; fetching in batches...
[2026-09-11 23:55:49] Topic 15470: downloading 5 uploads
[2026-09-11 23:55:52] [2186/2954] Fetching topic 15564
[2026-09-11 23:55:53] [2187/2954] Fetching topic 15555
[2026-09-11 23:55:54] [2188/2954] Fetching topic 15556
[2026-09-11 23:55:55] [2189/2954] Fetching topic 15301
[2026-09-11 23:55:56] [2190/2954] Fetching topic 15552
[2026-09-11 23:55:57] [2191/2954] Fetching topic 14069
[2026-09-11 23:55:58] Topic 14069: missing 31 posts; fetching in batches...
[2026-09-11 23:56:00] [2192/2954] Fetching topic 15528
[2026-09-11 23:56:01] [2193/2954] Fetching topic 15520
[2026-09-11 23:56:02] [2194/2954] Fetching topic 15496
[2026-09-11 23:56:03] Topic 15496: missing 34 posts; fetching in batches...
[2026-09-11 23:56:04] [2195/2954] Fetching topic 15511
[2026-09-11 23:56:05] Topic 15511: missing 1 posts; fetching in batches...
[2026-09-11 23:56:06] [2196/2954] Fetching topic 15502
[2026-09-11 23:56:07] Topic 15502: downloading 2 uploads
[2026-09-11 23:56:10] [2197/2954] Fetching topic 15507
[2026-09-11 23:56:10] [2198/2954] Fetching topic 15191
[2026-09-11 23:56:12] Topic 15191: missing 119 posts; fetching in batches...
[2026-09-11 23:56:15] [2199/2954] Fetching topic 15341
[2026-09-11 23:56:16] Topic 15341: missing 8 posts; fetching in batches...
[2026-09-11 23:56:17] [2200/2954] Fetching topic 15503
[2026-09-11 23:56:18] [2201/2954] Fetching topic 15411
[2026-09-11 23:56:19] Topic 15411: missing 46 posts; fetching in batches...
[2026-09-11 23:56:21] [2202/2954] Fetching topic 15487
[2026-09-11 23:56:22] [2203/2954] Fetching topic 15468
[2026-09-11 23:56:23] [2204/2954] Fetching topic 15488
[2026-09-11 23:56:24] [2205/2954] Fetching topic 15452
[2026-09-11 23:56:25] [2206/2954] Fetching topic 15472
[2026-09-11 23:56:26] [2207/2954] Fetching topic 15405
[2026-09-11 23:56:28] [2208/2954] Fetching topic 15406
[2026-09-11 23:56:29] [2209/2954] Fetching topic 15327
[2026-09-11 23:56:30] [2210/2954] Fetching topic 15321
[2026-09-11 23:56:31] [2211/2954] Fetching topic 15384
[2026-09-11 23:56:32] [2212/2954] Fetching topic 15390
[2026-09-11 23:56:33] [2213/2954] Fetching topic 15379
[2026-09-11 23:56:34] [2214/2954] Fetching topic 15376
[2026-09-11 23:56:36] [2215/2954] Fetching topic 15294
[2026-09-11 23:56:37] Topic 15294: missing 3 posts; fetching in batches...
[2026-09-11 23:56:38] [2216/2954] Fetching topic 15283
[2026-09-11 23:56:39] [2217/2954] Fetching topic 15373
[2026-09-11 23:56:40] [2218/2954] Fetching topic 15350
[2026-09-11 23:56:41] [2219/2954] Fetching topic 15359
[2026-09-11 23:56:42] Topic 15359: downloading 1 uploads
[2026-09-11 23:56:43] [2220/2954] Fetching topic 15370
[2026-09-11 23:56:44] [2221/2954] Fetching topic 15367
[2026-09-11 23:56:46] [2222/2954] Fetching topic 15354
[2026-09-11 23:56:47] [2223/2954] Fetching topic 15353
[2026-09-11 23:56:48] [2224/2954] Fetching topic 15349
[2026-09-11 23:56:49] [2225/2954] Fetching topic 15337
[2026-09-11 23:56:50] Topic 15337: downloading 1 uploads
[2026-09-11 23:56:51] [2226/2954] Fetching topic 15342
[2026-09-11 23:56:52] [2227/2954] Fetching topic 15314
[2026-09-11 23:56:53] [2228/2954] Fetching topic 15332
[2026-09-11 23:56:54] [2229/2954] Fetching topic 15306
[2026-09-11 23:56:56] [2230/2954] Fetching topic 15293
[2026-09-11 23:56:57] [2231/2954] Fetching topic 15317
[2026-09-11 23:56:58] [2232/2954] Fetching topic 15316
[2026-09-11 23:56:59] [2233/2954] Fetching topic 15313
[2026-09-11 23:57:00] [2234/2954] Fetching topic 15209
[2026-09-11 23:57:01] [2235/2954] Fetching topic 15278
[2026-09-11 23:57:02] [2236/2954] Fetching topic 15308
[2026-09-11 23:57:04] [2237/2954] Fetching topic 15280
[2026-09-11 23:57:05] Topic 15280: missing 15 posts; fetching in batches...
[2026-09-11 23:57:06] [2238/2954] Fetching topic 15298
[2026-09-11 23:57:07] [2239/2954] Fetching topic 15292
[2026-09-11 23:57:08] [2240/2954] Fetching topic 15286
[2026-09-11 23:57:09] [2241/2954] Fetching topic 15261
[2026-09-11 23:57:10] [2242/2954] Fetching topic 15232
[2026-09-11 23:57:11] Topic 15232: missing 1 posts; fetching in batches...
[2026-09-11 23:57:12] [2243/2954] Fetching topic 15175
[2026-09-11 23:57:14] [2244/2954] Fetching topic 15204
[2026-09-11 23:57:15] Topic 15204: missing 2 posts; fetching in batches...
[2026-09-11 23:57:16] [2245/2954] Fetching topic 15210
[2026-09-11 23:57:17] [2246/2954] Fetching topic 15167
[2026-09-11 23:57:18] Topic 15167: missing 6 posts; fetching in batches...
[2026-09-11 23:57:19] [2247/2954] Fetching topic 15216
[2026-09-11 23:57:20] [2248/2954] Fetching topic 15214
[2026-09-11 23:57:21] [2249/2954] Fetching topic 15111
[2026-09-11 23:57:22] [2250/2954] Fetching topic 15212
[2026-09-11 23:57:23] [2251/2954] Fetching topic 15194
[2026-09-11 23:57:25] Topic 15194: missing 1 posts; fetching in batches...
[2026-09-11 23:57:26] [2252/2954] Fetching topic 15201
[2026-09-11 23:57:27] [2253/2954] Fetching topic 15129
[2026-09-11 23:57:28] Topic 15129: missing 4 posts; fetching in batches...
[2026-09-11 23:57:29] [2254/2954] Fetching topic 15072
[2026-09-11 23:57:30] Topic 15072: missing 143 posts; fetching in batches...
[2026-09-11 23:57:34] [2255/2954] Fetching topic 15208
[2026-09-11 23:57:35] [2256/2954] Fetching topic 15203
[2026-09-11 23:57:36] [2257/2954] Fetching topic 15184
[2026-09-11 23:57:37] Topic 15184: missing 5 posts; fetching in batches...
[2026-09-11 23:57:38] [2258/2954] Fetching topic 15092
[2026-09-11 23:57:39] [2259/2954] Fetching topic 15171
[2026-09-11 23:57:40] [2260/2954] Fetching topic 15180
[2026-09-11 23:57:41] Topic 15180: missing 12 posts; fetching in batches...
[2026-09-11 23:57:42] [2261/2954] Fetching topic 13259
[2026-09-11 23:57:43] [2262/2954] Fetching topic 15179
[2026-09-11 23:57:45] [2263/2954] Fetching topic 15105
[2026-09-11 23:57:46] Topic 15105: missing 22 posts; fetching in batches...
[2026-09-11 23:57:47] [2264/2954] Fetching topic 15164
[2026-09-11 23:57:48] Topic 15164: missing 7 posts; fetching in batches...
[2026-09-11 23:57:49] [2265/2954] Fetching topic 13257
[2026-09-11 23:57:50] Topic 13257: missing 62 posts; fetching in batches...
[2026-09-11 23:57:52] [2266/2954] Fetching topic 15170
[2026-09-11 23:57:53] [2267/2954] Fetching topic 13662
[2026-09-11 23:57:54] Topic 13662: missing 96 posts; fetching in batches...
[2026-09-11 23:57:57] Topic 13662: downloading 1 uploads
[2026-09-11 23:57:58] Upload failed 404: requested=https://forums.greaterthangames.com/uploads/2014/04/incredibles-2-with-frozone-650x320.jpg[/img]</p final=https://forums.greaterthangames.com/uploads/2014/04/incredibles-2-with-frozone-650x320.jpg%5B/img%5D%3C/p
[2026-09-11 23:57:58] Response headers: {'Server': 'nginx', 'Date': 'Fri, 11 Sep 2026 23:57:58 GMT', 'Content-Type': 'text/html; charset=utf-8', 'Transfer-Encoding': 'chunked', 'Connection': 'keep-alive', 'Vary': 'Accept-Encoding', 'Content-Security-Policy': "upgrade-insecure-requests; base-uri 'self'; object-src 'none'; script-src 'nonce-pSyUYVQXriBCgr3hP3EZ0DLyL' 'strict-dynamic'; frame-ancestors 'self'; manifest-src 'self'", 'X-Request-Id': 'fc30be3b-cfcc-45b1-8f9e-136dfea83052', 'X-Runtime': '0.059731', 'Content-Encoding': 'gzip'}
[2026-09-11 23:57:58] [2268/2954] Fetching topic 14894
[2026-09-11 23:57:59] Topic 14894: missing 55 posts; fetching in batches...
[2026-09-11 23:58:01] [2269/2954] Fetching topic 15113
[2026-09-11 23:58:02] Topic 15113: missing 10 posts; fetching in batches...
[2026-09-11 23:58:03] [2270/2954] Fetching topic 15153
[2026-09-11 23:58:05] [2271/2954] Fetching topic 15119
[2026-09-11 23:58:06] Topic 15119: missing 4 posts; fetching in batches...
[2026-09-11 23:58:07] [2272/2954] Fetching topic 15130
[2026-09-11 23:58:08] [2273/2954] Fetching topic 15124
[2026-09-11 23:58:09] [2274/2954] Fetching topic 14240
[2026-09-11 23:58:10] Topic 14240: missing 180 posts; fetching in batches...
[2026-09-11 23:58:15] Topic 14240: downloading 6 uploads
[2026-09-11 23:58:19] Upload failed 404: requested=https://forums.greaterthangames.com/uploads/default/optimized/2X/e/eb8255c7e21a34c4930e24dbb8f00d2a3e182050_2_666x500.jpeg, final=https://forums.greaterthangames.com/uploads/default/optimized/2X/e/eb8255c7e21a34c4930e24dbb8f00d2a3e182050_2_666x500.jpeg,
[2026-09-11 23:58:19] Response headers: {'Server': 'nginx', 'Date': 'Fri, 11 Sep 2026 23:58:19 GMT', 'Content-Type': 'text/html', 'Content-Length': '548', 'Connection': 'keep-alive'}
[2026-09-11 23:58:21] [2275/2954] Fetching topic 15014
[2026-09-11 23:58:22] Topic 15014: missing 29 posts; fetching in batches...
[2026-09-11 23:58:23] [2276/2954] Fetching topic 15120
[2026-09-11 23:58:24] [2277/2954] Fetching topic 15118
[2026-09-11 23:58:25] [2278/2954] Fetching topic 15109
[2026-09-11 23:58:27] [2279/2954] Fetching topic 15107
[2026-09-11 23:58:28] [2280/2954] Fetching topic 14151
[2026-09-11 23:58:29] Topic 14151: missing 16 posts; fetching in batches...
[2026-09-11 23:58:30] [2281/2954] Fetching topic 14237
[2026-09-11 23:58:31] Topic 14237: missing 16 posts; fetching in batches...
[2026-09-11 23:58:32] [2282/2954] Fetching topic 15070
[2026-09-11 23:58:33] Topic 15070: downloading 1 uploads
[2026-09-11 23:58:34] [2283/2954] Fetching topic 14987
[2026-09-11 23:58:35] Topic 14987: downloading 5 uploads
[2026-09-11 23:58:39] Upload failed 404: requested=https://forums.greaterthangames.com/uploads/default/optimized/2X/1/1c24202d3e541a3cbf2ebd89da66b9fab134fcbc_2_429x499.jpeg, final=https://forums.greaterthangames.com/uploads/default/optimized/2X/1/1c24202d3e541a3cbf2ebd89da66b9fab134fcbc_2_429x499.jpeg,
[2026-09-11 23:58:39] Response headers: {'Server': 'nginx', 'Date': 'Fri, 11 Sep 2026 23:58:39 GMT', 'Content-Type': 'text/html', 'Content-Length': '548', 'Connection': 'keep-alive'}
[2026-09-11 23:58:41] [2284/2954] Fetching topic 15093
[2026-09-11 23:58:42] [2285/2954] Fetching topic 15062
[2026-09-11 23:58:43] [2286/2954] Fetching topic 15020
[2026-09-11 23:58:44] Topic 15020: missing 6 posts; fetching in batches...
[2026-09-11 23:58:45] [2287/2954] Fetching topic 15071
[2026-09-11 23:58:46] [2288/2954] Fetching topic 15048
[2026-09-11 23:58:47] [2289/2954] Fetching topic 5307
[2026-09-11 23:58:48] Topic 5307: missing 14 posts; fetching in batches...
[2026-09-11 23:58:49] Topic 5307: downloading 7 uploads
[2026-09-11 23:58:50] Upload failed 404: requested=https://forums.greaterthangames.com/uploads/2010/08/Action-Doctor-Lucas-Lee.jpg final=https://forums.greaterthangames.com/uploads/2010/08/Action-Doctor-Lucas-Lee.jpg
[2026-09-11 23:58:50] Response headers: {'Server': 'nginx', 'Date': 'Fri, 11 Sep 2026 23:58:50 GMT', 'Content-Type': 'text/html', 'Content-Length': '548', 'Connection': 'keep-alive'}
[2026-09-11 23:58:51] Upload failed 404: requested=https://forums.greaterthangames.com/uploads/2010/08/Action-Doctor-Lucas-Lee.jpg</a final=https://forums.greaterthangames.com/uploads/2010/08/Action-Doctor-Lucas-Lee.jpg%3C/a
[2026-09-11 23:58:51] Response headers: {'Server': 'nginx', 'Date': 'Fri, 11 Sep 2026 23:58:51 GMT', 'Content-Type': 'text/html; charset=utf-8', 'Transfer-Encoding': 'chunked', 'Connection': 'keep-alive', 'Vary': 'Accept-Encoding', 'Content-Security-Policy': "upgrade-insecure-requests; base-uri 'self'; object-src 'none'; script-src 'nonce-R6YbgcRbtiErwJF3Kyprst54g' 'strict-dynamic'; frame-ancestors 'self'; manifest-src 'self'", 'X-Request-Id': '115ead48-f0a4-4a75-a9d0-a94792845d6c', 'X-Runtime': '0.023028', 'Content-Encoding': 'gzip'}
[2026-09-11 23:58:56] Upload failed 404: requested=https://forums.greaterthangames.com/uploads/default/optimized/2X/1/17881d49e9762689ae88c56ee97728a60aebf4c2_2_386x500.jpeg, final=https://forums.greaterthangames.com/uploads/default/optimized/2X/1/17881d49e9762689ae88c56ee97728a60aebf4c2_2_386x500.jpeg,
[2026-09-11 23:58:56] Response headers: {'Server': 'nginx', 'Date': 'Fri, 11 Sep 2026 23:58:56 GMT', 'Content-Type': 'text/html', 'Content-Length': '548', 'Connection': 'keep-alive'}
[2026-09-11 23:58:57] [2290/2954] Fetching topic 15058
[2026-09-11 23:58:58] [2291/2954] Fetching topic 15057
[2026-09-11 23:58:59] [2292/2954] Fetching topic 14994
[2026-09-11 23:59:00] Topic 14994: missing 66 posts; fetching in batches...
[2026-09-11 23:59:02] [2293/2954] Fetching topic 15054
[2026-09-11 23:59:04] [2294/2954] Fetching topic 14319
[2026-09-11 23:59:05] [2295/2954] Fetching topic 15056
[2026-09-11 23:59:06] [2296/2954] Fetching topic 12538
[2026-09-11 23:59:07] Topic 12538: missing 69 posts; fetching in batches...
[2026-09-11 23:59:09] Topic 12538: downloading 11 uploads
[2026-09-11 23:59:15] Upload failed 404: requested=https://forums.greaterthangames.com/uploads/default/optimized/2X/0/0329e23b676ba3263b2eea496999024773928a14_2_690x387.jpeg, final=https://forums.greaterthangames.com/uploads/default/optimized/2X/0/0329e23b676ba3263b2eea496999024773928a14_2_690x387.jpeg,
[2026-09-11 23:59:15] Response headers: {'Server': 'nginx', 'Date': 'Fri, 11 Sep 2026 23:59:15 GMT', 'Content-Type': 'text/html', 'Content-Length': '548', 'Connection': 'keep-alive'}
[2026-09-11 23:59:18] Upload failed 404: requested=https://forums.greaterthangames.com/uploads/default/optimized/2X/e/e676d434ed2e7e4d7c35600f7b75597a8669eabe_2_671x500.jpeg, final=https://forums.greaterthangames.com/uploads/default/optimized/2X/e/e676d434ed2e7e4d7c35600f7b75597a8669eabe_2_671x500.jpeg,
[2026-09-11 23:59:18] Response headers: {'Server': 'nginx', 'Date': 'Fri, 11 Sep 2026 23:59:18 GMT', 'Content-Type': 'text/html', 'Content-Length': '548', 'Connection': 'keep-alive'}
[2026-09-11 23:59:21] [2297/2954] Fetching topic 15043
[2026-09-11 23:59:22] [2298/2954] Fetching topic 15044
[2026-09-11 23:59:23] [2299/2954] Fetching topic 14988
[2026-09-11 23:59:24] [2300/2954] Fetching topic 14870
[2026-09-11 23:59:25] [2301/2954] Fetching topic 11663
[2026-09-11 23:59:26] Topic 11663: missing 8 posts; fetching in batches...
[2026-09-11 23:59:27] [2302/2954] Fetching topic 15015
[2026-09-11 23:59:28] [2303/2954] Fetching topic 14979
[2026-09-11 23:59:29] [2304/2954] Fetching topic 14892
[2026-09-11 23:59:31] Topic 14892: missing 5 posts; fetching in batches...
[2026-09-11 23:59:32] [2305/2954] Fetching topic 9143
[2026-09-11 23:59:33] Topic 9143: missing 66 posts; fetching in batches...
[2026-09-11 23:59:35] [2306/2954] Fetching topic 13525
[2026-09-11 23:59:36] Topic 13525: missing 15 posts; fetching in batches...
[2026-09-11 23:59:37] [2307/2954] Fetching topic 14989
[2026-09-11 23:59:38] [2308/2954] Fetching topic 14981
[2026-09-11 23:59:39] [2309/2954] Fetching topic 14982
[2026-09-11 23:59:41] Topic 14982: downloading 1 uploads
[2026-09-11 23:59:42] [2310/2954] Fetching topic 14288
[2026-09-11 23:59:43] Topic 14288: missing 132 posts; fetching in batches...
[2026-09-11 23:59:46] [2311/2954] Fetching topic 14962
[2026-09-11 23:59:47] [2312/2954] Fetching topic 14304
[2026-09-11 23:59:49] Topic 14304: missing 111 posts; fetching in batches...
[2026-09-11 23:59:52] Topic 14304: downloading 7 uploads
[2026-09-11 23:59:56] Upload failed 404: requested=https://forums.greaterthangames.com/uploads/default/optimized/2X/9/9ea4bee68f8bfe8e5ce7a891f74720967496f49d_2_357x500.jpeg, final=https://forums.greaterthangames.com/uploads/default/optimized/2X/9/9ea4bee68f8bfe8e5ce7a891f74720967496f49d_2_357x500.jpeg,
[2026-09-11 23:59:56] Response headers: {'Server': 'nginx', 'Date': 'Fri, 11 Sep 2026 23:59:56 GMT', 'Content-Type': 'text/html', 'Content-Length': '548', 'Connection': 'keep-alive'}
[2026-09-11 23:59:59] [2313/2954] Fetching topic 14965
[2026-09-12 00:00:00] [2314/2954] Fetching topic 14730
[2026-09-12 00:00:01] Topic 14730: missing 12 posts; fetching in batches...
[2026-09-12 00:00:02] [2315/2954] Fetching topic 13044
[2026-09-12 00:00:04] Topic 13044: missing 130 posts; fetching in batches...
[2026-09-12 00:00:07] [2316/2954] Fetching topic 14245
[2026-09-12 00:00:08] [2317/2954] Fetching topic 12933
[2026-09-12 00:00:09] Topic 12933: missing 4 posts; fetching in batches...
[2026-09-12 00:00:10] [2318/2954] Fetching topic 14915
[2026-09-12 00:00:12] [2319/2954] Fetching topic 14905
[2026-09-12 00:00:13] [2320/2954] Fetching topic 14901
[2026-09-12 00:00:14] [2321/2954] Fetching topic 14862
[2026-09-12 00:00:15] Topic 14862: missing 17 posts; fetching in batches...
[2026-09-12 00:00:16] [2322/2954] Fetching topic 14433
[2026-09-12 00:00:17] [2323/2954] Fetching topic 14889
[2026-09-12 00:00:18] [2324/2954] Fetching topic 14830
[2026-09-12 00:00:19] [2325/2954] Fetching topic 14801
[2026-09-12 00:00:20] Topic 14801: missing 26 posts; fetching in batches...
[2026-09-12 00:00:22] [2326/2954] Fetching topic 14792
[2026-09-12 00:00:23] [2327/2954] Fetching topic 14840
[2026-09-12 00:00:24] [2328/2954] Fetching topic 13677
[2026-09-12 00:00:25] [2329/2954] Fetching topic 14729
[2026-09-12 00:00:26] Topic 14729: missing 25 posts; fetching in batches...
[2026-09-12 00:00:27] [2330/2954] Fetching topic 14559
[2026-09-12 00:00:28] Topic 14559: missing 18 posts; fetching in batches...
[2026-09-12 00:00:29] [2331/2954] Fetching topic 14774
[2026-09-12 00:00:30] [2332/2954] Fetching topic 14759
[2026-09-12 00:00:32] [2333/2954] Fetching topic 14728
[2026-09-12 00:00:33] [2334/2954] Fetching topic 14429
[2026-09-12 00:00:34] Topic 14429: missing 1182 posts; fetching in batches...
[2026-09-12 00:01:02] Topic 14429: downloading 13 uploads
[2026-09-12 00:01:05] Upload failed 404: requested=https://forums.greaterthangames.com/uploads/default/optimized/2X/a/a13432d94b172e6435e6db8cca996f914c7c0b81_2_146x500.jpeg, final=https://forums.greaterthangames.com/uploads/default/optimized/2X/a/a13432d94b172e6435e6db8cca996f914c7c0b81_2_146x500.jpeg,
[2026-09-12 00:01:05] Response headers: {'Server': 'nginx', 'Date': 'Sat, 12 Sep 2026 00:01:05 GMT', 'Content-Type': 'text/html', 'Content-Length': '548', 'Connection': 'keep-alive'}
[2026-09-12 00:01:13] [2335/2954] Fetching topic 14702
[2026-09-12 00:01:14] Topic 14702: missing 34 posts; fetching in batches...
[2026-09-12 00:01:15] Topic 14702: downloading 1 uploads
[2026-09-12 00:01:16] [2336/2954] Fetching topic 14447
[2026-09-12 00:01:17] Topic 14447: missing 51 posts; fetching in batches...
[2026-09-12 00:01:20] [2337/2954] Fetching topic 14655
[2026-09-12 00:01:21] [2338/2954] Fetching topic 14743
[2026-09-12 00:01:22] [2339/2954] Fetching topic 14714
[2026-09-12 00:01:23] [2340/2954] Fetching topic 14666
[2026-09-12 00:01:24] Topic 14666: missing 183 posts; fetching in batches...
[2026-09-12 00:01:29] Topic 14666: downloading 3 uploads
[2026-09-12 00:01:32] [2341/2954] Fetching topic 14438
[2026-09-12 00:01:33] [2342/2954] Fetching topic 14755
[2026-09-12 00:01:34] [2343/2954] Fetching topic 14721
[2026-09-12 00:01:35] [2344/2954] Fetching topic 14649
[2026-09-12 00:01:36] [2345/2954] Fetching topic 14653
[2026-09-12 00:01:38] Topic 14653: missing 1 posts; fetching in batches...
[2026-09-12 00:01:39] [2346/2954] Fetching topic 14601
[2026-09-12 00:01:40] [2347/2954] Fetching topic 14457
[2026-09-12 00:01:41] Topic 14457: missing 13 posts; fetching in batches...
[2026-09-12 00:01:42] [2348/2954] Fetching topic 14661
[2026-09-12 00:01:43] Topic 14661: missing 16 posts; fetching in batches...
[2026-09-12 00:01:44] [2349/2954] Fetching topic 14718
[2026-09-12 00:01:45] [2350/2954] Fetching topic 14726
[2026-09-12 00:01:46] [2351/2954] Fetching topic 14725
[2026-09-12 00:01:47] [2352/2954] Fetching topic 14680
[2026-09-12 00:01:48] Topic 14680: missing 6 posts; fetching in batches...
[2026-09-12 00:01:50] [2353/2954] Fetching topic 14660
[2026-09-12 00:01:51] Topic 14660: missing 34 posts; fetching in batches...
[2026-09-12 00:01:52] [2354/2954] Fetching topic 14461
[2026-09-12 00:01:53] Topic 14461: missing 59 posts; fetching in batches...
[2026-09-12 00:01:55] [2355/2954] Fetching topic 14170
[2026-09-12 00:01:56] [2356/2954] Fetching topic 14713
[2026-09-12 00:01:57] [2357/2954] Fetching topic 14695
[2026-09-12 00:01:59] [2358/2954] Fetching topic 14684
[2026-09-12 00:02:00] Topic 14684: missing 13 posts; fetching in batches...
[2026-09-12 00:02:01] [2359/2954] Fetching topic 14712
[2026-09-12 00:02:02] [2360/2954] Fetching topic 14710
[2026-09-12 00:02:03] [2361/2954] Fetching topic 14689
[2026-09-12 00:02:04] Topic 14689: downloading 5 uploads
[2026-09-12 00:02:04] [2362/2954] Fetching topic 14657
[2026-09-12 00:02:05] Topic 14657: missing 12 posts; fetching in batches...
[2026-09-12 00:02:06] [2363/2954] Fetching topic 14696
[2026-09-12 00:02:07] [2364/2954] Fetching topic 14672
[2026-09-12 00:02:09] [2365/2954] Fetching topic 14706
[2026-09-12 00:02:10] [2366/2954] Fetching topic 14654
[2026-09-12 00:02:11] [2367/2954] Fetching topic 14668
[2026-09-12 00:02:12] Topic 14668: missing 16 posts; fetching in batches...
[2026-09-12 00:02:13] Topic 14668: downloading 2 uploads
[2026-09-12 00:02:15] [2368/2954] Fetching topic 14682
[2026-09-12 00:02:16] [2369/2954] Fetching topic 14651
[2026-09-12 00:02:17] Topic 14651: missing 10 posts; fetching in batches...
[2026-09-12 00:02:18] [2370/2954] Fetching topic 14404
[2026-09-12 00:02:19] Topic 14404: missing 106 posts; fetching in batches...
[2026-09-12 00:02:23] [2371/2954] Fetching topic 14627
[2026-09-12 00:02:24] Topic 14627: missing 19 posts; fetching in batches...
[2026-09-12 00:02:25] [2372/2954] Fetching topic 14606
[2026-09-12 00:02:26] Topic 14606: missing 153 posts; fetching in batches...
[2026-09-12 00:02:31] Topic 14606: downloading 2 uploads
[2026-09-12 00:02:32] [2373/2954] Fetching topic 14310
[2026-09-12 00:02:33] [2374/2954] Fetching topic 14665
[2026-09-12 00:02:34] [2375/2954] Fetching topic 14602
[2026-09-12 00:02:35] [2376/2954] Fetching topic 14499
[2026-09-12 00:02:36] Topic 14499: missing 2 posts; fetching in batches...
[2026-09-12 00:02:37] [2377/2954] Fetching topic 14647
[2026-09-12 00:02:38] Topic 14647: missing 31 posts; fetching in batches...
[2026-09-12 00:02:39] Topic 14647: downloading 2 uploads
[2026-09-12 00:02:40] [2378/2954] Fetching topic 14344
[2026-09-12 00:02:41] [2379/2954] Fetching topic 14530
[2026-09-12 00:02:43] Topic 14530: missing 7 posts; fetching in batches...
[2026-09-12 00:02:44] [2380/2954] Fetching topic 14642
[2026-09-12 00:02:45] [2381/2954] Fetching topic 14585
[2026-09-12 00:02:46] [2382/2954] Fetching topic 14638
[2026-09-12 00:02:47] [2383/2954] Fetching topic 13258
[2026-09-12 00:02:48] Topic 13258: missing 102 posts; fetching in batches...
[2026-09-12 00:02:52] [2384/2954] Fetching topic 14052
[2026-09-12 00:02:53] Topic 14052: missing 22 posts; fetching in batches...
[2026-09-12 00:02:54] [2385/2954] Fetching topic 14626
[2026-09-12 00:02:55] [2386/2954] Fetching topic 14630
[2026-09-12 00:02:56] [2387/2954] Fetching topic 14544
[2026-09-12 00:02:57] Topic 14544: missing 31 posts; fetching in batches...
[2026-09-12 00:02:58] [2388/2954] Fetching topic 14598
[2026-09-12 00:02:59] Topic 14598: missing 16 posts; fetching in batches...
[2026-09-12 00:03:00] Topic 14598: downloading 2 uploads
[2026-09-12 00:03:01] [2389/2954] Fetching topic 14354
[2026-09-12 00:03:03] [2390/2954] Fetching topic 14535
[2026-09-12 00:03:04] [2391/2954] Fetching topic 14333
[2026-09-12 00:03:05] Topic 14333: missing 4 posts; fetching in batches...
[2026-09-12 00:03:06] [2392/2954] Fetching topic 14291
[2026-09-12 00:03:07] Topic 14291: missing 152 posts; fetching in batches...
[2026-09-12 00:03:11] Topic 14291: downloading 1 uploads
[2026-09-12 00:03:12] Upload failed 404: requested=https://forums.greaterthangames.com/uploads/2014/06/howdy-prrrrrt-ner-cowboy-cat-meme.jpg final=https://forums.greaterthangames.com/uploads/2014/06/howdy-prrrrrt-ner-cowboy-cat-meme.jpg
[2026-09-12 00:03:12] Response headers: {'Server': 'nginx', 'Date': 'Sat, 12 Sep 2026 00:03:12 GMT', 'Content-Type': 'text/html', 'Content-Length': '548', 'Connection': 'keep-alive'}
[2026-09-12 00:03:12] [2393/2954] Fetching topic 14546
[2026-09-12 00:03:14] [2394/2954] Fetching topic 14608
[2026-09-12 00:03:15] Topic 14608: downloading 6 uploads
[2026-09-12 00:03:19] Upload failed 404: requested=https://forums.greaterthangames.com/uploads/default/optimized/2X/2/20bbe74aa0828d0075415d4a802fef780df653aa_2_618x500.jpeg, final=https://forums.greaterthangames.com/uploads/default/optimized/2X/2/20bbe74aa0828d0075415d4a802fef780df653aa_2_618x500.jpeg,
[2026-09-12 00:03:19] Response headers: {'Server': 'nginx', 'Date': 'Sat, 12 Sep 2026 00:03:19 GMT', 'Content-Type': 'text/html', 'Content-Length': '548', 'Connection': 'keep-alive'}
[2026-09-12 00:03:21] [2395/2954] Fetching topic 14527
[2026-09-12 00:03:22] Topic 14527: missing 16 posts; fetching in batches...
[2026-09-12 00:03:23] [2396/2954] Fetching topic 14583
[2026-09-12 00:03:24] [2397/2954] Fetching topic 14592
[2026-09-12 00:03:25] [2398/2954] Fetching topic 14329
[2026-09-12 00:03:27] [2399/2954] Fetching topic 14538
[2026-09-12 00:03:28] [2400/2954] Fetching topic 14552
[2026-09-12 00:03:29] Topic 14552: missing 40 posts; fetching in batches...
[2026-09-12 00:03:30] [2401/2954] Fetching topic 14588
[2026-09-12 00:03:31] [2402/2954] Fetching topic 14558
[2026-09-12 00:03:32] [2403/2954] Fetching topic 14566
[2026-09-12 00:03:33] [2404/2954] Fetching topic 14543
[2026-09-12 00:03:35] [2405/2954] Fetching topic 14569
[2026-09-12 00:03:36] [2406/2954] Fetching topic 14561
[2026-09-12 00:03:37] [2407/2954] Fetching topic 14521
[2026-09-12 00:03:38] [2408/2954] Fetching topic 14540
[2026-09-12 00:03:39] [2409/2954] Fetching topic 14531
[2026-09-12 00:03:40] Topic 14531: missing 2 posts; fetching in batches...
[2026-09-12 00:03:41] [2410/2954] Fetching topic 14466
[2026-09-12 00:03:42] Topic 14466: missing 25 posts; fetching in batches...
[2026-09-12 00:03:43] [2411/2954] Fetching topic 14526
[2026-09-12 00:03:45] [2412/2954] Fetching topic 14495
[2026-09-12 00:03:46] Topic 14495: missing 8 posts; fetching in batches...
[2026-09-12 00:03:47] [2413/2954] Fetching topic 14064
[2026-09-12 00:03:48] Topic 14064: missing 37 posts; fetching in batches...
[2026-09-12 00:03:49] [2414/2954] Fetching topic 14478
[2026-09-12 00:03:50] [2415/2954] Fetching topic 14280
[2026-09-12 00:03:51] Topic 14280: missing 97 posts; fetching in batches...
[2026-09-12 00:03:54] Topic 14280: downloading 1 uploads
[2026-09-12 00:03:55] [2416/2954] Fetching topic 14494
[2026-09-12 00:03:56] [2417/2954] Fetching topic 14421
[2026-09-12 00:03:57] Topic 14421: missing 12 posts; fetching in batches...
[2026-09-12 00:03:58] [2418/2954] Fetching topic 14502
[2026-09-12 00:03:59] [2419/2954] Fetching topic 14482
[2026-09-12 00:04:00] Topic 14482: missing 2 posts; fetching in batches...
[2026-09-12 00:04:01] [2420/2954] Fetching topic 14366
[2026-09-12 00:04:02] Topic 14366: missing 3 posts; fetching in batches...
[2026-09-12 00:04:03] [2421/2954] Fetching topic 13213
[2026-09-12 00:04:04] Topic 13213: missing 84 posts; fetching in batches...
[2026-09-12 00:04:07] [2422/2954] Fetching topic 14422
[2026-09-12 00:04:08] Topic 14422: missing 18 posts; fetching in batches...
[2026-09-12 00:04:09] Topic 14422: downloading 1 uploads
[2026-09-12 00:04:09] [2423/2954] Fetching topic 14243
[2026-09-12 00:04:10] Topic 14243: missing 42 posts; fetching in batches...
[2026-09-12 00:04:11] [2424/2954] Fetching topic 14492
[2026-09-12 00:04:12] [2425/2954] Fetching topic 14459
[2026-09-12 00:04:14] [2426/2954] Fetching topic 14484
[2026-09-12 00:04:15] [2427/2954] Fetching topic 14480
[2026-09-12 00:04:16] [2428/2954] Fetching topic 14475
[2026-09-12 00:04:17] [2429/2954] Fetching topic 14074
[2026-09-12 00:04:18] Topic 14074: missing 121 posts; fetching in batches...
[2026-09-12 00:04:21] [2430/2954] Fetching topic 14400
[2026-09-12 00:04:23] Topic 14400: missing 9 posts; fetching in batches...
[2026-09-12 00:04:24] [2431/2954] Fetching topic 14360
[2026-09-12 00:04:25] Topic 14360: missing 5 posts; fetching in batches...
[2026-09-12 00:04:26] [2432/2954] Fetching topic 14472
[2026-09-12 00:04:27] [2433/2954] Fetching topic 14468
[2026-09-12 00:04:28] [2434/2954] Fetching topic 14454
[2026-09-12 00:04:29] [2435/2954] Fetching topic 12680
[2026-09-12 00:04:30] [2436/2954] Fetching topic 14451
[2026-09-12 00:04:31] [2437/2954] Fetching topic 14399
[2026-09-12 00:04:32] [2438/2954] Fetching topic 14445
[2026-09-12 00:04:34] [2439/2954] Fetching topic 14441
[2026-09-12 00:04:35] [2440/2954] Fetching topic 14431
[2026-09-12 00:04:36] [2441/2954] Fetching topic 14437
[2026-09-12 00:04:37] [2442/2954] Fetching topic 14430
[2026-09-12 00:04:38] [2443/2954] Fetching topic 14419
[2026-09-12 00:04:39] [2444/2954] Fetching topic 14308
[2026-09-12 00:04:40] Topic 14308: missing 1 posts; fetching in batches...
[2026-09-12 00:04:41] Topic 14308: downloading 1 uploads
[2026-09-12 00:04:42] [2445/2954] Fetching topic 14405
[2026-09-12 00:04:44] [2446/2954] Fetching topic 14323
[2026-09-12 00:04:45] [2447/2954] Fetching topic 14372
[2026-09-12 00:04:46] Topic 14372: missing 5 posts; fetching in batches...
[2026-09-12 00:04:47] Topic 14372: downloading 5 uploads
[2026-09-12 00:04:51] Upload failed 404: requested=https://forums.greaterthangames.com/uploads/default/optimized/2X/7/76327baf071b09baed5fcc7ce260f280f1cc060c_2_690x387.jpeg, final=https://forums.greaterthangames.com/uploads/default/optimized/2X/7/76327baf071b09baed5fcc7ce260f280f1cc060c_2_690x387.jpeg,
[2026-09-12 00:04:51] Response headers: {'Server': 'nginx', 'Date': 'Sat, 12 Sep 2026 00:04:51 GMT', 'Content-Type': 'text/html', 'Content-Length': '548', 'Connection': 'keep-alive'}
[2026-09-12 00:04:52] [2448/2954] Fetching topic 14313
[2026-09-12 00:04:53] [2449/2954] Fetching topic 14241
[2026-09-12 00:04:54] Topic 14241: missing 18 posts; fetching in batches...
[2026-09-12 00:04:55] Topic 14241: downloading 3 uploads
[2026-09-12 00:04:59] [2450/2954] Fetching topic 14383
[2026-09-12 00:05:00] [2451/2954] Fetching topic 14331
[2026-09-12 00:05:01] Topic 14331: missing 54 posts; fetching in batches...
[2026-09-12 00:05:03] [2452/2954] Fetching topic 14339
[2026-09-12 00:05:04] [2453/2954] Fetching topic 14334
[2026-09-12 00:05:05] Topic 14334: missing 2 posts; fetching in batches...
[2026-09-12 00:05:06] [2454/2954] Fetching topic 14259
[2026-09-12 00:05:08] Topic 14259: missing 9 posts; fetching in batches...
[2026-09-12 00:05:09] Topic 14259: downloading 4 uploads
[2026-09-12 00:05:12] Upload failed 404: requested=https://forums.greaterthangames.com/uploads/default/optimized/2X/8/8577b72a02aee7f83ff20e3d3666228195900f82_2_690x259.png, final=https://forums.greaterthangames.com/uploads/default/optimized/2X/8/8577b72a02aee7f83ff20e3d3666228195900f82_2_690x259.png,
[2026-09-12 00:05:12] Response headers: {'Server': 'nginx', 'Date': 'Sat, 12 Sep 2026 00:05:12 GMT', 'Content-Type': 'text/html', 'Content-Length': '548', 'Connection': 'keep-alive'}
[2026-09-12 00:05:13] [2455/2954] Fetching topic 14337
[2026-09-12 00:05:14] [2456/2954] Fetching topic 14351
[2026-09-12 00:05:15] [2457/2954] Fetching topic 14342
[2026-09-12 00:05:16] Topic 14342: missing 21 posts; fetching in batches...
[2026-09-12 00:05:17] [2458/2954] Fetching topic 14239
[2026-09-12 00:05:19] Topic 14239: missing 17 posts; fetching in batches...
[2026-09-12 00:05:20] [2459/2954] Fetching topic 14378
[2026-09-12 00:05:21] [2460/2954] Fetching topic 14368
[2026-09-12 00:05:22] [2461/2954] Fetching topic 14358
[2026-09-12 00:05:23] [2462/2954] Fetching topic 14292
[2026-09-12 00:05:24] Topic 14292: missing 47 posts; fetching in batches...
[2026-09-12 00:05:25] [2463/2954] Fetching topic 14340
[2026-09-12 00:05:26] [2464/2954] Fetching topic 14363
[2026-09-12 00:05:28] [2465/2954] Fetching topic 14203
[2026-09-12 00:05:29] Topic 14203: missing 1993 posts; fetching in batches...
[2026-09-12 00:06:16] Topic 14203: downloading 4 uploads
[2026-09-12 00:06:18] [2466/2954] Fetching topic 14238
[2026-09-12 00:06:19] Topic 14238: missing 21 posts; fetching in batches...
[2026-09-12 00:06:20] Topic 14238: downloading 13 uploads
[2026-09-12 00:06:25] Upload failed 404: requested=https://forums.greaterthangames.com/uploads/default/optimized/2X/5/5c0b55ef0cdda8a4fcc16203e6649c95ddafb714_2_323x500.jpeg, final=https://forums.greaterthangames.com/uploads/default/optimized/2X/5/5c0b55ef0cdda8a4fcc16203e6649c95ddafb714_2_323x500.jpeg,
[2026-09-12 00:06:25] Response headers: {'Server': 'nginx', 'Date': 'Sat, 12 Sep 2026 00:06:25 GMT', 'Content-Type': 'text/html', 'Content-Length': '548', 'Connection': 'keep-alive'}
[2026-09-12 00:06:30] Upload failed 404: requested=https://forums.greaterthangames.com/uploads/default/optimized/2X/b/ba20c9573e50688e8fd411d18252d846511c47d1_2_333x500.jpeg, final=https://forums.greaterthangames.com/uploads/default/optimized/2X/b/ba20c9573e50688e8fd411d18252d846511c47d1_2_333x500.jpeg,
[2026-09-12 00:06:30] Response headers: {'Server': 'nginx', 'Date': 'Sat, 12 Sep 2026 00:06:30 GMT', 'Content-Type': 'text/html', 'Content-Length': '548', 'Connection': 'keep-alive'}
[2026-09-12 00:06:33] [2467/2954] Fetching topic 14349
[2026-09-12 00:06:34] [2468/2954] Fetching topic 14318
[2026-09-12 00:06:35] Topic 14318: missing 3 posts; fetching in batches...
[2026-09-12 00:06:36] [2469/2954] Fetching topic 14202
[2026-09-12 00:06:38] Topic 14202: missing 18 posts; fetching in batches...
[2026-09-12 00:06:39] [2470/2954] Fetching topic 14324
[2026-09-12 00:06:40] [2471/2954] Fetching topic 14321
[2026-09-12 00:06:41] [2472/2954] Fetching topic 14191
[2026-09-12 00:06:42] [2473/2954] Fetching topic 14306
[2026-09-12 00:06:43] [2474/2954] Fetching topic 14311
[2026-09-12 00:06:44] [2475/2954] Fetching topic 14307
[2026-09-12 00:06:45] [2476/2954] Fetching topic 14294
[2026-09-12 00:06:47] [2477/2954] Fetching topic 14289
[2026-09-12 00:06:48] [2478/2954] Fetching topic 14199
[2026-09-12 00:06:49] [2479/2954] Fetching topic 14248
[2026-09-12 00:06:50] [2480/2954] Fetching topic 14148
[2026-09-12 00:06:51] [2481/2954] Fetching topic 14229
[2026-09-12 00:06:52] Topic 14229: missing 48 posts; fetching in batches...
[2026-09-12 00:06:53] [2482/2954] Fetching topic 14267
[2026-09-12 00:06:55] [2483/2954] Fetching topic 14159
[2026-09-12 00:06:56] [2484/2954] Fetching topic 14264
[2026-09-12 00:06:57] [2485/2954] Fetching topic 14215
[2026-09-12 00:06:58] Topic 14215: missing 24 posts; fetching in batches...
[2026-09-12 00:06:59] [2486/2954] Fetching topic 14277
[2026-09-12 00:07:00] [2487/2954] Fetching topic 14205
[2026-09-12 00:07:01] Topic 14205: missing 8 posts; fetching in batches...
[2026-09-12 00:07:02] [2488/2954] Fetching topic 14140
[2026-09-12 00:07:04] Topic 14140: missing 14 posts; fetching in batches...
[2026-09-12 00:07:05] [2489/2954] Fetching topic 14231
[2026-09-12 00:07:06] [2490/2954] Fetching topic 14228
[2026-09-12 00:07:07] [2491/2954] Fetching topic 14276
[2026-09-12 00:07:08] [2492/2954] Fetching topic 14246
[2026-09-12 00:07:09] [2493/2954] Fetching topic 14262
[2026-09-12 00:07:10] [2494/2954] Fetching topic 14192
[2026-09-12 00:07:11] [2495/2954] Fetching topic 14222
[2026-09-12 00:07:13] [2496/2954] Fetching topic 14193
[2026-09-12 00:07:14] [2497/2954] Fetching topic 14200
[2026-09-12 00:07:15] [2498/2954] Fetching topic 14185
[2026-09-12 00:07:16] [2499/2954] Fetching topic 14183
[2026-09-12 00:07:17] [2500/2954] Fetching topic 14182
[2026-09-12 00:07:18] Topic 14182: downloading 4 uploads
[2026-09-12 00:07:21] Upload failed 404: requested=https://forums.greaterthangames.com/uploads/default/optimized/2X/3/3b213a85bc96be671ea499f07260123371b93709_2_690x358.jpeg, final=https://forums.greaterthangames.com/uploads/default/optimized/2X/3/3b213a85bc96be671ea499f07260123371b93709_2_690x358.jpeg,
[2026-09-12 00:07:21] Response headers: {'Server': 'nginx', 'Date': 'Sat, 12 Sep 2026 00:07:21 GMT', 'Content-Type': 'text/html', 'Content-Length': '548', 'Connection': 'keep-alive'}
[2026-09-12 00:07:22] [2501/2954] Fetching topic 14176
[2026-09-12 00:07:23] [2502/2954] Fetching topic 14089
[2026-09-12 00:07:25] [2503/2954] Fetching topic 14166
[2026-09-12 00:07:26] [2504/2954] Fetching topic 14042
[2026-09-12 00:07:27] Topic 14042: missing 120 posts; fetching in batches...
[2026-09-12 00:07:30] Topic 14042: downloading 3 uploads
[2026-09-12 00:07:31] [2505/2954] Fetching topic 14150
[2026-09-12 00:07:32] [2506/2954] Fetching topic 13976
[2026-09-12 00:07:34] [2507/2954] Fetching topic 14132
[2026-09-12 00:07:35] Topic 14132: downloading 6 uploads
[2026-09-12 00:07:39] Upload failed 404: requested=https://forums.greaterthangames.com/uploads/default/optimized/2X/4/40faad8b6e3816db56c2c7a8d8224ce9c868ecf5_2_647x500.jpeg, final=https://forums.greaterthangames.com/uploads/default/optimized/2X/4/40faad8b6e3816db56c2c7a8d8224ce9c868ecf5_2_647x500.jpeg,
[2026-09-12 00:07:39] Response headers: {'Server': 'nginx', 'Date': 'Sat, 12 Sep 2026 00:07:39 GMT', 'Content-Type': 'text/html', 'Content-Length': '548', 'Connection': 'keep-alive'}
[2026-09-12 00:07:41] [2508/2954] Fetching topic 14094
[2026-09-12 00:07:42] Topic 14094: missing 4 posts; fetching in batches...
[2026-09-12 00:07:43] [2509/2954] Fetching topic 14142
[2026-09-12 00:07:44] [2510/2954] Fetching topic 14125
[2026-09-12 00:07:45] Topic 14125: missing 2 posts; fetching in batches...
[2026-09-12 00:07:46] [2511/2954] Fetching topic 14083
[2026-09-12 00:07:47] Topic 14083: missing 1 posts; fetching in batches...
[2026-09-12 00:07:48] [2512/2954] Fetching topic 14136
[2026-09-12 00:07:50] [2513/2954] Fetching topic 14137
[2026-09-12 00:07:51] [2514/2954] Fetching topic 14098
[2026-09-12 00:07:52] Topic 14098: missing 3 posts; fetching in batches...
[2026-09-12 00:07:53] [2515/2954] Fetching topic 14115
[2026-09-12 00:07:54] [2516/2954] Fetching topic 14095
[2026-09-12 00:07:55] Topic 14095: missing 24 posts; fetching in batches...
[2026-09-12 00:07:56] [2517/2954] Fetching topic 14105
[2026-09-12 00:07:57] [2518/2954] Fetching topic 14097
[2026-09-12 00:07:58] [2519/2954] Fetching topic 13848
[2026-09-12 00:08:00] [2520/2954] Fetching topic 13878
[2026-09-12 00:08:01] Topic 13878: missing 86 posts; fetching in batches...
[2026-09-12 00:08:03] [2521/2954] Fetching topic 14088
[2026-09-12 00:08:04] Topic 14088: downloading 2 uploads
[2026-09-12 00:08:06] [2522/2954] Fetching topic 14081
[2026-09-12 00:08:07] [2523/2954] Fetching topic 14085
[2026-09-12 00:08:08] [2524/2954] Fetching topic 14084
[2026-09-12 00:08:09] [2525/2954] Fetching topic 13987
[2026-09-12 00:08:11] [2526/2954] Fetching topic 13979
[2026-09-12 00:08:12] [2527/2954] Fetching topic 6579
[2026-09-12 00:08:13] Topic 6579: missing 2 posts; fetching in batches...
[2026-09-12 00:08:14] [2528/2954] Fetching topic 13973
[2026-09-12 00:08:15] Topic 13973: missing 17 posts; fetching in batches...
[2026-09-12 00:08:16] [2529/2954] Fetching topic 9906
[2026-09-12 00:08:17] Topic 9906: missing 7 posts; fetching in batches...
[2026-09-12 00:08:18] [2530/2954] Fetching topic 14039
[2026-09-12 00:08:19] [2531/2954] Fetching topic 13226
[2026-09-12 00:08:21] Topic 13226: missing 9 posts; fetching in batches...
[2026-09-12 00:08:22] [2532/2954] Fetching topic 13205
[2026-09-12 00:08:23] Topic 13205: missing 6 posts; fetching in batches...
[2026-09-12 00:08:24] [2533/2954] Fetching topic 14049
[2026-09-12 00:08:25] [2534/2954] Fetching topic 14048
[2026-09-12 00:08:26] [2535/2954] Fetching topic 14045
[2026-09-12 00:08:27] [2536/2954] Fetching topic 13840
[2026-09-12 00:08:28] Topic 13840: missing 31 posts; fetching in batches...
[2026-09-12 00:08:29] [2537/2954] Fetching topic 14033
[2026-09-12 00:08:30] [2538/2954] Fetching topic 14037
[2026-09-12 00:08:32] [2539/2954] Fetching topic 14027
[2026-09-12 00:08:33] Topic 14027: missing 20 posts; fetching in batches...
[2026-09-12 00:08:34] [2540/2954] Fetching topic 13983
[2026-09-12 00:08:35] Topic 13983: missing 7 posts; fetching in batches...
[2026-09-12 00:08:36] [2541/2954] Fetching topic 14021
[2026-09-12 00:08:37] [2542/2954] Fetching topic 14014
[2026-09-12 00:08:38] [2543/2954] Fetching topic 14008
[2026-09-12 00:08:39] Topic 14008: missing 23 posts; fetching in batches...
[2026-09-12 00:08:40] Topic 14008: downloading 1 uploads
[2026-09-12 00:08:40] [2544/2954] Fetching topic 13907
[2026-09-12 00:08:42] [2545/2954] Fetching topic 13994
[2026-09-12 00:08:43] [2546/2954] Fetching topic 13962
[2026-09-12 00:08:44] [2547/2954] Fetching topic 13888
[2026-09-12 00:08:45] Topic 13888: missing 81 posts; fetching in batches...
[2026-09-12 00:08:47] Topic 13888: downloading 4 uploads
[2026-09-12 00:08:50] Upload failed 404: requested=https://forums.greaterthangames.com/uploads/default/optimized/2X/4/463382eb56f532a836fce9e71c7675ca2c33a07a_2_422x500.jpeg, final=https://forums.greaterthangames.com/uploads/default/optimized/2X/4/463382eb56f532a836fce9e71c7675ca2c33a07a_2_422x500.jpeg,
[2026-09-12 00:08:50] Response headers: {'Server': 'nginx', 'Date': 'Sat, 12 Sep 2026 00:08:50 GMT', 'Content-Type': 'text/html', 'Content-Length': '548', 'Connection': 'keep-alive'}
[2026-09-12 00:08:52] [2548/2954] Fetching topic 13889
[2026-09-12 00:08:53] Topic 13889: missing 100 posts; fetching in batches...
[2026-09-12 00:08:55] [2549/2954] Fetching topic 13791
[2026-09-12 00:08:56] Topic 13791: downloading 2 uploads
[2026-09-12 00:08:56] [2550/2954] Fetching topic 13974
[2026-09-12 00:08:57] [2551/2954] Fetching topic 13970
[2026-09-12 00:08:58] [2552/2954] Fetching topic 13964
[2026-09-12 00:09:00] [2553/2954] Fetching topic 13777
[2026-09-12 00:09:01] [2554/2954] Fetching topic 13961
[2026-09-12 00:09:02] [2555/2954] Fetching topic 13831
[2026-09-12 00:09:03] Topic 13831: downloading 1 uploads
[2026-09-12 00:09:04] [2556/2954] Fetching topic 13626
[2026-09-12 00:09:05] Topic 13626: missing 168 posts; fetching in batches...
[2026-09-12 00:09:10] [2557/2954] Fetching topic 13955
[2026-09-12 00:09:11] [2558/2954] Fetching topic 13937
[2026-09-12 00:09:12] Topic 13937: missing 7 posts; fetching in batches...
[2026-09-12 00:09:13] [2559/2954] Fetching topic 13940
[2026-09-12 00:09:14] [2560/2954] Fetching topic 13928
[2026-09-12 00:09:15] [2561/2954] Fetching topic 13926
[2026-09-12 00:09:16] [2562/2954] Fetching topic 13917
[2026-09-12 00:09:17] [2563/2954] Fetching topic 13925
[2026-09-12 00:09:19] [2564/2954] Fetching topic 13902
[2026-09-12 00:09:20] [2565/2954] Fetching topic 13885
[2026-09-12 00:09:21] [2566/2954] Fetching topic 13903
[2026-09-12 00:09:22] Topic 13903: missing 2 posts; fetching in batches...
[2026-09-12 00:09:23] [2567/2954] Fetching topic 13896
[2026-09-12 00:09:24] [2568/2954] Fetching topic 13868
[2026-09-12 00:09:25] Topic 13868: missing 16 posts; fetching in batches...
[2026-09-12 00:09:26] [2569/2954] Fetching topic 13853
[2026-09-12 00:09:27] [2570/2954] Fetching topic 13890
[2026-09-12 00:09:29] [2571/2954] Fetching topic 13876
[2026-09-12 00:09:30] [2572/2954] Fetching topic 13887
[2026-09-12 00:09:31] [2573/2954] Fetching topic 13882
[2026-09-12 00:09:32] [2574/2954] Fetching topic 13867
[2026-09-12 00:09:33] Topic 13867: downloading 1 uploads
[2026-09-12 00:09:34] [2575/2954] Fetching topic 13859
[2026-09-12 00:09:35] [2576/2954] Fetching topic 13774
[2026-09-12 00:09:36] [2577/2954] Fetching topic 13826
[2026-09-12 00:09:37] [2578/2954] Fetching topic 13833
[2026-09-12 00:09:39] [2579/2954] Fetching topic 13818
[2026-09-12 00:09:40] [2580/2954] Fetching topic 13809
[2026-09-12 00:09:41] [2581/2954] Fetching topic 13783
[2026-09-12 00:09:42] [2582/2954] Fetching topic 13813
[2026-09-12 00:09:43] [2583/2954] Fetching topic 13804
[2026-09-12 00:09:44] [2584/2954] Fetching topic 13801
[2026-09-12 00:09:45] [2585/2954] Fetching topic 13803
[2026-09-12 00:09:47] [2586/2954] Fetching topic 13678
[2026-09-12 00:09:48] Topic 13678: missing 7 posts; fetching in batches...
[2026-09-12 00:09:49] Topic 13678: downloading 7 uploads
[2026-09-12 00:09:50] Upload failed 404: requested=https://forums.greaterthangames.com/uploads/2013/05/001_Pillar_Living_Flame.jpg</li final=https://forums.greaterthangames.com/uploads/2013/05/001_Pillar_Living_Flame.jpg%3C/li
[2026-09-12 00:09:50] Response headers: {'Server': 'nginx', 'Date': 'Sat, 12 Sep 2026 00:09:50 GMT', 'Content-Type': 'text/html; charset=utf-8', 'Transfer-Encoding': 'chunked', 'Connection': 'keep-alive', 'Vary': 'Accept-Encoding', 'Content-Security-Policy': "upgrade-insecure-requests; base-uri 'self'; object-src 'none'; script-src 'nonce-EtBUfkGB5tJMp0nYspNgtTA3S' 'strict-dynamic'; frame-ancestors 'self'; manifest-src 'self'", 'X-Request-Id': 'c523d1b5-d409-41e3-8456-39cad0204bbb', 'X-Runtime': '0.057980', 'Content-Encoding': 'gzip'}
[2026-09-12 00:09:51] Upload failed 404: requested=https://forums.greaterthangames.com/uploads/2013/05/001_bloodwrack_plaga_byJorem.jpg</li final=https://forums.greaterthangames.com/uploads/2013/05/001_bloodwrack_plaga_byJorem.jpg%3C/li
[2026-09-12 00:09:51] Response headers: {'Server': 'nginx', 'Date': 'Sat, 12 Sep 2026 00:09:51 GMT', 'Content-Type': 'text/html; charset=utf-8', 'Transfer-Encoding': 'chunked', 'Connection': 'keep-alive', 'Vary': 'Accept-Encoding', 'Content-Security-Policy': "upgrade-insecure-requests; base-uri 'self'; object-src 'none'; script-src 'nonce-wk0PRX1aj24pViNOg5Q2sa3Si' 'strict-dynamic'; frame-ancestors 'self'; manifest-src 'self'", 'X-Request-Id': '04cd7a8b-2498-455b-b500-1bb52dafb74b', 'X-Runtime': '0.022355', 'Content-Encoding': 'gzip'}
[2026-09-12 00:09:52] Upload failed 404: requested=https://forums.greaterthangames.com/uploads/2013/05/002_Pact_Joined_Hunt_byJorem.jpg</li final=https://forums.greaterthangames.com/uploads/2013/05/002_Pact_Joined_Hunt_byJorem.jpg%3C/li
[2026-09-12 00:09:52] Response headers: {'Server': 'nginx', 'Date': 'Sat, 12 Sep 2026 00:09:52 GMT', 'Content-Type': 'text/html; charset=utf-8', 'Transfer-Encoding': 'chunked', 'Connection': 'keep-alive', 'Vary': 'Accept-Encoding', 'Content-Security-Policy': "upgrade-insecure-requests; base-uri 'self'; object-src 'none'; script-src 'nonce-QPBdt1ZRTaymguAy8ZNkD13ks' 'strict-dynamic'; frame-ancestors 'self'; manifest-src 'self'", 'X-Request-Id': '8a09dae9-3692-474c-90b5-e45257b7941e', 'X-Runtime': '0.024715', 'Content-Encoding': 'gzip'}
[2026-09-12 00:09:53] Upload failed 404: requested=https://forums.greaterthangames.com/uploads/2013/05/005_Land_Haunts_Embers_byJorem.jpg</li final=https://forums.greaterthangames.com/uploads/2013/05/005_Land_Haunts_Embers_byJorem.jpg%3C/li
[2026-09-12 00:09:53] Response headers: {'Server': 'nginx', 'Date': 'Sat, 12 Sep 2026 00:09:53 GMT', 'Content-Type': 'text/html; charset=utf-8', 'Transfer-Encoding': 'chunked', 'Connection': 'keep-alive', 'Vary': 'Accept-Encoding', 'Content-Security-Policy': "upgrade-insecure-requests; base-uri 'self'; object-src 'none'; script-src 'nonce-3WLqEeujZ1bxG9WrsyQZvQYvR' 'strict-dynamic'; frame-ancestors 'self'; manifest-src 'self'", 'X-Request-Id': '4f1e1240-4785-437a-8613-f0597cbd2ed9', 'X-Runtime': '0.022309', 'Content-Encoding': 'gzip'}
[2026-09-12 00:09:54] Upload failed 404: requested=https://forums.greaterthangames.com/uploads/2013/05/Gift_Dreaming_Deeps_byJoremWEB.jpg</li final=https://forums.greaterthangames.com/uploads/2013/05/Gift_Dreaming_Deeps_byJoremWEB.jpg%3C/li
[2026-09-12 00:09:54] Response headers: {'Server': 'nginx', 'Date': 'Sat, 12 Sep 2026 00:09:54 GMT', 'Content-Type': 'text/html; charset=utf-8', 'Transfer-Encoding': 'chunked', 'Connection': 'keep-alive', 'Vary': 'Accept-Encoding', 'Content-Security-Policy': "upgrade-insecure-requests; base-uri 'self'; object-src 'none'; script-src 'nonce-FIBcQLhq062jkx4qM4hSUR2fk' 'strict-dynamic'; frame-ancestors 'self'; manifest-src 'self'", 'X-Request-Id': '016694cc-ca8c-4d29-841d-6b74821f6f50', 'X-Runtime': '0.022749', 'Content-Encoding': 'gzip'}
[2026-09-12 00:09:55] Upload failed 404: requested=https://forums.greaterthangames.com/uploads/3/0/3/1/30317377/2486537_orig.jpg</li final=https://forums.greaterthangames.com/uploads/3/0/3/1/30317377/2486537_orig.jpg%3C/li
[2026-09-12 00:09:55] Response headers: {'Server': 'nginx', 'Date': 'Sat, 12 Sep 2026 00:09:55 GMT', 'Content-Type': 'text/html; charset=utf-8', 'Transfer-Encoding': 'chunked', 'Connection': 'keep-alive', 'Vary': 'Accept-Encoding', 'Content-Security-Policy': "upgrade-insecure-requests; base-uri 'self'; object-src 'none'; script-src 'nonce-xSGI9J8Q0zdrPRmOuvZpjLSek' 'strict-dynamic'; frame-ancestors 'self'; manifest-src 'self'", 'X-Request-Id': '9c6b5207-a4d2-45ab-8866-30e7717fcce5', 'X-Runtime': '0.023320', 'Content-Encoding': 'gzip'}
[2026-09-12 00:09:57] Upload failed 404: requested=https://forums.greaterthangames.com/uploads/3/0/3/1/30317377/5440835_orig.jpg</li final=https://forums.greaterthangames.com/uploads/3/0/3/1/30317377/5440835_orig.jpg%3C/li
[2026-09-12 00:09:57] Response headers: {'Server': 'nginx', 'Date': 'Sat, 12 Sep 2026 00:09:57 GMT', 'Content-Type': 'text/html; charset=utf-8', 'Transfer-Encoding': 'chunked', 'Connection': 'keep-alive', 'Vary': 'Accept-Encoding', 'Content-Security-Policy': "upgrade-insecure-requests; base-uri 'self'; object-src 'none'; script-src 'nonce-1NKwhOcu7Wl1Js00axyaJRXJG' 'strict-dynamic'; frame-ancestors 'self'; manifest-src 'self'", 'X-Request-Id': '98924478-bd51-4f50-90c1-73c14462b253', 'X-Runtime': '0.022252', 'Content-Encoding': 'gzip'}
[2026-09-12 00:09:57] [2587/2954] Fetching topic 13782
[2026-09-12 00:09:58] [2588/2954] Fetching topic 13725
[2026-09-12 00:09:59] Topic 13725: missing 1 posts; fetching in batches...
[2026-09-12 00:10:00] [2589/2954] Fetching topic 13773
[2026-09-12 00:10:01] [2590/2954] Fetching topic 13772
[2026-09-12 00:10:02] [2591/2954] Fetching topic 13770
[2026-09-12 00:10:03] [2592/2954] Fetching topic 13767
[2026-09-12 00:10:05] [2593/2954] Fetching topic 13757
[2026-09-12 00:10:06] [2594/2954] Fetching topic 13754
[2026-09-12 00:10:07] [2595/2954] Fetching topic 13746
[2026-09-12 00:10:08] [2596/2954] Fetching topic 13262
[2026-09-12 00:10:09] [2597/2954] Fetching topic 13740
[2026-09-12 00:10:10] [2598/2954] Fetching topic 13732
[2026-09-12 00:10:11] [2599/2954] Fetching topic 13671
[2026-09-12 00:10:13] Topic 13671: missing 25 posts; fetching in batches...
[2026-09-12 00:10:14] [2600/2954] Fetching topic 13737
[2026-09-12 00:10:15] [2601/2954] Fetching topic 13704
[2026-09-12 00:10:16] [2602/2954] Fetching topic 13719
[2026-09-12 00:10:17] [2603/2954] Fetching topic 13717
[2026-09-12 00:10:18] [2604/2954] Fetching topic 13477
[2026-09-12 00:10:19] Topic 13477: missing 7 posts; fetching in batches...
[2026-09-12 00:10:20] [2605/2954] Fetching topic 13709
[2026-09-12 00:10:21] [2606/2954] Fetching topic 13705
[2026-09-12 00:10:22] Topic 13705: missing 2 posts; fetching in batches...
[2026-09-12 00:10:24] [2607/2954] Fetching topic 13362
[2026-09-12 00:10:25] Topic 13362: missing 3 posts; fetching in batches...
[2026-09-12 00:10:26] [2608/2954] Fetching topic 13712
[2026-09-12 00:10:27] [2609/2954] Fetching topic 13708
[2026-09-12 00:10:28] [2610/2954] Fetching topic 13552
[2026-09-12 00:10:29] Topic 13552: missing 26 posts; fetching in batches...
[2026-09-12 00:10:30] [2611/2954] Fetching topic 13688
[2026-09-12 00:10:31] [2612/2954] Fetching topic 13690
[2026-09-12 00:10:32] [2613/2954] Fetching topic 13683
[2026-09-12 00:10:34] [2614/2954] Fetching topic 13609
[2026-09-12 00:10:35] [2615/2954] Fetching topic 13681
[2026-09-12 00:10:36] [2616/2954] Fetching topic 13675
[2026-09-12 00:10:37] [2617/2954] Fetching topic 13667
[2026-09-12 00:10:38] [2618/2954] Fetching topic 13660
[2026-09-12 00:10:39] [2619/2954] Fetching topic 13653
[2026-09-12 00:10:40] [2620/2954] Fetching topic 13639
[2026-09-12 00:10:41] [2621/2954] Fetching topic 12253
[2026-09-12 00:10:43] Topic 12253: missing 6 posts; fetching in batches...
[2026-09-12 00:10:44] Topic 12253: downloading 89 uploads
[2026-09-12 00:11:02] Upload failed 404: requested=https://forums.greaterthangames.com/uploads/default/optimized/2X/1/1fea45ad171e500f2e3c6a35c0f81dd855b017c1_2_690x388.jpeg, final=https://forums.greaterthangames.com/uploads/default/optimized/2X/1/1fea45ad171e500f2e3c6a35c0f81dd855b017c1_2_690x388.jpeg,
[2026-09-12 00:11:02] Response headers: {'Server': 'nginx', 'Date': 'Sat, 12 Sep 2026 00:11:01 GMT', 'Content-Type': 'text/html', 'Content-Length': '548', 'Connection': 'keep-alive'}
[2026-09-12 00:11:07] Upload failed 404: requested=https://forums.greaterthangames.com/uploads/default/optimized/2X/3/35c1b1373c0a1904bdb46a52c3f8c6d7a3f7a34d_2_690x388.jpeg, final=https://forums.greaterthangames.com/uploads/default/optimized/2X/3/35c1b1373c0a1904bdb46a52c3f8c6d7a3f7a34d_2_690x388.jpeg,
[2026-09-12 00:11:07] Response headers: {'Server': 'nginx', 'Date': 'Sat, 12 Sep 2026 00:11:07 GMT', 'Content-Type': 'text/html', 'Content-Length': '548', 'Connection': 'keep-alive'}
[2026-09-12 00:11:12] Upload failed 404: requested=https://forums.greaterthangames.com/uploads/default/optimized/2X/4/42b966c7b1d90027b236378584e96658e66cc5fa_2_690x388.jpeg, final=https://forums.greaterthangames.com/uploads/default/optimized/2X/4/42b966c7b1d90027b236378584e96658e66cc5fa_2_690x388.jpeg,
[2026-09-12 00:11:12] Response headers: {'Server': 'nginx', 'Date': 'Sat, 12 Sep 2026 00:11:12 GMT', 'Content-Type': 'text/html', 'Content-Length': '548', 'Connection': 'keep-alive'}
[2026-09-12 00:11:17] Upload failed 404: requested=https://forums.greaterthangames.com/uploads/default/optimized/2X/5/5767c718222579001485b9ac5c8e56eff0d569da_2_690x388.jpeg, final=https://forums.greaterthangames.com/uploads/default/optimized/2X/5/5767c718222579001485b9ac5c8e56eff0d569da_2_690x388.jpeg,
[2026-09-12 00:11:17] Response headers: {'Server': 'nginx', 'Date': 'Sat, 12 Sep 2026 00:11:17 GMT', 'Content-Type': 'text/html', 'Content-Length': '548', 'Connection': 'keep-alive'}
[2026-09-12 00:11:22] Upload failed 404: requested=https://forums.greaterthangames.com/uploads/default/optimized/2X/6/6fa880a648919cfd51a152054480d364159f8b76_2_690x388.jpeg, final=https://forums.greaterthangames.com/uploads/default/optimized/2X/6/6fa880a648919cfd51a152054480d364159f8b76_2_690x388.jpeg,
[2026-09-12 00:11:22] Response headers: {'Server': 'nginx', 'Date': 'Sat, 12 Sep 2026 00:11:22 GMT', 'Content-Type': 'text/html', 'Content-Length': '548', 'Connection': 'keep-alive'}
[2026-09-12 00:11:26] Upload failed 404: requested=https://forums.greaterthangames.com/uploads/default/optimized/2X/7/70d5c99e8953c6f46b983875dbde09bde04c3034_2_690x388.jpeg, final=https://forums.greaterthangames.com/uploads/default/optimized/2X/7/70d5c99e8953c6f46b983875dbde09bde04c3034_2_690x388.jpeg,
[2026-09-12 00:11:26] Response headers: {'Server': 'nginx', 'Date': 'Sat, 12 Sep 2026 00:11:26 GMT', 'Content-Type': 'text/html', 'Content-Length': '548', 'Connection': 'keep-alive'}
[2026-09-12 00:11:31] Upload failed 404: requested=https://forums.greaterthangames.com/uploads/default/optimized/2X/8/8dd543873d28108e065e3a664df7d8a17ed8343e_2_690x388.jpeg, final=https://forums.greaterthangames.com/uploads/default/optimized/2X/8/8dd543873d28108e065e3a664df7d8a17ed8343e_2_690x388.jpeg,
[2026-09-12 00:11:31] Response headers: {'Server': 'nginx', 'Date': 'Sat, 12 Sep 2026 00:11:31 GMT', 'Content-Type': 'text/html', 'Content-Length': '548', 'Connection': 'keep-alive'}
[2026-09-12 00:11:36] Upload failed 404: requested=https://forums.greaterthangames.com/uploads/default/optimized/2X/c/c084fc86bcf013f2e1014522e11723ac7c49cfb3_2_690x388.jpeg, final=https://forums.greaterthangames.com/uploads/default/optimized/2X/c/c084fc86bcf013f2e1014522e11723ac7c49cfb3_2_690x388.jpeg,
[2026-09-12 00:11:36] Response headers: {'Server': 'nginx', 'Date': 'Sat, 12 Sep 2026 00:11:36 GMT', 'Content-Type': 'text/html', 'Content-Length': '548', 'Connection': 'keep-alive'}
[2026-09-12 00:11:41] Upload failed 404: requested=https://forums.greaterthangames.com/uploads/default/optimized/2X/c/cfc15147699b87e91fe3dc1b60e9cd37521f2dd4_2_690x388.jpeg, final=https://forums.greaterthangames.com/uploads/default/optimized/2X/c/cfc15147699b87e91fe3dc1b60e9cd37521f2dd4_2_690x388.jpeg,
[2026-09-12 00:11:41] Response headers: {'Server': 'nginx', 'Date': 'Sat, 12 Sep 2026 00:11:41 GMT', 'Content-Type': 'text/html', 'Content-Length': '548', 'Connection': 'keep-alive'}
[2026-09-12 00:11:46] Upload failed 404: requested=https://forums.greaterthangames.com/uploads/default/optimized/2X/d/da61e130f0c339da7250bfceaf8e8211843fe3e2_2_690x388.jpeg, final=https://forums.greaterthangames.com/uploads/default/optimized/2X/d/da61e130f0c339da7250bfceaf8e8211843fe3e2_2_690x388.jpeg,
[2026-09-12 00:11:46] Response headers: {'Server': 'nginx', 'Date': 'Sat, 12 Sep 2026 00:11:46 GMT', 'Content-Type': 'text/html', 'Content-Length': '548', 'Connection': 'keep-alive'}
[2026-09-12 00:11:51] Upload failed 404: requested=https://forums.greaterthangames.com/uploads/default/optimized/2X/e/e709d68429dcd557857e450e49cc750eec784247_2_690x388.jpeg, final=https://forums.greaterthangames.com/uploads/default/optimized/2X/e/e709d68429dcd557857e450e49cc750eec784247_2_690x388.jpeg,
[2026-09-12 00:11:51] Response headers: {'Server': 'nginx', 'Date': 'Sat, 12 Sep 2026 00:11:51 GMT', 'Content-Type': 'text/html', 'Content-Length': '548', 'Connection': 'keep-alive'}
[2026-09-12 00:11:56] Upload failed 404: requested=https://forums.greaterthangames.com/uploads/default/optimized/2X/e/e8f08f90b5ae28326deb96f35dffbd57581b4a52_2_690x388.jpeg, final=https://forums.greaterthangames.com/uploads/default/optimized/2X/e/e8f08f90b5ae28326deb96f35dffbd57581b4a52_2_690x388.jpeg,
[2026-09-12 00:11:56] Response headers: {'Server': 'nginx', 'Date': 'Sat, 12 Sep 2026 00:11:56 GMT', 'Content-Type': 'text/html', 'Content-Length': '548', 'Connection': 'keep-alive'}
[2026-09-12 00:12:01] Upload failed 404: requested=https://forums.greaterthangames.com/uploads/default/optimized/2X/f/fcd1df24d3d519f85607e5340f9a0de5c7addd4d_2_690x388.jpeg, final=https://forums.greaterthangames.com/uploads/default/optimized/2X/f/fcd1df24d3d519f85607e5340f9a0de5c7addd4d_2_690x388.jpeg,
[2026-09-12 00:12:01] Response headers: {'Server': 'nginx', 'Date': 'Sat, 12 Sep 2026 00:12:01 GMT', 'Content-Type': 'text/html', 'Content-Length': '548', 'Connection': 'keep-alive'}
[2026-09-12 00:12:14] [2622/2954] Fetching topic 13622
[2026-09-12 00:12:15] [2623/2954] Fetching topic 13444
[2026-09-12 00:12:16] Topic 13444: missing 2 posts; fetching in batches...
[2026-09-12 00:12:17] [2624/2954] Fetching topic 13541
[2026-09-12 00:12:19] [2625/2954] Fetching topic 13568
[2026-09-12 00:12:20] [2626/2954] Fetching topic 13615
[2026-09-12 00:12:21] [2627/2954] Fetching topic 13608
[2026-09-12 00:12:22] Topic 13608: missing 3 posts; fetching in batches...
[2026-09-12 00:12:23] [2628/2954] Fetching topic 13518
[2026-09-12 00:12:24] Topic 13518: missing 20 posts; fetching in batches...
[2026-09-12 00:12:25] [2629/2954] Fetching topic 13589
[2026-09-12 00:12:26] [2630/2954] Fetching topic 13549
[2026-09-12 00:12:27] [2631/2954] Fetching topic 13591
[2026-09-12 00:12:29] [2632/2954] Fetching topic 13585
[2026-09-12 00:12:30] [2633/2954] Fetching topic 13580
[2026-09-12 00:12:31] [2634/2954] Fetching topic 13572
[2026-09-12 00:12:32] [2635/2954] Fetching topic 13563
[2026-09-12 00:12:33] [2636/2954] Fetching topic 13564
[2026-09-12 00:12:34] [2637/2954] Fetching topic 13067
[2026-09-12 00:12:35] [2638/2954] Fetching topic 13542
[2026-09-12 00:12:36] [2639/2954] Fetching topic 13536
[2026-09-12 00:12:38] [2640/2954] Fetching topic 13534
[2026-09-12 00:12:39] [2641/2954] Fetching topic 13370
[2026-09-12 00:12:40] Topic 13370: missing 21 posts; fetching in batches...
[2026-09-12 00:12:41] [2642/2954] Fetching topic 13540
[2026-09-12 00:12:42] [2643/2954] Fetching topic 13533
[2026-09-12 00:12:43] [2644/2954] Fetching topic 13466
[2026-09-12 00:12:44] [2645/2954] Fetching topic 13509
[2026-09-12 00:12:45] [2646/2954] Fetching topic 13400
[2026-09-12 00:12:47] Topic 13400: missing 48 posts; fetching in batches...
[2026-09-12 00:12:48] [2647/2954] Fetching topic 13508
[2026-09-12 00:12:49] [2648/2954] Fetching topic 13473
[2026-09-12 00:12:50] Topic 13473: missing 45 posts; fetching in batches...
[2026-09-12 00:12:51] [2649/2954] Fetching topic 13497
[2026-09-12 00:12:52] [2650/2954] Fetching topic 13246
[2026-09-12 00:12:53] [2651/2954] Fetching topic 13496
[2026-09-12 00:12:55] [2652/2954] Fetching topic 13460
[2026-09-12 00:12:56] [2653/2954] Fetching topic 13499
[2026-09-12 00:12:57] [2654/2954] Fetching topic 13478
[2026-09-12 00:12:58] [2655/2954] Fetching topic 13482
[2026-09-12 00:12:59] [2656/2954] Fetching topic 13483
[2026-09-12 00:13:00] [2657/2954] Fetching topic 13330
[2026-09-12 00:13:01] Topic 13330: missing 4 posts; fetching in batches...
[2026-09-12 00:13:02] Topic 13330: downloading 2 uploads
[2026-09-12 00:13:03] [2658/2954] Fetching topic 13459
[2026-09-12 00:13:04] [2659/2954] Fetching topic 13451
[2026-09-12 00:13:06] [2660/2954] Fetching topic 13421
[2026-09-12 00:13:07] [2661/2954] Fetching topic 13222
[2026-09-12 00:13:08] Topic 13222: missing 36 posts; fetching in batches...
[2026-09-12 00:13:09] [2662/2954] Fetching topic 13397
[2026-09-12 00:13:10] Topic 13397: downloading 8 uploads
[2026-09-12 00:13:14] Upload failed 404: requested=https://forums.greaterthangames.com/uploads/default/optimized/2X/3/376fc25952438fe31f5b4da65e70d7650825ff9e_2_690x388.jpeg, final=https://forums.greaterthangames.com/uploads/default/optimized/2X/3/376fc25952438fe31f5b4da65e70d7650825ff9e_2_690x388.jpeg,
[2026-09-12 00:13:14] Response headers: {'Server': 'nginx', 'Date': 'Sat, 12 Sep 2026 00:13:14 GMT', 'Content-Type': 'text/html', 'Content-Length': '548', 'Connection': 'keep-alive'}
[2026-09-12 00:13:16] Upload failed 404: requested=https://forums.greaterthangames.com/uploads/default/optimized/2X/9/9938d3791906bd08b45527b929257e53848922c9_2_690x388.jpeg, final=https://forums.greaterthangames.com/uploads/default/optimized/2X/9/9938d3791906bd08b45527b929257e53848922c9_2_690x388.jpeg,
[2026-09-12 00:13:16] Response headers: {'Server': 'nginx', 'Date': 'Sat, 12 Sep 2026 00:13:16 GMT', 'Content-Type': 'text/html', 'Content-Length': '548', 'Connection': 'keep-alive'}
[2026-09-12 00:13:19] [2663/2954] Fetching topic 13426
[2026-09-12 00:13:20] [2664/2954] Fetching topic 13401
[2026-09-12 00:13:21] [2665/2954] Fetching topic 13392
[2026-09-12 00:13:22] [2666/2954] Fetching topic 13391
[2026-09-12 00:13:23] [2667/2954] Fetching topic 13320
[2026-09-12 00:13:24] [2668/2954] Fetching topic 13326
[2026-09-12 00:13:25] [2669/2954] Fetching topic 13356
[2026-09-12 00:13:26] [2670/2954] Fetching topic 13355
[2026-09-12 00:13:27] [2671/2954] Fetching topic 13228
[2026-09-12 00:13:29] Topic 13228: missing 2 posts; fetching in batches...
[2026-09-12 00:13:30] [2672/2954] Fetching topic 13191
[2026-09-12 00:13:31] [2673/2954] Fetching topic 13248
[2026-09-12 00:13:32] Topic 13248: missing 3 posts; fetching in batches...
[2026-09-12 00:13:33] [2674/2954] Fetching topic 13344
[2026-09-12 00:13:34] [2675/2954] Fetching topic 13284
[2026-09-12 00:13:35] [2676/2954] Fetching topic 13349
[2026-09-12 00:13:36] [2677/2954] Fetching topic 13341
[2026-09-12 00:13:38] [2678/2954] Fetching topic 13293
[2026-09-12 00:13:39] [2679/2954] Fetching topic 13254
[2026-09-12 00:13:40] Topic 13254: missing 110 posts; fetching in batches...
[2026-09-12 00:13:43] [2680/2954] Fetching topic 13328
[2026-09-12 00:13:44] [2681/2954] Fetching topic 13323
[2026-09-12 00:13:45] [2682/2954] Fetching topic 13318
[2026-09-12 00:13:47] [2683/2954] Fetching topic 13309
[2026-09-12 00:13:48] [2684/2954] Fetching topic 13256
[2026-09-12 00:13:49] Topic 13256: missing 44 posts; fetching in batches...
[2026-09-12 00:13:50] [2685/2954] Fetching topic 13249
[2026-09-12 00:13:51] Topic 13249: missing 83 posts; fetching in batches...
[2026-09-12 00:13:53] [2686/2954] Fetching topic 13290
[2026-09-12 00:13:54] Topic 13290: downloading 2 uploads
[2026-09-12 00:13:56] [2687/2954] Fetching topic 13274
[2026-09-12 00:13:58] [2688/2954] Fetching topic 13281
[2026-09-12 00:13:59] [2689/2954] Fetching topic 13286
[2026-09-12 00:14:00] [2690/2954] Fetching topic 13251
[2026-09-12 00:14:01] Topic 13251: missing 15 posts; fetching in batches...
[2026-09-12 00:14:02] [2691/2954] Fetching topic 13245
[2026-09-12 00:14:03] Topic 13245: missing 1 posts; fetching in batches...
[2026-09-12 00:14:04] Topic 13245: downloading 2 uploads
[2026-09-12 00:14:06] [2692/2954] Fetching topic 13276
[2026-09-12 00:14:07] [2693/2954] Fetching topic 13272
[2026-09-12 00:14:09] [2694/2954] Fetching topic 13171
[2026-09-12 00:14:10] Topic 13171: missing 22 posts; fetching in batches...
[2026-09-12 00:14:11] [2695/2954] Fetching topic 13266
[2026-09-12 00:14:12] [2696/2954] Fetching topic 13264
[2026-09-12 00:14:13] [2697/2954] Fetching topic 13247
[2026-09-12 00:14:14] Topic 13247: missing 14 posts; fetching in batches...
[2026-09-12 00:14:15] [2698/2954] Fetching topic 13244
[2026-09-12 00:14:16] [2699/2954] Fetching topic 13143
[2026-09-12 00:14:17] [2700/2954] Fetching topic 13227
[2026-09-12 00:14:19] [2701/2954] Fetching topic 13217
[2026-09-12 00:14:20] [2702/2954] Fetching topic 13204
[2026-09-12 00:14:21] [2703/2954] Fetching topic 13101
[2026-09-12 00:14:22] Topic 13101: missing 3 posts; fetching in batches...
[2026-09-12 00:14:23] [2704/2954] Fetching topic 13172
[2026-09-12 00:14:24] [2705/2954] Fetching topic 13166
[2026-09-12 00:14:25] [2706/2954] Fetching topic 13091
[2026-09-12 00:14:26] [2707/2954] Fetching topic 13103
[2026-09-12 00:14:28] [2708/2954] Fetching topic 13150
[2026-09-12 00:14:29] [2709/2954] Fetching topic 13151
[2026-09-12 00:14:30] [2710/2954] Fetching topic 13059
[2026-09-12 00:14:31] Topic 13059: missing 16 posts; fetching in batches...
[2026-09-12 00:14:32] [2711/2954] Fetching topic 13137
[2026-09-12 00:14:33] [2712/2954] Fetching topic 13121
[2026-09-12 00:14:34] [2713/2954] Fetching topic 13090
[2026-09-12 00:14:35] [2714/2954] Fetching topic 13088
[2026-09-12 00:14:36] [2715/2954] Fetching topic 13047
[2026-09-12 00:14:38] [2716/2954] Fetching topic 13097
[2026-09-12 00:14:39] [2717/2954] Fetching topic 13074
[2026-09-12 00:14:40] [2718/2954] Fetching topic 13056
[2026-09-12 00:14:41] [2719/2954] Fetching topic 13057
[2026-09-12 00:14:42] Topic 13057: missing 25 posts; fetching in batches...
[2026-09-12 00:14:43] [2720/2954] Fetching topic 13060
[2026-09-12 00:14:44] Topic 13060: missing 5 posts; fetching in batches...
[2026-09-12 00:14:45] [2721/2954] Fetching topic 13072
[2026-09-12 00:14:47] [2722/2954] Fetching topic 13009
[2026-09-12 00:14:48] [2723/2954] Fetching topic 13061
[2026-09-12 00:14:49] [2724/2954] Fetching topic 13015
[2026-09-12 00:14:50] [2725/2954] Fetching topic 13036
[2026-09-12 00:14:51] [2726/2954] Fetching topic 13055
[2026-09-12 00:14:52] [2727/2954] Fetching topic 13037
[2026-09-12 00:14:53] [2728/2954] Fetching topic 13038
[2026-09-12 00:14:54] [2729/2954] Fetching topic 13032
[2026-09-12 00:14:56] [2730/2954] Fetching topic 13024
[2026-09-12 00:14:57] [2731/2954] Fetching topic 13019
[2026-09-12 00:14:58] [2732/2954] Fetching topic 13012
[2026-09-12 00:14:59] [2733/2954] Fetching topic 13022
[2026-09-12 00:15:00] [2734/2954] Fetching topic 12981
[2026-09-12 00:15:01] [2735/2954] Fetching topic 12983
[2026-09-12 00:15:02] [2736/2954] Fetching topic 12982
[2026-09-12 00:15:03] [2737/2954] Fetching topic 12859
[2026-09-12 00:15:05] [2738/2954] Fetching topic 12969
[2026-09-12 00:15:06] Topic 12969: missing 9 posts; fetching in batches...
[2026-09-12 00:15:07] [2739/2954] Fetching topic 12964
[2026-09-12 00:15:08] [2740/2954] Fetching topic 12959
[2026-09-12 00:15:09] [2741/2954] Fetching topic 12884
[2026-09-12 00:15:10] Topic 12884: missing 16 posts; fetching in batches...
[2026-09-12 00:15:11] [2742/2954] Fetching topic 12929
[2026-09-12 00:15:12] [2743/2954] Fetching topic 12880
[2026-09-12 00:15:14] Topic 12880: missing 11 posts; fetching in batches...
[2026-09-12 00:15:15] [2744/2954] Fetching topic 12906
[2026-09-12 00:15:16] Topic 12906: missing 3 posts; fetching in batches...
[2026-09-12 00:15:17] [2745/2954] Fetching topic 12872
[2026-09-12 00:15:18] [2746/2954] Fetching topic 12862
[2026-09-12 00:15:19] Topic 12862: missing 257 posts; fetching in batches...
[2026-09-12 00:15:26] Topic 12862: downloading 12 uploads
[2026-09-12 00:15:31] Upload failed 404: requested=https://forums.greaterthangames.com/uploads/default/optimized/2X/b/b4b496730911edc056bc8214f9ac8d47f4ec7017_2_666x500.jpeg, final=https://forums.greaterthangames.com/uploads/default/optimized/2X/b/b4b496730911edc056bc8214f9ac8d47f4ec7017_2_666x500.jpeg,
[2026-09-12 00:15:31] Response headers: {'Server': 'nginx', 'Date': 'Sat, 12 Sep 2026 00:15:31 GMT', 'Content-Type': 'text/html', 'Content-Length': '548', 'Connection': 'keep-alive'}
[2026-09-12 00:15:35] Upload failed 404: requested=https://forums.greaterthangames.com/uploads/default/optimized/2X/d/d1e699d0b5e4a0c2916438b8aae4d1c1a8294425_2_666x500.jpeg, final=https://forums.greaterthangames.com/uploads/default/optimized/2X/d/d1e699d0b5e4a0c2916438b8aae4d1c1a8294425_2_666x500.jpeg,
[2026-09-12 00:15:35] Response headers: {'Server': 'nginx', 'Date': 'Sat, 12 Sep 2026 00:15:35 GMT', 'Content-Type': 'text/html', 'Content-Length': '548', 'Connection': 'keep-alive'}
[2026-09-12 00:15:38] [2747/2954] Fetching topic 11511
[2026-09-12 00:15:39] Topic 11511: missing 18 posts; fetching in batches...
[2026-09-12 00:15:41] [2748/2954] Fetching topic 12103
[2026-09-12 00:15:42] [2749/2954] Fetching topic 12839
[2026-09-12 00:15:43] Topic 12839: missing 37 posts; fetching in batches...
[2026-09-12 00:15:44] Topic 12839: downloading 1 uploads
[2026-09-12 00:15:44] [2750/2954] Fetching topic 12868
[2026-09-12 00:15:45] [2751/2954] Fetching topic 5754
[2026-09-12 00:15:46] Topic 5754: missing 92 posts; fetching in batches...
[2026-09-12 00:15:49] [2752/2954] Fetching topic 12928
[2026-09-12 00:15:50] [2753/2954] Fetching topic 12927
[2026-09-12 00:15:51] [2754/2954] Fetching topic 12544
[2026-09-12 00:15:52] Topic 12544: missing 4 posts; fetching in batches...
[2026-09-12 00:15:53] [2755/2954] Fetching topic 12854
[2026-09-12 00:15:54] Topic 12854: missing 57 posts; fetching in batches...
[2026-09-12 00:15:56] [2756/2954] Fetching topic 12902
[2026-09-12 00:15:57] Topic 12902: missing 2 posts; fetching in batches...
[2026-09-12 00:15:58] [2757/2954] Fetching topic 12923
[2026-09-12 00:16:00] [2758/2954] Fetching topic 12922
[2026-09-12 00:16:01] [2759/2954] Fetching topic 12921
[2026-09-12 00:16:02] [2760/2954] Fetching topic 12909
[2026-09-12 00:16:03] Topic 12909: missing 1 posts; fetching in batches...
[2026-09-12 00:16:04] [2761/2954] Fetching topic 12919
[2026-09-12 00:16:05] [2762/2954] Fetching topic 12915
[2026-09-12 00:16:06] [2763/2954] Fetching topic 12912
[2026-09-12 00:16:07] [2764/2954] Fetching topic 12870
[2026-09-12 00:16:08] Topic 12870: missing 36 posts; fetching in batches...
[2026-09-12 00:16:09] [2765/2954] Fetching topic 12901
[2026-09-12 00:16:11] [2766/2954] Fetching topic 12882
[2026-09-12 00:16:12] [2767/2954] Fetching topic 12885
[2026-09-12 00:16:13] [2768/2954] Fetching topic 12897
[2026-09-12 00:16:14] [2769/2954] Fetching topic 12886
[2026-09-12 00:16:15] [2770/2954] Fetching topic 12878
[2026-09-12 00:16:16] [2771/2954] Fetching topic 12877
[2026-09-12 00:16:17] [2772/2954] Fetching topic 12879
[2026-09-12 00:16:19] [2773/2954] Fetching topic 12873
[2026-09-12 00:16:20] [2774/2954] Fetching topic 12775
[2026-09-12 00:16:21] Topic 12775: missing 108 posts; fetching in batches...
[2026-09-12 00:16:24] [2775/2954] Fetching topic 12865
[2026-09-12 00:16:25] [2776/2954] Fetching topic 12188
[2026-09-12 00:16:26] Topic 12188: missing 33 posts; fetching in batches...
[2026-09-12 00:16:28] Topic 12188: downloading 2 uploads
[2026-09-12 00:16:30] [2777/2954] Fetching topic 12522
[2026-09-12 00:16:31] [2778/2954] Fetching topic 12848
[2026-09-12 00:16:32] [2779/2954] Fetching topic 12851
[2026-09-12 00:16:33] [2780/2954] Fetching topic 12849
[2026-09-12 00:16:34] [2781/2954] Fetching topic 12799
[2026-09-12 00:16:35] Topic 12799: missing 35 posts; fetching in batches...
[2026-09-12 00:16:36] [2782/2954] Fetching topic 12810
[2026-09-12 00:16:37] [2783/2954] Fetching topic 12823
[2026-09-12 00:16:39] [2784/2954] Fetching topic 12828
[2026-09-12 00:16:40] [2785/2954] Fetching topic 12795
[2026-09-12 00:16:41] [2786/2954] Fetching topic 12776
[2026-09-12 00:16:42] Topic 12776: missing 1 posts; fetching in batches...
[2026-09-12 00:16:43] [2787/2954] Fetching topic 12806
[2026-09-12 00:16:44] [2788/2954] Fetching topic 12615
[2026-09-12 00:16:45] [2789/2954] Fetching topic 11862
[2026-09-12 00:16:46] Topic 11862: missing 48 posts; fetching in batches...
[2026-09-12 00:16:48] Topic 11862: downloading 11 uploads
[2026-09-12 00:16:54] Upload failed 404: requested=https://forums.greaterthangames.com/uploads/default/optimized/2X/c/cbff16f604e7eb41c1d53ca6772ae174c70d56fc_2_690x388.jpeg, final=https://forums.greaterthangames.com/uploads/default/optimized/2X/c/cbff16f604e7eb41c1d53ca6772ae174c70d56fc_2_690x388.jpeg,
[2026-09-12 00:16:54] Response headers: {'Server': 'nginx', 'Date': 'Sat, 12 Sep 2026 00:16:54 GMT', 'Content-Type': 'text/html', 'Content-Length': '548', 'Connection': 'keep-alive'}
[2026-09-12 00:16:59] [2790/2954] Fetching topic 12727
[2026-09-12 00:17:00] [2791/2954] Fetching topic 12792
[2026-09-12 00:17:01] [2792/2954] Fetching topic 12797
[2026-09-12 00:17:02] [2793/2954] Fetching topic 12788
[2026-09-12 00:17:03] [2794/2954] Fetching topic 12203
[2026-09-12 00:17:04] Topic 12203: downloading 6 uploads
[2026-09-12 00:17:08] Upload failed 404: requested=https://forums.greaterthangames.com/uploads/default/optimized/2X/1/1626a275047a6fee610ce6e1ffb2b40c75e13498_2_282x500.jpeg, final=https://forums.greaterthangames.com/uploads/default/optimized/2X/1/1626a275047a6fee610ce6e1ffb2b40c75e13498_2_282x500.jpeg,
[2026-09-12 00:17:08] Response headers: {'Server': 'nginx', 'Date': 'Sat, 12 Sep 2026 00:17:08 GMT', 'Content-Type': 'text/html', 'Content-Length': '548', 'Connection': 'keep-alive'}
[2026-09-12 00:17:11] [2795/2954] Fetching topic 12710
[2026-09-12 00:17:12] Topic 12710: missing 38 posts; fetching in batches...
[2026-09-12 00:17:13] Topic 12710: downloading 12 uploads
[2026-09-12 00:17:17] Upload failed 404: requested=https://forums.greaterthangames.com/uploads/default/optimized/2X/7/7012116999420dd2a132acbef95d01287dad02b1_2_357x499.jpeg, final=https://forums.greaterthangames.com/uploads/default/optimized/2X/7/7012116999420dd2a132acbef95d01287dad02b1_2_357x499.jpeg,
[2026-09-12 00:17:17] Response headers: {'Server': 'nginx', 'Date': 'Sat, 12 Sep 2026 00:17:17 GMT', 'Content-Type': 'text/html', 'Content-Length': '548', 'Connection': 'keep-alive'}
[2026-09-12 00:17:21] Upload failed 404: requested=https://forums.greaterthangames.com/uploads/default/optimized/2X/8/8063d8b0f66f086d73327f7fadf3d0f0c09286eb_2_357x499.jpeg, final=https://forums.greaterthangames.com/uploads/default/optimized/2X/8/8063d8b0f66f086d73327f7fadf3d0f0c09286eb_2_357x499.jpeg,
[2026-09-12 00:17:21] Response headers: {'Server': 'nginx', 'Date': 'Sat, 12 Sep 2026 00:17:21 GMT', 'Content-Type': 'text/html', 'Content-Length': '548', 'Connection': 'keep-alive'}
[2026-09-12 00:17:26] [2796/2954] Fetching topic 12749
[2026-09-12 00:17:27] Topic 12749: missing 10 posts; fetching in batches...
[2026-09-12 00:17:28] [2797/2954] Fetching topic 12756
[2026-09-12 00:17:29] [2798/2954] Fetching topic 12754
[2026-09-12 00:17:30] [2799/2954] Fetching topic 12738
[2026-09-12 00:17:31] [2800/2954] Fetching topic 12382
[2026-09-12 00:17:32] Topic 12382: missing 23 posts; fetching in batches...
[2026-09-12 00:17:33] Topic 12382: downloading 3 uploads
[2026-09-12 00:17:33] [2801/2954] Fetching topic 12669
[2026-09-12 00:17:34] [2802/2954] Fetching topic 12688
[2026-09-12 00:17:35] Topic 12688: missing 1 posts; fetching in batches...
[2026-09-12 00:17:36] [2803/2954] Fetching topic 12717
[2026-09-12 00:17:38] [2804/2954] Fetching topic 12712
[2026-09-12 00:17:39] [2805/2954] Fetching topic 12689
[2026-09-12 00:17:41] [2806/2954] Fetching topic 12593
[2026-09-12 00:17:42] Topic 12593: missing 18 posts; fetching in batches...
[2026-09-12 00:17:43] [2807/2954] Fetching topic 12567
[2026-09-12 00:17:44] [2808/2954] Fetching topic 12643
[2026-09-12 00:17:45] [2809/2954] Fetching topic 12649
[2026-09-12 00:17:46] [2810/2954] Fetching topic 12670
[2026-09-12 00:17:47] [2811/2954] Fetching topic 12668
[2026-09-12 00:17:49] [2812/2954] Fetching topic 12009
[2026-09-12 00:17:50] Topic 12009: missing 9 posts; fetching in batches...
[2026-09-12 00:17:51] [2813/2954] Fetching topic 12514
[2026-09-12 00:17:52] Topic 12514: missing 23 posts; fetching in batches...
[2026-09-12 00:17:53] Topic 12514: downloading 7 uploads
[2026-09-12 00:17:59] Upload failed 404: requested=https://forums.greaterthangames.com/uploads/default/optimized/2X/2/2562b06802f3bc035e879ab901b4427c4ecd24fc_2_690x458.jpeg, final=https://forums.greaterthangames.com/uploads/default/optimized/2X/2/2562b06802f3bc035e879ab901b4427c4ecd24fc_2_690x458.jpeg,
[2026-09-12 00:17:59] Response headers: {'Server': 'nginx', 'Date': 'Sat, 12 Sep 2026 00:17:59 GMT', 'Content-Type': 'text/html', 'Content-Length': '548', 'Connection': 'keep-alive'}
[2026-09-12 00:18:01] [2814/2954] Fetching topic 12635
[2026-09-12 00:18:02] Topic 12635: downloading 1 uploads
[2026-09-12 00:18:03] [2815/2954] Fetching topic 12637
[2026-09-12 00:18:04] [2816/2954] Fetching topic 12540
[2026-09-12 00:18:05] Topic 12540: missing 13 posts; fetching in batches...
[2026-09-12 00:18:06] [2817/2954] Fetching topic 12297
[2026-09-12 00:18:07] Topic 12297: missing 39 posts; fetching in batches...
[2026-09-12 00:18:08] [2818/2954] Fetching topic 12512
[2026-09-12 00:18:09] Topic 12512: missing 30 posts; fetching in batches...
[2026-09-12 00:18:10] [2819/2954] Fetching topic 12524
[2026-09-12 00:18:11] Topic 12524: downloading 7 uploads
[2026-09-12 00:18:17] Upload failed 404: requested=https://forums.greaterthangames.com/uploads/default/optimized/2X/9/9408d2cdb0a6c12426a5daed0c22fc1fa07a1611_2_690x388.jpeg, final=https://forums.greaterthangames.com/uploads/default/optimized/2X/9/9408d2cdb0a6c12426a5daed0c22fc1fa07a1611_2_690x388.jpeg,
[2026-09-12 00:18:17] Response headers: {'Server': 'nginx', 'Date': 'Sat, 12 Sep 2026 00:18:17 GMT', 'Content-Type': 'text/html', 'Content-Length': '548', 'Connection': 'keep-alive'}
[2026-09-12 00:18:19] [2820/2954] Fetching topic 12571
[2026-09-12 00:18:20] [2821/2954] Fetching topic 12569
[2026-09-12 00:18:21] [2822/2954] Fetching topic 12568
[2026-09-12 00:18:22] [2823/2954] Fetching topic 12084
[2026-09-12 00:18:23] [2824/2954] Fetching topic 12564
[2026-09-12 00:18:24] [2825/2954] Fetching topic 12488
[2026-09-12 00:18:25] Topic 12488: missing 4 posts; fetching in batches...
[2026-09-12 00:18:26] [2826/2954] Fetching topic 12554
[2026-09-12 00:18:28] [2827/2954] Fetching topic 12468
[2026-09-12 00:18:29] [2828/2954] Fetching topic 12526
[2026-09-12 00:18:30] [2829/2954] Fetching topic 12381
[2026-09-12 00:18:31] Topic 12381: missing 3 posts; fetching in batches...
[2026-09-12 00:18:32] [2830/2954] Fetching topic 12467
[2026-09-12 00:18:33] Topic 12467: missing 22 posts; fetching in batches...
[2026-09-12 00:18:34] [2831/2954] Fetching topic 12505
[2026-09-12 00:18:35] [2832/2954] Fetching topic 12239
[2026-09-12 00:18:36] [2833/2954] Fetching topic 12411
[2026-09-12 00:18:38] [2834/2954] Fetching topic 11731
[2026-09-12 00:18:39] [2835/2954] Fetching topic 12432
[2026-09-12 00:18:40] [2836/2954] Fetching topic 12344
[2026-09-12 00:18:41] [2837/2954] Fetching topic 12366
[2026-09-12 00:18:42] Topic 12366: downloading 20 uploads
[2026-09-12 00:18:50] Upload failed 404: requested=https://forums.greaterthangames.com/uploads/default/optimized/2X/3/3c89cd2997896ce5839a087d33c838f0a3f954fc_2_690x416.jpeg, final=https://forums.greaterthangames.com/uploads/default/optimized/2X/3/3c89cd2997896ce5839a087d33c838f0a3f954fc_2_690x416.jpeg,
[2026-09-12 00:18:50] Response headers: {'Server': 'nginx', 'Date': 'Sat, 12 Sep 2026 00:18:50 GMT', 'Content-Type': 'text/html', 'Content-Length': '548', 'Connection': 'keep-alive'}
[2026-09-12 00:18:55] Upload failed 404: requested=https://forums.greaterthangames.com/uploads/default/optimized/2X/9/948d5a48f94e7e7eff1cd59cd0ea61e4f0c04290_2_690x388.jpeg, final=https://forums.greaterthangames.com/uploads/default/optimized/2X/9/948d5a48f94e7e7eff1cd59cd0ea61e4f0c04290_2_690x388.jpeg,
[2026-09-12 00:18:55] Response headers: {'Server': 'nginx', 'Date': 'Sat, 12 Sep 2026 00:18:55 GMT', 'Content-Type': 'text/html', 'Content-Length': '548', 'Connection': 'keep-alive'}
[2026-09-12 00:18:59] Upload failed 404: requested=https://forums.greaterthangames.com/uploads/default/optimized/2X/f/fd96c823ba4513f09be66a67b9dad6ebbef7da17_2_690x387.jpeg, final=https://forums.greaterthangames.com/uploads/default/optimized/2X/f/fd96c823ba4513f09be66a67b9dad6ebbef7da17_2_690x387.jpeg,
[2026-09-12 00:18:59] Response headers: {'Server': 'nginx', 'Date': 'Sat, 12 Sep 2026 00:18:59 GMT', 'Content-Type': 'text/html', 'Content-Length': '548', 'Connection': 'keep-alive'}
[2026-09-12 00:19:03] [2838/2954] Fetching topic 12326
[2026-09-12 00:19:04] [2839/2954] Fetching topic 12410
[2026-09-12 00:19:05] [2840/2954] Fetching topic 12403
[2026-09-12 00:19:06] [2841/2954] Fetching topic 11942
[2026-09-12 00:19:07] Topic 11942: missing 17 posts; fetching in batches...
[2026-09-12 00:19:08] [2842/2954] Fetching topic 12379
[2026-09-12 00:19:09] [2843/2954] Fetching topic 12281
[2026-09-12 00:19:10] Topic 12281: missing 9 posts; fetching in batches...
[2026-09-12 00:19:11] [2844/2954] Fetching topic 12290
[2026-09-12 00:19:13] [2845/2954] Fetching topic 11427
[2026-09-12 00:19:14] [2846/2954] Fetching topic 12278
[2026-09-12 00:19:15] [2847/2954] Fetching topic 12271
[2026-09-12 00:19:16] Topic 12271: missing 6 posts; fetching in batches...
[2026-09-12 00:19:17] [2848/2954] Fetching topic 12212
[2026-09-12 00:19:18] Topic 12212: missing 25 posts; fetching in batches...
[2026-09-12 00:19:19] [2849/2954] Fetching topic 12259
[2026-09-12 00:19:20] [2850/2954] Fetching topic 11955
[2026-09-12 00:19:21] Topic 11955: missing 1 posts; fetching in batches...
[2026-09-12 00:19:22] [2851/2954] Fetching topic 12221
[2026-09-12 00:19:24] Topic 12221: missing 13 posts; fetching in batches...
[2026-09-12 00:19:25] [2852/2954] Fetching topic 12262
[2026-09-12 00:19:26] Topic 12262: downloading 1 uploads
[2026-09-12 00:19:27] Upload failed 404: requested=https://forums.greaterthangames.com/uploads/2012/05/Chaoseater.jpg final=https://forums.greaterthangames.com/uploads/2012/05/Chaoseater.jpg
[2026-09-12 00:19:27] Response headers: {'Server': 'nginx', 'Date': 'Sat, 12 Sep 2026 00:19:27 GMT', 'Content-Type': 'text/html', 'Content-Length': '548', 'Connection': 'keep-alive'}
[2026-09-12 00:19:27] [2853/2954] Fetching topic 12238
[2026-09-12 00:19:28] Topic 12238: missing 58 posts; fetching in batches...
[2026-09-12 00:19:30] [2854/2954] Fetching topic 12242
[2026-09-12 00:19:31] [2855/2954] Fetching topic 12126
[2026-09-12 00:19:32] [2856/2954] Fetching topic 12231
[2026-09-12 00:19:34] [2857/2954] Fetching topic 11927
[2026-09-12 00:19:35] Topic 11927: missing 7 posts; fetching in batches...
[2026-09-12 00:19:36] [2858/2954] Fetching topic 12227
[2026-09-12 00:19:37] [2859/2954] Fetching topic 12189
[2026-09-12 00:19:38] Topic 12189: missing 33 posts; fetching in batches...
[2026-09-12 00:19:39] [2860/2954] Fetching topic 12223
[2026-09-12 00:19:40] [2861/2954] Fetching topic 12209
[2026-09-12 00:19:41] [2862/2954] Fetching topic 12201
[2026-09-12 00:19:42] [2863/2954] Fetching topic 12171
[2026-09-12 00:19:44] [2864/2954] Fetching topic 12177
[2026-09-12 00:19:45] [2865/2954] Fetching topic 12150
[2026-09-12 00:19:46] Topic 12150: missing 22 posts; fetching in batches...
[2026-09-12 00:19:47] [2866/2954] Fetching topic 12185
[2026-09-12 00:19:48] [2867/2954] Fetching topic 11809
[2026-09-12 00:19:49] Topic 11809: missing 76 posts; fetching in batches...
[2026-09-12 00:19:51] [2868/2954] Fetching topic 12173
[2026-09-12 00:19:53] [2869/2954] Fetching topic 12086
[2026-09-12 00:19:54] [2870/2954] Fetching topic 12169
[2026-09-12 00:19:55] Topic 12169: downloading 6 uploads
[2026-09-12 00:20:00] Upload failed 404: requested=https://forums.greaterthangames.com/uploads/default/optimized/2X/4/4e8a982eaa8c01fc43e0480e59a3fbe1197af0c9_2_690x387.jpeg, final=https://forums.greaterthangames.com/uploads/default/optimized/2X/4/4e8a982eaa8c01fc43e0480e59a3fbe1197af0c9_2_690x387.jpeg,
[2026-09-12 00:20:00] Response headers: {'Server': 'nginx', 'Date': 'Sat, 12 Sep 2026 00:20:00 GMT', 'Content-Type': 'text/html', 'Content-Length': '548', 'Connection': 'keep-alive'}
[2026-09-12 00:20:01] [2871/2954] Fetching topic 12156
[2026-09-12 00:20:02] [2872/2954] Fetching topic 12074
[2026-09-12 00:20:03] [2873/2954] Fetching topic 12155
[2026-09-12 00:20:04] [2874/2954] Fetching topic 12144
[2026-09-12 00:20:06] [2875/2954] Fetching topic 12026
[2026-09-12 00:20:07] Topic 12026: missing 59 posts; fetching in batches...
[2026-09-12 00:20:09] Topic 12026: downloading 5 uploads
[2026-09-12 00:20:11] [2876/2954] Fetching topic 12089
[2026-09-12 00:20:12] [2877/2954] Fetching topic 12141
[2026-09-12 00:20:13] [2878/2954] Fetching topic 12131
[2026-09-12 00:20:14] Topic 12131: missing 11 posts; fetching in batches...
[2026-09-12 00:20:15] [2879/2954] Fetching topic 12125
[2026-09-12 00:20:17] [2880/2954] Fetching topic 12066
[2026-09-12 00:20:18] Topic 12066: missing 9 posts; fetching in batches...
[2026-09-12 00:20:19] [2881/2954] Fetching topic 12067
[2026-09-12 00:20:20] [2882/2954] Fetching topic 12081
[2026-09-12 00:20:21] [2883/2954] Fetching topic 12101
[2026-09-12 00:20:22] [2884/2954] Fetching topic 12110
[2026-09-12 00:20:23] Topic 12110: downloading 3 uploads
[2026-09-12 00:20:24] [2885/2954] Fetching topic 12102
[2026-09-12 00:20:25] [2886/2954] Fetching topic 11671
[2026-09-12 00:20:26] Topic 11671: missing 110 posts; fetching in batches...
[2026-09-12 00:20:30] Topic 11671: downloading 1 uploads
[2026-09-12 00:20:31] [2887/2954] Fetching topic 12091
[2026-09-12 00:20:32] [2888/2954] Fetching topic 12078
[2026-09-12 00:20:33] [2889/2954] Fetching topic 11818
[2026-09-12 00:20:34] [2890/2954] Fetching topic 12053
[2026-09-12 00:20:35] Topic 12053: missing 13 posts; fetching in batches...
[2026-09-12 00:20:36] [2891/2954] Fetching topic 12062
[2026-09-12 00:20:38] [2892/2954] Fetching topic 12051
[2026-09-12 00:20:39] Topic 12051: missing 2 posts; fetching in batches...
[2026-09-12 00:20:40] [2893/2954] Fetching topic 12058
[2026-09-12 00:20:41] [2894/2954] Fetching topic 12045
[2026-09-12 00:20:42] Topic 12045: missing 4 posts; fetching in batches...
[2026-09-12 00:20:43] [2895/2954] Fetching topic 12061
[2026-09-12 00:20:44] [2896/2954] Fetching topic 11883
[2026-09-12 00:20:45] [2897/2954] Fetching topic 12048
[2026-09-12 00:20:46] [2898/2954] Fetching topic 12056
[2026-09-12 00:20:47] [2899/2954] Fetching topic 12002
[2026-09-12 00:20:49] Topic 12002: missing 9 posts; fetching in batches...
[2026-09-12 00:20:50] Topic 12002: downloading 2 uploads
[2026-09-12 00:20:50] [2900/2954] Fetching topic 11851
[2026-09-12 00:20:51] [2901/2954] Fetching topic 12018
[2026-09-12 00:20:52] [2902/2954] Fetching topic 11987
[2026-09-12 00:20:53] Topic 11987: downloading 7 uploads
[2026-09-12 00:20:59] Upload failed 404: requested=https://forums.greaterthangames.com/uploads/default/optimized/2X/b/b89f6a1d183e8f992be25014a13363cc118d8550_2_690x388.jpeg, final=https://forums.greaterthangames.com/uploads/default/optimized/2X/b/b89f6a1d183e8f992be25014a13363cc118d8550_2_690x388.jpeg,
[2026-09-12 00:20:59] Response headers: {'Server': 'nginx', 'Date': 'Sat, 12 Sep 2026 00:20:59 GMT', 'Content-Type': 'text/html', 'Content-Length': '548', 'Connection': 'keep-alive'}
[2026-09-12 00:21:00] [2903/2954] Fetching topic 11968
[2026-09-12 00:21:01] Topic 11968: missing 4 posts; fetching in batches...
[2026-09-12 00:21:02] [2904/2954] Fetching topic 11982
[2026-09-12 00:21:03] [2905/2954] Fetching topic 12000
[2026-09-12 00:21:05] [2906/2954] Fetching topic 11988
[2026-09-12 00:21:06] [2907/2954] Fetching topic 12005
[2026-09-12 00:21:07] [2908/2954] Fetching topic 12007
[2026-09-12 00:21:08] [2909/2954] Fetching topic 11990
[2026-09-12 00:21:09] [2910/2954] Fetching topic 11979
[2026-09-12 00:21:10] [2911/2954] Fetching topic 11887
[2026-09-12 00:21:11] Topic 11887: downloading 3 uploads
[2026-09-12 00:21:11] [2912/2954] Fetching topic 11923
[2026-09-12 00:21:12] [2913/2954] Fetching topic 11944
[2026-09-12 00:21:14] [2914/2954] Fetching topic 11924
[2026-09-12 00:21:15] Topic 11924: missing 13 posts; fetching in batches...
[2026-09-12 00:21:16] [2915/2954] Fetching topic 11950
[2026-09-12 00:21:17] Topic 11950: missing 4 posts; fetching in batches...
[2026-09-12 00:21:18] [2916/2954] Fetching topic 11895
[2026-09-12 00:21:19] Topic 11895: downloading 5 uploads
[2026-09-12 00:21:23] Upload failed 404: requested=https://forums.greaterthangames.com/uploads/default/optimized/2X/c/c952ec0f0e4c2cb1010c7cf571644ebbdd900133_2_690x395.jpeg, final=https://forums.greaterthangames.com/uploads/default/optimized/2X/c/c952ec0f0e4c2cb1010c7cf571644ebbdd900133_2_690x395.jpeg,
[2026-09-12 00:21:23] Response headers: {'Server': 'nginx', 'Date': 'Sat, 12 Sep 2026 00:21:23 GMT', 'Content-Type': 'text/html', 'Content-Length': '548', 'Connection': 'keep-alive'}
[2026-09-12 00:21:24] [2917/2954] Fetching topic 11796
[2026-09-12 00:21:25] [2918/2954] Fetching topic 11824
[2026-09-12 00:21:27] [2919/2954] Fetching topic 11938
[2026-09-12 00:21:28] [2920/2954] Fetching topic 11931
[2026-09-12 00:21:29] [2921/2954] Fetching topic 11916
[2026-09-12 00:21:30] [2922/2954] Fetching topic 11912
[2026-09-12 00:21:31] [2923/2954] Fetching topic 11881
[2026-09-12 00:21:32] [2924/2954] Fetching topic 11856
[2026-09-12 00:21:33] [2925/2954] Fetching topic 11767
[2026-09-12 00:21:34] Topic 11767: missing 69 posts; fetching in batches...
[2026-09-12 00:21:37] [2926/2954] Fetching topic 11893
[2026-09-12 00:21:38] [2927/2954] Fetching topic 11849
[2026-09-12 00:21:39] Topic 11849: missing 5 posts; fetching in batches...
[2026-09-12 00:21:40] [2928/2954] Fetching topic 11726
[2026-09-12 00:21:41] Topic 11726: missing 205 posts; fetching in batches...
[2026-09-12 00:21:47] Topic 11726: downloading 1 uploads
[2026-09-12 00:21:48] [2929/2954] Fetching topic 11844
[2026-09-12 00:21:49] Topic 11844: missing 6 posts; fetching in batches...
[2026-09-12 00:21:50] Topic 11844: downloading 5 uploads
[2026-09-12 00:21:53] Upload failed 404: requested=https://forums.greaterthangames.com/uploads/default/optimized/2X/3/3b42f06ebb66196c47c45527a478000f087b8ca3_2_690x440.jpeg, final=https://forums.greaterthangames.com/uploads/default/optimized/2X/3/3b42f06ebb66196c47c45527a478000f087b8ca3_2_690x440.jpeg,
[2026-09-12 00:21:53] Response headers: {'Server': 'nginx', 'Date': 'Sat, 12 Sep 2026 00:21:53 GMT', 'Content-Type': 'text/html', 'Content-Length': '548', 'Connection': 'keep-alive'}
[2026-09-12 00:21:55] [2930/2954] Fetching topic 11826
[2026-09-12 00:21:56] [2931/2954] Fetching topic 11739
[2026-09-12 00:21:57] Topic 11739: missing 24 posts; fetching in batches...
[2026-09-12 00:21:59] Topic 11739: downloading 21 uploads
[2026-09-12 00:22:05] Upload failed 404: requested=https://forums.greaterthangames.com/uploads/default/optimized/2X/4/49fc7f35bea168c45bd13c0fc9295a49a4279432_2_570x500.jpeg, final=https://forums.greaterthangames.com/uploads/default/optimized/2X/4/49fc7f35bea168c45bd13c0fc9295a49a4279432_2_570x500.jpeg,
[2026-09-12 00:22:05] Response headers: {'Server': 'nginx', 'Date': 'Sat, 12 Sep 2026 00:22:05 GMT', 'Content-Type': 'text/html', 'Content-Length': '548', 'Connection': 'keep-alive'}
[2026-09-12 00:22:11] Upload failed 404: requested=https://forums.greaterthangames.com/uploads/default/optimized/2X/a/acf7660a3a49c83fddeaaa00203a83d6f0d851be_2_637x499.jpeg, final=https://forums.greaterthangames.com/uploads/default/optimized/2X/a/acf7660a3a49c83fddeaaa00203a83d6f0d851be_2_637x499.jpeg,
[2026-09-12 00:22:11] Response headers: {'Server': 'nginx', 'Date': 'Sat, 12 Sep 2026 00:22:11 GMT', 'Content-Type': 'text/html', 'Content-Length': '548', 'Connection': 'keep-alive'}
[2026-09-12 00:22:16] Upload failed 404: requested=https://forums.greaterthangames.com/uploads/default/optimized/2X/c/c8737b9a65247ed73152820770446c1624d5d3d6_2_690x431.jpeg, final=https://forums.greaterthangames.com/uploads/default/optimized/2X/c/c8737b9a65247ed73152820770446c1624d5d3d6_2_690x431.jpeg,
[2026-09-12 00:22:16] Response headers: {'Server': 'nginx', 'Date': 'Sat, 12 Sep 2026 00:22:16 GMT', 'Content-Type': 'text/html', 'Content-Length': '548', 'Connection': 'keep-alive'}
[2026-09-12 00:22:20] [2932/2954] Fetching topic 11834
[2026-09-12 00:22:21] [2933/2954] Fetching topic 11800
[2026-09-12 00:22:22] [2934/2954] Fetching topic 11840
[2026-09-12 00:22:23] [2935/2954] Fetching topic 11837
[2026-09-12 00:22:25] [2936/2954] Fetching topic 11814
[2026-09-12 00:22:26] [2937/2954] Fetching topic 11825
[2026-09-12 00:22:27] [2938/2954] Fetching topic 11816
[2026-09-12 00:22:28] [2939/2954] Fetching topic 11736
[2026-09-12 00:22:29] Topic 11736: missing 15 posts; fetching in batches...
[2026-09-12 00:22:30] [2940/2954] Fetching topic 11722
[2026-09-12 00:22:31] Topic 11722: missing 1 posts; fetching in batches...
[2026-09-12 00:22:32] [2941/2954] Fetching topic 11765
[2026-09-12 00:22:33] [2942/2954] Fetching topic 11789
[2026-09-12 00:22:34] Topic 11789: missing 3 posts; fetching in batches...
[2026-09-12 00:22:35] Topic 11789: downloading 1 uploads
[2026-09-12 00:22:37] [2943/2954] Fetching topic 11723
[2026-09-12 00:22:38] [2944/2954] Fetching topic 11764
[2026-09-12 00:22:39] [2945/2954] Fetching topic 11744
[2026-09-12 00:22:40] [2946/2954] Fetching topic 11751
[2026-09-12 00:22:41] [2947/2954] Fetching topic 11757
[2026-09-12 00:22:42] [2948/2954] Fetching topic 11748
[2026-09-12 00:22:43] [2949/2954] Fetching topic 11694
[2026-09-12 00:22:44] Topic 11694: missing 119 posts; fetching in batches...
[2026-09-12 00:22:48] Topic 11694: downloading 5 uploads
[2026-09-12 00:22:52] Upload failed 404: requested=https://forums.greaterthangames.com/uploads/default/optimized/2X/1/1180e3813e876da322c667854628f7c322f3b185_2_690x388.png, final=https://forums.greaterthangames.com/uploads/default/optimized/2X/1/1180e3813e876da322c667854628f7c322f3b185_2_690x388.png,
[2026-09-12 00:22:52] Response headers: {'Server': 'nginx', 'Date': 'Sat, 12 Sep 2026 00:22:52 GMT', 'Content-Type': 'text/html', 'Content-Length': '548', 'Connection': 'keep-alive'}
[2026-09-12 00:22:53] [2950/2954] Fetching topic 11730
[2026-09-12 00:22:54] [2951/2954] Fetching topic 11687
[2026-09-12 00:22:55] Topic 11687: missing 11 posts; fetching in batches...
[2026-09-12 00:22:56] Topic 11687: downloading 2 uploads
[2026-09-12 00:22:56] [2952/2954] Fetching topic 10554
[2026-09-12 00:22:57] Topic 10554: missing 43 posts; fetching in batches...
[2026-09-12 00:22:59] [2953/2954] Fetching topic 11701
[2026-09-12 00:23:00] [2954/2954] Fetching topic 11632
[2026-09-12 00:23:01] Topic 11632: missing 10 posts; fetching in batches...
[2026-09-12 00:23:02] Category backup completed.
[2026-09-12 15:40:40] Backing up category: 43/other-games
[2026-09-12 15:41:00] Backing up category: 43/other-games
[2026-09-14 04:17:41] [update] Rescanning category 73/games for changes
[2026-09-14 04:19:31] Category page 99: no topics; stopping.
[2026-09-14 04:19:31] [update] Live listing has 2954 topics for 73/games
[2026-09-14 04:19:31] [update] games: 0 new, 1 changed, 0 no longer listed live
[2026-09-14 04:19:31] [update] (1/1) refreshing topic 32328
[2026-09-14 04:19:32] Topic 32328: missing 115 posts; fetching in batches...
[2026-09-14 04:19:37] Upload failed 404: requested=https://forums.greaterthangames.com/uploads/default/optimized/2X/0/08f08074418f77b1c5ecd7701625abe01c6642ab_2_637x500.jpeg, final=https://forums.greaterthangames.com/uploads/default/optimized/2X/0/08f08074418f77b1c5ecd7701625abe01c6642ab_2_637x500.jpeg,
[2026-09-14 04:19:37] Response headers: {'Server': 'nginx', 'Date': 'Mon, 14 Sep 2026 04:19:37 GMT', 'Content-Type': 'text/html', 'Content-Length': '548', 'Connection': 'keep-alive'}
[2026-09-14 04:19:38] Upload failed 404: requested=https://forums.greaterthangames.com/uploads/default/optimized/2X/7/7ab33e4930de8c7718fb96f60884107e6609d525_2_337x375.jpeg, final=https://forums.greaterthangames.com/uploads/default/optimized/2X/7/7ab33e4930de8c7718fb96f60884107e6609d525_2_337x375.jpeg,
[2026-09-14 04:19:38] Response headers: {'Server': 'nginx', 'Date': 'Mon, 14 Sep 2026 04:19:38 GMT', 'Content-Type': 'text/html', 'Content-Length': '548', 'Connection': 'keep-alive'}
