[2026-09-12 15:42:19] Backing up category: 43/other-games
[2026-09-12 15:45:24] Backing up category: 43/other-games
[2026-09-12 15:46:38] Category page 65: no topics; stopping.
[2026-09-12 15:46:38] Collected 1945 unique topics from category 43/other-games.
[2026-09-12 15:46:38] [1/1945] Fetching topic 4960
[2026-09-12 15:46:39] [2/1945] Fetching topic 28739
[2026-09-12 15:46:41] [3/1945] Fetching topic 7334
[2026-09-12 15:46:42] Topic 7334: missing 344 posts; fetching in batches...
[2026-09-12 15:46:50] [4/1945] Fetching topic 16694
[2026-09-12 15:46:52] [5/1945] Fetching topic 19235
[2026-09-12 15:46:53] Topic 19235: missing 8 posts; fetching in batches...
[2026-09-12 15:46:54] Topic 19235: downloading 6 uploads
[2026-09-12 15:46:57] Upload failed 404: requested=https://forums.greaterthangames.com/uploads/default/optimized/2X/f/fd64a00959f44e8865b48bafcabbd00bb75d0635_2_369x500.jpeg, final=https://forums.greaterthangames.com/uploads/default/optimized/2X/f/fd64a00959f44e8865b48bafcabbd00bb75d0635_2_369x500.jpeg,
[2026-09-12 15:46:57] Response headers: {'Server': 'nginx', 'Date': 'Sat, 12 Sep 2026 15:46:57 GMT', 'Content-Type': 'text/html', 'Content-Length': '548', 'Connection': 'keep-alive'}
[2026-09-12 15:47:00] [6/1945] Fetching topic 32029
[2026-09-12 15:47:01] [7/1945] Fetching topic 32017
[2026-09-12 15:47:02] [8/1945] Fetching topic 31872
[2026-09-12 15:47:03] [9/1945] Fetching topic 31478
[2026-09-12 15:47:04] [10/1945] Fetching topic 6456
[2026-09-12 15:47:06] [11/1945] Fetching topic 29946
[2026-09-12 15:47:07] [12/1945] Fetching topic 30339
[2026-09-12 15:47:08] [13/1945] Fetching topic 30347
[2026-09-12 15:47:09] [14/1945] Fetching topic 12313
[2026-09-12 15:47:10] [15/1945] Fetching topic 9598
[2026-09-12 15:47:11] [16/1945] Fetching topic 20519
[2026-09-12 15:47:12] [17/1945] Fetching topic 29994
[2026-09-12 15:47:14] [18/1945] Fetching topic 29872
[2026-09-12 15:47:15] [19/1945] Fetching topic 29155
[2026-09-12 15:47:16] Topic 29155: missing 7 posts; fetching in batches...
[2026-09-12 15:47:17] [20/1945] Fetching topic 29669
[2026-09-12 15:47:18] Topic 29669: downloading 1 uploads
[2026-09-12 15:47:20] [21/1945] Fetching topic 29610
[2026-09-12 15:47:20] [22/1945] Fetching topic 28300
[2026-09-12 15:47:22] Topic 28300: downloading 10 uploads
[2026-09-12 15:47:26] Upload failed 404: requested=https://forums.greaterthangames.com/uploads/default/optimized/2X/3/3106a144615714ec37f219e104c7305a16c80705_2_690x362.png, final=https://forums.greaterthangames.com/uploads/default/optimized/2X/3/3106a144615714ec37f219e104c7305a16c80705_2_690x362.png,
[2026-09-12 15:47:26] Response headers: {'Server': 'nginx', 'Date': 'Sat, 12 Sep 2026 15:47:26 GMT', 'Content-Type': 'text/html', 'Content-Length': '548', 'Connection': 'keep-alive'}
[2026-09-12 15:47:30] Upload failed 404: requested=https://forums.greaterthangames.com/uploads/default/optimized/2X/6/6b35b3a7a3def1092f240f70fe09988a12dee2bb_2_690x362.png, final=https://forums.greaterthangames.com/uploads/default/optimized/2X/6/6b35b3a7a3def1092f240f70fe09988a12dee2bb_2_690x362.png,
[2026-09-12 15:47:30] Response headers: {'Server': 'nginx', 'Date': 'Sat, 12 Sep 2026 15:47:30 GMT', 'Content-Type': 'text/html', 'Content-Length': '548', 'Connection': 'keep-alive'}
[2026-09-12 15:47:32] [23/1945] Fetching topic 29323
[2026-09-12 15:47:33] [24/1945] Fetching topic 29225
[2026-09-12 15:47:34] [25/1945] Fetching topic 29043
[2026-09-12 15:47:35] [26/1945] Fetching topic 29034
[2026-09-12 15:47:36] [27/1945] Fetching topic 28766
[2026-09-12 15:47:37] Topic 28766: downloading 7 uploads
[2026-09-12 15:47:41] Upload failed 404: requested=https://forums.greaterthangames.com/uploads/default/optimized/2X/a/a0153e3693124a8b5c119d379ec1a318b02db090_2_225x500.jpeg, final=https://forums.greaterthangames.com/uploads/default/optimized/2X/a/a0153e3693124a8b5c119d379ec1a318b02db090_2_225x500.jpeg,
[2026-09-12 15:47:41] Response headers: {'Server': 'nginx', 'Date': 'Sat, 12 Sep 2026 15:47:41 GMT', 'Content-Type': 'text/html', 'Content-Length': '548', 'Connection': 'keep-alive'}
[2026-09-12 15:47:45] [28/1945] Fetching topic 28748
[2026-09-12 15:47:46] [29/1945] Fetching topic 28289
[2026-09-12 15:47:47] Topic 28289: downloading 2 uploads
[2026-09-12 15:47:49] [30/1945] Fetching topic 28404
[2026-09-12 15:47:50] [31/1945] Fetching topic 28593
[2026-09-12 15:47:51] [32/1945] Fetching topic 28591
[2026-09-12 15:47:52] [33/1945] Fetching topic 12496
[2026-09-12 15:47:53] Topic 12496: missing 68 posts; fetching in batches...
[2026-09-12 15:47:56] [34/1945] Fetching topic 18093
[2026-09-12 15:47:57] Topic 18093: missing 33 posts; fetching in batches...
[2026-09-12 15:47:58] [35/1945] Fetching topic 7271
[2026-09-12 15:47:59] Topic 7271: missing 7 posts; fetching in batches...
[2026-09-12 15:48:00] [36/1945] Fetching topic 28301
[2026-09-12 15:48:01] [37/1945] Fetching topic 28235
[2026-09-12 15:48:02] [38/1945] Fetching topic 20536
[2026-09-12 15:48:03] [39/1945] Fetching topic 20439
[2026-09-12 15:48:04] [40/1945] Fetching topic 19898
[2026-09-12 15:48:06] [41/1945] Fetching topic 15438
[2026-09-12 15:48:07] [42/1945] Fetching topic 19580
[2026-09-12 15:48:08] [43/1945] Fetching topic 13340
[2026-09-12 15:48:09] [44/1945] Fetching topic 11508
[2026-09-12 15:48:10] [45/1945] Fetching topic 19499
[2026-09-12 15:48:11] [46/1945] Fetching topic 19490
[2026-09-12 15:48:12] [47/1945] Fetching topic 19461
[2026-09-12 15:48:13] [48/1945] Fetching topic 17718
[2026-09-12 15:48:15] [49/1945] Fetching topic 9694
[2026-09-12 15:48:16] Topic 9694: missing 36 posts; fetching in batches...
[2026-09-12 15:48:17] [50/1945] Fetching topic 7503
[2026-09-12 15:48:18] [51/1945] Fetching topic 12166
[2026-09-12 15:48:19] Topic 12166: missing 92 posts; fetching in batches...
[2026-09-12 15:48:22] [52/1945] Fetching topic 19189
[2026-09-12 15:48:23] [53/1945] Fetching topic 6287
[2026-09-12 15:48:24] Topic 6287: missing 100 posts; fetching in batches...
[2026-09-12 15:48:26] [54/1945] Fetching topic 18841
[2026-09-12 15:48:27] [55/1945] Fetching topic 8786
[2026-09-12 15:48:28] Topic 8786: missing 55 posts; fetching in batches...
[2026-09-12 15:48:31] [56/1945] Fetching topic 18218
[2026-09-12 15:48:32] Topic 18218: missing 15 posts; fetching in batches...
[2026-09-12 15:48:33] [57/1945] Fetching topic 13417
[2026-09-12 15:48:34] [58/1945] Fetching topic 15800
[2026-09-12 15:48:35] Topic 15800: missing 3 posts; fetching in batches...
[2026-09-12 15:48:36] [59/1945] Fetching topic 18371
[2026-09-12 15:48:37] [60/1945] Fetching topic 9299
[2026-09-12 15:48:38] [61/1945] Fetching topic 16801
[2026-09-12 15:48:39] [62/1945] Fetching topic 18244
[2026-09-12 15:48:41] [63/1945] Fetching topic 18206
[2026-09-12 15:48:42] Topic 18206: downloading 1 uploads
[2026-09-12 15:48:43] [64/1945] Fetching topic 17078
[2026-09-12 15:48:44] [65/1945] Fetching topic 18203
[2026-09-12 15:48:45] [66/1945] Fetching topic 17910
[2026-09-12 15:48:46] [67/1945] Fetching topic 18085
[2026-09-12 15:48:47] [68/1945] Fetching topic 18020
[2026-09-12 15:48:48] [69/1945] Fetching topic 17129
[2026-09-12 15:48:49] [70/1945] Fetching topic 18018
[2026-09-12 15:48:51] [71/1945] Fetching topic 13442
[2026-09-12 15:48:52] [72/1945] Fetching topic 17918
[2026-09-12 15:48:53] [73/1945] Fetching topic 17787
[2026-09-12 15:48:54] [74/1945] Fetching topic 16546
[2026-09-12 15:48:55] Topic 16546: missing 115 posts; fetching in batches...
[2026-09-12 15:48:59] [75/1945] Fetching topic 17522
[2026-09-12 15:49:00] [76/1945] Fetching topic 17488
[2026-09-12 15:49:01] [77/1945] Fetching topic 9221
[2026-09-12 15:49:02] Topic 9221: missing 53 posts; fetching in batches...
[2026-09-12 15:49:04] [78/1945] Fetching topic 17394
[2026-09-12 15:49:05] [79/1945] Fetching topic 17333
[2026-09-12 15:49:06] [80/1945] Fetching topic 17306
[2026-09-12 15:49:08] [81/1945] Fetching topic 17280
[2026-09-12 15:49:09] [82/1945] Fetching topic 6998
[2026-09-12 15:49:10] Topic 6998: missing 57 posts; fetching in batches...
[2026-09-12 15:49:12] [83/1945] Fetching topic 17218
[2026-09-12 15:49:13] [84/1945] Fetching topic 9167
[2026-09-12 15:49:14] [85/1945] Fetching topic 16781
[2026-09-12 15:49:16] Topic 16781: missing 3 posts; fetching in batches...
[2026-09-12 15:49:17] [86/1945] Fetching topic 16995
[2026-09-12 15:49:18] [87/1945] Fetching topic 17055
[2026-09-12 15:49:19] [88/1945] Fetching topic 17075
[2026-09-12 15:49:20] [89/1945] Fetching topic 16884
[2026-09-12 15:49:21] [90/1945] Fetching topic 17035
[2026-09-12 15:49:22] [91/1945] Fetching topic 17022
[2026-09-12 15:49:23] [92/1945] Fetching topic 16972
[2026-09-12 15:49:24] [93/1945] Fetching topic 10914
[2026-09-12 15:49:26] [94/1945] Fetching topic 16959
[2026-09-12 15:49:27] [95/1945] Fetching topic 16907
[2026-09-12 15:49:28] [96/1945] Fetching topic 16890
[2026-09-12 15:49:29] [97/1945] Fetching topic 16913
[2026-09-12 15:49:30] [98/1945] Fetching topic 16912
[2026-09-12 15:49:31] [99/1945] Fetching topic 16915
[2026-09-12 15:49:32] [100/1945] Fetching topic 16885
[2026-09-12 15:49:34] [101/1945] Fetching topic 16873
[2026-09-12 15:49:35] [102/1945] Fetching topic 16860
[2026-09-12 15:49:36] [103/1945] Fetching topic 16858
[2026-09-12 15:49:37] [104/1945] Fetching topic 9881
[2026-09-12 15:49:38] [105/1945] Fetching topic 10900
[2026-09-12 15:49:39] Topic 10900: missing 5 posts; fetching in batches...
[2026-09-12 15:49:40] [106/1945] Fetching topic 16809
[2026-09-12 15:49:41] [107/1945] Fetching topic 16796
[2026-09-12 15:49:43] [108/1945] Fetching topic 16787
[2026-09-12 15:49:44] [109/1945] Fetching topic 16747
[2026-09-12 15:49:45] [110/1945] Fetching topic 12452
[2026-09-12 15:49:46] Topic 12452: missing 8 posts; fetching in batches...
[2026-09-12 15:49:47] [111/1945] Fetching topic 16691
[2026-09-12 15:49:48] Topic 16691: downloading 2 uploads
[2026-09-12 15:49:50] [112/1945] Fetching topic 16652
[2026-09-12 15:49:51] [113/1945] Fetching topic 16650
[2026-09-12 15:49:52] [114/1945] Fetching topic 16648
[2026-09-12 15:49:53] [115/1945] Fetching topic 16581
[2026-09-12 15:49:55] Topic 16581: missing 19 posts; fetching in batches...
[2026-09-12 15:49:56] [116/1945] Fetching topic 10970
[2026-09-12 15:49:57] Topic 10970: missing 16 posts; fetching in batches...
[2026-09-12 15:49:58] [117/1945] Fetching topic 16540
[2026-09-12 15:49:59] [118/1945] Fetching topic 16544
[2026-09-12 15:50:00] [119/1945] Fetching topic 6226
[2026-09-12 15:50:01] Topic 6226: missing 42 posts; fetching in batches...
[2026-09-12 15:50:02] [120/1945] Fetching topic 16055
[2026-09-12 15:50:03] [121/1945] Fetching topic 15096
[2026-09-12 15:50:05] [122/1945] Fetching topic 6866
[2026-09-12 15:50:06] Topic 6866: missing 366 posts; fetching in batches...
[2026-09-12 15:50:15] Topic 6866: downloading 6 uploads
[2026-09-12 15:50:21] [123/1945] Fetching topic 11868
[2026-09-12 15:50:23] Topic 11868: missing 18 posts; fetching in batches...
[2026-09-12 15:50:24] [124/1945] Fetching topic 16333
[2026-09-12 15:50:25] [125/1945] Fetching topic 16332
[2026-09-12 15:50:26] [126/1945] Fetching topic 7055
[2026-09-12 15:50:27] [127/1945] Fetching topic 16206
[2026-09-12 15:50:28] [128/1945] Fetching topic 16166
[2026-09-12 15:50:29] [129/1945] Fetching topic 16071
[2026-09-12 15:50:30] [130/1945] Fetching topic 15945
[2026-09-12 15:50:32] [131/1945] Fetching topic 16021
[2026-09-12 15:50:33] Topic 16021: missing 31 posts; fetching in batches...
[2026-09-12 15:50:34] [132/1945] Fetching topic 15980
[2026-09-12 15:50:35] Topic 15980: missing 14 posts; fetching in batches...
[2026-09-12 15:50:36] [133/1945] Fetching topic 16043
[2026-09-12 15:50:37] [134/1945] Fetching topic 10943
[2026-09-12 15:50:38] Topic 10943: missing 20 posts; fetching in batches...
[2026-09-12 15:50:39] [135/1945] Fetching topic 15997
[2026-09-12 15:50:40] [136/1945] Fetching topic 16029
[2026-09-12 15:50:41] [137/1945] Fetching topic 15993
[2026-09-12 15:50:43] [138/1945] Fetching topic 10525
[2026-09-12 15:50:44] [139/1945] Fetching topic 16020
[2026-09-12 15:50:45] [140/1945] Fetching topic 14568
[2026-09-12 15:50:46] Topic 14568: missing 16 posts; fetching in batches...
[2026-09-12 15:50:47] [141/1945] Fetching topic 16005
[2026-09-12 15:50:48] [142/1945] Fetching topic 15995
[2026-09-12 15:50:49] Topic 15995: missing 2 posts; fetching in batches...
[2026-09-12 15:50:50] [143/1945] Fetching topic 15988
[2026-09-12 15:50:51] [144/1945] Fetching topic 15927
[2026-09-12 15:50:53] [145/1945] Fetching topic 15970
[2026-09-12 15:50:54] [146/1945] Fetching topic 15974
[2026-09-12 15:50:55] [147/1945] Fetching topic 15925
[2026-09-12 15:50:56] [148/1945] Fetching topic 15516
[2026-09-12 15:50:57] Topic 15516: missing 87 posts; fetching in batches...
[2026-09-12 15:50:59] Topic 15516: downloading 12 uploads
[2026-09-12 15:51:05] Upload failed 404: requested=https://forums.greaterthangames.com/uploads/default/optimized/2X/1/1b5721a080a8908cfe104300fafa6cea01cb1c56_2_687x500.jpeg, final=https://forums.greaterthangames.com/uploads/default/optimized/2X/1/1b5721a080a8908cfe104300fafa6cea01cb1c56_2_687x500.jpeg,
[2026-09-12 15:51:05] Response headers: {'Server': 'nginx', 'Date': 'Sat, 12 Sep 2026 15:51:05 GMT', 'Content-Type': 'text/html', 'Content-Length': '548', 'Connection': 'keep-alive'}
[2026-09-12 15:51:09] Upload failed 404: requested=https://forums.greaterthangames.com/uploads/default/optimized/2X/b/b4fd2a7e420e189f6168ba4a152d3016392313e3_2_500x500.jpeg, final=https://forums.greaterthangames.com/uploads/default/optimized/2X/b/b4fd2a7e420e189f6168ba4a152d3016392313e3_2_500x500.jpeg,
[2026-09-12 15:51:09] Response headers: {'Server': 'nginx', 'Date': 'Sat, 12 Sep 2026 15:51:08 GMT', 'Content-Type': 'text/html', 'Content-Length': '548', 'Connection': 'keep-alive'}
[2026-09-12 15:51:12] [149/1945] Fetching topic 15885
[2026-09-12 15:51:13] [150/1945] Fetching topic 6682
[2026-09-12 15:51:14] Topic 6682: missing 17 posts; fetching in batches...
[2026-09-12 15:51:15] [151/1945] Fetching topic 15864
[2026-09-12 15:51:16] Topic 15864: missing 37 posts; fetching in batches...
[2026-09-12 15:51:17] Topic 15864: downloading 2 uploads
[2026-09-12 15:51:19] [152/1945] Fetching topic 15906
[2026-09-12 15:51:20] [153/1945] Fetching topic 15887
[2026-09-12 15:51:21] [154/1945] Fetching topic 15892
[2026-09-12 15:51:23] [155/1945] Fetching topic 15881
[2026-09-12 15:51:24] [156/1945] Fetching topic 15853
[2026-09-12 15:51:25] [157/1945] Fetching topic 15841
[2026-09-12 15:51:26] [158/1945] Fetching topic 6194
[2026-09-12 15:51:27] Topic 6194: missing 50 posts; fetching in batches...
[2026-09-12 15:51:28] [159/1945] Fetching topic 15823
[2026-09-12 15:51:29] [160/1945] Fetching topic 15595
[2026-09-12 15:51:31] Topic 15595: downloading 1 uploads
[2026-09-12 15:51:32] [161/1945] Fetching topic 15608
[2026-09-12 15:51:33] Topic 15608: missing 32 posts; fetching in batches...
[2026-09-12 15:51:34] [162/1945] Fetching topic 15806
[2026-09-12 15:51:35] [163/1945] Fetching topic 13414
[2026-09-12 15:51:36] [164/1945] Fetching topic 9955
[2026-09-12 15:51:37] [165/1945] Fetching topic 11828
[2026-09-12 15:51:38] Topic 11828: missing 93 posts; fetching in batches...
[2026-09-12 15:51:41] [166/1945] Fetching topic 15783
[2026-09-12 15:51:42] [167/1945] Fetching topic 15764
[2026-09-12 15:51:43] [168/1945] Fetching topic 15750
[2026-09-12 15:51:44] [169/1945] Fetching topic 15743
[2026-09-12 15:51:45] [170/1945] Fetching topic 15733
[2026-09-12 15:51:46] [171/1945] Fetching topic 15716
[2026-09-12 15:51:48] [172/1945] Fetching topic 15715
[2026-09-12 15:51:49] Topic 15715: missing 2 posts; fetching in batches...
[2026-09-12 15:51:50] [173/1945] Fetching topic 15677
[2026-09-12 15:51:51] [174/1945] Fetching topic 15708
[2026-09-12 15:51:52] [175/1945] Fetching topic 15689
[2026-09-12 15:51:53] [176/1945] Fetching topic 15657
[2026-09-12 15:51:54] [177/1945] Fetching topic 15648
[2026-09-12 15:51:55] [178/1945] Fetching topic 15640
[2026-09-12 15:51:56] [179/1945] Fetching topic 15614
[2026-09-12 15:51:57] Topic 15614: missing 31 posts; fetching in batches...
[2026-09-12 15:51:59] [180/1945] Fetching topic 15626
[2026-09-12 15:52:00] [181/1945] Fetching topic 15617
[2026-09-12 15:52:01] [182/1945] Fetching topic 15381
[2026-09-12 15:52:02] [183/1945] Fetching topic 14169
[2026-09-12 15:52:03] Topic 14169: missing 69 posts; fetching in batches...
[2026-09-12 15:52:05] Topic 14169: downloading 4 uploads
[2026-09-12 15:52:08] [184/1945] Fetching topic 15594
[2026-09-12 15:52:09] [185/1945] Fetching topic 15579
[2026-09-12 15:52:11] [186/1945] Fetching topic 15423
[2026-09-12 15:52:12] [187/1945] Fetching topic 15537
[2026-09-12 15:52:13] [188/1945] Fetching topic 15540
[2026-09-12 15:52:14] [189/1945] Fetching topic 15463
[2026-09-12 15:52:15] Topic 15463: missing 6 posts; fetching in batches...
[2026-09-12 15:52:16] [190/1945] Fetching topic 15513
[2026-09-12 15:52:17] [191/1945] Fetching topic 15509
[2026-09-12 15:52:18] [192/1945] Fetching topic 15479
[2026-09-12 15:52:19] [193/1945] Fetching topic 15339
[2026-09-12 15:52:21] [194/1945] Fetching topic 15465
[2026-09-12 15:52:22] [195/1945] Fetching topic 15435
[2026-09-12 15:52:23] [196/1945] Fetching topic 15413
[2026-09-12 15:52:24] Topic 15413: downloading 2 uploads
[2026-09-12 15:52:26] [197/1945] Fetching topic 15425
[2026-09-12 15:52:27] [198/1945] Fetching topic 15403
[2026-09-12 15:52:28] [199/1945] Fetching topic 15330
[2026-09-12 15:52:29] Topic 15330: missing 11 posts; fetching in batches...
[2026-09-12 15:52:30] [200/1945] Fetching topic 15375
[2026-09-12 15:52:31] [201/1945] Fetching topic 15364
[2026-09-12 15:52:33] [202/1945] Fetching topic 15338
[2026-09-12 15:52:34] Topic 15338: missing 1 posts; fetching in batches...
[2026-09-12 15:52:35] [203/1945] Fetching topic 15343
[2026-09-12 15:52:36] [204/1945] Fetching topic 15360
[2026-09-12 15:52:37] [205/1945] Fetching topic 15329
[2026-09-12 15:52:38] [206/1945] Fetching topic 15322
[2026-09-12 15:52:39] [207/1945] Fetching topic 15312
[2026-09-12 15:52:40] [208/1945] Fetching topic 15305
[2026-09-12 15:52:41] [209/1945] Fetching topic 15304
[2026-09-12 15:52:43] [210/1945] Fetching topic 15302
[2026-09-12 15:52:44] [211/1945] Fetching topic 15277
[2026-09-12 15:52:45] [212/1945] Fetching topic 15241
[2026-09-12 15:52:46] [213/1945] Fetching topic 11709
[2026-09-12 15:52:47] Topic 11709: missing 39 posts; fetching in batches...
[2026-09-12 15:52:48] Topic 11709: downloading 1 uploads
[2026-09-12 15:52:49] [214/1945] Fetching topic 15259
[2026-09-12 15:52:50] [215/1945] Fetching topic 11037
[2026-09-12 15:52:51] Topic 11037: missing 66 posts; fetching in batches...
[2026-09-12 15:52:54] Topic 11037: downloading 170 uploads
[2026-09-12 15:53:24] Upload failed 404: requested=https://forums.greaterthangames.com/uploads/default/optimized/2X/0/0b16d521488158c08a702e4137e85b8023d7547a_2_666x499.jpeg, final=https://forums.greaterthangames.com/uploads/default/optimized/2X/0/0b16d521488158c08a702e4137e85b8023d7547a_2_666x499.jpeg,
[2026-09-12 15:53:24] Response headers: {'Server': 'nginx', 'Date': 'Sat, 12 Sep 2026 15:53:24 GMT', 'Content-Type': 'text/html', 'Content-Length': '548', 'Connection': 'keep-alive'}
[2026-09-12 15:53:28] Upload failed 404: requested=https://forums.greaterthangames.com/uploads/default/optimized/2X/0/0c2b8d27ae78d158fd448389cc6939d895584d08_2_460x500.jpeg, final=https://forums.greaterthangames.com/uploads/default/optimized/2X/0/0c2b8d27ae78d158fd448389cc6939d895584d08_2_460x500.jpeg,
[2026-09-12 15:53:28] Response headers: {'Server': 'nginx', 'Date': 'Sat, 12 Sep 2026 15:53:28 GMT', 'Content-Type': 'text/html', 'Content-Length': '548', 'Connection': 'keep-alive'}
[2026-09-12 15:53:31] Upload failed 404: requested=https://forums.greaterthangames.com/uploads/default/optimized/2X/1/1030ca769db4eca8c0d4e9133c3e2f774dc6b810_2_300x500.jpeg, final=https://forums.greaterthangames.com/uploads/default/optimized/2X/1/1030ca769db4eca8c0d4e9133c3e2f774dc6b810_2_300x500.jpeg,
[2026-09-12 15:53:31] Response headers: {'Server': 'nginx', 'Date': 'Sat, 12 Sep 2026 15:53:31 GMT', 'Content-Type': 'text/html', 'Content-Length': '548', 'Connection': 'keep-alive'}
[2026-09-12 15:53:36] Upload failed 404: requested=https://forums.greaterthangames.com/uploads/default/optimized/2X/1/19ff6b8c1ff5ac9cb6468de144d7de9a29d30e25_2_300x500.jpeg, final=https://forums.greaterthangames.com/uploads/default/optimized/2X/1/19ff6b8c1ff5ac9cb6468de144d7de9a29d30e25_2_300x500.jpeg,
[2026-09-12 15:53:36] Response headers: {'Server': 'nginx', 'Date': 'Sat, 12 Sep 2026 15:53:36 GMT', 'Content-Type': 'text/html', 'Content-Length': '548', 'Connection': 'keep-alive'}
[2026-09-12 15:53:41] Upload failed 404: requested=https://forums.greaterthangames.com/uploads/default/optimized/2X/1/1b260f1644600f1b9e78a94a58ff9059a4dcc5e2_2_300x500.jpeg, final=https://forums.greaterthangames.com/uploads/default/optimized/2X/1/1b260f1644600f1b9e78a94a58ff9059a4dcc5e2_2_300x500.jpeg,
[2026-09-12 15:53:41] Response headers: {'Server': 'nginx', 'Date': 'Sat, 12 Sep 2026 15:53:41 GMT', 'Content-Type': 'text/html', 'Content-Length': '548', 'Connection': 'keep-alive'}
[2026-09-12 15:53:47] Upload failed 404: requested=https://forums.greaterthangames.com/uploads/default/optimized/2X/2/202cafcaa238bd3acc7d953a09d13a32ffe23588_2_451x500.jpeg, final=https://forums.greaterthangames.com/uploads/default/optimized/2X/2/202cafcaa238bd3acc7d953a09d13a32ffe23588_2_451x500.jpeg,
[2026-09-12 15:53:47] Response headers: {'Server': 'nginx', 'Date': 'Sat, 12 Sep 2026 15:53:47 GMT', 'Content-Type': 'text/html', 'Content-Length': '548', 'Connection': 'keep-alive'}
[2026-09-12 15:53:50] Upload failed 404: requested=https://forums.greaterthangames.com/uploads/default/optimized/2X/2/221598580b8a1d94923b10347e6db70afbde9cb0_2_300x500.jpeg, final=https://forums.greaterthangames.com/uploads/default/optimized/2X/2/221598580b8a1d94923b10347e6db70afbde9cb0_2_300x500.jpeg,
[2026-09-12 15:53:50] Response headers: {'Server': 'nginx', 'Date': 'Sat, 12 Sep 2026 15:53:50 GMT', 'Content-Type': 'text/html', 'Content-Length': '548', 'Connection': 'keep-alive'}
[2026-09-12 15:53:55] Upload failed 404: requested=https://forums.greaterthangames.com/uploads/default/optimized/2X/2/2514c0539377c2783e23bac802ca61812dba5001_2_423x500.jpeg, final=https://forums.greaterthangames.com/uploads/default/optimized/2X/2/2514c0539377c2783e23bac802ca61812dba5001_2_423x500.jpeg,
[2026-09-12 15:53:55] Response headers: {'Server': 'nginx', 'Date': 'Sat, 12 Sep 2026 15:53:55 GMT', 'Content-Type': 'text/html', 'Content-Length': '548', 'Connection': 'keep-alive'}
[2026-09-12 15:53:58] Upload failed 404: requested=https://forums.greaterthangames.com/uploads/default/optimized/2X/2/2b80685e151461f1a002f1248139f805da30a316_2_300x500.jpeg, final=https://forums.greaterthangames.com/uploads/default/optimized/2X/2/2b80685e151461f1a002f1248139f805da30a316_2_300x500.jpeg,
[2026-09-12 15:53:58] Response headers: {'Server': 'nginx', 'Date': 'Sat, 12 Sep 2026 15:53:58 GMT', 'Content-Type': 'text/html', 'Content-Length': '548', 'Connection': 'keep-alive'}
[2026-09-12 15:54:03] Upload failed 404: requested=https://forums.greaterthangames.com/uploads/default/optimized/2X/3/3912b6b09c20534bda3be17439ed642f507e9837_2_415x500.jpeg, final=https://forums.greaterthangames.com/uploads/default/optimized/2X/3/3912b6b09c20534bda3be17439ed642f507e9837_2_415x500.jpeg,
[2026-09-12 15:54:03] Response headers: {'Server': 'nginx', 'Date': 'Sat, 12 Sep 2026 15:54:03 GMT', 'Content-Type': 'text/html', 'Content-Length': '548', 'Connection': 'keep-alive'}
[2026-09-12 15:54:06] Upload failed 404: requested=https://forums.greaterthangames.com/uploads/default/optimized/2X/4/49e365619b80d4e0ca2a58e1cba211f3316ff68d_2_500x500.jpeg, final=https://forums.greaterthangames.com/uploads/default/optimized/2X/4/49e365619b80d4e0ca2a58e1cba211f3316ff68d_2_500x500.jpeg,
[2026-09-12 15:54:06] Response headers: {'Server': 'nginx', 'Date': 'Sat, 12 Sep 2026 15:54:06 GMT', 'Content-Type': 'text/html', 'Content-Length': '548', 'Connection': 'keep-alive'}
[2026-09-12 15:54:11] Upload failed 404: requested=https://forums.greaterthangames.com/uploads/default/optimized/2X/5/59b9528ddb158530774d420469d9fc0d96632323_2_690x225.jpeg, final=https://forums.greaterthangames.com/uploads/default/optimized/2X/5/59b9528ddb158530774d420469d9fc0d96632323_2_690x225.jpeg,
[2026-09-12 15:54:11] Response headers: {'Server': 'nginx', 'Date': 'Sat, 12 Sep 2026 15:54:11 GMT', 'Content-Type': 'text/html', 'Content-Length': '548', 'Connection': 'keep-alive'}
[2026-09-12 15:54:14] Upload failed 404: requested=https://forums.greaterthangames.com/uploads/default/optimized/2X/5/5d5114ce33d6ef5a788a0c4851bba1b9d2f10dcc_2_500x500.jpeg, final=https://forums.greaterthangames.com/uploads/default/optimized/2X/5/5d5114ce33d6ef5a788a0c4851bba1b9d2f10dcc_2_500x500.jpeg,
[2026-09-12 15:54:14] Response headers: {'Server': 'nginx', 'Date': 'Sat, 12 Sep 2026 15:54:14 GMT', 'Content-Type': 'text/html', 'Content-Length': '548', 'Connection': 'keep-alive'}
[2026-09-12 15:54:17] Upload failed 404: requested=https://forums.greaterthangames.com/uploads/default/optimized/2X/8/826e4e95ab30eece8902e43fc8bd5738ed7d9a66_2_471x500.jpeg, final=https://forums.greaterthangames.com/uploads/default/optimized/2X/8/826e4e95ab30eece8902e43fc8bd5738ed7d9a66_2_471x500.jpeg,
[2026-09-12 15:54:17] Response headers: {'Server': 'nginx', 'Date': 'Sat, 12 Sep 2026 15:54:17 GMT', 'Content-Type': 'text/html', 'Content-Length': '548', 'Connection': 'keep-alive'}
[2026-09-12 15:54:20] Upload failed 404: requested=https://forums.greaterthangames.com/uploads/default/optimized/2X/9/9c961539496a41e9af465261d8bb96c47cf6d521_2_500x500.jpeg, final=https://forums.greaterthangames.com/uploads/default/optimized/2X/9/9c961539496a41e9af465261d8bb96c47cf6d521_2_500x500.jpeg,
[2026-09-12 15:54:20] Response headers: {'Server': 'nginx', 'Date': 'Sat, 12 Sep 2026 15:54:20 GMT', 'Content-Type': 'text/html', 'Content-Length': '548', 'Connection': 'keep-alive'}
[2026-09-12 15:54:24] Upload failed 404: requested=https://forums.greaterthangames.com/uploads/default/optimized/2X/a/a51646c73de2721336eae1739818b03d938e1df4_2_690x223.jpeg, final=https://forums.greaterthangames.com/uploads/default/optimized/2X/a/a51646c73de2721336eae1739818b03d938e1df4_2_690x223.jpeg,
[2026-09-12 15:54:24] Response headers: {'Server': 'nginx', 'Date': 'Sat, 12 Sep 2026 15:54:24 GMT', 'Content-Type': 'text/html', 'Content-Length': '548', 'Connection': 'keep-alive'}
[2026-09-12 15:54:27] Upload failed 404: requested=https://forums.greaterthangames.com/uploads/default/optimized/2X/a/ad300cf34ea6f8349882fe2c71f364d3114ab531_2_500x500.jpeg, final=https://forums.greaterthangames.com/uploads/default/optimized/2X/a/ad300cf34ea6f8349882fe2c71f364d3114ab531_2_500x500.jpeg,
[2026-09-12 15:54:27] Response headers: {'Server': 'nginx', 'Date': 'Sat, 12 Sep 2026 15:54:27 GMT', 'Content-Type': 'text/html', 'Content-Length': '548', 'Connection': 'keep-alive'}
[2026-09-12 15:54:30] Upload failed 404: requested=https://forums.greaterthangames.com/uploads/default/optimized/2X/b/b0adefed70a5fc00e2649d61ace6dad284c639b4_2_500x500.jpeg, final=https://forums.greaterthangames.com/uploads/default/optimized/2X/b/b0adefed70a5fc00e2649d61ace6dad284c639b4_2_500x500.jpeg,
[2026-09-12 15:54:30] Response headers: {'Server': 'nginx', 'Date': 'Sat, 12 Sep 2026 15:54:30 GMT', 'Content-Type': 'text/html', 'Content-Length': '548', 'Connection': 'keep-alive'}
[2026-09-12 15:54:34] Upload failed 404: requested=https://forums.greaterthangames.com/uploads/default/optimized/2X/b/b41218510fd3df804491b12538ffcae398ee68eb_2_690x459.jpeg, final=https://forums.greaterthangames.com/uploads/default/optimized/2X/b/b41218510fd3df804491b12538ffcae398ee68eb_2_690x459.jpeg,
[2026-09-12 15:54:34] Response headers: {'Server': 'nginx', 'Date': 'Sat, 12 Sep 2026 15:54:34 GMT', 'Content-Type': 'text/html', 'Content-Length': '548', 'Connection': 'keep-alive'}
[2026-09-12 15:54:38] Upload failed 404: requested=https://forums.greaterthangames.com/uploads/default/optimized/2X/b/beeff9d61f092d595a3f50c403d265190adca83e_2_300x500.jpeg, final=https://forums.greaterthangames.com/uploads/default/optimized/2X/b/beeff9d61f092d595a3f50c403d265190adca83e_2_300x500.jpeg,
[2026-09-12 15:54:38] Response headers: {'Server': 'nginx', 'Date': 'Sat, 12 Sep 2026 15:54:38 GMT', 'Content-Type': 'text/html', 'Content-Length': '548', 'Connection': 'keep-alive'}
[2026-09-12 15:54:43] Upload failed 404: requested=https://forums.greaterthangames.com/uploads/default/optimized/2X/c/c93d515c28f57be804714eb61c5292eb66e3b101_2_448x500.jpeg, final=https://forums.greaterthangames.com/uploads/default/optimized/2X/c/c93d515c28f57be804714eb61c5292eb66e3b101_2_448x500.jpeg,
[2026-09-12 15:54:43] Response headers: {'Server': 'nginx', 'Date': 'Sat, 12 Sep 2026 15:54:43 GMT', 'Content-Type': 'text/html', 'Content-Length': '548', 'Connection': 'keep-alive'}
[2026-09-12 15:54:48] Upload failed 404: requested=https://forums.greaterthangames.com/uploads/default/optimized/2X/c/ce4198994a12900efbbec0d1bca30a4b2d1605ef_2_690x150.jpeg, final=https://forums.greaterthangames.com/uploads/default/optimized/2X/c/ce4198994a12900efbbec0d1bca30a4b2d1605ef_2_690x150.jpeg,
[2026-09-12 15:54:48] Response headers: {'Server': 'nginx', 'Date': 'Sat, 12 Sep 2026 15:54:48 GMT', 'Content-Type': 'text/html', 'Content-Length': '548', 'Connection': 'keep-alive'}
[2026-09-12 15:54:52] Upload failed 404: requested=https://forums.greaterthangames.com/uploads/default/optimized/2X/d/d3865bda2009a8c7b485ed71e3da7d1ba4610465_2_690x388.jpeg, final=https://forums.greaterthangames.com/uploads/default/optimized/2X/d/d3865bda2009a8c7b485ed71e3da7d1ba4610465_2_690x388.jpeg,
[2026-09-12 15:54:52] Response headers: {'Server': 'nginx', 'Date': 'Sat, 12 Sep 2026 15:54:52 GMT', 'Content-Type': 'text/html', 'Content-Length': '548', 'Connection': 'keep-alive'}
[2026-09-12 15:54:55] Upload failed 404: requested=https://forums.greaterthangames.com/uploads/default/optimized/2X/f/f43927a87b30d3a93647a29e268dba2ce8924bab_2_666x500.jpeg, final=https://forums.greaterthangames.com/uploads/default/optimized/2X/f/f43927a87b30d3a93647a29e268dba2ce8924bab_2_666x500.jpeg,
[2026-09-12 15:54:55] Response headers: {'Server': 'nginx', 'Date': 'Sat, 12 Sep 2026 15:54:55 GMT', 'Content-Type': 'text/html', 'Content-Length': '548', 'Connection': 'keep-alive'}
[2026-09-12 15:55:01] Upload failed 404: requested=https://forums.greaterthangames.com/uploads/default/optimized/2X/f/f4834da39e3c0ddebbae8ff5246cfde8fff9bdc8_2_690x221.jpeg, final=https://forums.greaterthangames.com/uploads/default/optimized/2X/f/f4834da39e3c0ddebbae8ff5246cfde8fff9bdc8_2_690x221.jpeg,
[2026-09-12 15:55:01] Response headers: {'Server': 'nginx', 'Date': 'Sat, 12 Sep 2026 15:55:01 GMT', 'Content-Type': 'text/html', 'Content-Length': '548', 'Connection': 'keep-alive'}
[2026-09-12 15:55:06] Upload failed 404: requested=https://forums.greaterthangames.com/uploads/default/optimized/2X/f/f876bef9ff3bd898ae28fb7c9b85ed3cf427d026_2_690x233.jpeg, final=https://forums.greaterthangames.com/uploads/default/optimized/2X/f/f876bef9ff3bd898ae28fb7c9b85ed3cf427d026_2_690x233.jpeg,
[2026-09-12 15:55:06] Response headers: {'Server': 'nginx', 'Date': 'Sat, 12 Sep 2026 15:55:06 GMT', 'Content-Type': 'text/html', 'Content-Length': '548', 'Connection': 'keep-alive'}
[2026-09-12 15:55:10] Upload failed 404: requested=https://forums.greaterthangames.com/uploads/default/optimized/2X/f/f8ffbd29be54a7406f0e05e0e91e564316bc448a_2_375x500.jpeg, final=https://forums.greaterthangames.com/uploads/default/optimized/2X/f/f8ffbd29be54a7406f0e05e0e91e564316bc448a_2_375x500.jpeg,
[2026-09-12 15:55:10] Response headers: {'Server': 'nginx', 'Date': 'Sat, 12 Sep 2026 15:55:10 GMT', 'Content-Type': 'text/html', 'Content-Length': '548', 'Connection': 'keep-alive'}
[2026-09-12 15:55:48] [216/1945] Fetching topic 15240
[2026-09-12 15:55:49] [217/1945] Fetching topic 15239
[2026-09-12 15:55:50] [218/1945] Fetching topic 15233
[2026-09-12 15:55:51] [219/1945] Fetching topic 13748
[2026-09-12 15:55:53] [220/1945] Fetching topic 15198
[2026-09-12 15:55:54] Topic 15198: missing 8 posts; fetching in batches...
[2026-09-12 15:55:55] [221/1945] Fetching topic 15122
[2026-09-12 15:55:56] [222/1945] Fetching topic 15192
[2026-09-12 15:55:57] [223/1945] Fetching topic 15195
[2026-09-12 15:55:58] [224/1945] Fetching topic 13806
[2026-09-12 15:55:59] [225/1945] Fetching topic 14511
[2026-09-12 15:56:00] [226/1945] Fetching topic 15182
[2026-09-12 15:56:02] [227/1945] Fetching topic 15154
[2026-09-12 15:56:03] [228/1945] Fetching topic 14837
[2026-09-12 15:56:04] [229/1945] Fetching topic 15103
[2026-09-12 15:56:05] [230/1945] Fetching topic 15052
[2026-09-12 15:56:06] [231/1945] Fetching topic 14824
[2026-09-12 15:56:07] [232/1945] Fetching topic 14992
[2026-09-12 15:56:08] [233/1945] Fetching topic 15009
[2026-09-12 15:56:09] [234/1945] Fetching topic 14122
[2026-09-12 15:56:11] [235/1945] Fetching topic 14985
[2026-09-12 15:56:12] [236/1945] Fetching topic 14939
[2026-09-12 15:56:13] [237/1945] Fetching topic 14900
[2026-09-12 15:56:14] [238/1945] Fetching topic 13339
[2026-09-12 15:56:15] [239/1945] Fetching topic 14853
[2026-09-12 15:56:16] [240/1945] Fetching topic 14877
[2026-09-12 15:56:17] [241/1945] Fetching topic 13550
[2026-09-12 15:56:18] Topic 13550: missing 4 posts; fetching in batches...
[2026-09-12 15:56:20] [242/1945] Fetching topic 14874
[2026-09-12 15:56:21] [243/1945] Fetching topic 14863
[2026-09-12 15:56:22] [244/1945] Fetching topic 14843
[2026-09-12 15:56:23] [245/1945] Fetching topic 14861
[2026-09-12 15:56:24] [246/1945] Fetching topic 14851
[2026-09-12 15:56:25] [247/1945] Fetching topic 14836
[2026-09-12 15:56:26] [248/1945] Fetching topic 11697
[2026-09-12 15:56:27] [249/1945] Fetching topic 14818
[2026-09-12 15:56:29] [250/1945] Fetching topic 8086
[2026-09-12 15:56:30] [251/1945] Fetching topic 14278
[2026-09-12 15:56:31] [252/1945] Fetching topic 13986
[2026-09-12 15:56:32] [253/1945] Fetching topic 14603
[2026-09-12 15:56:33] Topic 14603: missing 4 posts; fetching in batches...
[2026-09-12 15:56:34] [254/1945] Fetching topic 9543
[2026-09-12 15:56:35] Topic 9543: missing 117 posts; fetching in batches...
[2026-09-12 15:56:39] [255/1945] Fetching topic 14082
[2026-09-12 15:56:40] Topic 14082: missing 42 posts; fetching in batches...
[2026-09-12 15:56:41] Topic 14082: downloading 4 uploads
[2026-09-12 15:56:44] [256/1945] Fetching topic 14739
[2026-09-12 15:56:45] [257/1945] Fetching topic 14715
[2026-09-12 15:56:46] [258/1945] Fetching topic 14683
[2026-09-12 15:56:47] Topic 14683: missing 28 posts; fetching in batches...
[2026-09-12 15:56:48] Topic 14683: downloading 4 uploads
[2026-09-12 15:56:51] [259/1945] Fetching topic 14375
[2026-09-12 15:56:52] Topic 14375: downloading 1 uploads
[2026-09-12 15:56:53] [260/1945] Fetching topic 14677
[2026-09-12 15:56:55] [261/1945] Fetching topic 14675
[2026-09-12 15:56:56] [262/1945] Fetching topic 14639
[2026-09-12 15:56:57] Topic 14639: downloading 1 uploads
[2026-09-12 15:56:58] [263/1945] Fetching topic 14623
[2026-09-12 15:56:59] [264/1945] Fetching topic 14634
[2026-09-12 15:57:00] [265/1945] Fetching topic 14621
[2026-09-12 15:57:01] [266/1945] Fetching topic 14596
[2026-09-12 15:57:02] [267/1945] Fetching topic 14578
[2026-09-12 15:57:03] [268/1945] Fetching topic 14610
[2026-09-12 15:57:05] [269/1945] Fetching topic 14553
[2026-09-12 15:57:06] [270/1945] Fetching topic 14554
[2026-09-12 15:57:07] [271/1945] Fetching topic 14555
[2026-09-12 15:57:08] [272/1945] Fetching topic 13599
[2026-09-12 15:57:09] [273/1945] Fetching topic 13382
[2026-09-12 15:57:10] [274/1945] Fetching topic 14532
[2026-09-12 15:57:11] [275/1945] Fetching topic 14518
[2026-09-12 15:57:12] [276/1945] Fetching topic 14513
[2026-09-12 15:57:14] [277/1945] Fetching topic 14510
[2026-09-12 15:57:15] [278/1945] Fetching topic 14460
[2026-09-12 15:57:16] [279/1945] Fetching topic 14126
[2026-09-12 15:57:17] [280/1945] Fetching topic 13469
[2026-09-12 15:57:18] [281/1945] Fetching topic 14436
[2026-09-12 15:57:19] [282/1945] Fetching topic 8121
[2026-09-12 15:57:20] Topic 8121: missing 19 posts; fetching in batches...
[2026-09-12 15:57:21] [283/1945] Fetching topic 7840
[2026-09-12 15:57:23] Topic 7840: missing 20 posts; fetching in batches...
[2026-09-12 15:57:24] [284/1945] Fetching topic 14424
[2026-09-12 15:57:25] [285/1945] Fetching topic 14410
[2026-09-12 15:57:26] [286/1945] Fetching topic 14409
[2026-09-12 15:57:27] [287/1945] Fetching topic 14161
[2026-09-12 15:57:28] Topic 14161: missing 21 posts; fetching in batches...
[2026-09-12 15:57:29] [288/1945] Fetching topic 14188
[2026-09-12 15:57:30] [289/1945] Fetching topic 14390
[2026-09-12 15:57:31] [290/1945] Fetching topic 14392
[2026-09-12 15:57:33] [291/1945] Fetching topic 14371
[2026-09-12 15:57:34] [292/1945] Fetching topic 14128
[2026-09-12 15:57:35] [293/1945] Fetching topic 14365
[2026-09-12 15:57:36] [294/1945] Fetching topic 14359
[2026-09-12 15:57:37] [295/1945] Fetching topic 14219
[2026-09-12 15:57:38] [296/1945] Fetching topic 13811
[2026-09-12 15:57:40] [297/1945] Fetching topic 14181
[2026-09-12 15:57:41] [298/1945] Fetching topic 14212
[2026-09-12 15:57:42] [299/1945] Fetching topic 14275
[2026-09-12 15:57:43] [300/1945] Fetching topic 14270
[2026-09-12 15:57:44] [301/1945] Fetching topic 13480
[2026-09-12 15:57:45] Topic 13480: missing 15 posts; fetching in batches...
[2026-09-12 15:57:46] [302/1945] Fetching topic 14217
[2026-09-12 15:57:47] [303/1945] Fetching topic 14214
[2026-09-12 15:57:49] [304/1945] Fetching topic 14209
[2026-09-12 15:57:50] [305/1945] Fetching topic 14227
[2026-09-12 15:57:51] [306/1945] Fetching topic 14186
[2026-09-12 15:57:52] Topic 14186: missing 1 posts; fetching in batches...
[2026-09-12 15:57:53] [307/1945] Fetching topic 14208
[2026-09-12 15:57:54] [308/1945] Fetching topic 14206
[2026-09-12 15:57:55] [309/1945] Fetching topic 14172
[2026-09-12 15:57:56] [310/1945] Fetching topic 14164
[2026-09-12 15:57:57] [311/1945] Fetching topic 14168
[2026-09-12 15:57:59] [312/1945] Fetching topic 14152
[2026-09-12 15:58:00] Topic 14152: missing 8 posts; fetching in batches...
[2026-09-12 15:58:01] [313/1945] Fetching topic 14091
[2026-09-12 15:58:02] [314/1945] Fetching topic 13073
[2026-09-12 15:58:03] [315/1945] Fetching topic 14119
[2026-09-12 15:58:04] [316/1945] Fetching topic 14134
[2026-09-12 15:58:05] [317/1945] Fetching topic 14057
[2026-09-12 15:58:06] Topic 14057: missing 3 posts; fetching in batches...
[2026-09-12 15:58:07] [318/1945] Fetching topic 14096
[2026-09-12 15:58:09] Topic 14096: missing 8 posts; fetching in batches...
[2026-09-12 15:58:10] [319/1945] Fetching topic 14112
[2026-09-12 15:58:11] Topic 14112: downloading 1 uploads
[2026-09-12 15:58:12] [320/1945] Fetching topic 14092
[2026-09-12 15:58:13] Topic 14092: missing 9 posts; fetching in batches...
[2026-09-12 15:58:14] [321/1945] Fetching topic 14046
[2026-09-12 15:58:15] [322/1945] Fetching topic 13996
[2026-09-12 15:58:16] [323/1945] Fetching topic 13978
[2026-09-12 15:58:17] Topic 13978: missing 10 posts; fetching in batches...
[2026-09-12 15:58:18] [324/1945] Fetching topic 14067
[2026-09-12 15:58:19] [325/1945] Fetching topic 14072
[2026-09-12 15:58:20] [326/1945] Fetching topic 14071
[2026-09-12 15:58:22] [327/1945] Fetching topic 14022
[2026-09-12 15:58:23] [328/1945] Fetching topic 13581
[2026-09-12 15:58:24] Topic 13581: missing 52 posts; fetching in batches...
[2026-09-12 15:58:26] Topic 13581: downloading 2 uploads
[2026-09-12 15:58:28] [329/1945] Fetching topic 14029
[2026-09-12 15:58:29] [330/1945] Fetching topic 13820
[2026-09-12 15:58:30] Topic 13820: missing 6 posts; fetching in batches...
[2026-09-12 15:58:31] [331/1945] Fetching topic 13715
[2026-09-12 15:58:32] [332/1945] Fetching topic 13930
[2026-09-12 15:58:33] [333/1945] Fetching topic 14011
[2026-09-12 15:58:35] [334/1945] Fetching topic 13905
[2026-09-12 15:58:36] [335/1945] Fetching topic 13960
[2026-09-12 15:58:37] [336/1945] Fetching topic 14007
[2026-09-12 15:58:38] [337/1945] Fetching topic 6739
[2026-09-12 15:58:39] [338/1945] Fetching topic 13991
[2026-09-12 15:58:40] [339/1945] Fetching topic 13990
[2026-09-12 15:58:41] [340/1945] Fetching topic 13971
[2026-09-12 15:58:42] [341/1945] Fetching topic 13939
[2026-09-12 15:58:44] [342/1945] Fetching topic 13031
[2026-09-12 15:58:45] [343/1945] Fetching topic 12459
[2026-09-12 15:58:46] Topic 12459: missing 15 posts; fetching in batches...
[2026-09-12 15:58:47] [344/1945] Fetching topic 13865
[2026-09-12 15:58:48] [345/1945] Fetching topic 13898
[2026-09-12 15:58:49] [346/1945] Fetching topic 13834
[2026-09-12 15:58:50] [347/1945] Fetching topic 13870
[2026-09-12 15:58:52] [348/1945] Fetching topic 13895
[2026-09-12 15:58:53] [349/1945] Fetching topic 13866
[2026-09-12 15:58:54] Topic 13866: missing 1 posts; fetching in batches...
[2026-09-12 15:58:55] [350/1945] Fetching topic 13142
[2026-09-12 15:58:56] [351/1945] Fetching topic 11673
[2026-09-12 15:58:57] Topic 11673: missing 54 posts; fetching in batches...
[2026-09-12 15:58:59] Topic 11673: downloading 7 uploads
[2026-09-12 15:59:05] Upload failed 404: requested=https://forums.greaterthangames.com/uploads/default/optimized/2X/4/47c70f985e611c393795dc7302cce3187fad03b5_2_690x208.jpeg, final=https://forums.greaterthangames.com/uploads/default/optimized/2X/4/47c70f985e611c393795dc7302cce3187fad03b5_2_690x208.jpeg,
[2026-09-12 15:59:05] Response headers: {'Server': 'nginx', 'Date': 'Sat, 12 Sep 2026 15:59:05 GMT', 'Content-Type': 'text/html', 'Content-Length': '548', 'Connection': 'keep-alive'}
[2026-09-12 15:59:07] [352/1945] Fetching topic 6372
[2026-09-12 15:59:08] Topic 6372: missing 25 posts; fetching in batches...
[2026-09-12 15:59:09] [353/1945] Fetching topic 13884
[2026-09-12 15:59:10] [354/1945] Fetching topic 7635
[2026-09-12 15:59:11] Topic 7635: missing 65 posts; fetching in batches...
[2026-09-12 15:59:13] [355/1945] Fetching topic 13743
[2026-09-12 15:59:14] [356/1945] Fetching topic 13854
[2026-09-12 15:59:16] [357/1945] Fetching topic 6588
[2026-09-12 15:59:17] [358/1945] Fetching topic 13825
[2026-09-12 15:59:18] [359/1945] Fetching topic 13805
[2026-09-12 15:59:19] [360/1945] Fetching topic 13769
[2026-09-12 15:59:20] [361/1945] Fetching topic 13764
[2026-09-12 15:59:21] [362/1945] Fetching topic 13768
[2026-09-12 15:59:22] [363/1945] Fetching topic 13713
[2026-09-12 15:59:24] [364/1945] Fetching topic 13718
[2026-09-12 15:59:25] [365/1945] Fetching topic 13299
[2026-09-12 15:59:26] Topic 13299: missing 21 posts; fetching in batches...
[2026-09-12 15:59:27] [366/1945] Fetching topic 6079
[2026-09-12 15:59:28] [367/1945] Fetching topic 13458
[2026-09-12 15:59:29] [368/1945] Fetching topic 13665
[2026-09-12 15:59:30] [369/1945] Fetching topic 13530
[2026-09-12 15:59:31] [370/1945] Fetching topic 13571
[2026-09-12 15:59:32] [371/1945] Fetching topic 13476
[2026-09-12 15:59:34] [372/1945] Fetching topic 13535
[2026-09-12 15:59:35] [373/1945] Fetching topic 13562
[2026-09-12 15:59:36] [374/1945] Fetching topic 13528
[2026-09-12 15:59:37] [375/1945] Fetching topic 13514
[2026-09-12 15:59:38] Topic 13514: missing 2 posts; fetching in batches...
[2026-09-12 15:59:39] [376/1945] Fetching topic 13522
[2026-09-12 15:59:40] [377/1945] Fetching topic 13495
[2026-09-12 15:59:41] [378/1945] Fetching topic 13461
[2026-09-12 15:59:43] [379/1945] Fetching topic 6477
[2026-09-12 15:59:44] Topic 6477: missing 8 posts; fetching in batches...
[2026-09-12 15:59:45] [380/1945] Fetching topic 13486
[2026-09-12 15:59:46] [381/1945] Fetching topic 13375
[2026-09-12 15:59:47] [382/1945] Fetching topic 13485
[2026-09-12 15:59:48] [383/1945] Fetching topic 13427
[2026-09-12 15:59:49] [384/1945] Fetching topic 13420
[2026-09-12 15:59:50] Topic 13420: missing 2 posts; fetching in batches...
[2026-09-12 15:59:51] [385/1945] Fetching topic 13470
[2026-09-12 15:59:53] [386/1945] Fetching topic 13468
[2026-09-12 15:59:54] [387/1945] Fetching topic 13203
[2026-09-12 15:59:55] [388/1945] Fetching topic 13438
[2026-09-12 15:59:56] [389/1945] Fetching topic 13394
[2026-09-12 15:59:57] [390/1945] Fetching topic 13452
[2026-09-12 15:59:58] [391/1945] Fetching topic 13384
[2026-09-12 15:59:59] [392/1945] Fetching topic 13410
[2026-09-12 16:00:00] Topic 13410: missing 1 posts; fetching in batches...
[2026-09-12 16:00:01] [393/1945] Fetching topic 13445
[2026-09-12 16:00:03] [394/1945] Fetching topic 13411
[2026-09-12 16:00:04] Topic 13411: missing 1 posts; fetching in batches...
[2026-09-12 16:00:05] [395/1945] Fetching topic 13446
[2026-09-12 16:00:06] [396/1945] Fetching topic 13412
[2026-09-12 16:00:07] [397/1945] Fetching topic 13433
[2026-09-12 16:00:08] [398/1945] Fetching topic 13424
[2026-09-12 16:00:09] [399/1945] Fetching topic 13425
[2026-09-12 16:00:10] [400/1945] Fetching topic 10219
[2026-09-12 16:00:11] [401/1945] Fetching topic 13415
[2026-09-12 16:00:13] [402/1945] Fetching topic 13147
[2026-09-12 16:00:14] [403/1945] Fetching topic 13402
[2026-09-12 16:00:15] [404/1945] Fetching topic 13398
[2026-09-12 16:00:16] [405/1945] Fetching topic 13393
[2026-09-12 16:00:17] [406/1945] Fetching topic 13388
[2026-09-12 16:00:18] [407/1945] Fetching topic 13373
[2026-09-12 16:00:19] [408/1945] Fetching topic 13374
[2026-09-12 16:00:21] [409/1945] Fetching topic 13364
[2026-09-12 16:00:22] [410/1945] Fetching topic 11980
[2026-09-12 16:00:23] Topic 11980: missing 16 posts; fetching in batches...
[2026-09-12 16:00:24] [411/1945] Fetching topic 13321
[2026-09-12 16:00:25] Topic 13321: missing 2 posts; fetching in batches...
[2026-09-12 16:00:26] [412/1945] Fetching topic 13304
[2026-09-12 16:00:27] [413/1945] Fetching topic 13338
[2026-09-12 16:00:28] [414/1945] Fetching topic 13317
[2026-09-12 16:00:29] [415/1945] Fetching topic 13325
[2026-09-12 16:00:31] [416/1945] Fetching topic 13300
[2026-09-12 16:00:32] [417/1945] Fetching topic 13023
[2026-09-12 16:00:33] [418/1945] Fetching topic 13298
[2026-09-12 16:00:34] [419/1945] Fetching topic 13268
[2026-09-12 16:00:35] [420/1945] Fetching topic 13169
[2026-09-12 16:00:36] [421/1945] Fetching topic 13181
[2026-09-12 16:00:37] [422/1945] Fetching topic 11248
[2026-09-12 16:00:39] [423/1945] Fetching topic 13261
[2026-09-12 16:00:40] [424/1945] Fetching topic 13242
[2026-09-12 16:00:41] [425/1945] Fetching topic 13231
[2026-09-12 16:00:42] Topic 13231: downloading 1 uploads
[2026-09-12 16:00:42] [426/1945] Fetching topic 13243
[2026-09-12 16:00:43] [427/1945] Fetching topic 8696
[2026-09-12 16:00:44] Topic 8696: missing 66 posts; fetching in batches...
[2026-09-12 16:00:47] [428/1945] Fetching topic 13218
[2026-09-12 16:00:48] [429/1945] Fetching topic 13202
[2026-09-12 16:00:49] Topic 13202: missing 9 posts; fetching in batches...
[2026-09-12 16:00:50] [430/1945] Fetching topic 13140
[2026-09-12 16:00:51] [431/1945] Fetching topic 13210
[2026-09-12 16:00:52] [432/1945] Fetching topic 13199
[2026-09-12 16:00:53] [433/1945] Fetching topic 12996
[2026-09-12 16:00:54] Topic 12996: missing 8 posts; fetching in batches...
[2026-09-12 16:00:55] [434/1945] Fetching topic 13124
[2026-09-12 16:00:57] [435/1945] Fetching topic 13123
[2026-09-12 16:00:58] [436/1945] Fetching topic 13152
[2026-09-12 16:00:59] [437/1945] Fetching topic 13155
[2026-09-12 16:01:00] [438/1945] Fetching topic 13129
[2026-09-12 16:01:01] [439/1945] Fetching topic 13138
[2026-09-12 16:01:02] [440/1945] Fetching topic 13132
[2026-09-12 16:01:03] [441/1945] Fetching topic 13109
[2026-09-12 16:01:04] [442/1945] Fetching topic 13130
[2026-09-12 16:01:06] [443/1945] Fetching topic 13115
[2026-09-12 16:01:07] [444/1945] Fetching topic 13099
[2026-09-12 16:01:08] [445/1945] Fetching topic 13096
[2026-09-12 16:01:09] [446/1945] Fetching topic 13095
[2026-09-12 16:01:10] [447/1945] Fetching topic 13082
[2026-09-12 16:01:11] [448/1945] Fetching topic 13079
[2026-09-12 16:01:12] [449/1945] Fetching topic 13052
[2026-09-12 16:01:13] Topic 13052: missing 6 posts; fetching in batches...
[2026-09-12 16:01:14] [450/1945] Fetching topic 12916
[2026-09-12 16:01:15] Topic 12916: missing 50 posts; fetching in batches...
[2026-09-12 16:01:17] [451/1945] Fetching topic 13033
[2026-09-12 16:01:18] [452/1945] Fetching topic 12662
[2026-09-12 16:01:19] Topic 12662: missing 9 posts; fetching in batches...
[2026-09-12 16:01:20] Topic 12662: downloading 2 uploads
[2026-09-12 16:01:22] [453/1945] Fetching topic 10341
[2026-09-12 16:01:23] [454/1945] Fetching topic 13029
[2026-09-12 16:01:24] [455/1945] Fetching topic 12205
[2026-09-12 16:01:25] Topic 12205: missing 44 posts; fetching in batches...
[2026-09-12 16:01:26] Topic 12205: downloading 13 uploads
[2026-09-12 16:01:32] Upload failed 404: requested=https://forums.greaterthangames.com/uploads/default/optimized/2X/2/29b897d049af4bf04313d2f86c1c1e32f4ba0d81_2_690x490.png, final=https://forums.greaterthangames.com/uploads/default/optimized/2X/2/29b897d049af4bf04313d2f86c1c1e32f4ba0d81_2_690x490.png,
[2026-09-12 16:01:32] Response headers: {'Server': 'nginx', 'Date': 'Sat, 12 Sep 2026 16:01:32 GMT', 'Content-Type': 'text/html', 'Content-Length': '548', 'Connection': 'keep-alive'}
[2026-09-12 16:01:37] Upload failed 404: requested=https://forums.greaterthangames.com/uploads/default/optimized/2X/8/8ddb6eb47d40f645b13bf6602d0448be5fd6aa3e_2_625x500.jpeg, final=https://forums.greaterthangames.com/uploads/default/optimized/2X/8/8ddb6eb47d40f645b13bf6602d0448be5fd6aa3e_2_625x500.jpeg,
[2026-09-12 16:01:37] Response headers: {'Server': 'nginx', 'Date': 'Sat, 12 Sep 2026 16:01:36 GMT', 'Content-Type': 'text/html', 'Content-Length': '548', 'Connection': 'keep-alive'}
[2026-09-12 16:01:40] [456/1945] Fetching topic 12986
[2026-09-12 16:01:41] Topic 12986: missing 1 posts; fetching in batches...
[2026-09-12 16:01:42] [457/1945] Fetching topic 12769
[2026-09-12 16:01:43] [458/1945] Fetching topic 12962
[2026-09-12 16:01:44] [459/1945] Fetching topic 12911
[2026-09-12 16:01:45] Topic 12911: missing 7 posts; fetching in batches...
[2026-09-12 16:01:46] [460/1945] Fetching topic 10516
[2026-09-12 16:01:47] Topic 10516: missing 10 posts; fetching in batches...
[2026-09-12 16:01:48] Topic 10516: downloading 2 uploads
[2026-09-12 16:01:50] [461/1945] Fetching topic 12955
[2026-09-12 16:01:51] [462/1945] Fetching topic 6061
[2026-09-12 16:01:53] Topic 6061: missing 20 posts; fetching in batches...
[2026-09-12 16:01:54] [463/1945] Fetching topic 12925
[2026-09-12 16:01:55] [464/1945] Fetching topic 12943
[2026-09-12 16:01:56] [465/1945] Fetching topic 12935
[2026-09-12 16:01:57] [466/1945] Fetching topic 12930
[2026-09-12 16:01:58] [467/1945] Fetching topic 12900
[2026-09-12 16:01:59] Topic 12900: downloading 1 uploads
[2026-09-12 16:02:00] [468/1945] Fetching topic 12784
[2026-09-12 16:02:01] Topic 12784: missing 7 posts; fetching in batches...
[2026-09-12 16:02:02] [469/1945] Fetching topic 12905
[2026-09-12 16:02:04] [470/1945] Fetching topic 12794
[2026-09-12 16:02:05] [471/1945] Fetching topic 6091
[2026-09-12 16:02:06] [472/1945] Fetching topic 11581
[2026-09-12 16:02:07] Topic 11581: missing 236 posts; fetching in batches...
[2026-09-12 16:02:13] Topic 11581: downloading 5 uploads
[2026-09-12 16:02:16] Upload failed 404: requested=https://forums.greaterthangames.com/uploads/default/optimized/2X/8/87bab6f4b2862b341cace0116c55fe5697f1a9bc_2_666x500.jpeg, final=https://forums.greaterthangames.com/uploads/default/optimized/2X/8/87bab6f4b2862b341cace0116c55fe5697f1a9bc_2_666x500.jpeg,
[2026-09-12 16:02:16] Response headers: {'Server': 'nginx', 'Date': 'Sat, 12 Sep 2026 16:02:16 GMT', 'Content-Type': 'text/html', 'Content-Length': '548', 'Connection': 'keep-alive'}
[2026-09-12 16:02:18] [473/1945] Fetching topic 12702
[2026-09-12 16:02:19] [474/1945] Fetching topic 12826
[2026-09-12 16:02:20] [475/1945] Fetching topic 12850
[2026-09-12 16:02:21] Topic 12850: missing 63 posts; fetching in batches...
[2026-09-12 16:02:24] Topic 12850: downloading 2 uploads
[2026-09-12 16:02:26] [476/1945] Fetching topic 12807
[2026-09-12 16:02:27] [477/1945] Fetching topic 12861
[2026-09-12 16:02:28] [478/1945] Fetching topic 12800
[2026-09-12 16:02:29] Topic 12800: missing 7 posts; fetching in batches...
[2026-09-12 16:02:30] [479/1945] Fetching topic 12736
[2026-09-12 16:02:31] [480/1945] Fetching topic 12818
[2026-09-12 16:02:33] [481/1945] Fetching topic 12507
[2026-09-12 16:02:34] [482/1945] Fetching topic 12817
[2026-09-12 16:02:35] [483/1945] Fetching topic 12808
[2026-09-12 16:02:36] [484/1945] Fetching topic 12802
[2026-09-12 16:02:37] [485/1945] Fetching topic 12796
[2026-09-12 16:02:38] [486/1945] Fetching topic 12790
[2026-09-12 16:02:39] [487/1945] Fetching topic 12770
[2026-09-12 16:02:40] Topic 12770: missing 47 posts; fetching in batches...
[2026-09-12 16:02:42] [488/1945] Fetching topic 12780
[2026-09-12 16:02:43] [489/1945] Fetching topic 12786
[2026-09-12 16:02:44] [490/1945] Fetching topic 12781
[2026-09-12 16:02:45] [491/1945] Fetching topic 12699
[2026-09-12 16:02:46] [492/1945] Fetching topic 12757
[2026-09-12 16:02:47] [493/1945] Fetching topic 12687
[2026-09-12 16:02:48] Topic 12687: missing 6 posts; fetching in batches...
[2026-09-12 16:02:49] [494/1945] Fetching topic 12759
[2026-09-12 16:02:51] [495/1945] Fetching topic 12753
[2026-09-12 16:02:52] [496/1945] Fetching topic 12746
[2026-09-12 16:02:53] [497/1945] Fetching topic 12750
[2026-09-12 16:02:54] [498/1945] Fetching topic 6286
[2026-09-12 16:02:55] [499/1945] Fetching topic 12674
[2026-09-12 16:02:56] Topic 12674: missing 23 posts; fetching in batches...
[2026-09-12 16:02:57] [500/1945] Fetching topic 11802
[2026-09-12 16:02:59] [501/1945] Fetching topic 12721
[2026-09-12 16:03:00] [502/1945] Fetching topic 12718
[2026-09-12 16:03:01] [503/1945] Fetching topic 12692
[2026-09-12 16:03:02] [504/1945] Fetching topic 12531
[2026-09-12 16:03:03] Topic 12531: missing 60 posts; fetching in batches...
[2026-09-12 16:03:05] [505/1945] Fetching topic 11882
[2026-09-12 16:03:06] [506/1945] Fetching topic 12685
[2026-09-12 16:03:07] [507/1945] Fetching topic 12693
[2026-09-12 16:03:09] [508/1945] Fetching topic 12683
[2026-09-12 16:03:10] [509/1945] Fetching topic 12672
[2026-09-12 16:03:11] [510/1945] Fetching topic 12639
[2026-09-12 16:03:12] [511/1945] Fetching topic 12658
[2026-09-12 16:03:13] [512/1945] Fetching topic 12677
[2026-09-12 16:03:14] [513/1945] Fetching topic 12667
[2026-09-12 16:03:15] [514/1945] Fetching topic 11993
[2026-09-12 16:03:17] [515/1945] Fetching topic 12187
[2026-09-12 16:03:18] Topic 12187: missing 36 posts; fetching in batches...
[2026-09-12 16:03:19] [516/1945] Fetching topic 12664
[2026-09-12 16:03:20] [517/1945] Fetching topic 12634
[2026-09-12 16:03:21] [518/1945] Fetching topic 12650
[2026-09-12 16:03:22] [519/1945] Fetching topic 12589
[2026-09-12 16:03:23] Topic 12589: missing 3 posts; fetching in batches...
[2026-09-12 16:03:24] [520/1945] Fetching topic 12627
[2026-09-12 16:03:25] [521/1945] Fetching topic 12608
[2026-09-12 16:03:27] [522/1945] Fetching topic 12605
[2026-09-12 16:03:28] [523/1945] Fetching topic 12581
[2026-09-12 16:03:29] [524/1945] Fetching topic 12252
[2026-09-12 16:03:30] [525/1945] Fetching topic 12587
[2026-09-12 16:03:31] [526/1945] Fetching topic 12578
[2026-09-12 16:03:32] [527/1945] Fetching topic 12572
[2026-09-12 16:03:33] [528/1945] Fetching topic 12509
[2026-09-12 16:03:34] [529/1945] Fetching topic 12320
[2026-09-12 16:03:36] [530/1945] Fetching topic 12535
[2026-09-12 16:03:37] [531/1945] Fetching topic 12499
[2026-09-12 16:03:38] [532/1945] Fetching topic 12265
[2026-09-12 16:03:39] Topic 12265: missing 5 posts; fetching in batches...
[2026-09-12 16:03:40] [533/1945] Fetching topic 12504
[2026-09-12 16:03:41] [534/1945] Fetching topic 12267
[2026-09-12 16:03:42] Topic 12267: missing 1 posts; fetching in batches...
[2026-09-12 16:03:43] [535/1945] Fetching topic 12497
[2026-09-12 16:03:44] [536/1945] Fetching topic 12455
[2026-09-12 16:03:45] Topic 12455: missing 8 posts; fetching in batches...
[2026-09-12 16:03:47] [537/1945] Fetching topic 12489
[2026-09-12 16:03:48] [538/1945] Fetching topic 12450
[2026-09-12 16:03:49] [539/1945] Fetching topic 12442
[2026-09-12 16:03:50] [540/1945] Fetching topic 12434
[2026-09-12 16:03:51] [541/1945] Fetching topic 12118
[2026-09-12 16:03:52] [542/1945] Fetching topic 12292
[2026-09-12 16:03:53] [543/1945] Fetching topic 12319
[2026-09-12 16:03:54] Topic 12319: missing 14 posts; fetching in batches...
[2026-09-12 16:03:55] [544/1945] Fetching topic 12427
[2026-09-12 16:03:57] [545/1945] Fetching topic 12406
[2026-09-12 16:03:58] [546/1945] Fetching topic 12348
[2026-09-12 16:03:59] [547/1945] Fetching topic 12346
[2026-09-12 16:04:00] [548/1945] Fetching topic 12407
[2026-09-12 16:04:01] Topic 12407: missing 47 posts; fetching in batches...
[2026-09-12 16:04:02] [549/1945] Fetching topic 12036
[2026-09-12 16:04:03] Topic 12036: missing 143 posts; fetching in batches...
[2026-09-12 16:04:07] [550/1945] Fetching topic 12408
[2026-09-12 16:04:08] [551/1945] Fetching topic 12393
[2026-09-12 16:04:09] [552/1945] Fetching topic 12367
[2026-09-12 16:04:10] [553/1945] Fetching topic 12365
[2026-09-12 16:04:12] [554/1945] Fetching topic 12360
[2026-09-12 16:04:13] [555/1945] Fetching topic 12339
[2026-09-12 16:04:14] Topic 12339: missing 5 posts; fetching in batches...
[2026-09-12 16:04:15] [556/1945] Fetching topic 12359
[2026-09-12 16:04:16] [557/1945] Fetching topic 12356
[2026-09-12 16:04:17] [558/1945] Fetching topic 12371
[2026-09-12 16:04:18] [559/1945] Fetching topic 12357
[2026-09-12 16:04:19] [560/1945] Fetching topic 12234
[2026-09-12 16:04:20] [561/1945] Fetching topic 12304
[2026-09-12 16:04:22] [562/1945] Fetching topic 11879
[2026-09-12 16:04:23] Topic 11879: missing 24 posts; fetching in batches...
[2026-09-12 16:04:24] [563/1945] Fetching topic 11954
[2026-09-12 16:04:25] Topic 11954: missing 29 posts; fetching in batches...
[2026-09-12 16:04:26] [564/1945] Fetching topic 12301
[2026-09-12 16:04:27] [565/1945] Fetching topic 12286
[2026-09-12 16:04:28] Topic 12286: missing 14 posts; fetching in batches...
[2026-09-12 16:04:29] [566/1945] Fetching topic 12255
[2026-09-12 16:04:30] Topic 12255: missing 3 posts; fetching in batches...
[2026-09-12 16:04:31] [567/1945] Fetching topic 12232
[2026-09-12 16:04:32] [568/1945] Fetching topic 12274
[2026-09-12 16:04:34] [569/1945] Fetching topic 12266
[2026-09-12 16:04:35] [570/1945] Fetching topic 12251
[2026-09-12 16:04:36] [571/1945] Fetching topic 12241
[2026-09-12 16:04:37] [572/1945] Fetching topic 12217
[2026-09-12 16:04:38] Topic 12217: missing 8 posts; fetching in batches...
[2026-09-12 16:04:39] [573/1945] Fetching topic 12218
[2026-09-12 16:04:40] [574/1945] Fetching topic 12219
[2026-09-12 16:04:41] Topic 12219: missing 6 posts; fetching in batches...
[2026-09-12 16:04:42] [575/1945] Fetching topic 12211
[2026-09-12 16:04:44] [576/1945] Fetching topic 12199
[2026-09-12 16:04:45] [577/1945] Fetching topic 12216
[2026-09-12 16:04:46] [578/1945] Fetching topic 12208
[2026-09-12 16:04:47] [579/1945] Fetching topic 12197
[2026-09-12 16:04:48] [580/1945] Fetching topic 12076
[2026-09-12 16:04:49] [581/1945] Fetching topic 12186
[2026-09-12 16:04:50] [582/1945] Fetching topic 12106
[2026-09-12 16:04:52] [583/1945] Fetching topic 12174
[2026-09-12 16:04:53] [584/1945] Fetching topic 12176
[2026-09-12 16:04:54] [585/1945] Fetching topic 12163
[2026-09-12 16:04:55] [586/1945] Fetching topic 12148
[2026-09-12 16:04:56] Topic 12148: missing 2 posts; fetching in batches...
[2026-09-12 16:04:57] [587/1945] Fetching topic 12159
[2026-09-12 16:04:58] [588/1945] Fetching topic 12162
[2026-09-12 16:04:59] [589/1945] Fetching topic 12160
[2026-09-12 16:05:00] [590/1945] Fetching topic 12122
[2026-09-12 16:05:02] Topic 12122: missing 13 posts; fetching in batches...
[2026-09-12 16:05:03] [591/1945] Fetching topic 12112
[2026-09-12 16:05:04] [592/1945] Fetching topic 12135
[2026-09-12 16:05:05] [593/1945] Fetching topic 12133
[2026-09-12 16:05:06] [594/1945] Fetching topic 11873
[2026-09-12 16:05:07] [595/1945] Fetching topic 12085
[2026-09-12 16:05:08] [596/1945] Fetching topic 12111
[2026-09-12 16:05:09] [597/1945] Fetching topic 12120
[2026-09-12 16:05:10] [598/1945] Fetching topic 12059
[2026-09-12 16:05:12] [599/1945] Fetching topic 12095
[2026-09-12 16:05:13] [600/1945] Fetching topic 12069
[2026-09-12 16:05:14] [601/1945] Fetching topic 11665
[2026-09-12 16:05:15] Topic 11665: downloading 2 uploads
[2026-09-12 16:05:17] [602/1945] Fetching topic 12070
[2026-09-12 16:05:18] [603/1945] Fetching topic 12013
[2026-09-12 16:05:19] Topic 12013: missing 5 posts; fetching in batches...
[2026-09-12 16:05:20] [604/1945] Fetching topic 12010
[2026-09-12 16:05:22] [605/1945] Fetching topic 12001
[2026-09-12 16:05:23] [606/1945] Fetching topic 12028
[2026-09-12 16:05:24] [607/1945] Fetching topic 11975
[2026-09-12 16:05:25] [608/1945] Fetching topic 11978
[2026-09-12 16:05:26] [609/1945] Fetching topic 12030
[2026-09-12 16:05:27] Topic 12030: missing 4 posts; fetching in batches...
[2026-09-12 16:05:28] [610/1945] Fetching topic 12041
[2026-09-12 16:05:29] [611/1945] Fetching topic 12027
[2026-09-12 16:05:30] [612/1945] Fetching topic 12015
[2026-09-12 16:05:32] [613/1945] Fetching topic 11998
[2026-09-12 16:05:33] [614/1945] Fetching topic 12012
[2026-09-12 16:05:34] [615/1945] Fetching topic 11999
[2026-09-12 16:05:35] [616/1945] Fetching topic 11996
[2026-09-12 16:05:36] [617/1945] Fetching topic 11989
[2026-09-12 16:05:37] [618/1945] Fetching topic 11997
[2026-09-12 16:05:38] [619/1945] Fetching topic 11977
[2026-09-12 16:05:39] [620/1945] Fetching topic 11947
[2026-09-12 16:05:41] [621/1945] Fetching topic 11971
[2026-09-12 16:05:42] [622/1945] Fetching topic 11929
[2026-09-12 16:05:43] Topic 11929: missing 36 posts; fetching in batches...
[2026-09-12 16:05:44] Topic 11929: downloading 4 uploads
[2026-09-12 16:05:47] Upload failed 404: requested=https://forums.greaterthangames.com/uploads/default/optimized/2X/8/811dc57cedc26743141580e0ae046ece96aecc2e_2_656x500.png, final=https://forums.greaterthangames.com/uploads/default/optimized/2X/8/811dc57cedc26743141580e0ae046ece96aecc2e_2_656x500.png,
[2026-09-12 16:05:47] Response headers: {'Server': 'nginx', 'Date': 'Sat, 12 Sep 2026 16:05:47 GMT', 'Content-Type': 'text/html', 'Content-Length': '548', 'Connection': 'keep-alive'}
[2026-09-12 16:05:48] [623/1945] Fetching topic 11969
[2026-09-12 16:05:49] [624/1945] Fetching topic 11951
[2026-09-12 16:05:50] [625/1945] Fetching topic 11901
[2026-09-12 16:05:51] [626/1945] Fetching topic 11867
[2026-09-12 16:05:53] [627/1945] Fetching topic 11913
[2026-09-12 16:05:54] Topic 11913: missing 16 posts; fetching in batches...
[2026-09-12 16:05:55] Topic 11913: downloading 3 uploads
[2026-09-12 16:05:57] [628/1945] Fetching topic 11933
[2026-09-12 16:05:58] [629/1945] Fetching topic 11909
[2026-09-12 16:05:59] [630/1945] Fetching topic 11905
[2026-09-12 16:06:00] [631/1945] Fetching topic 11906
[2026-09-12 16:06:01] [632/1945] Fetching topic 11902
[2026-09-12 16:06:02] [633/1945] Fetching topic 11925
[2026-09-12 16:06:03] [634/1945] Fetching topic 11919
[2026-09-12 16:06:05] [635/1945] Fetching topic 11914
[2026-09-12 16:06:06] [636/1945] Fetching topic 11822
[2026-09-12 16:06:07] Topic 11822: missing 37 posts; fetching in batches...
[2026-09-12 16:06:08] [637/1945] Fetching topic 11878
[2026-09-12 16:06:09] [638/1945] Fetching topic 11908
[2026-09-12 16:06:10] [639/1945] Fetching topic 11746
[2026-09-12 16:06:11] Topic 11746: missing 14 posts; fetching in batches...
[2026-09-12 16:06:12] [640/1945] Fetching topic 11888
[2026-09-12 16:06:14] [641/1945] Fetching topic 11889
[2026-09-12 16:06:15] [642/1945] Fetching topic 11890
[2026-09-12 16:06:16] [643/1945] Fetching topic 11875
[2026-09-12 16:06:17] [644/1945] Fetching topic 11877
[2026-09-12 16:06:18] [645/1945] Fetching topic 11838
[2026-09-12 16:06:19] Topic 11838: missing 41 posts; fetching in batches...
[2026-09-12 16:06:20] [646/1945] Fetching topic 11872
[2026-09-12 16:06:21] [647/1945] Fetching topic 11660
[2026-09-12 16:06:23] Topic 11660: missing 19 posts; fetching in batches...
[2026-09-12 16:06:24] [648/1945] Fetching topic 11853
[2026-09-12 16:06:25] [649/1945] Fetching topic 11865
[2026-09-12 16:06:26] [650/1945] Fetching topic 11860
[2026-09-12 16:06:27] [651/1945] Fetching topic 9943
[2026-09-12 16:06:28] [652/1945] Fetching topic 11811
[2026-09-12 16:06:29] [653/1945] Fetching topic 11803
[2026-09-12 16:06:30] [654/1945] Fetching topic 11801
[2026-09-12 16:06:31] Topic 11801: missing 7 posts; fetching in batches...
[2026-09-12 16:06:32] [655/1945] Fetching topic 11752
[2026-09-12 16:06:34] [656/1945] Fetching topic 11793
[2026-09-12 16:06:35] [657/1945] Fetching topic 11784
[2026-09-12 16:06:36] [658/1945] Fetching topic 11272
[2026-09-12 16:06:37] Topic 11272: missing 364 posts; fetching in batches...
[2026-09-12 16:06:46] Topic 11272: downloading 18 uploads
[2026-09-12 16:06:52] Upload failed 404: requested=https://forums.greaterthangames.com/uploads/default/optimized/2X/a/a5ed5e9bfecf43b4ae18593a4baaeb399f4526e5_2_666x500.jpeg, final=https://forums.greaterthangames.com/uploads/default/optimized/2X/a/a5ed5e9bfecf43b4ae18593a4baaeb399f4526e5_2_666x500.jpeg,
[2026-09-12 16:06:52] Response headers: {'Server': 'nginx', 'Date': 'Sat, 12 Sep 2026 16:06:52 GMT', 'Content-Type': 'text/html', 'Content-Length': '548', 'Connection': 'keep-alive'}
[2026-09-12 16:06:56] Upload failed 404: requested=https://forums.greaterthangames.com/uploads/default/optimized/2X/d/d71feaeae1b8d41cd91a951d8d8a9572911bea56_2_666x500.jpeg, final=https://forums.greaterthangames.com/uploads/default/optimized/2X/d/d71feaeae1b8d41cd91a951d8d8a9572911bea56_2_666x500.jpeg,
[2026-09-12 16:06:56] Response headers: {'Server': 'nginx', 'Date': 'Sat, 12 Sep 2026 16:06:56 GMT', 'Content-Type': 'text/html', 'Content-Length': '548', 'Connection': 'keep-alive'}
[2026-09-12 16:07:00] Upload failed 404: requested=https://forums.greaterthangames.com/uploads/default/optimized/2X/f/f20f634ef52e3eee1e402533f28d4824c1c1d075_2_666x500.jpeg, final=https://forums.greaterthangames.com/uploads/default/optimized/2X/f/f20f634ef52e3eee1e402533f28d4824c1c1d075_2_666x500.jpeg,
[2026-09-12 16:07:00] Response headers: {'Server': 'nginx', 'Date': 'Sat, 12 Sep 2026 16:07:00 GMT', 'Content-Type': 'text/html', 'Content-Length': '548', 'Connection': 'keep-alive'}
[2026-09-12 16:07:05] [659/1945] Fetching topic 11770
[2026-09-12 16:07:06] [660/1945] Fetching topic 11759
[2026-09-12 16:07:07] [661/1945] Fetching topic 11605
[2026-09-12 16:07:08] Topic 11605: missing 64 posts; fetching in batches...
[2026-09-12 16:07:10] [662/1945] Fetching topic 11724
[2026-09-12 16:07:11] [663/1945] Fetching topic 11684
[2026-09-12 16:07:12] Topic 11684: missing 147 posts; fetching in batches...
[2026-09-12 16:07:16] [664/1945] Fetching topic 5680
[2026-09-12 16:07:17] Topic 5680: missing 4 posts; fetching in batches...
[2026-09-12 16:07:18] [665/1945] Fetching topic 11705
[2026-09-12 16:07:19] [666/1945] Fetching topic 11596
[2026-09-12 16:07:20] [667/1945] Fetching topic 11707
[2026-09-12 16:07:21] [668/1945] Fetching topic 11317
[2026-09-12 16:07:23] Topic 11317: missing 48 posts; fetching in batches...
[2026-09-12 16:07:24] Topic 11317: downloading 1 uploads
[2026-09-12 16:07:25] [669/1945] Fetching topic 9262
[2026-09-12 16:07:26] Topic 9262: missing 10 posts; fetching in batches...
[2026-09-12 16:07:27] [670/1945] Fetching topic 11678
[2026-09-12 16:07:28] [671/1945] Fetching topic 11680
[2026-09-12 16:07:29] [672/1945] Fetching topic 11658
[2026-09-12 16:07:30] Topic 11658: missing 7 posts; fetching in batches...
[2026-09-12 16:07:31] Topic 11658: downloading 1 uploads
[2026-09-12 16:07:32] [673/1945] Fetching topic 11677
[2026-09-12 16:07:33] [674/1945] Fetching topic 11656
[2026-09-12 16:07:35] Topic 11656: missing 34 posts; fetching in batches...
[2026-09-12 16:07:36] [675/1945] Fetching topic 11623
[2026-09-12 16:07:37] [676/1945] Fetching topic 11666
[2026-09-12 16:07:38] [677/1945] Fetching topic 11669
[2026-09-12 16:07:39] [678/1945] Fetching topic 11654
[2026-09-12 16:07:40] [679/1945] Fetching topic 11639
[2026-09-12 16:07:41] [680/1945] Fetching topic 11652
[2026-09-12 16:07:42] [681/1945] Fetching topic 11634
[2026-09-12 16:07:44] [682/1945] Fetching topic 11630
[2026-09-12 16:07:45] [683/1945] Fetching topic 11278
[2026-09-12 16:07:46] Topic 11278: missing 114 posts; fetching in batches...
[2026-09-12 16:07:49] Topic 11278: downloading 2 uploads
[2026-09-12 16:07:51] [684/1945] Fetching topic 11606
[2026-09-12 16:07:53] Topic 11606: downloading 1 uploads
[2026-09-12 16:07:54] [685/1945] Fetching topic 11617
[2026-09-12 16:07:55] [686/1945] Fetching topic 11625
[2026-09-12 16:07:56] [687/1945] Fetching topic 11613
[2026-09-12 16:07:57] [688/1945] Fetching topic 11584
[2026-09-12 16:07:58] Topic 11584: missing 2 posts; fetching in batches...
[2026-09-12 16:07:59] Topic 11584: downloading 1 uploads
[2026-09-12 16:07:59] [689/1945] Fetching topic 11600
[2026-09-12 16:08:00] [690/1945] Fetching topic 11590
[2026-09-12 16:08:01] [691/1945] Fetching topic 11586
[2026-09-12 16:08:02] [692/1945] Fetching topic 11587
[2026-09-12 16:08:04] [693/1945] Fetching topic 11582
[2026-09-12 16:08:05] [694/1945] Fetching topic 11579
[2026-09-12 16:08:06] [695/1945] Fetching topic 11573
[2026-09-12 16:08:07] [696/1945] Fetching topic 11570
[2026-09-12 16:08:08] Topic 11570: missing 8 posts; fetching in batches...
[2026-09-12 16:08:09] Topic 11570: downloading 1 uploads
[2026-09-12 16:08:10] [697/1945] Fetching topic 11562
[2026-09-12 16:08:11] Topic 11562: missing 10 posts; fetching in batches...
[2026-09-12 16:08:12] [698/1945] Fetching topic 11556
[2026-09-12 16:08:13] [699/1945] Fetching topic 11527
[2026-09-12 16:08:14] [700/1945] Fetching topic 11555
[2026-09-12 16:08:16] [701/1945] Fetching topic 11548
[2026-09-12 16:08:17] [702/1945] Fetching topic 11541
[2026-09-12 16:08:18] [703/1945] Fetching topic 11528
[2026-09-12 16:08:19] Topic 11528: missing 11 posts; fetching in batches...
[2026-09-12 16:08:20] [704/1945] Fetching topic 11441
[2026-09-12 16:08:21] [705/1945] Fetching topic 8594
[2026-09-12 16:08:23] Topic 8594: missing 78 posts; fetching in batches...
[2026-09-12 16:08:25] [706/1945] Fetching topic 11499
[2026-09-12 16:08:26] [707/1945] Fetching topic 11531
[2026-09-12 16:08:27] [708/1945] Fetching topic 11520
[2026-09-12 16:08:28] [709/1945] Fetching topic 11518
[2026-09-12 16:08:29] [710/1945] Fetching topic 11505
[2026-09-12 16:08:31] [711/1945] Fetching topic 6050
[2026-09-12 16:08:32] Topic 6050: missing 8 posts; fetching in batches...
[2026-09-12 16:08:33] [712/1945] Fetching topic 11473
[2026-09-12 16:08:34] [713/1945] Fetching topic 11466
[2026-09-12 16:08:35] Topic 11466: missing 2 posts; fetching in batches...
[2026-09-12 16:08:36] [714/1945] Fetching topic 11489
[2026-09-12 16:08:37] [715/1945] Fetching topic 11486
[2026-09-12 16:08:38] [716/1945] Fetching topic 11471
[2026-09-12 16:08:39] [717/1945] Fetching topic 11468
[2026-09-12 16:08:40] [718/1945] Fetching topic 11458
[2026-09-12 16:08:42] Topic 11458: missing 10 posts; fetching in batches...
[2026-09-12 16:08:43] [719/1945] Fetching topic 11438
[2026-09-12 16:08:44] [720/1945] Fetching topic 10339
[2026-09-12 16:08:45] Topic 10339: missing 9 posts; fetching in batches...
[2026-09-12 16:08:46] [721/1945] Fetching topic 11452
[2026-09-12 16:08:47] [722/1945] Fetching topic 11397
[2026-09-12 16:08:48] Topic 11397: missing 32 posts; fetching in batches...
[2026-09-12 16:08:49] Topic 11397: downloading 1 uploads
[2026-09-12 16:08:50] [723/1945] Fetching topic 9288
[2026-09-12 16:08:51] Topic 9288: missing 6 posts; fetching in batches...
[2026-09-12 16:08:52] [724/1945] Fetching topic 11433
[2026-09-12 16:08:53] [725/1945] Fetching topic 10071
[2026-09-12 16:08:55] [726/1945] Fetching topic 11424
[2026-09-12 16:08:56] [727/1945] Fetching topic 11326
[2026-09-12 16:08:57] [728/1945] Fetching topic 7230
[2026-09-12 16:08:58] Topic 7230: missing 28 posts; fetching in batches...
[2026-09-12 16:08:59] Topic 7230: downloading 5 uploads
[2026-09-12 16:09:03] Upload failed 404: requested=https://forums.greaterthangames.com/uploads/default/optimized/2X/8/8d0f02ef0966ffad326ad606dd75c24d633dbc3e_2_500x500.jpeg, final=https://forums.greaterthangames.com/uploads/default/optimized/2X/8/8d0f02ef0966ffad326ad606dd75c24d633dbc3e_2_500x500.jpeg,
[2026-09-12 16:09:03] Response headers: {'Server': 'nginx', 'Date': 'Sat, 12 Sep 2026 16:09:03 GMT', 'Content-Type': 'text/html', 'Content-Length': '548', 'Connection': 'keep-alive'}
[2026-09-12 16:09:04] [729/1945] Fetching topic 11389
[2026-09-12 16:09:05] [730/1945] Fetching topic 11413
[2026-09-12 16:09:07] [731/1945] Fetching topic 10420
[2026-09-12 16:09:08] Topic 10420: missing 22 posts; fetching in batches...
[2026-09-12 16:09:09] Topic 10420: downloading 12 uploads
[2026-09-12 16:09:13] Upload failed 404: requested=https://forums.greaterthangames.com/uploads/default/optimized/2X/2/20d06dbbafe3470d4ee30b8b405d93a2a8612f99_2_368x500.jpeg, final=https://forums.greaterthangames.com/uploads/default/optimized/2X/2/20d06dbbafe3470d4ee30b8b405d93a2a8612f99_2_368x500.jpeg,
[2026-09-12 16:09:13] Response headers: {'Server': 'nginx', 'Date': 'Sat, 12 Sep 2026 16:09:13 GMT', 'Content-Type': 'text/html', 'Content-Length': '548', 'Connection': 'keep-alive'}
[2026-09-12 16:09:17] Upload failed 404: requested=https://forums.greaterthangames.com/uploads/default/optimized/2X/7/73c97a8baafd71aef63ae86a5e599852ea031359_2_368x500.jpeg, final=https://forums.greaterthangames.com/uploads/default/optimized/2X/7/73c97a8baafd71aef63ae86a5e599852ea031359_2_368x500.jpeg,
[2026-09-12 16:09:17] Response headers: {'Server': 'nginx', 'Date': 'Sat, 12 Sep 2026 16:09:17 GMT', 'Content-Type': 'text/html', 'Content-Length': '548', 'Connection': 'keep-alive'}
[2026-09-12 16:09:21] [732/1945] Fetching topic 10627
[2026-09-12 16:09:22] Topic 10627: missing 18 posts; fetching in batches...
[2026-09-12 16:09:23] [733/1945] Fetching topic 10996
[2026-09-12 16:09:24] [734/1945] Fetching topic 11388
[2026-09-12 16:09:25] [735/1945] Fetching topic 11322
[2026-09-12 16:09:27] [736/1945] Fetching topic 11246
[2026-09-12 16:09:28] Topic 11246: missing 18 posts; fetching in batches...
[2026-09-12 16:09:29] [737/1945] Fetching topic 11318
[2026-09-12 16:09:30] [738/1945] Fetching topic 11315
[2026-09-12 16:09:31] [739/1945] Fetching topic 11309
[2026-09-12 16:09:32] [740/1945] Fetching topic 11238
[2026-09-12 16:09:33] Topic 11238: missing 16 posts; fetching in batches...
[2026-09-12 16:09:34] [741/1945] Fetching topic 11300
[2026-09-12 16:09:35] [742/1945] Fetching topic 11277
[2026-09-12 16:09:37] [743/1945] Fetching topic 9339
[2026-09-12 16:09:38] [744/1945] Fetching topic 11185
[2026-09-12 16:09:39] Topic 11185: missing 28 posts; fetching in batches...
[2026-09-12 16:09:40] [745/1945] Fetching topic 11247
[2026-09-12 16:09:41] [746/1945] Fetching topic 11294
[2026-09-12 16:09:42] [747/1945] Fetching topic 11289
[2026-09-12 16:09:43] [748/1945] Fetching topic 8170
[2026-09-12 16:09:44] Topic 8170: missing 104 posts; fetching in batches...
[2026-09-12 16:09:48] Topic 8170: downloading 2 uploads
[2026-09-12 16:09:50] [749/1945] Fetching topic 11233
[2026-09-12 16:09:51] Topic 11233: downloading 1 uploads
[2026-09-12 16:09:52] [750/1945] Fetching topic 11217
[2026-09-12 16:09:53] [751/1945] Fetching topic 11169
[2026-09-12 16:09:54] [752/1945] Fetching topic 6723
[2026-09-12 16:09:56] Topic 6723: missing 7 posts; fetching in batches...
[2026-09-12 16:09:57] [753/1945] Fetching topic 7221
[2026-09-12 16:09:58] [754/1945] Fetching topic 11027
[2026-09-12 16:09:59] [755/1945] Fetching topic 11144
[2026-09-12 16:10:00] [756/1945] Fetching topic 11138
[2026-09-12 16:10:01] [757/1945] Fetching topic 11131
[2026-09-12 16:10:02] [758/1945] Fetching topic 8790
[2026-09-12 16:10:03] Topic 8790: missing 35 posts; fetching in batches...
[2026-09-12 16:10:04] [759/1945] Fetching topic 11116
[2026-09-12 16:10:06] [760/1945] Fetching topic 11106
[2026-09-12 16:10:07] [761/1945] Fetching topic 11052
[2026-09-12 16:10:08] Topic 11052: missing 7 posts; fetching in batches...
[2026-09-12 16:10:09] [762/1945] Fetching topic 11024
[2026-09-12 16:10:10] [763/1945] Fetching topic 11047
[2026-09-12 16:10:11] [764/1945] Fetching topic 10870
[2026-09-12 16:10:12] [765/1945] Fetching topic 11003
[2026-09-12 16:10:13] [766/1945] Fetching topic 10752
[2026-09-12 16:10:15] Topic 10752: missing 5 posts; fetching in batches...
[2026-09-12 16:10:16] Topic 10752: downloading 1 uploads
[2026-09-12 16:10:17] [767/1945] Fetching topic 10980
[2026-09-12 16:10:18] [768/1945] Fetching topic 10528
[2026-09-12 16:10:19] [769/1945] Fetching topic 6938
[2026-09-12 16:10:20] Topic 6938: missing 51 posts; fetching in batches...
[2026-09-12 16:10:22] Topic 6938: downloading 40 uploads
[2026-09-12 16:10:34] Upload failed 404: requested=https://forums.greaterthangames.com/uploads/default/optimized/2X/2/2403de716ac61e02d71a5190338203f2fc6cf6e9_2_546x500.jpeg, final=https://forums.greaterthangames.com/uploads/default/optimized/2X/2/2403de716ac61e02d71a5190338203f2fc6cf6e9_2_546x500.jpeg,
[2026-09-12 16:10:34] Response headers: {'Server': 'nginx', 'Date': 'Sat, 12 Sep 2026 16:10:34 GMT', 'Content-Type': 'text/html', 'Content-Length': '548', 'Connection': 'keep-alive'}
[2026-09-12 16:10:38] Upload failed 404: requested=https://forums.greaterthangames.com/uploads/default/optimized/2X/5/5fac407929d83ddf22a42e574e526b84f069086c_2_690x388.jpeg, final=https://forums.greaterthangames.com/uploads/default/optimized/2X/5/5fac407929d83ddf22a42e574e526b84f069086c_2_690x388.jpeg,
[2026-09-12 16:10:38] Response headers: {'Server': 'nginx', 'Date': 'Sat, 12 Sep 2026 16:10:38 GMT', 'Content-Type': 'text/html', 'Content-Length': '548', 'Connection': 'keep-alive'}
[2026-09-12 16:10:41] Upload failed 404: requested=https://forums.greaterthangames.com/uploads/default/optimized/2X/8/82eff6947184ed633b91e124675e087dd04b8f7c_2_690x381.jpeg, final=https://forums.greaterthangames.com/uploads/default/optimized/2X/8/82eff6947184ed633b91e124675e087dd04b8f7c_2_690x381.jpeg,
[2026-09-12 16:10:41] Response headers: {'Server': 'nginx', 'Date': 'Sat, 12 Sep 2026 16:10:41 GMT', 'Content-Type': 'text/html', 'Content-Length': '548', 'Connection': 'keep-alive'}
[2026-09-12 16:10:44] Upload failed 404: requested=https://forums.greaterthangames.com/uploads/default/optimized/2X/a/ac3cd52072654ef6eafcfa3303710e6f8844bc16_2_690x325.jpeg, final=https://forums.greaterthangames.com/uploads/default/optimized/2X/a/ac3cd52072654ef6eafcfa3303710e6f8844bc16_2_690x325.jpeg,
[2026-09-12 16:10:44] Response headers: {'Server': 'nginx', 'Date': 'Sat, 12 Sep 2026 16:10:44 GMT', 'Content-Type': 'text/html', 'Content-Length': '548', 'Connection': 'keep-alive'}
[2026-09-12 16:10:47] Upload failed 404: requested=https://forums.greaterthangames.com/uploads/default/optimized/2X/b/b30bbb764fa6c87649c53988b2fe1a29f8a4dc3e_2_690x488.jpeg, final=https://forums.greaterthangames.com/uploads/default/optimized/2X/b/b30bbb764fa6c87649c53988b2fe1a29f8a4dc3e_2_690x488.jpeg,
[2026-09-12 16:10:47] Response headers: {'Server': 'nginx', 'Date': 'Sat, 12 Sep 2026 16:10:47 GMT', 'Content-Type': 'text/html', 'Content-Length': '548', 'Connection': 'keep-alive'}
[2026-09-12 16:10:50] Upload failed 404: requested=https://forums.greaterthangames.com/uploads/default/optimized/2X/c/c8d31f1f247a0c187915c2fbe13e07daed8564a6_2_690x348.jpeg, final=https://forums.greaterthangames.com/uploads/default/optimized/2X/c/c8d31f1f247a0c187915c2fbe13e07daed8564a6_2_690x348.jpeg,
[2026-09-12 16:10:50] Response headers: {'Server': 'nginx', 'Date': 'Sat, 12 Sep 2026 16:10:50 GMT', 'Content-Type': 'text/html', 'Content-Length': '548', 'Connection': 'keep-alive'}
[2026-09-12 16:10:53] Upload failed 404: requested=https://forums.greaterthangames.com/uploads/default/optimized/2X/c/c993411dd654afee02c5a7e42552de75b106833b_2_507x500.jpeg, final=https://forums.greaterthangames.com/uploads/default/optimized/2X/c/c993411dd654afee02c5a7e42552de75b106833b_2_507x500.jpeg,
[2026-09-12 16:10:53] Response headers: {'Server': 'nginx', 'Date': 'Sat, 12 Sep 2026 16:10:53 GMT', 'Content-Type': 'text/html', 'Content-Length': '548', 'Connection': 'keep-alive'}
[2026-09-12 16:11:03] [770/1945] Fetching topic 9604
[2026-09-12 16:11:04] [771/1945] Fetching topic 10886
[2026-09-12 16:11:06] [772/1945] Fetching topic 10885
[2026-09-12 16:11:07] [773/1945] Fetching topic 10877
[2026-09-12 16:11:08] [774/1945] Fetching topic 9821
[2026-09-12 16:11:09] Topic 9821: missing 3 posts; fetching in batches...
[2026-09-12 16:11:10] [775/1945] Fetching topic 9363
[2026-09-12 16:11:11] Topic 9363: missing 2 posts; fetching in batches...
[2026-09-12 16:11:12] [776/1945] Fetching topic 10800
[2026-09-12 16:11:13] Topic 10800: missing 4 posts; fetching in batches...
[2026-09-12 16:11:14] [777/1945] Fetching topic 10700
[2026-09-12 16:11:15] [778/1945] Fetching topic 10858
[2026-09-12 16:11:17] [779/1945] Fetching topic 10853
[2026-09-12 16:11:18] [780/1945] Fetching topic 9532
[2026-09-12 16:11:19] [781/1945] Fetching topic 10840
[2026-09-12 16:11:20] [782/1945] Fetching topic 10384
[2026-09-12 16:11:21] [783/1945] Fetching topic 10485
[2026-09-12 16:11:22] Topic 10485: missing 23 posts; fetching in batches...
[2026-09-12 16:11:23] [784/1945] Fetching topic 9081
[2026-09-12 16:11:24] Topic 9081: missing 100 posts; fetching in batches...
[2026-09-12 16:11:27] Topic 9081: downloading 3 uploads
[2026-09-12 16:11:30] [785/1945] Fetching topic 10757
[2026-09-12 16:11:31] [786/1945] Fetching topic 10733
[2026-09-12 16:11:32] [787/1945] Fetching topic 10553
[2026-09-12 16:11:33] [788/1945] Fetching topic 10709
[2026-09-12 16:11:35] [789/1945] Fetching topic 10712
[2026-09-12 16:11:36] [790/1945] Fetching topic 10684
[2026-09-12 16:11:37] [791/1945] Fetching topic 10694
[2026-09-12 16:11:38] [792/1945] Fetching topic 10706
[2026-09-12 16:11:39] [793/1945] Fetching topic 10556
[2026-09-12 16:11:40] [794/1945] Fetching topic 10577
[2026-09-12 16:11:41] Topic 10577: missing 1 posts; fetching in batches...
[2026-09-12 16:11:42] [795/1945] Fetching topic 10673
[2026-09-12 16:11:43] [796/1945] Fetching topic 10695
[2026-09-12 16:11:45] [797/1945] Fetching topic 10552
[2026-09-12 16:11:46] [798/1945] Fetching topic 10676
[2026-09-12 16:11:47] [799/1945] Fetching topic 10655
[2026-09-12 16:11:48] [800/1945] Fetching topic 10653
[2026-09-12 16:11:49] [801/1945] Fetching topic 10647
[2026-09-12 16:11:50] [802/1945] Fetching topic 10623
[2026-09-12 16:11:51] Topic 10623: missing 2 posts; fetching in batches...
[2026-09-12 16:11:52] [803/1945] Fetching topic 10572
[2026-09-12 16:11:54] Topic 10572: downloading 11 uploads
[2026-09-12 16:11:59] Upload failed 404: requested=https://forums.greaterthangames.com/uploads/default/optimized/2X/1/1adebcdd4be2f1bf1bf4ef2a09f3ccbf6e77c271_2_690x238.jpeg, final=https://forums.greaterthangames.com/uploads/default/optimized/2X/1/1adebcdd4be2f1bf1bf4ef2a09f3ccbf6e77c271_2_690x238.jpeg,
[2026-09-12 16:11:59] Response headers: {'Server': 'nginx', 'Date': 'Sat, 12 Sep 2026 16:11:59 GMT', 'Content-Type': 'text/html', 'Content-Length': '548', 'Connection': 'keep-alive'}
[2026-09-12 16:12:03] Upload failed 404: requested=https://forums.greaterthangames.com/uploads/default/optimized/2X/6/61e4130ac1d0d5fb4a935c3dc79badfddb77271d_2_690x243.jpeg, final=https://forums.greaterthangames.com/uploads/default/optimized/2X/6/61e4130ac1d0d5fb4a935c3dc79badfddb77271d_2_690x243.jpeg,
[2026-09-12 16:12:03] Response headers: {'Server': 'nginx', 'Date': 'Sat, 12 Sep 2026 16:12:03 GMT', 'Content-Type': 'text/html', 'Content-Length': '548', 'Connection': 'keep-alive'}
[2026-09-12 16:12:05] [804/1945] Fetching topic 10505
[2026-09-12 16:12:06] [805/1945] Fetching topic 10616
[2026-09-12 16:12:07] [806/1945] Fetching topic 10592
[2026-09-12 16:12:08] [807/1945] Fetching topic 10574
[2026-09-12 16:12:09] [808/1945] Fetching topic 10568
[2026-09-12 16:12:10] [809/1945] Fetching topic 10567
[2026-09-12 16:12:12] [810/1945] Fetching topic 7740
[2026-09-12 16:12:13] [811/1945] Fetching topic 10356
[2026-09-12 16:12:14] [812/1945] Fetching topic 10539
[2026-09-12 16:12:15] [813/1945] Fetching topic 10562
[2026-09-12 16:12:16] [814/1945] Fetching topic 10545
[2026-09-12 16:12:17] [815/1945] Fetching topic 9911
[2026-09-12 16:12:18] Topic 9911: missing 54 posts; fetching in batches...
[2026-09-12 16:12:21] [816/1945] Fetching topic 10542
[2026-09-12 16:12:22] [817/1945] Fetching topic 10540
[2026-09-12 16:12:23] [818/1945] Fetching topic 10517
[2026-09-12 16:12:24] [819/1945] Fetching topic 10470
[2026-09-12 16:12:25] [820/1945] Fetching topic 10532
[2026-09-12 16:12:26] [821/1945] Fetching topic 9800
[2026-09-12 16:12:27] Topic 9800: missing 5 posts; fetching in batches...
[2026-09-12 16:12:28] [822/1945] Fetching topic 9449
[2026-09-12 16:12:29] Topic 9449: missing 35 posts; fetching in batches...
[2026-09-12 16:12:31] [823/1945] Fetching topic 10530
[2026-09-12 16:12:32] [824/1945] Fetching topic 10529
[2026-09-12 16:12:33] [825/1945] Fetching topic 10520
[2026-09-12 16:12:34] [826/1945] Fetching topic 8361
[2026-09-12 16:12:35] Topic 8361: missing 49 posts; fetching in batches...
[2026-09-12 16:12:36] [827/1945] Fetching topic 10515
[2026-09-12 16:12:37] [828/1945] Fetching topic 10508
[2026-09-12 16:12:39] [829/1945] Fetching topic 10467
[2026-09-12 16:12:40] [830/1945] Fetching topic 10512
[2026-09-12 16:12:41] [831/1945] Fetching topic 10491
[2026-09-12 16:12:42] [832/1945] Fetching topic 10450
[2026-09-12 16:12:43] [833/1945] Fetching topic 10475
[2026-09-12 16:12:44] [834/1945] Fetching topic 10507
[2026-09-12 16:12:45] [835/1945] Fetching topic 10451
[2026-09-12 16:12:46] [836/1945] Fetching topic 10502
[2026-09-12 16:12:48] [837/1945] Fetching topic 10500
[2026-09-12 16:12:49] [838/1945] Fetching topic 10396
[2026-09-12 16:12:50] [839/1945] Fetching topic 10494
[2026-09-12 16:12:51] [840/1945] Fetching topic 10487
[2026-09-12 16:12:52] [841/1945] Fetching topic 10474
[2026-09-12 16:12:53] [842/1945] Fetching topic 10476
[2026-09-12 16:12:54] [843/1945] Fetching topic 10438
[2026-09-12 16:12:55] [844/1945] Fetching topic 10453
[2026-09-12 16:12:57] [845/1945] Fetching topic 10452
[2026-09-12 16:12:58] [846/1945] Fetching topic 10449
[2026-09-12 16:12:59] [847/1945] Fetching topic 10457
[2026-09-12 16:13:00] [848/1945] Fetching topic 10369
[2026-09-12 16:13:01] [849/1945] Fetching topic 10441
[2026-09-12 16:13:02] [850/1945] Fetching topic 10442
[2026-09-12 16:13:03] [851/1945] Fetching topic 10421
[2026-09-12 16:13:04] [852/1945] Fetching topic 10435
[2026-09-12 16:13:06] [853/1945] Fetching topic 10432
[2026-09-12 16:13:07] [854/1945] Fetching topic 10429
[2026-09-12 16:13:08] [855/1945] Fetching topic 10426
[2026-09-12 16:13:09] [856/1945] Fetching topic 10145
[2026-09-12 16:13:10] Topic 10145: missing 19 posts; fetching in batches...
[2026-09-12 16:13:11] [857/1945] Fetching topic 10417
[2026-09-12 16:13:12] [858/1945] Fetching topic 10418
[2026-09-12 16:13:13] [859/1945] Fetching topic 10401
[2026-09-12 16:13:14] [860/1945] Fetching topic 10415
[2026-09-12 16:13:16] [861/1945] Fetching topic 10402
[2026-09-12 16:13:17] [862/1945] Fetching topic 10411
[2026-09-12 16:13:18] [863/1945] Fetching topic 10412
[2026-09-12 16:13:19] [864/1945] Fetching topic 10410
[2026-09-12 16:13:20] [865/1945] Fetching topic 10409
[2026-09-12 16:13:21] [866/1945] Fetching topic 10407
[2026-09-12 16:13:22] [867/1945] Fetching topic 10399
[2026-09-12 16:13:23] [868/1945] Fetching topic 10394
[2026-09-12 16:13:25] [869/1945] Fetching topic 10405
[2026-09-12 16:13:26] [870/1945] Fetching topic 10388
[2026-09-12 16:13:27] [871/1945] Fetching topic 7368
[2026-09-12 16:13:28] Topic 7368: downloading 1 uploads
[2026-09-12 16:13:29] [872/1945] Fetching topic 10392
[2026-09-12 16:13:30] [873/1945] Fetching topic 10375
[2026-09-12 16:13:31] [874/1945] Fetching topic 10387
[2026-09-12 16:13:32] [875/1945] Fetching topic 10377
[2026-09-12 16:13:34] [876/1945] Fetching topic 7818
[2026-09-12 16:13:35] [877/1945] Fetching topic 10378
[2026-09-12 16:13:36] [878/1945] Fetching topic 7998
[2026-09-12 16:13:37] [879/1945] Fetching topic 10371
[2026-09-12 16:13:38] [880/1945] Fetching topic 10361
[2026-09-12 16:13:39] [881/1945] Fetching topic 10346
[2026-09-12 16:13:40] [882/1945] Fetching topic 10348
[2026-09-12 16:13:41] [883/1945] Fetching topic 6274
[2026-09-12 16:13:43] Topic 6274: missing 13 posts; fetching in batches...
[2026-09-12 16:13:44] [884/1945] Fetching topic 10334
[2026-09-12 16:13:45] [885/1945] Fetching topic 10327
[2026-09-12 16:13:46] [886/1945] Fetching topic 10324
[2026-09-12 16:13:47] [887/1945] Fetching topic 10316
[2026-09-12 16:13:48] [888/1945] Fetching topic 10325
[2026-09-12 16:13:49] [889/1945] Fetching topic 8304
[2026-09-12 16:13:50] Topic 8304: missing 6 posts; fetching in batches...
[2026-09-12 16:13:51] Topic 8304: downloading 1 uploads
[2026-09-12 16:13:52] [890/1945] Fetching topic 10309
[2026-09-12 16:13:54] [891/1945] Fetching topic 10300
[2026-09-12 16:13:55] [892/1945] Fetching topic 10281
[2026-09-12 16:13:56] [893/1945] Fetching topic 10238
[2026-09-12 16:13:57] [894/1945] Fetching topic 10262
[2026-09-12 16:13:58] [895/1945] Fetching topic 10233
[2026-09-12 16:13:59] [896/1945] Fetching topic 10256
[2026-09-12 16:14:00] Topic 10256: missing 4 posts; fetching in batches...
[2026-09-12 16:14:01] [897/1945] Fetching topic 10247
[2026-09-12 16:14:02] Topic 10247: missing 1 posts; fetching in batches...
[2026-09-12 16:14:03] [898/1945] Fetching topic 10174
[2026-09-12 16:14:05] [899/1945] Fetching topic 10251
[2026-09-12 16:14:06] [900/1945] Fetching topic 10250
[2026-09-12 16:14:07] [901/1945] Fetching topic 10106
[2026-09-12 16:14:08] [902/1945] Fetching topic 10235
[2026-09-12 16:14:09] [903/1945] Fetching topic 10211
[2026-09-12 16:14:10] Topic 10211: missing 17 posts; fetching in batches...
[2026-09-12 16:14:11] [904/1945] Fetching topic 10227
[2026-09-12 16:14:12] [905/1945] Fetching topic 10090
[2026-09-12 16:14:13] Topic 10090: missing 3 posts; fetching in batches...
[2026-09-12 16:14:15] [906/1945] Fetching topic 10184
[2026-09-12 16:14:16] [907/1945] Fetching topic 10214
[2026-09-12 16:14:17] [908/1945] Fetching topic 10051
[2026-09-12 16:14:18] Topic 10051: missing 102 posts; fetching in batches...
[2026-09-12 16:14:21] Topic 10051: downloading 1 uploads
[2026-09-12 16:14:21] [909/1945] Fetching topic 10194
[2026-09-12 16:14:23] Topic 10194: downloading 1 uploads
[2026-09-12 16:14:23] [910/1945] Fetching topic 8411
[2026-09-12 16:14:24] Topic 8411: missing 2 posts; fetching in batches...
[2026-09-12 16:14:25] [911/1945] Fetching topic 10185
[2026-09-12 16:14:26] [912/1945] Fetching topic 10179
[2026-09-12 16:14:27] [913/1945] Fetching topic 9203
[2026-09-12 16:14:28] [914/1945] Fetching topic 10082
[2026-09-12 16:14:29] Topic 10082: missing 10 posts; fetching in batches...
[2026-09-12 16:14:30] [915/1945] Fetching topic 10104
[2026-09-12 16:14:31] Topic 10104: missing 1 posts; fetching in batches...
[2026-09-12 16:14:32] Topic 10104: downloading 14 uploads
[2026-09-12 16:14:47] [916/1945] Fetching topic 10152
[2026-09-12 16:14:47] [917/1945] Fetching topic 10150
[2026-09-12 16:14:49] [918/1945] Fetching topic 10142
[2026-09-12 16:14:50] [919/1945] Fetching topic 10134
[2026-09-12 16:14:51] [920/1945] Fetching topic 7726
[2026-09-12 16:14:52] Topic 7726: missing 8 posts; fetching in batches...
[2026-09-12 16:14:53] Topic 7726: downloading 1 uploads
[2026-09-12 16:14:54] [921/1945] Fetching topic 9777
[2026-09-12 16:14:55] [922/1945] Fetching topic 9945
[2026-09-12 16:14:56] Topic 9945: missing 20 posts; fetching in batches...
[2026-09-12 16:14:57] [923/1945] Fetching topic 10072
[2026-09-12 16:14:58] Topic 10072: downloading 3 uploads
[2026-09-12 16:14:59] [924/1945] Fetching topic 10093
[2026-09-12 16:15:01] [925/1945] Fetching topic 10091
[2026-09-12 16:15:02] [926/1945] Fetching topic 7849
[2026-09-12 16:15:03] [927/1945] Fetching topic 10062
[2026-09-12 16:15:04] [928/1945] Fetching topic 9776
[2026-09-12 16:15:05] [929/1945] Fetching topic 9611
[2026-09-12 16:15:06] [930/1945] Fetching topic 10027
[2026-09-12 16:15:07] [931/1945] Fetching topic 9842
[2026-09-12 16:15:08] Topic 9842: missing 11 posts; fetching in batches...
[2026-09-12 16:15:10] Topic 9842: downloading 1 uploads
[2026-09-12 16:15:10] [932/1945] Fetching topic 10026
[2026-09-12 16:15:11] [933/1945] Fetching topic 10009
[2026-09-12 16:15:12] [934/1945] Fetching topic 9971
[2026-09-12 16:15:13] [935/1945] Fetching topic 10021
[2026-09-12 16:15:14] [936/1945] Fetching topic 10023
[2026-09-12 16:15:15] [937/1945] Fetching topic 10024
[2026-09-12 16:15:16] [938/1945] Fetching topic 10015
[2026-09-12 16:15:17] [939/1945] Fetching topic 9900
[2026-09-12 16:15:19] Topic 9900: missing 67 posts; fetching in batches...
[2026-09-12 16:15:21] [940/1945] Fetching topic 10001
[2026-09-12 16:15:22] [941/1945] Fetching topic 9974
[2026-09-12 16:15:23] Topic 9974: missing 7 posts; fetching in batches...
[2026-09-12 16:15:24] [942/1945] Fetching topic 9932
[2026-09-12 16:15:25] [943/1945] Fetching topic 9984
[2026-09-12 16:15:26] [944/1945] Fetching topic 9223
[2026-09-12 16:15:28] Topic 9223: missing 107 posts; fetching in batches...
[2026-09-12 16:15:31] Topic 9223: downloading 4 uploads
[2026-09-12 16:15:33] [945/1945] Fetching topic 9960
[2026-09-12 16:15:34] [946/1945] Fetching topic 9934
[2026-09-12 16:15:35] [947/1945] Fetching topic 9941
[2026-09-12 16:15:36] [948/1945] Fetching topic 9948
[2026-09-12 16:15:38] [949/1945] Fetching topic 9933
[2026-09-12 16:15:39] [950/1945] Fetching topic 9756
[2026-09-12 16:15:40] [951/1945] Fetching topic 9753
[2026-09-12 16:15:41] [952/1945] Fetching topic 9700
[2026-09-12 16:15:42] [953/1945] Fetching topic 9938
[2026-09-12 16:15:43] [954/1945] Fetching topic 9889
[2026-09-12 16:15:44] Topic 9889: downloading 1 uploads
[2026-09-12 16:15:46] [955/1945] Fetching topic 9856
[2026-09-12 16:15:47] Topic 9856: missing 15 posts; fetching in batches...
[2026-09-12 16:15:48] [956/1945] Fetching topic 9886
[2026-09-12 16:15:49] [957/1945] Fetching topic 9897
[2026-09-12 16:15:50] [958/1945] Fetching topic 9922
[2026-09-12 16:15:51] [959/1945] Fetching topic 9896
[2026-09-12 16:15:52] [960/1945] Fetching topic 9882
[2026-09-12 16:15:53] [961/1945] Fetching topic 9511
[2026-09-12 16:15:54] Topic 9511: missing 137 posts; fetching in batches...
[2026-09-12 16:15:58] [962/1945] Fetching topic 9895
[2026-09-12 16:15:59] [963/1945] Fetching topic 9907
[2026-09-12 16:16:00] [964/1945] Fetching topic 9898
[2026-09-12 16:16:02] [965/1945] Fetching topic 9894
[2026-09-12 16:16:03] [966/1945] Fetching topic 9876
[2026-09-12 16:16:04] Topic 9876: missing 3 posts; fetching in batches...
[2026-09-12 16:16:05] [967/1945] Fetching topic 6014
[2026-09-12 16:16:06] Topic 6014: missing 73 posts; fetching in batches...
[2026-09-12 16:16:08] [968/1945] Fetching topic 9648
[2026-09-12 16:16:09] [969/1945] Fetching topic 9891
[2026-09-12 16:16:10] [970/1945] Fetching topic 9874
[2026-09-12 16:16:12] [971/1945] Fetching topic 9450
[2026-09-12 16:16:13] Topic 9450: missing 29 posts; fetching in batches...
[2026-09-12 16:16:14] [972/1945] Fetching topic 9872
[2026-09-12 16:16:15] [973/1945] Fetching topic 9749
[2026-09-12 16:16:16] Topic 9749: missing 8 posts; fetching in batches...
[2026-09-12 16:16:17] [974/1945] Fetching topic 9857
[2026-09-12 16:16:18] [975/1945] Fetching topic 9860
[2026-09-12 16:16:19] [976/1945] Fetching topic 9757
[2026-09-12 16:16:20] [977/1945] Fetching topic 8100
[2026-09-12 16:16:22] [978/1945] Fetching topic 9854
[2026-09-12 16:16:23] [979/1945] Fetching topic 9852
[2026-09-12 16:16:24] [980/1945] Fetching topic 9835
[2026-09-12 16:16:25] [981/1945] Fetching topic 9839
[2026-09-12 16:16:26] [982/1945] Fetching topic 9701
[2026-09-12 16:16:27] [983/1945] Fetching topic 9605
[2026-09-12 16:16:28] Topic 9605: missing 27 posts; fetching in batches...
[2026-09-12 16:16:30] [984/1945] Fetching topic 9692
[2026-09-12 16:16:31] Topic 9692: missing 14 posts; fetching in batches...
[2026-09-12 16:16:32] [985/1945] Fetching topic 9536
[2026-09-12 16:16:33] Topic 9536: missing 15 posts; fetching in batches...
[2026-09-12 16:16:34] Topic 9536: downloading 2 uploads
[2026-09-12 16:16:36] [986/1945] Fetching topic 9773
[2026-09-12 16:16:37] [987/1945] Fetching topic 9767
[2026-09-12 16:16:38] [988/1945] Fetching topic 9683
[2026-09-12 16:16:39] [989/1945] Fetching topic 9758
[2026-09-12 16:16:40] [990/1945] Fetching topic 7399
[2026-09-12 16:16:42] [991/1945] Fetching topic 9009
[2026-09-12 16:16:43] [992/1945] Fetching topic 9703
[2026-09-12 16:16:44] [993/1945] Fetching topic 6605
[2026-09-12 16:16:45] [994/1945] Fetching topic 9667
[2026-09-12 16:16:46] [995/1945] Fetching topic 9594
[2026-09-12 16:16:47] [996/1945] Fetching topic 9573
[2026-09-12 16:16:48] Topic 9573: missing 26 posts; fetching in batches...
[2026-09-12 16:16:50] Topic 9573: downloading 1 uploads
[2026-09-12 16:16:50] [997/1945] Fetching topic 9655
[2026-09-12 16:16:51] [998/1945] Fetching topic 9624
[2026-09-12 16:16:52] [999/1945] Fetching topic 9607
[2026-09-12 16:16:53] [1000/1945] Fetching topic 9585
[2026-09-12 16:16:54] Topic 9585: missing 5 posts; fetching in batches...
[2026-09-12 16:16:55] Topic 9585: downloading 3 uploads
[2026-09-12 16:16:55] [1001/1945] Fetching topic 9586
[2026-09-12 16:16:56] [1002/1945] Fetching topic 9575
[2026-09-12 16:16:57] Topic 9575: downloading 2 uploads
[2026-09-12 16:16:58] [1003/1945] Fetching topic 9571
[2026-09-12 16:16:59] Topic 9571: missing 55 posts; fetching in batches...
[2026-09-12 16:17:02] [1004/1945] Fetching topic 9580
[2026-09-12 16:17:03] [1005/1945] Fetching topic 9583
[2026-09-12 16:17:04] [1006/1945] Fetching topic 9578
[2026-09-12 16:17:05] [1007/1945] Fetching topic 9564
[2026-09-12 16:17:06] [1008/1945] Fetching topic 9557
[2026-09-12 16:17:07] Topic 9557: missing 1 posts; fetching in batches...
[2026-09-12 16:17:08] [1009/1945] Fetching topic 9565
[2026-09-12 16:17:09] [1010/1945] Fetching topic 9554
[2026-09-12 16:17:11] [1011/1945] Fetching topic 9563
[2026-09-12 16:17:12] [1012/1945] Fetching topic 9488
[2026-09-12 16:17:13] [1013/1945] Fetching topic 9548
[2026-09-12 16:17:14] [1014/1945] Fetching topic 9549
[2026-09-12 16:17:15] Topic 9549: missing 7 posts; fetching in batches...
[2026-09-12 16:17:16] [1015/1945] Fetching topic 9545
[2026-09-12 16:17:17] Topic 9545: missing 1 posts; fetching in batches...
[2026-09-12 16:17:18] [1016/1945] Fetching topic 9386
[2026-09-12 16:17:19] Topic 9386: missing 8 posts; fetching in batches...
[2026-09-12 16:17:20] Topic 9386: downloading 2 uploads
[2026-09-12 16:17:20] [1017/1945] Fetching topic 9463
[2026-09-12 16:17:22] [1018/1945] Fetching topic 9447
[2026-09-12 16:17:23] Topic 9447: missing 4 posts; fetching in batches...
[2026-09-12 16:17:24] [1019/1945] Fetching topic 9530
[2026-09-12 16:17:25] Topic 9530: missing 10 posts; fetching in batches...
[2026-09-12 16:17:26] [1020/1945] Fetching topic 9505
[2026-09-12 16:17:27] Topic 9505: missing 7 posts; fetching in batches...
[2026-09-12 16:17:28] [1021/1945] Fetching topic 9531
[2026-09-12 16:17:29] [1022/1945] Fetching topic 9494
[2026-09-12 16:17:30] Topic 9494: missing 36 posts; fetching in batches...
[2026-09-12 16:17:31] [1023/1945] Fetching topic 9469
[2026-09-12 16:17:33] [1024/1945] Fetching topic 9362
[2026-09-12 16:17:34] [1025/1945] Fetching topic 9507
[2026-09-12 16:17:35] [1026/1945] Fetching topic 7574
[2026-09-12 16:17:36] Topic 7574: missing 115 posts; fetching in batches...
[2026-09-12 16:17:39] [1027/1945] Fetching topic 9477
[2026-09-12 16:17:41] [1028/1945] Fetching topic 9475
[2026-09-12 16:17:42] Topic 9475: missing 11 posts; fetching in batches...
[2026-09-12 16:17:43] [1029/1945] Fetching topic 9486
[2026-09-12 16:17:44] Topic 9486: missing 6 posts; fetching in batches...
[2026-09-12 16:17:45] [1030/1945] Fetching topic 9480
[2026-09-12 16:17:46] [1031/1945] Fetching topic 9473
[2026-09-12 16:17:47] [1032/1945] Fetching topic 9481
[2026-09-12 16:17:48] [1033/1945] Fetching topic 9353
[2026-09-12 16:17:49] Topic 9353: missing 23 posts; fetching in batches...
[2026-09-12 16:17:50] [1034/1945] Fetching topic 9415
[2026-09-12 16:17:52] Topic 9415: missing 2 posts; fetching in batches...
[2026-09-12 16:17:53] [1035/1945] Fetching topic 9436
[2026-09-12 16:17:54] [1036/1945] Fetching topic 9414
[2026-09-12 16:17:55] [1037/1945] Fetching topic 9395
[2026-09-12 16:17:56] [1038/1945] Fetching topic 9393
[2026-09-12 16:17:57] Topic 9393: missing 24 posts; fetching in batches...
[2026-09-12 16:17:58] [1039/1945] Fetching topic 9383
[2026-09-12 16:17:59] [1040/1945] Fetching topic 9365
[2026-09-12 16:18:00] Topic 9365: missing 18 posts; fetching in batches...
[2026-09-12 16:18:01] [1041/1945] Fetching topic 9377
[2026-09-12 16:18:03] [1042/1945] Fetching topic 9376
[2026-09-12 16:18:04] [1043/1945] Fetching topic 9334
[2026-09-12 16:18:05] Topic 9334: missing 49 posts; fetching in batches...
[2026-09-12 16:18:06] Topic 9334: downloading 3 uploads
[2026-09-12 16:18:07] Upload failed 404: requested=https://forums.greaterthangames.com/uploads/2012/12/ranch-dressing-on-broccoli-keirstens-kitchen.jpg final=https://forums.greaterthangames.com/uploads/2012/12/ranch-dressing-on-broccoli-keirstens-kitchen.jpg
[2026-09-12 16:18:07] Response headers: {'Server': 'nginx', 'Date': 'Sat, 12 Sep 2026 16:18:07 GMT', 'Content-Type': 'text/html', 'Content-Length': '548', 'Connection': 'keep-alive'}
[2026-09-12 16:18:09] [1044/1945] Fetching topic 9351
[2026-09-12 16:18:10] [1045/1945] Fetching topic 9326
[2026-09-12 16:18:11] [1046/1945] Fetching topic 9331
[2026-09-12 16:18:13] [1047/1945] Fetching topic 9310
[2026-09-12 16:18:14] [1048/1945] Fetching topic 9320
[2026-09-12 16:18:15] Topic 9320: missing 1 posts; fetching in batches...
[2026-09-12 16:18:16] [1049/1945] Fetching topic 9325
[2026-09-12 16:18:17] [1050/1945] Fetching topic 9318
[2026-09-12 16:18:18] [1051/1945] Fetching topic 9311
[2026-09-12 16:18:19] Topic 9311: missing 7 posts; fetching in batches...
[2026-09-12 16:18:20] [1052/1945] Fetching topic 9308
[2026-09-12 16:18:21] Topic 9308: missing 56 posts; fetching in batches...
[2026-09-12 16:18:24] [1053/1945] Fetching topic 7649
[2026-09-12 16:18:25] Topic 7649: missing 6 posts; fetching in batches...
[2026-09-12 16:18:26] [1054/1945] Fetching topic 9235
[2026-09-12 16:18:27] Topic 9235: missing 44 posts; fetching in batches...
[2026-09-12 16:18:28] Topic 9235: downloading 10 uploads
[2026-09-12 16:18:34] [1055/1945] Fetching topic 9291
[2026-09-12 16:18:35] Topic 9291: missing 3 posts; fetching in batches...
[2026-09-12 16:18:36] [1056/1945] Fetching topic 9284
[2026-09-12 16:18:37] [1057/1945] Fetching topic 9290
[2026-09-12 16:18:38] [1058/1945] Fetching topic 9295
[2026-09-12 16:18:40] [1059/1945] Fetching topic 9287
[2026-09-12 16:18:41] [1060/1945] Fetching topic 6817
[2026-09-12 16:18:42] Topic 6817: missing 4 posts; fetching in batches...
[2026-09-12 16:18:43] [1061/1945] Fetching topic 9212
[2026-09-12 16:18:44] [1062/1945] Fetching topic 9228
[2026-09-12 16:18:45] [1063/1945] Fetching topic 9247
[2026-09-12 16:18:46] [1064/1945] Fetching topic 9205
[2026-09-12 16:18:48] Topic 9205: missing 3 posts; fetching in batches...
[2026-09-12 16:18:49] [1065/1945] Fetching topic 9248
[2026-09-12 16:18:50] [1066/1945] Fetching topic 9240
[2026-09-12 16:18:51] [1067/1945] Fetching topic 9233
[2026-09-12 16:18:52] [1068/1945] Fetching topic 9197
[2026-09-12 16:18:53] Topic 9197: missing 1 posts; fetching in batches...
[2026-09-12 16:18:54] [1069/1945] Fetching topic 9227
[2026-09-12 16:18:55] [1070/1945] Fetching topic 7567
[2026-09-12 16:18:56] Topic 7567: missing 46 posts; fetching in batches...
[2026-09-12 16:18:58] [1071/1945] Fetching topic 9220
[2026-09-12 16:18:59] [1072/1945] Fetching topic 9208
[2026-09-12 16:19:00] Topic 9208: missing 1 posts; fetching in batches...
[2026-09-12 16:19:01] [1073/1945] Fetching topic 9184
[2026-09-12 16:19:02] Topic 9184: missing 5 posts; fetching in batches...
[2026-09-12 16:19:03] Topic 9184: downloading 1 uploads
[2026-09-12 16:19:04] [1074/1945] Fetching topic 9209
[2026-09-12 16:19:05] [1075/1945] Fetching topic 9040
[2026-09-12 16:19:06] [1076/1945] Fetching topic 9189
[2026-09-12 16:19:07] [1077/1945] Fetching topic 9175
[2026-09-12 16:19:08] [1078/1945] Fetching topic 9076
[2026-09-12 16:19:10] Topic 9076: missing 37 posts; fetching in batches...
[2026-09-12 16:19:11] [1079/1945] Fetching topic 9187
[2026-09-12 16:19:12] [1080/1945] Fetching topic 9186
[2026-09-12 16:19:13] [1081/1945] Fetching topic 9159
[2026-09-12 16:19:14] Topic 9159: missing 13 posts; fetching in batches...
[2026-09-12 16:19:15] [1082/1945] Fetching topic 8871
[2026-09-12 16:19:16] Topic 8871: missing 169 posts; fetching in batches...
[2026-09-12 16:19:21] [1083/1945] Fetching topic 6112
[2026-09-12 16:19:22] Topic 6112: missing 3 posts; fetching in batches...
[2026-09-12 16:19:23] [1084/1945] Fetching topic 9174
[2026-09-12 16:19:24] [1085/1945] Fetching topic 9171
[2026-09-12 16:19:25] [1086/1945] Fetching topic 8973
[2026-09-12 16:19:27] [1087/1945] Fetching topic 6648
[2026-09-12 16:19:28] Topic 6648: missing 48 posts; fetching in batches...
[2026-09-12 16:19:29] [1088/1945] Fetching topic 9157
[2026-09-12 16:19:30] [1089/1945] Fetching topic 5585
[2026-09-12 16:19:31] [1090/1945] Fetching topic 9141
[2026-09-12 16:19:32] [1091/1945] Fetching topic 9137
[2026-09-12 16:19:34] [1092/1945] Fetching topic 9128
[2026-09-12 16:19:35] Topic 9128: missing 4 posts; fetching in batches...
[2026-09-12 16:19:36] [1093/1945] Fetching topic 9130
[2026-09-12 16:19:37] [1094/1945] Fetching topic 9127
[2026-09-12 16:19:38] [1095/1945] Fetching topic 9056
[2026-09-12 16:19:39] Topic 9056: missing 5 posts; fetching in batches...
[2026-09-12 16:19:40] [1096/1945] Fetching topic 9119
[2026-09-12 16:19:41] [1097/1945] Fetching topic 9100
[2026-09-12 16:19:42] [1098/1945] Fetching topic 9106
[2026-09-12 16:19:44] [1099/1945] Fetching topic 9096
[2026-09-12 16:19:45] [1100/1945] Fetching topic 8791
[2026-09-12 16:19:46] [1101/1945] Fetching topic 9092
[2026-09-12 16:19:47] [1102/1945] Fetching topic 8315
[2026-09-12 16:19:48] Topic 8315: missing 113 posts; fetching in batches...
[2026-09-12 16:19:51] [1103/1945] Fetching topic 9075
[2026-09-12 16:19:53] [1104/1945] Fetching topic 9071
[2026-09-12 16:19:54] [1105/1945] Fetching topic 9073
[2026-09-12 16:19:55] [1106/1945] Fetching topic 9010
[2026-09-12 16:19:56] Topic 9010: missing 12 posts; fetching in batches...
[2026-09-12 16:19:57] [1107/1945] Fetching topic 7582
[2026-09-12 16:19:58] [1108/1945] Fetching topic 5288
[2026-09-12 16:19:59] Topic 5288: missing 12 posts; fetching in batches...
[2026-09-12 16:20:00] [1109/1945] Fetching topic 8458
[2026-09-12 16:20:01] [1110/1945] Fetching topic 9045
[2026-09-12 16:20:03] Topic 9045: missing 6 posts; fetching in batches...
[2026-09-12 16:20:04] Topic 9045: downloading 2 uploads
[2026-09-12 16:20:06] [1111/1945] Fetching topic 9035
[2026-09-12 16:20:07] [1112/1945] Fetching topic 9043
[2026-09-12 16:20:08] [1113/1945] Fetching topic 9041
[2026-09-12 16:20:09] [1114/1945] Fetching topic 8961
[2026-09-12 16:20:10] Topic 8961: missing 76 posts; fetching in batches...
[2026-09-12 16:20:13] [1115/1945] Fetching topic 8979
[2026-09-12 16:20:14] [1116/1945] Fetching topic 9038
[2026-09-12 16:20:15] [1117/1945] Fetching topic 9015
[2026-09-12 16:20:16] [1118/1945] Fetching topic 9034
[2026-09-12 16:20:17] [1119/1945] Fetching topic 8588
[2026-09-12 16:20:18] [1120/1945] Fetching topic 9024
[2026-09-12 16:20:19] [1121/1945] Fetching topic 8903
[2026-09-12 16:20:20] Topic 8903: missing 16 posts; fetching in batches...
[2026-09-12 16:20:21] [1122/1945] Fetching topic 9017
[2026-09-12 16:20:23] [1123/1945] Fetching topic 9018
[2026-09-12 16:20:24] [1124/1945] Fetching topic 9016
[2026-09-12 16:20:25] [1125/1945] Fetching topic 8949
[2026-09-12 16:20:26] Topic 8949: missing 15 posts; fetching in batches...
[2026-09-12 16:20:27] [1126/1945] Fetching topic 8991
[2026-09-12 16:20:28] [1127/1945] Fetching topic 8992
[2026-09-12 16:20:29] [1128/1945] Fetching topic 7006
[2026-09-12 16:20:30] Topic 7006: missing 14 posts; fetching in batches...
[2026-09-12 16:20:31] [1129/1945] Fetching topic 8980
[2026-09-12 16:20:33] [1130/1945] Fetching topic 9000
[2026-09-12 16:20:34] [1131/1945] Fetching topic 8995
[2026-09-12 16:20:35] [1132/1945] Fetching topic 8990
[2026-09-12 16:20:36] [1133/1945] Fetching topic 8989
[2026-09-12 16:20:37] [1134/1945] Fetching topic 8863
[2026-09-12 16:20:38] Topic 8863: missing 85 posts; fetching in batches...
[2026-09-12 16:20:40] Topic 8863: downloading 1 uploads
[2026-09-12 16:20:42] [1135/1945] Fetching topic 8976
[2026-09-12 16:20:43] [1136/1945] Fetching topic 8972
[2026-09-12 16:20:44] [1137/1945] Fetching topic 8977
[2026-09-12 16:20:45] Topic 8977: missing 1 posts; fetching in batches...
[2026-09-12 16:20:46] [1138/1945] Fetching topic 8944
[2026-09-12 16:20:47] [1139/1945] Fetching topic 8829
[2026-09-12 16:20:48] Topic 8829: missing 16 posts; fetching in batches...
[2026-09-12 16:20:49] [1140/1945] Fetching topic 8864
[2026-09-12 16:20:50] [1141/1945] Fetching topic 8957
[2026-09-12 16:20:51] [1142/1945] Fetching topic 8946
[2026-09-12 16:20:53] [1143/1945] Fetching topic 8869
[2026-09-12 16:20:54] Topic 8869: missing 10 posts; fetching in batches...
[2026-09-12 16:20:55] [1144/1945] Fetching topic 8775
[2026-09-12 16:20:56] [1145/1945] Fetching topic 8889
[2026-09-12 16:20:57] Topic 8889: missing 8 posts; fetching in batches...
[2026-09-12 16:20:58] [1146/1945] Fetching topic 8940
[2026-09-12 16:20:59] [1147/1945] Fetching topic 8899
[2026-09-12 16:21:00] Topic 8899: missing 35 posts; fetching in batches...
[2026-09-12 16:21:01] [1148/1945] Fetching topic 8873
[2026-09-12 16:21:03] Topic 8873: missing 61 posts; fetching in batches...
[2026-09-12 16:21:05] [1149/1945] Fetching topic 8813
[2026-09-12 16:21:06] [1150/1945] Fetching topic 8910
[2026-09-12 16:21:07] [1151/1945] Fetching topic 8918
[2026-09-12 16:21:08] [1152/1945] Fetching topic 8902
[2026-09-12 16:21:10] [1153/1945] Fetching topic 8925
[2026-09-12 16:21:11] [1154/1945] Fetching topic 8920
[2026-09-12 16:21:12] [1155/1945] Fetching topic 8883
[2026-09-12 16:21:13] Topic 8883: missing 14 posts; fetching in batches...
[2026-09-12 16:21:14] [1156/1945] Fetching topic 8860
[2026-09-12 16:21:15] [1157/1945] Fetching topic 7925
[2026-09-12 16:21:16] Topic 7925: missing 73 posts; fetching in batches...
[2026-09-12 16:21:18] [1158/1945] Fetching topic 8875
[2026-09-12 16:21:20] [1159/1945] Fetching topic 8853
[2026-09-12 16:21:21] Topic 8853: missing 10 posts; fetching in batches...
[2026-09-12 16:21:22] [1160/1945] Fetching topic 8885
[2026-09-12 16:21:23] [1161/1945] Fetching topic 8867
[2026-09-12 16:21:24] [1162/1945] Fetching topic 8772
[2026-09-12 16:21:25] Topic 8772: missing 2 posts; fetching in batches...
[2026-09-12 16:21:26] [1163/1945] Fetching topic 5604
[2026-09-12 16:21:27] [1164/1945] Fetching topic 8830
[2026-09-12 16:21:28] Topic 8830: missing 4 posts; fetching in batches...
[2026-09-12 16:21:29] [1165/1945] Fetching topic 8858
[2026-09-12 16:21:31] [1166/1945] Fetching topic 8856
[2026-09-12 16:21:32] [1167/1945] Fetching topic 8852
[2026-09-12 16:21:33] [1168/1945] Fetching topic 8850
[2026-09-12 16:21:34] Topic 8850: missing 1 posts; fetching in batches...
[2026-09-12 16:21:35] [1169/1945] Fetching topic 8846
[2026-09-12 16:21:36] [1170/1945] Fetching topic 8842
[2026-09-12 16:21:37] [1171/1945] Fetching topic 8845
[2026-09-12 16:21:38] [1172/1945] Fetching topic 7341
[2026-09-12 16:21:39] Topic 7341: missing 19 posts; fetching in batches...
[2026-09-12 16:21:41] [1173/1945] Fetching topic 8836
[2026-09-12 16:21:42] Topic 8836: missing 7 posts; fetching in batches...
[2026-09-12 16:21:43] [1174/1945] Fetching topic 8841
[2026-09-12 16:21:44] [1175/1945] Fetching topic 8781
[2026-09-12 16:21:45] [1176/1945] Fetching topic 8506
[2026-09-12 16:21:46] Topic 8506: missing 11 posts; fetching in batches...
[2026-09-12 16:21:47] [1177/1945] Fetching topic 8827
[2026-09-12 16:21:48] [1178/1945] Fetching topic 8825
[2026-09-12 16:21:49] [1179/1945] Fetching topic 8824
[2026-09-12 16:21:50] [1180/1945] Fetching topic 7939
[2026-09-12 16:21:52] Topic 7939: missing 2 posts; fetching in batches...
[2026-09-12 16:21:53] [1181/1945] Fetching topic 8770
[2026-09-12 16:21:54] Topic 8770: missing 76 posts; fetching in batches...
[2026-09-12 16:21:56] [1182/1945] Fetching topic 8637
[2026-09-12 16:21:57] Topic 8637: missing 291 posts; fetching in batches...
[2026-09-12 16:22:05] Topic 8637: downloading 1 uploads
[2026-09-12 16:22:06] [1183/1945] Fetching topic 8802
[2026-09-12 16:22:07] [1184/1945] Fetching topic 8755
[2026-09-12 16:22:08] [1185/1945] Fetching topic 8611
[2026-09-12 16:22:09] Topic 8611: missing 26 posts; fetching in batches...
[2026-09-12 16:22:10] [1186/1945] Fetching topic 7241
[2026-09-12 16:22:11] [1187/1945] Fetching topic 8643
[2026-09-12 16:22:12] [1188/1945] Fetching topic 5603
[2026-09-12 16:22:13] [1189/1945] Fetching topic 8735
[2026-09-12 16:22:15] [1190/1945] Fetching topic 8736
[2026-09-12 16:22:16] [1191/1945] Fetching topic 8725
[2026-09-12 16:22:17] [1192/1945] Fetching topic 8734
[2026-09-12 16:22:18] [1193/1945] Fetching topic 8720
[2026-09-12 16:22:19] [1194/1945] Fetching topic 8726
[2026-09-12 16:22:20] [1195/1945] Fetching topic 8723
[2026-09-12 16:22:21] [1196/1945] Fetching topic 8703
[2026-09-12 16:22:22] Topic 8703: missing 27 posts; fetching in batches...
[2026-09-12 16:22:24] [1197/1945] Fetching topic 8651
[2026-09-12 16:22:25] Topic 8651: missing 2 posts; fetching in batches...
[2026-09-12 16:22:26] [1198/1945] Fetching topic 8175
[2026-09-12 16:22:27] Topic 8175: missing 24 posts; fetching in batches...
[2026-09-12 16:22:28] [1199/1945] Fetching topic 8708
[2026-09-12 16:22:29] [1200/1945] Fetching topic 8697
[2026-09-12 16:22:30] [1201/1945] Fetching topic 8674
[2026-09-12 16:22:31] Topic 8674: missing 8 posts; fetching in batches...
[2026-09-12 16:22:32] [1202/1945] Fetching topic 7309
[2026-09-12 16:22:33] Topic 7309: missing 3 posts; fetching in batches...
[2026-09-12 16:22:34] [1203/1945] Fetching topic 6562
[2026-09-12 16:22:36] [1204/1945] Fetching topic 8629
[2026-09-12 16:22:37] [1205/1945] Fetching topic 8582
[2026-09-12 16:22:38] Topic 8582: missing 3 posts; fetching in batches...
[2026-09-12 16:22:39] [1206/1945] Fetching topic 8676
[2026-09-12 16:22:40] [1207/1945] Fetching topic 8668
[2026-09-12 16:22:41] [1208/1945] Fetching topic 7712
[2026-09-12 16:22:42] Topic 7712: missing 7 posts; fetching in batches...
[2026-09-12 16:22:43] [1209/1945] Fetching topic 8669
[2026-09-12 16:22:44] [1210/1945] Fetching topic 8625
[2026-09-12 16:22:45] Topic 8625: missing 29 posts; fetching in batches...
[2026-09-12 16:22:47] [1211/1945] Fetching topic 8429
[2026-09-12 16:22:48] [1212/1945] Fetching topic 8656
[2026-09-12 16:22:49] [1213/1945] Fetching topic 8646
[2026-09-12 16:22:50] [1214/1945] Fetching topic 8640
[2026-09-12 16:22:51] [1215/1945] Fetching topic 8622
[2026-09-12 16:22:52] [1216/1945] Fetching topic 8542
[2026-09-12 16:22:53] [1217/1945] Fetching topic 8623
[2026-09-12 16:22:54] [1218/1945] Fetching topic 8616
[2026-09-12 16:22:56] [1219/1945] Fetching topic 8595
[2026-09-12 16:22:57] [1220/1945] Fetching topic 8607
[2026-09-12 16:22:58] [1221/1945] Fetching topic 8589
[2026-09-12 16:22:59] [1222/1945] Fetching topic 8605
[2026-09-12 16:23:00] [1223/1945] Fetching topic 7152
[2026-09-12 16:23:01] [1224/1945] Fetching topic 8598
[2026-09-12 16:23:02] [1225/1945] Fetching topic 7576
[2026-09-12 16:23:04] [1226/1945] Fetching topic 8581
[2026-09-12 16:23:05] Topic 8581: missing 5 posts; fetching in batches...
[2026-09-12 16:23:06] [1227/1945] Fetching topic 8571
[2026-09-12 16:23:07] [1228/1945] Fetching topic 8586
[2026-09-12 16:23:08] [1229/1945] Fetching topic 7506
[2026-09-12 16:23:09] [1230/1945] Fetching topic 8494
[2026-09-12 16:23:10] Topic 8494: missing 193 posts; fetching in batches...
[2026-09-12 16:23:15] [1231/1945] Fetching topic 8551
[2026-09-12 16:23:16] [1232/1945] Fetching topic 8517
[2026-09-12 16:23:17] [1233/1945] Fetching topic 8565
[2026-09-12 16:23:18] Topic 8565: missing 15 posts; fetching in batches...
[2026-09-12 16:23:20] Topic 8565: downloading 2 uploads
[2026-09-12 16:23:22] [1234/1945] Fetching topic 8308
[2026-09-12 16:23:23] Topic 8308: missing 131 posts; fetching in batches...
[2026-09-12 16:23:26] Topic 8308: downloading 4 uploads
[2026-09-12 16:23:29] Upload failed 404: requested=https://forums.greaterthangames.com/uploads/default/optimized/2X/a/af81d5187de9d7fbb115a6fc44dd2a7db7e6b2c4_2_349x500.jpeg, final=https://forums.greaterthangames.com/uploads/default/optimized/2X/a/af81d5187de9d7fbb115a6fc44dd2a7db7e6b2c4_2_349x500.jpeg,
[2026-09-12 16:23:29] Response headers: {'Server': 'nginx', 'Date': 'Sat, 12 Sep 2026 16:23:29 GMT', 'Content-Type': 'text/html', 'Content-Length': '548', 'Connection': 'keep-alive'}
[2026-09-12 16:23:30] [1235/1945] Fetching topic 6686
[2026-09-12 16:23:32] Topic 6686: missing 8 posts; fetching in batches...
[2026-09-12 16:23:33] [1236/1945] Fetching topic 8326
[2026-09-12 16:23:34] Topic 8326: missing 2 posts; fetching in batches...
[2026-09-12 16:23:35] [1237/1945] Fetching topic 7473
[2026-09-12 16:23:36] Topic 7473: missing 1 posts; fetching in batches...
[2026-09-12 16:23:37] [1238/1945] Fetching topic 8559
[2026-09-12 16:23:38] [1239/1945] Fetching topic 8554
[2026-09-12 16:23:39] [1240/1945] Fetching topic 7826
[2026-09-12 16:23:40] Topic 7826: missing 9 posts; fetching in batches...
[2026-09-12 16:23:41] [1241/1945] Fetching topic 8544
[2026-09-12 16:23:42] [1242/1945] Fetching topic 7585
[2026-09-12 16:23:44] [1243/1945] Fetching topic 8510
[2026-09-12 16:23:45] Topic 8510: missing 6 posts; fetching in batches...
[2026-09-12 16:23:46] [1244/1945] Fetching topic 8533
[2026-09-12 16:23:47] [1245/1945] Fetching topic 8519
[2026-09-12 16:23:48] [1246/1945] Fetching topic 8525
[2026-09-12 16:23:49] [1247/1945] Fetching topic 5918
[2026-09-12 16:23:50] [1248/1945] Fetching topic 8512
[2026-09-12 16:23:51] [1249/1945] Fetching topic 8496
[2026-09-12 16:23:53] [1250/1945] Fetching topic 8488
[2026-09-12 16:23:54] [1251/1945] Fetching topic 8492
[2026-09-12 16:23:55] [1252/1945] Fetching topic 8476
[2026-09-12 16:23:56] [1253/1945] Fetching topic 7487
[2026-09-12 16:23:57] [1254/1945] Fetching topic 8313
[2026-09-12 16:23:58] [1255/1945] Fetching topic 8469
[2026-09-12 16:23:59] [1256/1945] Fetching topic 8470
[2026-09-12 16:24:00] [1257/1945] Fetching topic 8464
[2026-09-12 16:24:01] [1258/1945] Fetching topic 8452
[2026-09-12 16:24:03] [1259/1945] Fetching topic 8463
[2026-09-12 16:24:04] [1260/1945] Fetching topic 8413
[2026-09-12 16:24:05] [1261/1945] Fetching topic 8416
[2026-09-12 16:24:06] Topic 8416: missing 39 posts; fetching in batches...
[2026-09-12 16:24:07] [1262/1945] Fetching topic 8453
[2026-09-12 16:24:08] [1263/1945] Fetching topic 8436
[2026-09-12 16:24:09] [1264/1945] Fetching topic 8438
[2026-09-12 16:24:11] [1265/1945] Fetching topic 8423
[2026-09-12 16:24:12] [1266/1945] Fetching topic 8365
[2026-09-12 16:24:13] Topic 8365: missing 3 posts; fetching in batches...
[2026-09-12 16:24:14] [1267/1945] Fetching topic 7900
[2026-09-12 16:24:15] [1268/1945] Fetching topic 8412
[2026-09-12 16:24:16] [1269/1945] Fetching topic 8406
[2026-09-12 16:24:17] [1270/1945] Fetching topic 8376
[2026-09-12 16:24:18] [1271/1945] Fetching topic 8370
[2026-09-12 16:24:19] [1272/1945] Fetching topic 8366
[2026-09-12 16:24:21] [1273/1945] Fetching topic 7332
[2026-09-12 16:24:22] Topic 7332: missing 25 posts; fetching in batches...
[2026-09-12 16:24:23] [1274/1945] Fetching topic 8347
[2026-09-12 16:24:24] [1275/1945] Fetching topic 8357
[2026-09-12 16:24:25] [1276/1945] Fetching topic 7097
[2026-09-12 16:24:26] Topic 7097: missing 42 posts; fetching in batches...
[2026-09-12 16:24:27] [1277/1945] Fetching topic 8021
[2026-09-12 16:24:28] [1278/1945] Fetching topic 8336
[2026-09-12 16:24:30] [1279/1945] Fetching topic 7227
[2026-09-12 16:24:31] Topic 7227: missing 11 posts; fetching in batches...
[2026-09-12 16:24:32] [1280/1945] Fetching topic 7261
[2026-09-12 16:24:33] Topic 7261: missing 2 posts; fetching in batches...
[2026-09-12 16:24:34] [1281/1945] Fetching topic 8325
[2026-09-12 16:24:35] [1282/1945] Fetching topic 7551
[2026-09-12 16:24:36] Topic 7551: missing 20 posts; fetching in batches...
[2026-09-12 16:24:37] [1283/1945] Fetching topic 8309
[2026-09-12 16:24:38] Topic 8309: missing 8 posts; fetching in batches...
[2026-09-12 16:24:39] [1284/1945] Fetching topic 8186
[2026-09-12 16:24:40] Topic 8186: missing 135 posts; fetching in batches...
[2026-09-12 16:24:44] [1285/1945] Fetching topic 7482
[2026-09-12 16:24:45] [1286/1945] Fetching topic 7680
[2026-09-12 16:24:46] [1287/1945] Fetching topic 5143
[2026-09-12 16:24:47] [1288/1945] Fetching topic 8311
[2026-09-12 16:24:49] [1289/1945] Fetching topic 8314
[2026-09-12 16:24:50] [1290/1945] Fetching topic 7823
[2026-09-12 16:24:51] Topic 7823: missing 104 posts; fetching in batches...
[2026-09-12 16:24:54] Topic 7823: downloading 1 uploads
[2026-09-12 16:24:55] [1291/1945] Fetching topic 8137
[2026-09-12 16:24:56] Topic 8137: missing 5 posts; fetching in batches...
[2026-09-12 16:24:57] [1292/1945] Fetching topic 8295
[2026-09-12 16:24:59] [1293/1945] Fetching topic 8306
[2026-09-12 16:25:00] [1294/1945] Fetching topic 8300
[2026-09-12 16:25:01] [1295/1945] Fetching topic 8248
[2026-09-12 16:25:02] Topic 8248: missing 8 posts; fetching in batches...
[2026-09-12 16:25:03] [1296/1945] Fetching topic 8299
[2026-09-12 16:25:04] [1297/1945] Fetching topic 8285
[2026-09-12 16:25:05] [1298/1945] Fetching topic 8297
[2026-09-12 16:25:06] [1299/1945] Fetching topic 7801
[2026-09-12 16:25:08] Topic 7801: missing 20 posts; fetching in batches...
[2026-09-12 16:25:09] [1300/1945] Fetching topic 8174
[2026-09-12 16:25:10] [1301/1945] Fetching topic 8194
[2026-09-12 16:25:11] [1302/1945] Fetching topic 8275
[2026-09-12 16:25:12] [1303/1945] Fetching topic 8185
[2026-09-12 16:25:13] Topic 8185: missing 18 posts; fetching in batches...
[2026-09-12 16:25:14] [1304/1945] Fetching topic 8269
[2026-09-12 16:25:15] [1305/1945] Fetching topic 8262
[2026-09-12 16:25:16] [1306/1945] Fetching topic 8251
[2026-09-12 16:25:18] [1307/1945] Fetching topic 8257
[2026-09-12 16:25:19] [1308/1945] Fetching topic 8230
[2026-09-12 16:25:20] [1309/1945] Fetching topic 8245
[2026-09-12 16:25:21] [1310/1945] Fetching topic 8215
[2026-09-12 16:25:22] Topic 8215: missing 4 posts; fetching in batches...
[2026-09-12 16:25:23] [1311/1945] Fetching topic 8234
[2026-09-12 16:25:24] [1312/1945] Fetching topic 8179
[2026-09-12 16:25:25] Topic 8179: missing 2 posts; fetching in batches...
[2026-09-12 16:25:26] [1313/1945] Fetching topic 8189
[2026-09-12 16:25:27] Topic 8189: missing 13 posts; fetching in batches...
[2026-09-12 16:25:29] [1314/1945] Fetching topic 8220
[2026-09-12 16:25:30] [1315/1945] Fetching topic 7349
[2026-09-12 16:25:31] [1316/1945] Fetching topic 8213
[2026-09-12 16:25:32] [1317/1945] Fetching topic 8207
[2026-09-12 16:25:33] [1318/1945] Fetching topic 5101
[2026-09-12 16:25:34] [1319/1945] Fetching topic 8216
[2026-09-12 16:25:35] [1320/1945] Fetching topic 6046
[2026-09-12 16:25:36] [1321/1945] Fetching topic 8191
[2026-09-12 16:25:38] [1322/1945] Fetching topic 8183
[2026-09-12 16:25:39] [1323/1945] Fetching topic 8184
[2026-09-12 16:25:40] [1324/1945] Fetching topic 7732
[2026-09-12 16:25:41] [1325/1945] Fetching topic 8171
[2026-09-12 16:25:42] [1326/1945] Fetching topic 8181
[2026-09-12 16:25:43] [1327/1945] Fetching topic 8169
[2026-09-12 16:25:44] [1328/1945] Fetching topic 8164
[2026-09-12 16:25:46] [1329/1945] Fetching topic 8161
[2026-09-12 16:25:47] [1330/1945] Fetching topic 8160
[2026-09-12 16:25:48] [1331/1945] Fetching topic 8151
[2026-09-12 16:25:49] [1332/1945] Fetching topic 8012
[2026-09-12 16:25:50] [1333/1945] Fetching topic 8152
[2026-09-12 16:25:51] [1334/1945] Fetching topic 8155
[2026-09-12 16:25:52] [1335/1945] Fetching topic 8079
[2026-09-12 16:25:54] [1336/1945] Fetching topic 8147
[2026-09-12 16:25:55] [1337/1945] Fetching topic 8141
[2026-09-12 16:25:56] [1338/1945] Fetching topic 8124
[2026-09-12 16:25:57] [1339/1945] Fetching topic 8125
[2026-09-12 16:25:58] [1340/1945] Fetching topic 8099
[2026-09-12 16:25:59] [1341/1945] Fetching topic 8016
[2026-09-12 16:26:00] Topic 8016: missing 9 posts; fetching in batches...
[2026-09-12 16:26:01] [1342/1945] Fetching topic 8065
[2026-09-12 16:26:02] [1343/1945] Fetching topic 8070
[2026-09-12 16:26:04] [1344/1945] Fetching topic 8078
[2026-09-12 16:26:05] [1345/1945] Fetching topic 6186
[2026-09-12 16:26:06] [1346/1945] Fetching topic 8049
[2026-09-12 16:26:07] [1347/1945] Fetching topic 8074
[2026-09-12 16:26:08] [1348/1945] Fetching topic 8026
[2026-09-12 16:26:09] [1349/1945] Fetching topic 8022
[2026-09-12 16:26:10] [1350/1945] Fetching topic 7969
[2026-09-12 16:26:12] [1351/1945] Fetching topic 8002
[2026-09-12 16:26:13] [1352/1945] Fetching topic 8009
[2026-09-12 16:26:14] [1353/1945] Fetching topic 8010
[2026-09-12 16:26:15] [1354/1945] Fetching topic 7981
[2026-09-12 16:26:16] [1355/1945] Fetching topic 7993
[2026-09-12 16:26:17] [1356/1945] Fetching topic 8008
[2026-09-12 16:26:18] [1357/1945] Fetching topic 8006
[2026-09-12 16:26:19] [1358/1945] Fetching topic 7978
[2026-09-12 16:26:21] [1359/1945] Fetching topic 7962
[2026-09-12 16:26:22] [1360/1945] Fetching topic 7977
[2026-09-12 16:26:23] [1361/1945] Fetching topic 7972
[2026-09-12 16:26:24] [1362/1945] Fetching topic 7941
[2026-09-12 16:26:25] [1363/1945] Fetching topic 7954
[2026-09-12 16:26:26] [1364/1945] Fetching topic 7958
[2026-09-12 16:26:27] [1365/1945] Fetching topic 7924
[2026-09-12 16:26:29] [1366/1945] Fetching topic 7943
[2026-09-12 16:26:30] [1367/1945] Fetching topic 7940
[2026-09-12 16:26:31] [1368/1945] Fetching topic 7906
[2026-09-12 16:26:32] Topic 7906: missing 2 posts; fetching in batches...
[2026-09-12 16:26:33] [1369/1945] Fetching topic 7934
[2026-09-12 16:26:34] [1370/1945] Fetching topic 7927
[2026-09-12 16:26:35] [1371/1945] Fetching topic 7931
[2026-09-12 16:26:36] [1372/1945] Fetching topic 7919
[2026-09-12 16:26:37] [1373/1945] Fetching topic 7895
[2026-09-12 16:26:39] [1374/1945] Fetching topic 7922
[2026-09-12 16:26:40] [1375/1945] Fetching topic 7893
[2026-09-12 16:26:41] [1376/1945] Fetching topic 7917
[2026-09-12 16:26:42] [1377/1945] Fetching topic 7877
[2026-09-12 16:26:43] [1378/1945] Fetching topic 7912
[2026-09-12 16:26:44] [1379/1945] Fetching topic 7902
[2026-09-12 16:26:45] [1380/1945] Fetching topic 7888
[2026-09-12 16:26:46] Topic 7888: missing 3 posts; fetching in batches...
[2026-09-12 16:26:48] Topic 7888: downloading 1 uploads
[2026-09-12 16:26:48] Upload failed 404: requested=https://forums.greaterthangames.com/uploads/2012/07/290x_war-of-the-ring_WOTR005_card_en_3.jpg final=https://forums.greaterthangames.com/uploads/2012/07/290x_war-of-the-ring_WOTR005_card_en_3.jpg
[2026-09-12 16:26:48] Response headers: {'Server': 'nginx', 'Date': 'Sat, 12 Sep 2026 16:26:48 GMT', 'Content-Type': 'text/html', 'Content-Length': '548', 'Connection': 'keep-alive'}
[2026-09-12 16:26:48] [1381/1945] Fetching topic 7880
[2026-09-12 16:26:50] [1382/1945] Fetching topic 7879
[2026-09-12 16:26:51] [1383/1945] Fetching topic 7884
[2026-09-12 16:26:52] [1384/1945] Fetching topic 6093
[2026-09-12 16:26:53] [1385/1945] Fetching topic 7850
[2026-09-12 16:26:54] [1386/1945] Fetching topic 7872
[2026-09-12 16:26:55] [1387/1945] Fetching topic 7864
[2026-09-12 16:26:57] [1388/1945] Fetching topic 7863
[2026-09-12 16:26:58] [1389/1945] Fetching topic 7837
[2026-09-12 16:26:59] [1390/1945] Fetching topic 7859
[2026-09-12 16:27:00] [1391/1945] Fetching topic 7852
[2026-09-12 16:27:01] [1392/1945] Fetching topic 7452
[2026-09-12 16:27:02] [1393/1945] Fetching topic 7650
[2026-09-12 16:27:03] [1394/1945] Fetching topic 7843
[2026-09-12 16:27:05] [1395/1945] Fetching topic 7820
[2026-09-12 16:27:06] [1396/1945] Fetching topic 7846
[2026-09-12 16:27:07] [1397/1945] Fetching topic 7828
[2026-09-12 16:27:08] [1398/1945] Fetching topic 7819
[2026-09-12 16:27:09] [1399/1945] Fetching topic 7813
[2026-09-12 16:27:10] [1400/1945] Fetching topic 7723
[2026-09-12 16:27:11] [1401/1945] Fetching topic 7374
[2026-09-12 16:27:13] Topic 7374: missing 18 posts; fetching in batches...
[2026-09-12 16:27:14] [1402/1945] Fetching topic 7797
[2026-09-12 16:27:15] [1403/1945] Fetching topic 7734
[2026-09-12 16:27:16] [1404/1945] Fetching topic 7796
[2026-09-12 16:27:17] [1405/1945] Fetching topic 7793
[2026-09-12 16:27:18] Topic 7793: missing 2 posts; fetching in batches...
[2026-09-12 16:27:19] [1406/1945] Fetching topic 7223
[2026-09-12 16:27:20] Topic 7223: missing 2 posts; fetching in batches...
[2026-09-12 16:27:21] [1407/1945] Fetching topic 7787
[2026-09-12 16:27:23] [1408/1945] Fetching topic 7803
[2026-09-12 16:27:24] [1409/1945] Fetching topic 7807
[2026-09-12 16:27:25] [1410/1945] Fetching topic 7792
[2026-09-12 16:27:26] [1411/1945] Fetching topic 7791
[2026-09-12 16:27:27] [1412/1945] Fetching topic 7753
[2026-09-12 16:27:28] [1413/1945] Fetching topic 7775
[2026-09-12 16:27:29] [1414/1945] Fetching topic 7781
[2026-09-12 16:27:30] [1415/1945] Fetching topic 7613
[2026-09-12 16:27:32] Topic 7613: missing 45 posts; fetching in batches...
[2026-09-12 16:27:33] [1416/1945] Fetching topic 7769
[2026-09-12 16:27:34] [1417/1945] Fetching topic 7767
[2026-09-12 16:27:35] [1418/1945] Fetching topic 7766
[2026-09-12 16:27:36] [1419/1945] Fetching topic 7764
[2026-09-12 16:27:37] [1420/1945] Fetching topic 7754
[2026-09-12 16:27:38] [1421/1945] Fetching topic 7761
[2026-09-12 16:27:39] [1422/1945] Fetching topic 7758
[2026-09-12 16:27:41] Topic 7758: downloading 7 uploads
[2026-09-12 16:27:44] Upload failed 404: requested=https://forums.greaterthangames.com/uploads/default/optimized/2X/d/d6dd2960ad507f69c1f5829edba73fa7bf0718b9_2_400x500.jpeg, final=https://forums.greaterthangames.com/uploads/default/optimized/2X/d/d6dd2960ad507f69c1f5829edba73fa7bf0718b9_2_400x500.jpeg,
[2026-09-12 16:27:44] Response headers: {'Server': 'nginx', 'Date': 'Sat, 12 Sep 2026 16:27:44 GMT', 'Content-Type': 'text/html', 'Content-Length': '548', 'Connection': 'keep-alive'}
[2026-09-12 16:27:48] [1423/1945] Fetching topic 7757
[2026-09-12 16:27:49] [1424/1945] Fetching topic 7755
[2026-09-12 16:27:50] [1425/1945] Fetching topic 7752
[2026-09-12 16:27:51] [1426/1945] Fetching topic 7746
[2026-09-12 16:27:52] [1427/1945] Fetching topic 7729
[2026-09-12 16:27:53] [1428/1945] Fetching topic 7743
[2026-09-12 16:27:55] [1429/1945] Fetching topic 7722
[2026-09-12 16:27:56] [1430/1945] Fetching topic 7733
[2026-09-12 16:27:57] [1431/1945] Fetching topic 7737
[2026-09-12 16:27:58] [1432/1945] Fetching topic 7710
[2026-09-12 16:27:59] [1433/1945] Fetching topic 7164
[2026-09-12 16:28:00] [1434/1945] Fetching topic 7608
[2026-09-12 16:28:01] Topic 7608: missing 31 posts; fetching in batches...
[2026-09-12 16:28:02] [1435/1945] Fetching topic 7724
[2026-09-12 16:28:04] [1436/1945] Fetching topic 7717
[2026-09-12 16:28:05] [1437/1945] Fetching topic 7390
[2026-09-12 16:28:06] Topic 7390: missing 64 posts; fetching in batches...
[2026-09-12 16:28:08] [1438/1945] Fetching topic 7643
[2026-09-12 16:28:09] [1439/1945] Fetching topic 7691
[2026-09-12 16:28:10] [1440/1945] Fetching topic 7713
[2026-09-12 16:28:11] [1441/1945] Fetching topic 7675
[2026-09-12 16:28:13] [1442/1945] Fetching topic 7704
[2026-09-12 16:28:14] [1443/1945] Fetching topic 7701
[2026-09-12 16:28:15] [1444/1945] Fetching topic 7695
[2026-09-12 16:28:16] [1445/1945] Fetching topic 7667
[2026-09-12 16:28:17] [1446/1945] Fetching topic 7679
[2026-09-12 16:28:18] [1447/1945] Fetching topic 7669
[2026-09-12 16:28:20] [1448/1945] Fetching topic 7645
[2026-09-12 16:28:21] Topic 7645: missing 4 posts; fetching in batches...
[2026-09-12 16:28:22] [1449/1945] Fetching topic 7663
[2026-09-12 16:28:23] [1450/1945] Fetching topic 7505
[2026-09-12 16:28:24] Topic 7505: missing 171 posts; fetching in batches...
[2026-09-12 16:28:29] Topic 7505: downloading 5 uploads
[2026-09-12 16:28:33] Upload failed 404: requested=https://forums.greaterthangames.com/uploads/default/optimized/2X/e/e5a422c5de116c3722d8acd2bb11cec0858644c9_2_690x378.png, final=https://forums.greaterthangames.com/uploads/default/optimized/2X/e/e5a422c5de116c3722d8acd2bb11cec0858644c9_2_690x378.png,
[2026-09-12 16:28:33] Response headers: {'Server': 'nginx', 'Date': 'Sat, 12 Sep 2026 16:28:33 GMT', 'Content-Type': 'text/html', 'Content-Length': '548', 'Connection': 'keep-alive'}
[2026-09-12 16:28:34] [1451/1945] Fetching topic 7630
[2026-09-12 16:28:35] [1452/1945] Fetching topic 5594
[2026-09-12 16:28:36] [1453/1945] Fetching topic 7632
[2026-09-12 16:28:37] [1454/1945] Fetching topic 7602
[2026-09-12 16:28:39] [1455/1945] Fetching topic 7572
[2026-09-12 16:28:40] [1456/1945] Fetching topic 7623
[2026-09-12 16:28:41] [1457/1945] Fetching topic 7517
[2026-09-12 16:28:42] [1458/1945] Fetching topic 7615
[2026-09-12 16:28:43] [1459/1945] Fetching topic 7548
[2026-09-12 16:28:44] [1460/1945] Fetching topic 7552
[2026-09-12 16:28:45] Topic 7552: missing 10 posts; fetching in batches...
[2026-09-12 16:28:46] [1461/1945] Fetching topic 7607
[2026-09-12 16:28:47] [1462/1945] Fetching topic 7592
[2026-09-12 16:28:49] [1463/1945] Fetching topic 7472
[2026-09-12 16:28:50] Topic 7472: missing 12 posts; fetching in batches...
[2026-09-12 16:28:51] [1464/1945] Fetching topic 7588
[2026-09-12 16:28:52] [1465/1945] Fetching topic 7594
[2026-09-12 16:28:53] [1466/1945] Fetching topic 7560
[2026-09-12 16:28:54] Topic 7560: missing 6 posts; fetching in batches...
[2026-09-12 16:28:55] [1467/1945] Fetching topic 7595
[2026-09-12 16:28:56] [1468/1945] Fetching topic 7580
[2026-09-12 16:28:57] [1469/1945] Fetching topic 7554
[2026-09-12 16:28:59] [1470/1945] Fetching topic 5177
[2026-09-12 16:29:00] Topic 5177: missing 13 posts; fetching in batches...
[2026-09-12 16:29:01] [1471/1945] Fetching topic 7545
[2026-09-12 16:29:02] [1472/1945] Fetching topic 7557
[2026-09-12 16:29:03] [1473/1945] Fetching topic 7556
[2026-09-12 16:29:04] [1474/1945] Fetching topic 7525
[2026-09-12 16:29:05] Topic 7525: missing 5 posts; fetching in batches...
[2026-09-12 16:29:06] [1475/1945] Fetching topic 7518
[2026-09-12 16:29:07] Topic 7518: missing 4 posts; fetching in batches...
[2026-09-12 16:29:08] [1476/1945] Fetching topic 7526
[2026-09-12 16:29:10] [1477/1945] Fetching topic 7536
[2026-09-12 16:29:11] [1478/1945] Fetching topic 7477
[2026-09-12 16:29:12] [1479/1945] Fetching topic 7543
[2026-09-12 16:29:13] [1480/1945] Fetching topic 7521
[2026-09-12 16:29:14] [1481/1945] Fetching topic 7256
[2026-09-12 16:29:15] [1482/1945] Fetching topic 7535
[2026-09-12 16:29:16] [1483/1945] Fetching topic 7509
[2026-09-12 16:29:18] [1484/1945] Fetching topic 7483
[2026-09-12 16:29:19] Topic 7483: missing 5 posts; fetching in batches...
[2026-09-12 16:29:20] [1485/1945] Fetching topic 7302
[2026-09-12 16:29:21] [1486/1945] Fetching topic 7511
[2026-09-12 16:29:22] [1487/1945] Fetching topic 7514
[2026-09-12 16:29:23] [1488/1945] Fetching topic 7501
[2026-09-12 16:29:24] [1489/1945] Fetching topic 7401
[2026-09-12 16:29:25] [1490/1945] Fetching topic 7499
[2026-09-12 16:29:27] [1491/1945] Fetching topic 5384
[2026-09-12 16:29:28] Topic 5384: missing 28 posts; fetching in batches...
[2026-09-12 16:29:29] [1492/1945] Fetching topic 7304
[2026-09-12 16:29:30] Topic 7304: missing 26 posts; fetching in batches...
[2026-09-12 16:29:31] [1493/1945] Fetching topic 7458
[2026-09-12 16:29:32] [1494/1945] Fetching topic 7467
[2026-09-12 16:29:33] [1495/1945] Fetching topic 7478
[2026-09-12 16:29:34] [1496/1945] Fetching topic 7466
[2026-09-12 16:29:36] [1497/1945] Fetching topic 7475
[2026-09-12 16:29:37] [1498/1945] Fetching topic 7449
[2026-09-12 16:29:38] [1499/1945] Fetching topic 7460
[2026-09-12 16:29:39] [1500/1945] Fetching topic 7440
[2026-09-12 16:29:40] [1501/1945] Fetching topic 7454
[2026-09-12 16:29:41] [1502/1945] Fetching topic 7430
[2026-09-12 16:29:42] Topic 7430: missing 31 posts; fetching in batches...
[2026-09-12 16:29:43] [1503/1945] Fetching topic 7435
[2026-09-12 16:29:44] Topic 7435: missing 1 posts; fetching in batches...
[2026-09-12 16:29:46] [1504/1945] Fetching topic 7386
[2026-09-12 16:29:47] [1505/1945] Fetching topic 7413
[2026-09-12 16:29:48] Topic 7413: missing 8 posts; fetching in batches...
[2026-09-12 16:29:49] [1506/1945] Fetching topic 7442
[2026-09-12 16:29:50] [1507/1945] Fetching topic 7432
[2026-09-12 16:29:51] [1508/1945] Fetching topic 7448
[2026-09-12 16:29:52] [1509/1945] Fetching topic 7353
[2026-09-12 16:29:53] Topic 7353: missing 3 posts; fetching in batches...
[2026-09-12 16:29:54] [1510/1945] Fetching topic 7393
[2026-09-12 16:29:56] [1511/1945] Fetching topic 7419
[2026-09-12 16:29:57] [1512/1945] Fetching topic 7417
[2026-09-12 16:29:58] [1513/1945] Fetching topic 7379
[2026-09-12 16:29:59] [1514/1945] Fetching topic 7397
[2026-09-12 16:30:00] [1515/1945] Fetching topic 7382
[2026-09-12 16:30:01] [1516/1945] Fetching topic 7354
[2026-09-12 16:30:02] Topic 7354: downloading 1 uploads
[2026-09-12 16:30:03] [1517/1945] Fetching topic 7362
[2026-09-12 16:30:05] [1518/1945] Fetching topic 7365
[2026-09-12 16:30:06] [1519/1945] Fetching topic 7364
[2026-09-12 16:30:07] [1520/1945] Fetching topic 7337
[2026-09-12 16:30:08] [1521/1945] Fetching topic 7360
[2026-09-12 16:30:09] [1522/1945] Fetching topic 7355
[2026-09-12 16:30:10] [1523/1945] Fetching topic 7340
[2026-09-12 16:30:11] [1524/1945] Fetching topic 7307
[2026-09-12 16:30:12] Topic 7307: missing 8 posts; fetching in batches...
[2026-09-12 16:30:13] [1525/1945] Fetching topic 7344
[2026-09-12 16:30:15] [1526/1945] Fetching topic 7343
[2026-09-12 16:30:16] [1527/1945] Fetching topic 7325
[2026-09-12 16:30:17] [1528/1945] Fetching topic 6870
[2026-09-12 16:30:18] [1529/1945] Fetching topic 7320
[2026-09-12 16:30:19] [1530/1945] Fetching topic 7312
[2026-09-12 16:30:20] [1531/1945] Fetching topic 7305
[2026-09-12 16:30:21] [1532/1945] Fetching topic 7298
[2026-09-12 16:30:22] [1533/1945] Fetching topic 7301
[2026-09-12 16:30:24] [1534/1945] Fetching topic 7297
[2026-09-12 16:30:25] [1535/1945] Fetching topic 7296
[2026-09-12 16:30:26] [1536/1945] Fetching topic 7294
[2026-09-12 16:30:27] [1537/1945] Fetching topic 5495
[2026-09-12 16:30:28] [1538/1945] Fetching topic 7276
[2026-09-12 16:30:29] [1539/1945] Fetching topic 6992
[2026-09-12 16:30:30] [1540/1945] Fetching topic 7263
[2026-09-12 16:30:32] [1541/1945] Fetching topic 7180
[2026-09-12 16:30:33] Topic 7180: missing 7 posts; fetching in batches...
[2026-09-12 16:30:34] [1542/1945] Fetching topic 7262
[2026-09-12 16:30:35] [1543/1945] Fetching topic 7258
[2026-09-12 16:30:36] [1544/1945] Fetching topic 7254
[2026-09-12 16:30:37] [1545/1945] Fetching topic 7252
[2026-09-12 16:30:38] [1546/1945] Fetching topic 7250
[2026-09-12 16:30:39] [1547/1945] Fetching topic 7248
[2026-09-12 16:30:41] [1548/1945] Fetching topic 7246
[2026-09-12 16:30:42] [1549/1945] Fetching topic 7239
[2026-09-12 16:30:43] [1550/1945] Fetching topic 7240
[2026-09-12 16:30:44] [1551/1945] Fetching topic 7225
[2026-09-12 16:30:45] [1552/1945] Fetching topic 7214
[2026-09-12 16:30:46] Topic 7214: missing 33 posts; fetching in batches...
[2026-09-12 16:30:47] [1553/1945] Fetching topic 7229
[2026-09-12 16:30:49] [1554/1945] Fetching topic 7187
[2026-09-12 16:30:50] [1555/1945] Fetching topic 7216
[2026-09-12 16:30:51] [1556/1945] Fetching topic 7209
[2026-09-12 16:30:52] [1557/1945] Fetching topic 7204
[2026-09-12 16:30:53] [1558/1945] Fetching topic 7070
[2026-09-12 16:30:54] Topic 7070: missing 11 posts; fetching in batches...
[2026-09-12 16:30:55] [1559/1945] Fetching topic 7200
[2026-09-12 16:30:56] [1560/1945] Fetching topic 7196
[2026-09-12 16:30:57] [1561/1945] Fetching topic 5234
[2026-09-12 16:30:59] [1562/1945] Fetching topic 7184
[2026-09-12 16:31:00] [1563/1945] Fetching topic 7185
[2026-09-12 16:31:01] [1564/1945] Fetching topic 7142
[2026-09-12 16:31:02] Topic 7142: missing 5 posts; fetching in batches...
[2026-09-12 16:31:03] [1565/1945] Fetching topic 7178
[2026-09-12 16:31:04] [1566/1945] Fetching topic 7176
[2026-09-12 16:31:05] [1567/1945] Fetching topic 7158
[2026-09-12 16:31:06] [1568/1945] Fetching topic 7162
[2026-09-12 16:31:08] [1569/1945] Fetching topic 7163
[2026-09-12 16:31:09] [1570/1945] Fetching topic 7154
[2026-09-12 16:31:10] [1571/1945] Fetching topic 7166
[2026-09-12 16:31:11] [1572/1945] Fetching topic 7159
[2026-09-12 16:31:12] [1573/1945] Fetching topic 7092
[2026-09-12 16:31:13] [1574/1945] Fetching topic 7147
[2026-09-12 16:31:14] [1575/1945] Fetching topic 7141
[2026-09-12 16:31:16] [1576/1945] Fetching topic 7126
[2026-09-12 16:31:17] [1577/1945] Fetching topic 7125
[2026-09-12 16:31:18] [1578/1945] Fetching topic 7110
[2026-09-12 16:31:19] [1579/1945] Fetching topic 7121
[2026-09-12 16:31:20] [1580/1945] Fetching topic 7013
[2026-09-12 16:31:21] [1581/1945] Fetching topic 7056
[2026-09-12 16:31:22] [1582/1945] Fetching topic 7109
[2026-09-12 16:31:24] [1583/1945] Fetching topic 7105
[2026-09-12 16:31:25] [1584/1945] Fetching topic 7104
[2026-09-12 16:31:26] [1585/1945] Fetching topic 7103
[2026-09-12 16:31:27] [1586/1945] Fetching topic 7083
[2026-09-12 16:31:28] [1587/1945] Fetching topic 6153
[2026-09-12 16:31:29] [1588/1945] Fetching topic 7074
[2026-09-12 16:31:30] [1589/1945] Fetching topic 7071
[2026-09-12 16:31:31] [1590/1945] Fetching topic 7096
[2026-09-12 16:31:33] [1591/1945] Fetching topic 7091
[2026-09-12 16:31:34] [1592/1945] Fetching topic 7088
[2026-09-12 16:31:35] [1593/1945] Fetching topic 7077
[2026-09-12 16:31:36] [1594/1945] Fetching topic 7023
[2026-09-12 16:31:37] Topic 7023: missing 11 posts; fetching in batches...
[2026-09-12 16:31:38] [1595/1945] Fetching topic 6034
[2026-09-12 16:31:39] [1596/1945] Fetching topic 7048
[2026-09-12 16:31:40] Topic 7048: missing 6 posts; fetching in batches...
[2026-09-12 16:31:41] [1597/1945] Fetching topic 6949
[2026-09-12 16:31:43] Topic 6949: missing 19 posts; fetching in batches...
[2026-09-12 16:31:44] [1598/1945] Fetching topic 7057
[2026-09-12 16:31:45] [1599/1945] Fetching topic 7052
[2026-09-12 16:31:46] [1600/1945] Fetching topic 7053
[2026-09-12 16:31:47] [1601/1945] Fetching topic 7039
[2026-09-12 16:31:48] [1602/1945] Fetching topic 7011
[2026-09-12 16:31:49] Topic 7011: missing 11 posts; fetching in batches...
[2026-09-12 16:31:50] [1603/1945] Fetching topic 7037
[2026-09-12 16:31:52] [1604/1945] Fetching topic 7041
[2026-09-12 16:31:53] [1605/1945] Fetching topic 7030
[2026-09-12 16:31:54] [1606/1945] Fetching topic 7036
[2026-09-12 16:31:55] [1607/1945] Fetching topic 7033
[2026-09-12 16:31:56] [1608/1945] Fetching topic 7034
[2026-09-12 16:31:57] [1609/1945] Fetching topic 7016
[2026-09-12 16:31:58] [1610/1945] Fetching topic 6915
[2026-09-12 16:32:00] [1611/1945] Fetching topic 6931
[2026-09-12 16:32:01] [1612/1945] Fetching topic 6999
[2026-09-12 16:32:02] [1613/1945] Fetching topic 6202
[2026-09-12 16:32:03] Topic 6202: missing 8 posts; fetching in batches...
[2026-09-12 16:32:04] [1614/1945] Fetching topic 6057
[2026-09-12 16:32:05] [1615/1945] Fetching topic 6987
[2026-09-12 16:32:07] [1616/1945] Fetching topic 6974
[2026-09-12 16:32:08] [1617/1945] Fetching topic 6977
[2026-09-12 16:32:09] [1618/1945] Fetching topic 6967
[2026-09-12 16:32:10] [1619/1945] Fetching topic 6965
[2026-09-12 16:32:11] [1620/1945] Fetching topic 6906
[2026-09-12 16:32:12] Topic 6906: missing 14 posts; fetching in batches...
[2026-09-12 16:32:13] [1621/1945] Fetching topic 6948
[2026-09-12 16:32:14] [1622/1945] Fetching topic 6930
[2026-09-12 16:32:16] [1623/1945] Fetching topic 6847
[2026-09-12 16:32:17] Topic 6847: missing 19 posts; fetching in batches...
[2026-09-12 16:32:18] [1624/1945] Fetching topic 5678
[2026-09-12 16:32:19] [1625/1945] Fetching topic 6896
[2026-09-12 16:32:20] [1626/1945] Fetching topic 6713
[2026-09-12 16:32:21] Topic 6713: missing 39 posts; fetching in batches...
[2026-09-12 16:32:22] [1627/1945] Fetching topic 6306
[2026-09-12 16:32:23] [1628/1945] Fetching topic 6240
[2026-09-12 16:32:25] Topic 6240: missing 8 posts; fetching in batches...
[2026-09-12 16:32:26] [1629/1945] Fetching topic 6875
[2026-09-12 16:32:27] Topic 6875: missing 1 posts; fetching in batches...
[2026-09-12 16:32:28] [1630/1945] Fetching topic 6859
[2026-09-12 16:32:29] [1631/1945] Fetching topic 6834
[2026-09-12 16:32:30] [1632/1945] Fetching topic 6849
[2026-09-12 16:32:31] [1633/1945] Fetching topic 6838
[2026-09-12 16:32:32] [1634/1945] Fetching topic 6221
[2026-09-12 16:32:33] [1635/1945] Fetching topic 6830
[2026-09-12 16:32:35] [1636/1945] Fetching topic 6828
[2026-09-12 16:32:36] [1637/1945] Fetching topic 6814
[2026-09-12 16:32:37] [1638/1945] Fetching topic 6743
[2026-09-12 16:32:38] [1639/1945] Fetching topic 6795
[2026-09-12 16:32:39] [1640/1945] Fetching topic 6661
[2026-09-12 16:32:40] [1641/1945] Fetching topic 6789
[2026-09-12 16:32:41] [1642/1945] Fetching topic 6788
[2026-09-12 16:32:42] [1643/1945] Fetching topic 6787
[2026-09-12 16:32:44] [1644/1945] Fetching topic 6782
[2026-09-12 16:32:45] [1645/1945] Fetching topic 6748
[2026-09-12 16:32:46] [1646/1945] Fetching topic 6762
[2026-09-12 16:32:47] [1647/1945] Fetching topic 6751
[2026-09-12 16:32:48] [1648/1945] Fetching topic 6717
[2026-09-12 16:32:49] [1649/1945] Fetching topic 6729
[2026-09-12 16:32:50] [1650/1945] Fetching topic 6718
[2026-09-12 16:32:52] [1651/1945] Fetching topic 6115
[2026-09-12 16:32:53] Topic 6115: missing 19 posts; fetching in batches...
[2026-09-12 16:32:54] [1652/1945] Fetching topic 6715
[2026-09-12 16:32:55] [1653/1945] Fetching topic 6615
[2026-09-12 16:32:56] Topic 6615: missing 3 posts; fetching in batches...
[2026-09-12 16:32:57] [1654/1945] Fetching topic 6701
[2026-09-12 16:32:58] [1655/1945] Fetching topic 6528
[2026-09-12 16:32:59] [1656/1945] Fetching topic 6699
[2026-09-12 16:33:01] [1657/1945] Fetching topic 6679
[2026-09-12 16:33:02] [1658/1945] Fetching topic 6675
[2026-09-12 16:33:03] [1659/1945] Fetching topic 5648
[2026-09-12 16:33:04] [1660/1945] Fetching topic 6652
[2026-09-12 16:33:05] [1661/1945] Fetching topic 6649
[2026-09-12 16:33:06] [1662/1945] Fetching topic 6654
[2026-09-12 16:33:07] [1663/1945] Fetching topic 5702
[2026-09-12 16:33:08] Topic 5702: missing 3 posts; fetching in batches...
[2026-09-12 16:33:09] [1664/1945] Fetching topic 6645
[2026-09-12 16:33:11] [1665/1945] Fetching topic 6573
[2026-09-12 16:33:12] Topic 6573: missing 1 posts; fetching in batches...
[2026-09-12 16:33:13] [1666/1945] Fetching topic 6644
[2026-09-12 16:33:14] [1667/1945] Fetching topic 6623
[2026-09-12 16:33:15] [1668/1945] Fetching topic 6592
[2026-09-12 16:33:16] [1669/1945] Fetching topic 6628
[2026-09-12 16:33:17] [1670/1945] Fetching topic 6622
[2026-09-12 16:33:18] [1671/1945] Fetching topic 5531
[2026-09-12 16:33:20] [1672/1945] Fetching topic 6608
[2026-09-12 16:33:21] [1673/1945] Fetching topic 6417
[2026-09-12 16:33:22] [1674/1945] Fetching topic 6604
[2026-09-12 16:33:23] [1675/1945] Fetching topic 6597
[2026-09-12 16:33:24] [1676/1945] Fetching topic 5660
[2026-09-12 16:33:25] [1677/1945] Fetching topic 5191
[2026-09-12 16:33:26] Topic 5191: downloading 5 uploads
[2026-09-12 16:33:31] [1678/1945] Fetching topic 5904
[2026-09-12 16:33:32] [1679/1945] Fetching topic 6563
[2026-09-12 16:33:34] [1680/1945] Fetching topic 6576
[2026-09-12 16:33:35] [1681/1945] Fetching topic 6490
[2026-09-12 16:33:36] Topic 6490: missing 17 posts; fetching in batches...
[2026-09-12 16:33:37] [1682/1945] Fetching topic 6492
[2026-09-12 16:33:38] [1683/1945] Fetching topic 6550
[2026-09-12 16:33:39] [1684/1945] Fetching topic 6502
[2026-09-12 16:33:40] [1685/1945] Fetching topic 6501
[2026-09-12 16:33:41] [1686/1945] Fetching topic 6510
[2026-09-12 16:33:42] [1687/1945] Fetching topic 6503
[2026-09-12 16:33:44] [1688/1945] Fetching topic 6504
[2026-09-12 16:33:45] [1689/1945] Fetching topic 6489
[2026-09-12 16:33:46] Topic 6489: missing 3 posts; fetching in batches...
[2026-09-12 16:33:47] [1690/1945] Fetching topic 6447
[2026-09-12 16:33:48] [1691/1945] Fetching topic 6488
[2026-09-12 16:33:49] [1692/1945] Fetching topic 6469
[2026-09-12 16:33:50] Topic 6469: missing 1 posts; fetching in batches...
[2026-09-12 16:33:51] [1693/1945] Fetching topic 6475
[2026-09-12 16:33:52] [1694/1945] Fetching topic 6486
[2026-09-12 16:33:53] [1695/1945] Fetching topic 6484
[2026-09-12 16:33:55] [1696/1945] Fetching topic 6482
[2026-09-12 16:33:56] [1697/1945] Fetching topic 6474
[2026-09-12 16:33:57] [1698/1945] Fetching topic 6470
[2026-09-12 16:33:58] [1699/1945] Fetching topic 6465
[2026-09-12 16:33:59] [1700/1945] Fetching topic 6463
[2026-09-12 16:34:00] [1701/1945] Fetching topic 6336
[2026-09-12 16:34:01] [1702/1945] Fetching topic 6445
[2026-09-12 16:34:02] [1703/1945] Fetching topic 6442
[2026-09-12 16:34:04] [1704/1945] Fetching topic 6418
[2026-09-12 16:34:05] [1705/1945] Fetching topic 6394
[2026-09-12 16:34:06] [1706/1945] Fetching topic 6426
[2026-09-12 16:34:07] [1707/1945] Fetching topic 5231
[2026-09-12 16:34:08] [1708/1945] Fetching topic 6436
[2026-09-12 16:34:09] [1709/1945] Fetching topic 6431
[2026-09-12 16:34:10] [1710/1945] Fetching topic 6432
[2026-09-12 16:34:11] [1711/1945] Fetching topic 6429
[2026-09-12 16:34:13] [1712/1945] Fetching topic 6424
[2026-09-12 16:34:14] [1713/1945] Fetching topic 6419
[2026-09-12 16:34:15] [1714/1945] Fetching topic 6392
[2026-09-12 16:34:16] [1715/1945] Fetching topic 5979
[2026-09-12 16:34:17] [1716/1945] Fetching topic 6410
[2026-09-12 16:34:18] [1717/1945] Fetching topic 6395
[2026-09-12 16:34:19] Topic 6395: missing 3 posts; fetching in batches...
[2026-09-12 16:34:20] [1718/1945] Fetching topic 6402
[2026-09-12 16:34:22] [1719/1945] Fetching topic 6405
[2026-09-12 16:34:23] [1720/1945] Fetching topic 6387
[2026-09-12 16:34:24] [1721/1945] Fetching topic 6396
[2026-09-12 16:34:25] [1722/1945] Fetching topic 6361
[2026-09-12 16:34:26] [1723/1945] Fetching topic 6345
[2026-09-12 16:34:27] [1724/1945] Fetching topic 6374
[2026-09-12 16:34:28] [1725/1945] Fetching topic 6332
[2026-09-12 16:34:29] [1726/1945] Fetching topic 6351
[2026-09-12 16:34:31] [1727/1945] Fetching topic 6337
[2026-09-12 16:34:32] [1728/1945] Fetching topic 6327
[2026-09-12 16:34:33] [1729/1945] Fetching topic 6324
[2026-09-12 16:34:34] [1730/1945] Fetching topic 6323
[2026-09-12 16:34:35] [1731/1945] Fetching topic 6319
[2026-09-12 16:34:36] [1732/1945] Fetching topic 6311
[2026-09-12 16:34:37] [1733/1945] Fetching topic 6313
[2026-09-12 16:34:38] [1734/1945] Fetching topic 6298
[2026-09-12 16:34:40] [1735/1945] Fetching topic 6156
[2026-09-12 16:34:41] [1736/1945] Fetching topic 6303
[2026-09-12 16:34:42] [1737/1945] Fetching topic 6293
[2026-09-12 16:34:43] [1738/1945] Fetching topic 6296
[2026-09-12 16:34:44] [1739/1945] Fetching topic 6283
[2026-09-12 16:34:45] [1740/1945] Fetching topic 6266
[2026-09-12 16:34:46] [1741/1945] Fetching topic 6273
[2026-09-12 16:34:48] [1742/1945] Fetching topic 6275
[2026-09-12 16:34:49] [1743/1945] Fetching topic 5181
[2026-09-12 16:34:50] Topic 5181: missing 37 posts; fetching in batches...
[2026-09-12 16:34:51] [1744/1945] Fetching topic 6260
[2026-09-12 16:34:52] [1745/1945] Fetching topic 6205
[2026-09-12 16:34:53] [1746/1945] Fetching topic 6239
[2026-09-12 16:34:54] [1747/1945] Fetching topic 6250
[2026-09-12 16:34:55] [1748/1945] Fetching topic 6242
[2026-09-12 16:34:57] [1749/1945] Fetching topic 6237
[2026-09-12 16:34:58] [1750/1945] Fetching topic 6234
[2026-09-12 16:34:59] [1751/1945] Fetching topic 6214
[2026-09-12 16:35:00] [1752/1945] Fetching topic 6192
[2026-09-12 16:35:01] [1753/1945] Fetching topic 6218
[2026-09-12 16:35:02] [1754/1945] Fetching topic 6219
[2026-09-12 16:35:03] [1755/1945] Fetching topic 6201
[2026-09-12 16:35:04] [1756/1945] Fetching topic 6126
[2026-09-12 16:35:06] Topic 6126: missing 35 posts; fetching in batches...
[2026-09-12 16:35:07] [1757/1945] Fetching topic 6199
[2026-09-12 16:35:08] [1758/1945] Fetching topic 6188
[2026-09-12 16:35:09] [1759/1945] Fetching topic 6177
[2026-09-12 16:35:10] [1760/1945] Fetching topic 6169
[2026-09-12 16:35:11] [1761/1945] Fetching topic 6173
[2026-09-12 16:35:12] [1762/1945] Fetching topic 6172
[2026-09-12 16:35:13] [1763/1945] Fetching topic 6155
[2026-09-12 16:35:15] [1764/1945] Fetching topic 5159
[2026-09-12 16:35:16] [1765/1945] Fetching topic 6138
[2026-09-12 16:35:17] [1766/1945] Fetching topic 6139
[2026-09-12 16:35:18] [1767/1945] Fetching topic 6098
[2026-09-12 16:35:19] [1768/1945] Fetching topic 6095
[2026-09-12 16:35:20] [1769/1945] Fetching topic 5173
[2026-09-12 16:35:21] Topic 5173: missing 39 posts; fetching in batches...
[2026-09-12 16:35:23] [1770/1945] Fetching topic 5554
[2026-09-12 16:35:24] [1771/1945] Fetching topic 5278
[2026-09-12 16:35:25] Topic 5278: missing 1 posts; fetching in batches...
[2026-09-12 16:35:26] [1772/1945] Fetching topic 6072
[2026-09-12 16:35:27] [1773/1945] Fetching topic 6075
[2026-09-12 16:35:28] [1774/1945] Fetching topic 5548
[2026-09-12 16:35:29] Topic 5548: missing 48 posts; fetching in batches...
[2026-09-12 16:35:31] [1775/1945] Fetching topic 6066
[2026-09-12 16:35:32] [1776/1945] Fetching topic 6055
[2026-09-12 16:35:33] [1777/1945] Fetching topic 5336
[2026-09-12 16:35:34] [1778/1945] Fetching topic 6040
[2026-09-12 16:35:35] [1779/1945] Fetching topic 6024
[2026-09-12 16:35:36] Topic 6024: missing 1 posts; fetching in batches...
[2026-09-12 16:35:37] [1780/1945] Fetching topic 6029
[2026-09-12 16:35:38] [1781/1945] Fetching topic 6017
[2026-09-12 16:35:40] [1782/1945] Fetching topic 6012
[2026-09-12 16:35:41] [1783/1945] Fetching topic 6004
[2026-09-12 16:35:42] Topic 6004: missing 20 posts; fetching in batches...
[2026-09-12 16:35:43] [1784/1945] Fetching topic 6006
[2026-09-12 16:35:44] [1785/1945] Fetching topic 6003
[2026-09-12 16:35:45] [1786/1945] Fetching topic 6001
[2026-09-12 16:35:46] [1787/1945] Fetching topic 5768
[2026-09-12 16:35:47] Topic 5768: missing 6 posts; fetching in batches...
[2026-09-12 16:35:48] [1788/1945] Fetching topic 5977
[2026-09-12 16:35:50] [1789/1945] Fetching topic 5982
[2026-09-12 16:35:51] [1790/1945] Fetching topic 5975
[2026-09-12 16:35:52] [1791/1945] Fetching topic 5762
[2026-09-12 16:35:53] [1792/1945] Fetching topic 5947
[2026-09-12 16:35:54] [1793/1945] Fetching topic 5930
[2026-09-12 16:35:55] [1794/1945] Fetching topic 5516
[2026-09-12 16:35:56] [1795/1945] Fetching topic 5936
[2026-09-12 16:35:58] [1796/1945] Fetching topic 5934
[2026-09-12 16:35:59] [1797/1945] Fetching topic 5741
[2026-09-12 16:36:00] [1798/1945] Fetching topic 5932
[2026-09-12 16:36:01] [1799/1945] Fetching topic 5912
[2026-09-12 16:36:02] [1800/1945] Fetching topic 5019
[2026-09-12 16:36:03] [1801/1945] Fetching topic 5878
[2026-09-12 16:36:04] [1802/1945] Fetching topic 5851
[2026-09-12 16:36:05] [1803/1945] Fetching topic 5844
[2026-09-12 16:36:07] [1804/1945] Fetching topic 5846
[2026-09-12 16:36:08] [1805/1945] Fetching topic 5698
[2026-09-12 16:36:09] [1806/1945] Fetching topic 5797
[2026-09-12 16:36:10] [1807/1945] Fetching topic 5785
[2026-09-12 16:36:11] [1808/1945] Fetching topic 5544
[2026-09-12 16:36:12] [1809/1945] Fetching topic 5546
[2026-09-12 16:36:13] [1810/1945] Fetching topic 5542
[2026-09-12 16:36:15] [1811/1945] Fetching topic 5778
[2026-09-12 16:36:16] [1812/1945] Fetching topic 5772
[2026-09-12 16:36:17] [1813/1945] Fetching topic 5776
[2026-09-12 16:36:18] [1814/1945] Fetching topic 5726
[2026-09-12 16:36:19] Topic 5726: missing 3 posts; fetching in batches...
[2026-09-12 16:36:20] [1815/1945] Fetching topic 5743
[2026-09-12 16:36:21] [1816/1945] Fetching topic 5744
[2026-09-12 16:36:22] [1817/1945] Fetching topic 5733
[2026-09-12 16:36:23] [1818/1945] Fetching topic 5722
[2026-09-12 16:36:25] [1819/1945] Fetching topic 5711
[2026-09-12 16:36:26] [1820/1945] Fetching topic 5719
[2026-09-12 16:36:27] [1821/1945] Fetching topic 5701
[2026-09-12 16:36:28] [1822/1945] Fetching topic 5685
[2026-09-12 16:36:29] [1823/1945] Fetching topic 5675
[2026-09-12 16:36:30] Topic 5675: missing 5 posts; fetching in batches...
[2026-09-12 16:36:31] [1824/1945] Fetching topic 5655
[2026-09-12 16:36:32] Topic 5655: missing 8 posts; fetching in batches...
[2026-09-12 16:36:33] [1825/1945] Fetching topic 5669
[2026-09-12 16:36:34] [1826/1945] Fetching topic 5658
[2026-09-12 16:36:36] [1827/1945] Fetching topic 5668
[2026-09-12 16:36:37] [1828/1945] Fetching topic 5605
[2026-09-12 16:36:38] [1829/1945] Fetching topic 5592
[2026-09-12 16:36:39] [1830/1945] Fetching topic 5659
[2026-09-12 16:36:40] [1831/1945] Fetching topic 5503
[2026-09-12 16:36:41] [1832/1945] Fetching topic 5645
[2026-09-12 16:36:42] [1833/1945] Fetching topic 5650
[2026-09-12 16:36:44] [1834/1945] Fetching topic 5646
[2026-09-12 16:36:45] [1835/1945] Fetching topic 5635
[2026-09-12 16:36:46] [1836/1945] Fetching topic 5623
[2026-09-12 16:36:47] [1837/1945] Fetching topic 5624
[2026-09-12 16:36:48] [1838/1945] Fetching topic 5621
[2026-09-12 16:36:49] [1839/1945] Fetching topic 5620
[2026-09-12 16:36:50] [1840/1945] Fetching topic 5618
[2026-09-12 16:36:51] [1841/1945] Fetching topic 5614
[2026-09-12 16:36:52] [1842/1945] Fetching topic 5500
[2026-09-12 16:36:54] [1843/1945] Fetching topic 5576
[2026-09-12 16:36:55] [1844/1945] Fetching topic 5591
[2026-09-12 16:36:56] [1845/1945] Fetching topic 5586
[2026-09-12 16:36:57] [1846/1945] Fetching topic 5579
[2026-09-12 16:36:58] [1847/1945] Fetching topic 5571
[2026-09-12 16:36:59] [1848/1945] Fetching topic 5570
[2026-09-12 16:37:00] [1849/1945] Fetching topic 5569
[2026-09-12 16:37:01] [1850/1945] Fetching topic 5566
[2026-09-12 16:37:03] [1851/1945] Fetching topic 5567
[2026-09-12 16:37:04] [1852/1945] Fetching topic 5562
[2026-09-12 16:37:05] [1853/1945] Fetching topic 5559
[2026-09-12 16:37:06] [1854/1945] Fetching topic 5556
[2026-09-12 16:37:07] [1855/1945] Fetching topic 5537
[2026-09-12 16:37:08] [1856/1945] Fetching topic 5555
[2026-09-12 16:37:09] [1857/1945] Fetching topic 5552
[2026-09-12 16:37:10] [1858/1945] Fetching topic 5543
[2026-09-12 16:37:12] [1859/1945] Fetching topic 5550
[2026-09-12 16:37:13] [1860/1945] Fetching topic 5539
[2026-09-12 16:37:14] [1861/1945] Fetching topic 5530
[2026-09-12 16:37:15] [1862/1945] Fetching topic 5470
[2026-09-12 16:37:16] [1863/1945] Fetching topic 5514
[2026-09-12 16:37:17] [1864/1945] Fetching topic 5508
[2026-09-12 16:37:18] [1865/1945] Fetching topic 5497
[2026-09-12 16:37:19] [1866/1945] Fetching topic 5472
[2026-09-12 16:37:20] [1867/1945] Fetching topic 5486
[2026-09-12 16:37:22] [1868/1945] Fetching topic 5476
[2026-09-12 16:37:23] [1869/1945] Fetching topic 5474
[2026-09-12 16:37:24] [1870/1945] Fetching topic 5475
[2026-09-12 16:37:25] [1871/1945] Fetching topic 5464
[2026-09-12 16:37:26] [1872/1945] Fetching topic 5457
[2026-09-12 16:37:27] [1873/1945] Fetching topic 5437
[2026-09-12 16:37:28] [1874/1945] Fetching topic 5082
[2026-09-12 16:37:30] [1875/1945] Fetching topic 5433
[2026-09-12 16:37:31] [1876/1945] Fetching topic 5430
[2026-09-12 16:37:32] Topic 5430: missing 1 posts; fetching in batches...
[2026-09-12 16:37:33] [1877/1945] Fetching topic 5427
[2026-09-12 16:37:34] [1878/1945] Fetching topic 5399
[2026-09-12 16:37:35] [1879/1945] Fetching topic 5146
[2026-09-12 16:37:36] [1880/1945] Fetching topic 5420
[2026-09-12 16:37:37] [1881/1945] Fetching topic 5409
[2026-09-12 16:37:38] [1882/1945] Fetching topic 5396
[2026-09-12 16:37:39] [1883/1945] Fetching topic 5392
[2026-09-12 16:37:41] [1884/1945] Fetching topic 5389
[2026-09-12 16:37:42] [1885/1945] Fetching topic 5340
[2026-09-12 16:37:43] [1886/1945] Fetching topic 5338
[2026-09-12 16:37:44] [1887/1945] Fetching topic 5369
[2026-09-12 16:37:45] [1888/1945] Fetching topic 5359
[2026-09-12 16:37:46] [1889/1945] Fetching topic 5341
[2026-09-12 16:37:47] [1890/1945] Fetching topic 5342
[2026-09-12 16:37:48] [1891/1945] Fetching topic 5145
[2026-09-12 16:37:50] [1892/1945] Fetching topic 5335
[2026-09-12 16:37:51] [1893/1945] Fetching topic 5201
[2026-09-12 16:37:52] [1894/1945] Fetching topic 5190
[2026-09-12 16:37:53] [1895/1945] Fetching topic 5025
[2026-09-12 16:37:54] [1896/1945] Fetching topic 5064
[2026-09-12 16:37:55] [1897/1945] Fetching topic 5321
[2026-09-12 16:37:56] [1898/1945] Fetching topic 5319
[2026-09-12 16:37:58] [1899/1945] Fetching topic 5286
[2026-09-12 16:37:59] [1900/1945] Fetching topic 5310
[2026-09-12 16:38:00] [1901/1945] Fetching topic 5303
[2026-09-12 16:38:01] [1902/1945] Fetching topic 5305
[2026-09-12 16:38:02] [1903/1945] Fetching topic 5280
[2026-09-12 16:38:03] Topic 5280: missing 4 posts; fetching in batches...
[2026-09-12 16:38:04] [1904/1945] Fetching topic 5293
[2026-09-12 16:38:05] [1905/1945] Fetching topic 5291
[2026-09-12 16:38:07] [1906/1945] Fetching topic 5287
[2026-09-12 16:38:08] [1907/1945] Fetching topic 5276
[2026-09-12 16:38:09] [1908/1945] Fetching topic 5270
[2026-09-12 16:38:10] [1909/1945] Fetching topic 5268
[2026-09-12 16:38:11] [1910/1945] Fetching topic 5263
[2026-09-12 16:38:12] [1911/1945] Fetching topic 5255
[2026-09-12 16:38:13] [1912/1945] Fetching topic 5249
[2026-09-12 16:38:14] [1913/1945] Fetching topic 5246
[2026-09-12 16:38:15] [1914/1945] Fetching topic 5245
[2026-09-12 16:38:17] [1915/1945] Fetching topic 5226
[2026-09-12 16:38:18] [1916/1945] Fetching topic 5219
[2026-09-12 16:38:19] [1917/1945] Fetching topic 5215
[2026-09-12 16:38:20] [1918/1945] Fetching topic 5195
[2026-09-12 16:38:21] [1919/1945] Fetching topic 5209
[2026-09-12 16:38:22] [1920/1945] Fetching topic 5144
[2026-09-12 16:38:23] [1921/1945] Fetching topic 5194
[2026-09-12 16:38:25] [1922/1945] Fetching topic 5165
[2026-09-12 16:38:26] [1923/1945] Fetching topic 5172
[2026-09-12 16:38:27] [1924/1945] Fetching topic 5168
[2026-09-12 16:38:28] [1925/1945] Fetching topic 5167
[2026-09-12 16:38:29] [1926/1945] Fetching topic 5132
[2026-09-12 16:38:30] [1927/1945] Fetching topic 5098
[2026-09-12 16:38:31] [1928/1945] Fetching topic 5108
[2026-09-12 16:38:32] [1929/1945] Fetching topic 5051
[2026-09-12 16:38:34] [1930/1945] Fetching topic 5100
[2026-09-12 16:38:35] [1931/1945] Fetching topic 5103
[2026-09-12 16:38:36] [1932/1945] Fetching topic 5099
[2026-09-12 16:38:37] [1933/1945] Fetching topic 5097
[2026-09-12 16:38:38] [1934/1945] Fetching topic 5096
[2026-09-12 16:38:39] [1935/1945] Fetching topic 5086
[2026-09-12 16:38:40] [1936/1945] Fetching topic 5071
[2026-09-12 16:38:42] [1937/1945] Fetching topic 5080
[2026-09-12 16:38:43] [1938/1945] Fetching topic 5070
[2026-09-12 16:38:44] [1939/1945] Fetching topic 5058
[2026-09-12 16:38:45] [1940/1945] Fetching topic 5047
[2026-09-12 16:38:46] [1941/1945] Fetching topic 5034
[2026-09-12 16:38:47] [1942/1945] Fetching topic 5023
[2026-09-12 16:38:48] [1943/1945] Fetching topic 5021
[2026-09-12 16:38:49] [1944/1945] Fetching topic 5022
[2026-09-12 16:38:50] [1945/1945] Fetching topic 5017
[2026-09-12 16:38:52] Category backup completed.
[2026-09-12 20:54:11] Backing up category: 47/old-rules-gameplay-boards
[2026-09-14 04:22:00] [update] Rescanning category 43/other-games for changes
[2026-09-14 04:23:12] Category page 65: no topics; stopping.
[2026-09-14 04:23:12] [update] Live listing has 1945 topics for 43/other-games
[2026-09-14 04:23:12] [update] other-games: 0 new, 0 changed, 0 no longer listed live
